{
  "type": "Feature",
  "stac_version": "1.0.0",
  "id": "b9404452-c76d-4bc9-9cb0-09a61a0140dd",
  "properties": {
    "title": "Groundwork campaign labels",
    "description": "Labels created from a Groundwork campaign!",
    "label:description": "Labels for project 13561_tile_2",
    "label:type": "vector",
    "label:properties": [
      "default"
    ],
    "label:classes": [
      {
        "classes": [
          "Pavement Distress",
          "Non-Pavement Distress"
        ],
        "name": "default"
      }
    ],
    "label:tasks": [
      "detection"
    ],
    "datetime": "2025-04-28T08:56:19.763687Z"
  },
  "geometry": {
    "type": "Polygon",
    "coordinates": [
      [
        [
          8.480043052684193,
          47.38873382231152
        ],
        [
          8.480052051279158,
          47.389194285631895
        ],
        [
          8.479374007973698,
          47.389200394694704
        ],
        [
          8.47936501524121,
          47.38873993132206
        ],
        [
          8.480043052684193,
          47.38873382231152
        ]
      ]
    ]
  },
  "links": [
    {
      "rel": "source",
      "href": "../9c9b99fa-09dd-4f6f-894e-47ec53b5ee76/9c9b99fa-09dd-4f6f-894e-47ec53b5ee76.json",
      "type": "application/json"
    },
    {
      "rel": "root",
      "href": "../../catalog.json",
      "type": "application/json"
    },
    {
      "rel": "collection",
      "href": "../collection.json",
      "type": "application/json"
    },
    {
      "rel": "parent",
      "href": "../collection.json",
      "type": "application/json"
    }
  ],
  "assets": {
    "labels": {
      "href": "./labels.geojson",
      "type": "application/geo+json"
    }
  },
  "bbox": [
    8.47936501524121,
    47.38873382231152,
    8.480052051279158,
    47.389200394694704
  ],
  "stac_extensions": [
    "https://stac-extensions.github.io/label/v1.0.1/schema.json"
  ],
  "collection": "6e48f641-1155-4930-bc7d-29f465f012f3"
}