{
  "type": "Feature",
  "stac_version": "1.0.0",
  "id": "78f57946-3188-4acc-a1dd-cb8c76dcf22c",
  "properties": {
    "title": "Groundwork campaign labels",
    "description": "Labels created from a Groundwork campaign!",
    "label:description": "Labels for project 758_tile_3",
    "label:type": "vector",
    "label:properties": [
      "default"
    ],
    "label:classes": [
      {
        "classes": [
          "Pavement_distress",
          "non_pavement_distress"
        ],
        "name": "default"
      }
    ],
    "label:tasks": [
      "detection"
    ],
    "datetime": "2025-05-07T19:02:42.507006Z"
  },
  "geometry": {
    "type": "Polygon",
    "coordinates": [
      [
        [
          8.557851880494907,
          47.38017694641091
        ],
        [
          8.557861550391108,
          47.38063740461521
        ],
        [
          8.557183625345246,
          47.38064397063978
        ],
        [
          8.557173961309243,
          47.38018351237929
        ],
        [
          8.557851880494907,
          47.38017694641091
        ]
      ]
    ]
  },
  "links": [
    {
      "rel": "source",
      "href": "../8b9218e8-ca67-4a2c-bb9e-471741e2ab72/8b9218e8-ca67-4a2c-bb9e-471741e2ab72.json",
      "type": "application/json"
    },
    {
      "rel": "root",
      "href": "../../catalog.json",
      "type": "application/json"
    },
    {
      "rel": "collection",
      "href": "../collection.json",
      "type": "application/json"
    },
    {
      "rel": "parent",
      "href": "../collection.json",
      "type": "application/json"
    }
  ],
  "assets": {
    "labels": {
      "href": "./labels.geojson",
      "type": "application/geo+json"
    }
  },
  "bbox": [
    8.557173961309243,
    47.38017694641091,
    8.557861550391108,
    47.38064397063978
  ],
  "stac_extensions": [
    "https://stac-extensions.github.io/label/v1.0.1/schema.json"
  ],
  "collection": "c667f622-73df-4967-be7f-92dcf6c36f49"
}