{
  "type": "Collection",
  "id": "3b7ad1b1-4fde-4777-b8b0-33d3bdd79ab6",
  "stac_version": "1.0.0",
  "description": "10575_tile_0",
  "links": [
    {
      "rel": "root",
      "href": "../catalog.json",
      "type": "application/json"
    },
    {
      "rel": "item",
      "href": "./ba7f8411-ba29-432e-be2c-1a51b783f616/ba7f8411-ba29-432e-be2c-1a51b783f616.json",
      "type": "application/json"
    },
    {
      "rel": "item",
      "href": "./f89ebd8b-68d4-4ff1-b3c0-7b1955ad2d28/f89ebd8b-68d4-4ff1-b3c0-7b1955ad2d28.json",
      "type": "application/json"
    },
    {
      "rel": "parent",
      "href": "../catalog.json",
      "type": "application/json"
    }
  ],
  "extent": {
    "spatial": {
      "bbox": [
        [
          8.5152357484079,
          47.37764593916399,
          8.515922947323777,
          47.37811272093038
        ]
      ]
    },
    "temporal": {
      "interval": [
        [
          "2025-05-06T07:11:15.210135Z",
          "2025-05-07T19:01:49.873095Z"
        ]
      ]
    }
  },
  "license": "proprietary"
}