{
  "type": "Feature",
  "stac_version": "1.0.0",
  "id": "541d5159-762d-4250-95b3-ad39d77eeddb",
  "properties": {
    "title": "Groundwork campaign labels",
    "description": "Labels created from a Groundwork campaign!",
    "label:description": "Labels for project 9917_tile_2",
    "label:type": "vector",
    "label:properties": [
      "default"
    ],
    "label:classes": [
      {
        "classes": [
          "Pavement_distress",
          "non_pavement_distress"
        ],
        "name": "default"
      }
    ],
    "label:tasks": [
      "detection"
    ],
    "datetime": "2025-05-07T19:01:53.691178Z"
  },
  "geometry": {
    "type": "Polygon",
    "coordinates": [
      [
        [
          8.516059415101854,
          47.32530800659148
        ],
        [
          8.516068714016289,
          47.32576847579394
        ],
        [
          8.515391481626565,
          47.32577479645203
        ],
        [
          8.515382188560448,
          47.32531432719547
        ],
        [
          8.516059415101854,
          47.32530800659148
        ]
      ]
    ]
  },
  "links": [
    {
      "rel": "source",
      "href": "../1c5a4387-8226-4f6f-afa9-c10fd7c9ea12/1c5a4387-8226-4f6f-afa9-c10fd7c9ea12.json",
      "type": "application/json"
    },
    {
      "rel": "root",
      "href": "../../catalog.json",
      "type": "application/json"
    },
    {
      "rel": "collection",
      "href": "../collection.json",
      "type": "application/json"
    },
    {
      "rel": "parent",
      "href": "../collection.json",
      "type": "application/json"
    }
  ],
  "assets": {
    "labels": {
      "href": "./labels.geojson",
      "type": "application/geo+json"
    }
  },
  "bbox": [
    8.515382188560448,
    47.32530800659148,
    8.516068714016289,
    47.32577479645203
  ],
  "stac_extensions": [
    "https://stac-extensions.github.io/label/v1.0.1/schema.json"
  ],
  "collection": "27e39159-741f-48af-abf0-0e45bf27c673"
}