{
  "type": "Collection",
  "id": "c71270b7-0f4e-4167-ba10-537d9b6d9f84",
  "stac_version": "1.0.0",
  "description": "15655_tile_0",
  "links": [
    {
      "rel": "root",
      "href": "../catalog.json",
      "type": "application/json"
    },
    {
      "rel": "item",
      "href": "./e17298e6-07cf-47cf-bbee-9612486b56b7/e17298e6-07cf-47cf-bbee-9612486b56b7.json",
      "type": "application/json"
    },
    {
      "rel": "item",
      "href": "./2a69dc89-32ef-44a5-8995-c4b35d381993/2a69dc89-32ef-44a5-8995-c4b35d381993.json",
      "type": "application/json"
    },
    {
      "rel": "parent",
      "href": "../catalog.json",
      "type": "application/json"
    }
  ],
  "extent": {
    "spatial": {
      "bbox": [
        [
          8.477654222906937,
          47.3988811865907,
          8.478341375311825,
          47.39934774759685
        ]
      ]
    },
    "temporal": {
      "interval": [
        [
          "2025-04-02T11:49:11.954103Z",
          "2025-04-28T08:56:10.204756Z"
        ]
      ]
    }
  },
  "license": "proprietary"
}