{
  "type": "Collection",
  "id": "dc469db4-e04a-493c-b0f6-5601e5ef9854",
  "stac_version": "1.0.0",
  "description": "10213_tile_1",
  "links": [
    {
      "rel": "root",
      "href": "../catalog.json",
      "type": "application/json"
    },
    {
      "rel": "item",
      "href": "./3ce235ca-66de-4ec9-9356-b953f4e92f5d/3ce235ca-66de-4ec9-9356-b953f4e92f5d.json",
      "type": "application/json"
    },
    {
      "rel": "item",
      "href": "./05de2214-3dc8-4015-bf27-5646d360d978/05de2214-3dc8-4015-bf27-5646d360d978.json",
      "type": "application/json"
    },
    {
      "rel": "parent",
      "href": "../catalog.json",
      "type": "application/json"
    }
  ],
  "extent": {
    "spatial": {
      "bbox": [
        [
          8.489584007650082,
          47.425484672847126,
          8.490271605500572,
          47.425951299067805
        ]
      ]
    },
    "temporal": {
      "interval": [
        [
          "2025-05-06T07:11:05.379567Z",
          "2025-05-07T19:01:51.980377Z"
        ]
      ]
    }
  },
  "license": "proprietary"
}