{
  "type": "Feature",
  "stac_version": "1.0.0",
  "id": "e9fa46d0-2f19-4075-89ba-0f73b45c9ca8",
  "properties": {
    "title": "Groundwork campaign labels",
    "description": "Labels created from a Groundwork campaign!",
    "label:description": "Labels for project 12148_tile_1",
    "label:type": "vector",
    "label:properties": [
      "default"
    ],
    "label:classes": [
      {
        "classes": [
          "Pavement Distress",
          "Non-Pavement Distress"
        ],
        "name": "default"
      }
    ],
    "label:tasks": [
      "detection"
    ],
    "datetime": "2025-04-28T08:56:25.803972Z"
  },
  "geometry": {
    "type": "Polygon",
    "coordinates": [
      [
        [
          8.53780586556097,
          47.400291753894294
        ],
        [
          8.537815365746486,
          47.40075221090233
        ],
        [
          8.537137182083898,
          47.400758659177335
        ],
        [
          8.537127687763121,
          47.4002982021141
        ],
        [
          8.53780586556097,
          47.400291753894294
        ]
      ]
    ]
  },
  "links": [
    {
      "rel": "source",
      "href": "../aebc3136-71e7-4e36-a61e-399d27b9220e/aebc3136-71e7-4e36-a61e-399d27b9220e.json",
      "type": "application/json"
    },
    {
      "rel": "root",
      "href": "../../catalog.json",
      "type": "application/json"
    },
    {
      "rel": "collection",
      "href": "../collection.json",
      "type": "application/json"
    },
    {
      "rel": "parent",
      "href": "../collection.json",
      "type": "application/json"
    }
  ],
  "assets": {
    "labels": {
      "href": "./labels.geojson",
      "type": "application/geo+json"
    }
  },
  "bbox": [
    8.537127687763121,
    47.400291753894294,
    8.537815365746486,
    47.400758659177335
  ],
  "stac_extensions": [
    "https://stac-extensions.github.io/label/v1.0.1/schema.json"
  ],
  "collection": "5cd98305-dec5-40e4-8f67-3bc3e00c197f"
}