{
  "type": "Collection",
  "id": "08a33bcb-f99f-442d-bf68-123f9b5e3c1a",
  "stac_version": "1.0.0",
  "description": "13648_tile_1",
  "links": [
    {
      "rel": "root",
      "href": "../catalog.json",
      "type": "application/json"
    },
    {
      "rel": "item",
      "href": "./40c32a26-be9d-43d4-a1ab-9894738c67b4/40c32a26-be9d-43d4-a1ab-9894738c67b4.json",
      "type": "application/json"
    },
    {
      "rel": "item",
      "href": "./3b96f88d-69ac-463b-b862-13b8c7151f6f/3b96f88d-69ac-463b-b862-13b8c7151f6f.json",
      "type": "application/json"
    },
    {
      "rel": "parent",
      "href": "../catalog.json",
      "type": "application/json"
    }
  ],
  "extent": {
    "spatial": {
      "bbox": [
        [
          8.485032421606297,
          47.38447203408348,
          8.485719451005318,
          47.38493863991517
        ]
      ]
    },
    "temporal": {
      "interval": [
        [
          "2025-05-06T07:12:53.237499Z",
          "2025-05-07T19:01:24.812404Z"
        ]
      ]
    }
  },
  "license": "proprietary"
}