{
  "type": "Feature",
  "stac_version": "1.0.0",
  "id": "2905ba66-6b32-4f52-bc92-737127c15279",
  "properties": {
    "title": "Groundwork campaign labels",
    "description": "Labels created from a Groundwork campaign!",
    "label:description": "Labels for project 17006_tile_3",
    "label:type": "vector",
    "label:properties": [
      "default"
    ],
    "label:classes": [
      {
        "classes": [
          "Pavement_distress",
          "non_pavement_distress"
        ],
        "name": "default"
      }
    ],
    "label:tasks": [
      "detection"
    ],
    "datetime": "2025-05-07T19:01:05.514231Z"
  },
  "geometry": {
    "type": "Polygon",
    "coordinates": [
      [
        [
          8.528861940368811,
          47.35516612844905
        ],
        [
          8.528871355164455,
          47.355626592555254
        ],
        [
          8.528193744799534,
          47.35563298836224
        ],
        [
          8.528184335858716,
          47.355172524201315
        ],
        [
          8.528861940368811,
          47.35516612844905
        ]
      ]
    ]
  },
  "links": [
    {
      "rel": "source",
      "href": "../35e9d5bb-a4bd-4d99-8440-3f50aaf5868f/35e9d5bb-a4bd-4d99-8440-3f50aaf5868f.json",
      "type": "application/json"
    },
    {
      "rel": "root",
      "href": "../../catalog.json",
      "type": "application/json"
    },
    {
      "rel": "collection",
      "href": "../collection.json",
      "type": "application/json"
    },
    {
      "rel": "parent",
      "href": "../collection.json",
      "type": "application/json"
    }
  ],
  "assets": {
    "labels": {
      "href": "./labels.geojson",
      "type": "application/geo+json"
    }
  },
  "bbox": [
    8.528184335858716,
    47.35516612844905,
    8.528871355164455,
    47.35563298836224
  ],
  "stac_extensions": [
    "https://stac-extensions.github.io/label/v1.0.1/schema.json"
  ],
  "collection": "9729eb66-d16b-44a3-a7bc-45690fd1bfbc"
}