{
  "type": "Feature",
  "stac_version": "1.0.0",
  "id": "cc2d6ab9-caf6-47e1-aa1b-040d76ddbe91",
  "properties": {
    "title": "Groundwork campaign labels",
    "description": "Labels created from a Groundwork campaign!",
    "label:description": "Labels for project 15747_tile_0",
    "label:type": "vector",
    "label:properties": [
      "default"
    ],
    "label:classes": [
      {
        "classes": [
          "Pavement Distress",
          "Non-Pavement Distress"
        ],
        "name": "default"
      }
    ],
    "label:tasks": [
      "detection"
    ],
    "datetime": "2025-04-28T08:56:09.889216Z"
  },
  "geometry": {
    "type": "Polygon",
    "coordinates": [
      [
        [
          8.544999940254872,
          47.41867735481634
        ],
        [
          8.545009505991064,
          47.41913780855341
        ],
        [
          8.54433108890498,
          47.419144299053386
        ],
        [
          8.544321529037562,
          47.41868384526076
        ],
        [
          8.544999940254872,
          47.41867735481634
        ]
      ]
    ]
  },
  "links": [
    {
      "rel": "source",
      "href": "../7ff98702-409e-4f51-a7fb-e8ccb6b01753/7ff98702-409e-4f51-a7fb-e8ccb6b01753.json",
      "type": "application/json"
    },
    {
      "rel": "root",
      "href": "../../catalog.json",
      "type": "application/json"
    },
    {
      "rel": "collection",
      "href": "../collection.json",
      "type": "application/json"
    },
    {
      "rel": "parent",
      "href": "../collection.json",
      "type": "application/json"
    }
  ],
  "assets": {
    "labels": {
      "href": "./labels.geojson",
      "type": "application/geo+json"
    }
  },
  "bbox": [
    8.544321529037562,
    47.41867735481634,
    8.545009505991064,
    47.419144299053386
  ],
  "stac_extensions": [
    "https://stac-extensions.github.io/label/v1.0.1/schema.json"
  ],
  "collection": "b8213d2c-b3c6-41ae-95d6-03af57fffaf8"
}