{
  "type": "Feature",
  "stac_version": "1.0.0",
  "id": "f985cf83-6661-4d89-afeb-18ff5bc950d3",
  "properties": {
    "title": "Groundwork campaign labels",
    "description": "Labels created from a Groundwork campaign!",
    "label:description": "Labels for project {9EC8E475-F728-4BAB-8BA0-8139A3A85FC8}_tile_1",
    "label:type": "vector",
    "label:properties": [
      "default"
    ],
    "label:classes": [
      {
        "classes": [
          "Pavement_distress",
          "Shadows"
        ],
        "name": "default"
      }
    ],
    "label:tasks": [
      "detection"
    ],
    "datetime": "2025-03-20T09:21:19.687347Z"
  },
  "geometry": {
    "type": "Polygon",
    "coordinates": [
      [
        [
          8.571600884100423,
          47.34721215851944
        ],
        [
          8.571605851846856,
          47.34744598669487
        ],
        [
          8.571207555330709,
          47.347449894758164
        ],
        [
          8.57120258933157,
          47.34721606656573
        ],
        [
          8.571600884100423,
          47.34721215851944
        ]
      ]
    ]
  },
  "links": [
    {
      "rel": "source",
      "href": "../49643f5c-199f-4a2d-95be-4a9706136dcf/49643f5c-199f-4a2d-95be-4a9706136dcf.json",
      "type": "application/json"
    },
    {
      "rel": "root",
      "href": "../../catalog.json",
      "type": "application/json"
    },
    {
      "rel": "collection",
      "href": "../collection.json",
      "type": "application/json"
    },
    {
      "rel": "parent",
      "href": "../collection.json",
      "type": "application/json"
    }
  ],
  "assets": {
    "labels": {
      "href": "./labels.geojson",
      "type": "application/geo+json"
    }
  },
  "bbox": [
    8.57120258933157,
    47.34721215851944,
    8.571605851846856,
    47.347449894758164
  ],
  "stac_extensions": [
    "https://stac-extensions.github.io/label/v1.0.1/schema.json"
  ],
  "collection": "95c23f94-9507-41a3-9ed6-9d0fdcd897d0"
}