{
  "type": "Collection",
  "id": "9d14afa1-97b5-4f15-900e-4f8725eedad0",
  "stac_version": "1.0.0",
  "description": "1786_tile_0",
  "links": [
    {
      "rel": "root",
      "href": "../catalog.json",
      "type": "application/json"
    },
    {
      "rel": "item",
      "href": "./4d312df9-0b91-482a-a395-971bba6a00b9/4d312df9-0b91-482a-a395-971bba6a00b9.json",
      "type": "application/json"
    },
    {
      "rel": "item",
      "href": "./c4788cc4-d0ef-4ddc-bf6b-7c85c0896e0b/c4788cc4-d0ef-4ddc-bf6b-7c85c0896e0b.json",
      "type": "application/json"
    },
    {
      "rel": "parent",
      "href": "../catalog.json",
      "type": "application/json"
    }
  ],
  "extent": {
    "spatial": {
      "bbox": [
        [
          8.5621756594839,
          47.40868249520579,
          8.562863659481549,
          47.40914954426485
        ]
      ]
    },
    "temporal": {
      "interval": [
        [
          "2025-04-02T11:44:19.646922Z",
          "2025-04-28T08:57:24.753926Z"
        ]
      ]
    }
  },
  "license": "proprietary"
}