{
  "type": "Feature",
  "stac_version": "1.0.0",
  "id": "209271f7-ba73-4391-b268-53529e118dd7",
  "properties": {
    "title": "Groundwork campaign labels",
    "description": "Labels created from a Groundwork campaign!",
    "label:description": "Labels for project 15450_tile_1",
    "label:type": "vector",
    "label:properties": [
      "default"
    ],
    "label:classes": [
      {
        "classes": [
          "Pavement_distress",
          "non_pavement_distress"
        ],
        "name": "default"
      }
    ],
    "label:tasks": [
      "detection"
    ],
    "datetime": "2025-05-07T19:01:17.038776Z"
  },
  "geometry": {
    "type": "Polygon",
    "coordinates": [
      [
        [
          8.491774040889714,
          47.398970862300885
        ],
        [
          8.49178314269242,
          47.39943132323056
        ],
        [
          8.491104970364535,
          47.3994375011746
        ],
        [
          8.491095874426515,
          47.39897704019206
        ],
        [
          8.491774040889714,
          47.398970862300885
        ]
      ]
    ]
  },
  "links": [
    {
      "rel": "source",
      "href": "../7e1c2d9f-552f-4b3e-bd0d-8da3a7f4943f/7e1c2d9f-552f-4b3e-bd0d-8da3a7f4943f.json",
      "type": "application/json"
    },
    {
      "rel": "root",
      "href": "../../catalog.json",
      "type": "application/json"
    },
    {
      "rel": "collection",
      "href": "../collection.json",
      "type": "application/json"
    },
    {
      "rel": "parent",
      "href": "../collection.json",
      "type": "application/json"
    }
  ],
  "assets": {
    "labels": {
      "href": "./labels.geojson",
      "type": "application/geo+json"
    }
  },
  "bbox": [
    8.491095874426515,
    47.398970862300885,
    8.49178314269242,
    47.3994375011746
  ],
  "stac_extensions": [
    "https://stac-extensions.github.io/label/v1.0.1/schema.json"
  ],
  "collection": "9bc13f86-adbf-4ab2-b071-2fa43fc57d1c"
}