{
  "type": "Feature",
  "stac_version": "1.0.0",
  "id": "8d536895-fcee-49cd-a610-2d5d236fb99b",
  "properties": {
    "title": "Groundwork campaign labels",
    "description": "Labels created from a Groundwork campaign!",
    "label:description": "Labels for project 14678_tile_1",
    "label:type": "vector",
    "label:properties": [
      "default"
    ],
    "label:classes": [
      {
        "classes": [
          "Pavement Distress",
          "Non-Pavement Distress"
        ],
        "name": "default"
      }
    ],
    "label:tasks": [
      "detection"
    ],
    "datetime": "2025-04-28T08:56:14.868076Z"
  },
  "geometry": {
    "type": "Polygon",
    "coordinates": [
      [
        [
          8.500650227111006,
          47.40190206369456
        ],
        [
          8.500659406196117,
          47.40236252349479
        ],
        [
          8.499981197566505,
          47.40236875356299
        ],
        [
          8.499972024346684,
          47.401908293709454
        ],
        [
          8.500650227111006,
          47.40190206369456
        ]
      ]
    ]
  },
  "links": [
    {
      "rel": "source",
      "href": "../1ca43c7e-20cf-4a1a-86b4-30a9316ca01d/1ca43c7e-20cf-4a1a-86b4-30a9316ca01d.json",
      "type": "application/json"
    },
    {
      "rel": "root",
      "href": "../../catalog.json",
      "type": "application/json"
    },
    {
      "rel": "collection",
      "href": "../collection.json",
      "type": "application/json"
    },
    {
      "rel": "parent",
      "href": "../collection.json",
      "type": "application/json"
    }
  ],
  "assets": {
    "labels": {
      "href": "./labels.geojson",
      "type": "application/geo+json"
    }
  },
  "bbox": [
    8.499972024346684,
    47.40190206369456,
    8.500659406196117,
    47.40236875356299
  ],
  "stac_extensions": [
    "https://stac-extensions.github.io/label/v1.0.1/schema.json"
  ],
  "collection": "437fffca-561f-48b6-b74f-8bff18c08158"
}