{
  "type": "Collection",
  "id": "d51f984d-21c8-47ab-8e70-34c1cc13ec03",
  "stac_version": "1.0.0",
  "description": "5592_tile_5",
  "links": [
    {
      "rel": "root",
      "href": "../catalog.json",
      "type": "application/json"
    },
    {
      "rel": "item",
      "href": "./ac3b05ca-26ca-4350-b503-048e31edb2a6/ac3b05ca-26ca-4350-b503-048e31edb2a6.json",
      "type": "application/json"
    },
    {
      "rel": "item",
      "href": "./d056f865-0dc3-438e-915e-d5be0207d8e6/d056f865-0dc3-438e-915e-d5be0207d8e6.json",
      "type": "application/json"
    },
    {
      "rel": "parent",
      "href": "../catalog.json",
      "type": "application/json"
    }
  ],
  "extent": {
    "spatial": {
      "bbox": [
        [
          8.499230165919926,
          47.36463697591693,
          8.499917060553264,
          47.365103666811216
        ]
      ]
    },
    "temporal": {
      "interval": [
        [
          "2025-04-02T11:45:28.301919Z",
          "2025-04-28T08:57:03.999697Z"
        ]
      ]
    }
  },
  "license": "proprietary"
}