{
  "type": "Feature",
  "stac_version": "1.0.0",
  "id": "d8ca702a-862f-4fea-aca1-5b6c3a85f9bf",
  "properties": {
    "title": "Groundwork campaign labels",
    "description": "Labels created from a Groundwork campaign!",
    "label:description": "Labels for project {2D5B6E78-8333-46A5-9EDF-97152A583806}_tile_0",
    "label:type": "vector",
    "label:properties": [
      "default"
    ],
    "label:classes": [
      {
        "classes": [
          "Pavement_distress",
          "Shadows"
        ],
        "name": "default"
      }
    ],
    "label:tasks": [
      "detection"
    ],
    "datetime": "2025-03-20T09:21:02.200636Z"
  },
  "geometry": {
    "type": "Polygon",
    "coordinates": [
      [
        [
          8.557610455628673,
          47.38047342671519
        ],
        [
          8.557614251000192,
          47.38065419253303
        ],
        [
          8.557520241839098,
          47.38065510309233
        ],
        [
          8.55751644678661,
          47.38047433727143
        ],
        [
          8.557610455628673,
          47.38047342671519
        ]
      ]
    ]
  },
  "links": [
    {
      "rel": "source",
      "href": "../797f7883-1eb5-48c4-b6c1-dc9b38292306/797f7883-1eb5-48c4-b6c1-dc9b38292306.json",
      "type": "application/json"
    },
    {
      "rel": "root",
      "href": "../../catalog.json",
      "type": "application/json"
    },
    {
      "rel": "collection",
      "href": "../collection.json",
      "type": "application/json"
    },
    {
      "rel": "parent",
      "href": "../collection.json",
      "type": "application/json"
    }
  ],
  "assets": {
    "labels": {
      "href": "./labels.geojson",
      "type": "application/geo+json"
    }
  },
  "bbox": [
    8.55751644678661,
    47.38047342671519,
    8.557614251000192,
    47.38065510309233
  ],
  "stac_extensions": [
    "https://stac-extensions.github.io/label/v1.0.1/schema.json"
  ],
  "collection": "180daacb-ac7b-4c64-a804-f5cadbb2bd92"
}