{
  "type": "Feature",
  "stac_version": "1.0.0",
  "id": "0f652997-18f5-499d-91d0-8f6b6fb0b8bc",
  "properties": {
    "title": "Groundwork campaign labels",
    "description": "Labels created from a Groundwork campaign!",
    "label:description": "Labels for project 7122_tile_0",
    "label:type": "vector",
    "label:properties": [
      "default"
    ],
    "label:classes": [
      {
        "classes": [
          "Pavement Distress",
          "Non-Pavement Distress"
        ],
        "name": "default"
      }
    ],
    "label:tasks": [
      "detection"
    ],
    "datetime": "2025-04-28T08:56:56.752471Z"
  },
  "geometry": {
    "type": "Polygon",
    "coordinates": [
      [
        [
          8.513127454923954,
          47.41587920771927
        ],
        [
          8.513136744390449,
          47.41633966448487
        ],
        [
          8.5124583591184,
          47.416345967811246
        ],
        [
          8.512449075520221,
          47.415885510991686
        ],
        [
          8.513127454923954,
          47.41587920771927
        ]
      ]
    ]
  },
  "links": [
    {
      "rel": "source",
      "href": "../51f38961-2ba7-4a83-9e2b-55662245bdd0/51f38961-2ba7-4a83-9e2b-55662245bdd0.json",
      "type": "application/json"
    },
    {
      "rel": "root",
      "href": "../../catalog.json",
      "type": "application/json"
    },
    {
      "rel": "collection",
      "href": "../collection.json",
      "type": "application/json"
    },
    {
      "rel": "parent",
      "href": "../collection.json",
      "type": "application/json"
    }
  ],
  "assets": {
    "labels": {
      "href": "./labels.geojson",
      "type": "application/geo+json"
    }
  },
  "bbox": [
    8.512449075520221,
    47.41587920771927,
    8.513136744390449,
    47.416345967811246
  ],
  "stac_extensions": [
    "https://stac-extensions.github.io/label/v1.0.1/schema.json"
  ],
  "collection": "b819c4c8-97e9-412c-aa14-bc169d1c7487"
}