{
  "type": "Collection",
  "id": "af653cef-ac2c-4c9c-93b6-4d813269b8d4",
  "stac_version": "1.0.0",
  "description": "{DFCCE886-372C-4FB8-A6AF-ED9303DF1DE6}_tile_4",
  "links": [
    {
      "rel": "root",
      "href": "../catalog.json",
      "type": "application/json"
    },
    {
      "rel": "item",
      "href": "./1e18f274-2c5d-4428-a4b3-f2773021dd21/1e18f274-2c5d-4428-a4b3-f2773021dd21.json",
      "type": "application/json"
    },
    {
      "rel": "item",
      "href": "./4fb8bedb-7305-4526-8dbd-4f139d01992c/4fb8bedb-7305-4526-8dbd-4f139d01992c.json",
      "type": "application/json"
    },
    {
      "rel": "parent",
      "href": "../catalog.json",
      "type": "application/json"
    }
  ],
  "extent": {
    "spatial": {
      "bbox": [
        [
          8.54154654271457,
          47.38707183298348,
          8.542234087625994,
          47.387538765759444
        ]
      ]
    },
    "temporal": {
      "interval": [
        [
          "2025-01-31T23:45:56.190400Z",
          "2025-03-20T09:21:05.403407Z"
        ]
      ]
    }
  },
  "license": "proprietary"
}