{
  "type": "Feature",
  "stac_version": "1.0.0",
  "id": "ff7cfffe-ffb5-4cbd-b37c-5db65db3414a",
  "properties": {
    "title": "Groundwork campaign labels",
    "description": "Labels created from a Groundwork campaign!",
    "label:description": "Labels for project 12709_tile_1",
    "label:type": "vector",
    "label:properties": [
      "default"
    ],
    "label:classes": [
      {
        "classes": [
          "Pavement_distress",
          "non_pavement_distress"
        ],
        "name": "default"
      }
    ],
    "label:tasks": [
      "detection"
    ],
    "datetime": "2025-05-07T19:01:33.264511Z"
  },
  "geometry": {
    "type": "Polygon",
    "coordinates": [
      [
        [
          8.532780911391457,
          47.41403708251914
        ],
        [
          8.532790370572004,
          47.414497537948336
        ],
        [
          8.532112011144854,
          47.41450395669593
        ],
        [
          8.532102557832115,
          47.41404350121179
        ],
        [
          8.532780911391457,
          47.41403708251914
        ]
      ]
    ]
  },
  "links": [
    {
      "rel": "source",
      "href": "../0cfdc9e9-d13a-432c-8fef-8bce197872f7/0cfdc9e9-d13a-432c-8fef-8bce197872f7.json",
      "type": "application/json"
    },
    {
      "rel": "root",
      "href": "../../catalog.json",
      "type": "application/json"
    },
    {
      "rel": "collection",
      "href": "../collection.json",
      "type": "application/json"
    },
    {
      "rel": "parent",
      "href": "../collection.json",
      "type": "application/json"
    }
  ],
  "assets": {
    "labels": {
      "href": "./labels.geojson",
      "type": "application/geo+json"
    }
  },
  "bbox": [
    8.532102557832115,
    47.41403708251914,
    8.532790370572004,
    47.41450395669593
  ],
  "stac_extensions": [
    "https://stac-extensions.github.io/label/v1.0.1/schema.json"
  ],
  "collection": "dc3848c9-cd71-4c6f-93a3-793b95bb4853"
}