{
  "type": "Collection",
  "id": "970e7248-d750-4e7e-b9f9-b70e41e0a39e",
  "stac_version": "1.0.0",
  "description": "11382_tile_0",
  "links": [
    {
      "rel": "root",
      "href": "../catalog.json",
      "type": "application/json"
    },
    {
      "rel": "item",
      "href": "./3dac3429-8e90-4554-a343-735c52bed270/3dac3429-8e90-4554-a343-735c52bed270.json",
      "type": "application/json"
    },
    {
      "rel": "item",
      "href": "./68a2be58-3a78-4853-a058-2a21ea52d210/68a2be58-3a78-4853-a058-2a21ea52d210.json",
      "type": "application/json"
    },
    {
      "rel": "parent",
      "href": "../catalog.json",
      "type": "application/json"
    }
  ],
  "extent": {
    "spatial": {
      "bbox": [
        [
          8.524868518242075,
          47.35101013352602,
          8.525555455705463,
          47.35147697481436
        ]
      ]
    },
    "temporal": {
      "interval": [
        [
          "2025-04-02T11:47:25.951259Z",
          "2025-04-28T08:56:30.180403Z"
        ]
      ]
    }
  },
  "license": "proprietary"
}