{
  "type": "Collection",
  "id": "1f11f550-b572-469c-a5d6-9a1dd1bc251a",
  "stac_version": "1.0.0",
  "description": "{5A125ADA-D685-46B7-AB6D-9E02677406F2}_tile_0",
  "links": [
    {
      "rel": "root",
      "href": "../catalog.json",
      "type": "application/json"
    },
    {
      "rel": "item",
      "href": "./a8493b42-630c-4418-8388-7d4f4a242409/a8493b42-630c-4418-8388-7d4f4a242409.json",
      "type": "application/json"
    },
    {
      "rel": "item",
      "href": "./fa0e199c-fc66-4ef6-a890-67a96a6673df/fa0e199c-fc66-4ef6-a890-67a96a6673df.json",
      "type": "application/json"
    },
    {
      "rel": "parent",
      "href": "../catalog.json",
      "type": "application/json"
    }
  ],
  "extent": {
    "spatial": {
      "bbox": [
        [
          8.512210716977412,
          47.37466943713277,
          8.512539701386876,
          47.3749017842446
        ]
      ]
    },
    "temporal": {
      "interval": [
        [
          "2025-01-31T23:44:37.297208Z",
          "2025-03-20T09:21:23.311826Z"
        ]
      ]
    }
  },
  "license": "proprietary"
}