{
  "type": "Collection",
  "id": "67cb4569-d3f2-4e1a-ba8c-3bedd40d7a47",
  "stac_version": "1.0.0",
  "description": "15577_tile_3",
  "links": [
    {
      "rel": "root",
      "href": "../catalog.json",
      "type": "application/json"
    },
    {
      "rel": "item",
      "href": "./2821da7b-15c6-4e6d-a302-d7af9d8f5e52/2821da7b-15c6-4e6d-a302-d7af9d8f5e52.json",
      "type": "application/json"
    },
    {
      "rel": "item",
      "href": "./04850f1e-cc77-4e3a-ac74-5f52002c434a/04850f1e-cc77-4e3a-ac74-5f52002c434a.json",
      "type": "application/json"
    },
    {
      "rel": "parent",
      "href": "../catalog.json",
      "type": "application/json"
    }
  ],
  "extent": {
    "spatial": {
      "bbox": [
        [
          8.491605241748031,
          47.390423658658364,
          8.492292404025228,
          47.390890301717484
        ]
      ]
    },
    "temporal": {
      "interval": [
        [
          "2025-04-02T11:49:09.361230Z",
          "2025-04-28T08:56:11.011045Z"
        ]
      ]
    }
  },
  "license": "proprietary"
}