{
  "type": "Collection",
  "id": "8c29b224-c9a6-48c4-ad48-0d8fee48b57b",
  "stac_version": "1.0.0",
  "description": "1458_tile_0",
  "links": [
    {
      "rel": "root",
      "href": "../catalog.json",
      "type": "application/json"
    },
    {
      "rel": "item",
      "href": "./e4d66e1f-9290-4829-90a6-7d34c1bfeeff/e4d66e1f-9290-4829-90a6-7d34c1bfeeff.json",
      "type": "application/json"
    },
    {
      "rel": "item",
      "href": "./16e25213-48cf-4055-9b4f-c310f270fee4/16e25213-48cf-4055-9b4f-c310f270fee4.json",
      "type": "application/json"
    },
    {
      "rel": "parent",
      "href": "../catalog.json",
      "type": "application/json"
    }
  ],
  "extent": {
    "spatial": {
      "bbox": [
        [
          8.579936065894474,
          47.35059193733276,
          8.580623467030621,
          47.351059097455284
        ]
      ]
    },
    "temporal": {
      "interval": [
        [
          "2025-05-06T07:07:38.627373Z",
          "2025-05-07T19:02:40.115156Z"
        ]
      ]
    }
  },
  "license": "proprietary"
}