{
  "type": "Feature",
  "stac_version": "1.0.0",
  "id": "526df093-4086-4a44-8a52-b86e7b3a4b66",
  "properties": {
    "title": "Groundwork campaign labels",
    "description": "Labels created from a Groundwork campaign!",
    "label:description": "Labels for project 6680_tile_0",
    "label:type": "vector",
    "label:properties": [
      "default"
    ],
    "label:classes": [
      {
        "classes": [
          "Pavement_distress",
          "non_pavement_distress"
        ],
        "name": "default"
      }
    ],
    "label:tasks": [
      "detection"
    ],
    "datetime": "2025-05-07T19:02:17.552317Z"
  },
  "geometry": {
    "type": "Polygon",
    "coordinates": [
      [
        [
          8.502483726013692,
          47.41921313412447
        ],
        [
          8.502492923969205,
          47.419673591259105
        ],
        [
          8.501814494934068,
          47.419679832073626
        ],
        [
          8.501805302847663,
          47.419219374885564
        ],
        [
          8.502483726013692,
          47.41921313412447
        ]
      ]
    ]
  },
  "links": [
    {
      "rel": "source",
      "href": "../5ba089e5-2193-4369-b6b5-91ff8b60cc25/5ba089e5-2193-4369-b6b5-91ff8b60cc25.json",
      "type": "application/json"
    },
    {
      "rel": "root",
      "href": "../../catalog.json",
      "type": "application/json"
    },
    {
      "rel": "collection",
      "href": "../collection.json",
      "type": "application/json"
    },
    {
      "rel": "parent",
      "href": "../collection.json",
      "type": "application/json"
    }
  ],
  "assets": {
    "labels": {
      "href": "./labels.geojson",
      "type": "application/geo+json"
    }
  },
  "bbox": [
    8.501805302847663,
    47.41921313412447,
    8.502492923969205,
    47.419679832073626
  ],
  "stac_extensions": [
    "https://stac-extensions.github.io/label/v1.0.1/schema.json"
  ],
  "collection": "9ce3fa40-972d-431a-9121-881048cb0496"
}