{
  "type": "Collection",
  "id": "803e2478-bcf6-419a-b694-8e090dab8dc4",
  "stac_version": "1.0.0",
  "description": "7189_tile_2",
  "links": [
    {
      "rel": "root",
      "href": "../catalog.json",
      "type": "application/json"
    },
    {
      "rel": "item",
      "href": "./4aeffb53-592d-4f9c-b036-e1250451d4ae/4aeffb53-592d-4f9c-b036-e1250451d4ae.json",
      "type": "application/json"
    },
    {
      "rel": "item",
      "href": "./881e2ea0-a504-4569-b502-523c00f40cc6/881e2ea0-a504-4569-b502-523c00f40cc6.json",
      "type": "application/json"
    },
    {
      "rel": "parent",
      "href": "../catalog.json",
      "type": "application/json"
    }
  ],
  "extent": {
    "spatial": {
      "bbox": [
        [
          8.548377432451177,
          47.413614739399996,
          8.549065378547292,
          47.414081707864156
        ]
      ]
    },
    "temporal": {
      "interval": [
        [
          "2025-04-02T11:45:55.290929Z",
          "2025-04-28T08:56:56.208014Z"
        ]
      ]
    }
  },
  "license": "proprietary"
}