{
  "type": "Collection",
  "id": "9ca84b58-6ac2-4b22-9afa-5f6f8094fef2",
  "stac_version": "1.0.0",
  "description": "{BC0DAF75-1B5D-4F54-93EB-330ABC48A0DF}_tile_0",
  "links": [
    {
      "rel": "root",
      "href": "../catalog.json",
      "type": "application/json"
    },
    {
      "rel": "item",
      "href": "./138b44f5-22cb-4ad8-bc22-e2fc2b749676/138b44f5-22cb-4ad8-bc22-e2fc2b749676.json",
      "type": "application/json"
    },
    {
      "rel": "item",
      "href": "./413cd4b7-daf6-40e6-ba57-e8d4e843d500/413cd4b7-daf6-40e6-ba57-e8d4e843d500.json",
      "type": "application/json"
    },
    {
      "rel": "parent",
      "href": "../catalog.json",
      "type": "application/json"
    }
  ],
  "extent": {
    "spatial": {
      "bbox": [
        [
          8.476202259126923,
          47.41575167709621,
          8.47688204361575,
          47.41582971433792
        ]
      ]
    },
    "temporal": {
      "interval": [
        [
          "2025-01-31T23:45:07.513123Z",
          "2025-03-20T09:21:16.184736Z"
        ]
      ]
    }
  },
  "license": "proprietary"
}