{
  "type": "Collection",
  "id": "8c6dc2d5-4875-4f83-9e50-2b8d8e6863d0",
  "stac_version": "1.0.0",
  "description": "9150_tile_0",
  "links": [
    {
      "rel": "root",
      "href": "../catalog.json",
      "type": "application/json"
    },
    {
      "rel": "item",
      "href": "./535216a6-4fb4-408e-9f23-9d9ea38f2110/535216a6-4fb4-408e-9f23-9d9ea38f2110.json",
      "type": "application/json"
    },
    {
      "rel": "item",
      "href": "./5a3c6fb3-6ee2-48ef-ad91-f5dcbcbb8fd9/5a3c6fb3-6ee2-48ef-ad91-f5dcbcbb8fd9.json",
      "type": "application/json"
    },
    {
      "rel": "parent",
      "href": "../catalog.json",
      "type": "application/json"
    }
  ],
  "extent": {
    "spatial": {
      "bbox": [
        [
          8.532955439708395,
          47.40891623341409,
          8.53364319354294,
          47.40938311328127
        ]
      ]
    },
    "temporal": {
      "interval": [
        [
          "2025-04-02T11:46:28.681055Z",
          "2025-04-28T08:56:46.727556Z"
        ]
      ]
    }
  },
  "license": "proprietary"
}