{
  "type": "Collection",
  "id": "33a84d36-f6e0-472c-b360-f0f69f049290",
  "stac_version": "1.0.0",
  "description": "179_tile_0",
  "links": [
    {
      "rel": "root",
      "href": "../catalog.json",
      "type": "application/json"
    },
    {
      "rel": "item",
      "href": "./951abf95-9cbd-4fad-8e48-2cfefa612c73/951abf95-9cbd-4fad-8e48-2cfefa612c73.json",
      "type": "application/json"
    },
    {
      "rel": "item",
      "href": "./f8aefa63-5c4f-46a9-963f-1712b9eeba2c/f8aefa63-5c4f-46a9-963f-1712b9eeba2c.json",
      "type": "application/json"
    },
    {
      "rel": "parent",
      "href": "../catalog.json",
      "type": "application/json"
    }
  ],
  "extent": {
    "spatial": {
      "bbox": [
        [
          8.535982717591779,
          47.39281513859076,
          8.536670289236591,
          47.39328203832701
        ]
      ]
    },
    "temporal": {
      "interval": [
        [
          "2025-04-02T11:44:01.922569Z",
          "2025-04-28T08:57:30.165416Z"
        ]
      ]
    }
  },
  "license": "proprietary"
}