{
  "type": "Feature",
  "stac_version": "1.0.0",
  "id": "8aadbfe9-64bf-4d9d-92d2-b2a4ba53439e",
  "properties": {
    "title": "Groundwork campaign labels",
    "description": "Labels created from a Groundwork campaign!",
    "label:description": "Labels for project {3E244DF0-10AF-4400-BA4B-5C5D4924BBDE}_tile_3",
    "label:type": "vector",
    "label:properties": [
      "default"
    ],
    "label:classes": [
      {
        "classes": [
          "Pavement_distress",
          "Shadows"
        ],
        "name": "default"
      }
    ],
    "label:tasks": [
      "detection"
    ],
    "datetime": "2025-03-20T09:21:05.732549Z"
  },
  "geometry": {
    "type": "Polygon",
    "coordinates": [
      [
        [
          8.549772965712226,
          47.369417571096626
        ],
        [
          8.549776283784372,
          47.36957675370152
        ],
        [
          8.549633313466467,
          47.3695781290409
        ],
        [
          8.54962999582148,
          47.36941894643193
        ],
        [
          8.549772965712226,
          47.369417571096626
        ]
      ]
    ]
  },
  "links": [
    {
      "rel": "source",
      "href": "../dd11666b-5f08-4896-a92a-ef97375a78a4/dd11666b-5f08-4896-a92a-ef97375a78a4.json",
      "type": "application/json"
    },
    {
      "rel": "root",
      "href": "../../catalog.json",
      "type": "application/json"
    },
    {
      "rel": "collection",
      "href": "../collection.json",
      "type": "application/json"
    },
    {
      "rel": "parent",
      "href": "../collection.json",
      "type": "application/json"
    }
  ],
  "assets": {
    "labels": {
      "href": "./labels.geojson",
      "type": "application/geo+json"
    }
  },
  "bbox": [
    8.54962999582148,
    47.369417571096626,
    8.549776283784372,
    47.3695781290409
  ],
  "stac_extensions": [
    "https://stac-extensions.github.io/label/v1.0.1/schema.json"
  ],
  "collection": "1f835444-8538-4e53-a0c9-6840d4e024e0"
}