{
  "type": "Feature",
  "stac_version": "1.0.0",
  "id": "eace2203-d48f-4046-a47f-b33a61a734bd",
  "properties": {
    "title": "Groundwork campaign labels",
    "description": "Labels created from a Groundwork campaign!",
    "label:description": "Labels for project 5657_tile_1",
    "label:type": "vector",
    "label:properties": [
      "default"
    ],
    "label:classes": [
      {
        "classes": [
          "Pavement Distress",
          "Non-Pavement Distress"
        ],
        "name": "default"
      }
    ],
    "label:tasks": [
      "detection"
    ],
    "datetime": "2025-04-28T08:57:03.792933Z"
  },
  "geometry": {
    "type": "Polygon",
    "coordinates": [
      [
        [
          8.510787327821353,
          47.393242500250466
        ],
        [
          8.510796593074122,
          47.393702960480255
        ],
        [
          8.510118495951293,
          47.39370925009187
        ],
        [
          8.510109236561846,
          47.393248789808254
        ],
        [
          8.510787327821353,
          47.393242500250466
        ]
      ]
    ]
  },
  "links": [
    {
      "rel": "source",
      "href": "../e41cc8ff-fe19-417a-bf30-9662b562a0f4/e41cc8ff-fe19-417a-bf30-9662b562a0f4.json",
      "type": "application/json"
    },
    {
      "rel": "root",
      "href": "../../catalog.json",
      "type": "application/json"
    },
    {
      "rel": "collection",
      "href": "../collection.json",
      "type": "application/json"
    },
    {
      "rel": "parent",
      "href": "../collection.json",
      "type": "application/json"
    }
  ],
  "assets": {
    "labels": {
      "href": "./labels.geojson",
      "type": "application/geo+json"
    }
  },
  "bbox": [
    8.510109236561846,
    47.393242500250466,
    8.510796593074122,
    47.39370925009187
  ],
  "stac_extensions": [
    "https://stac-extensions.github.io/label/v1.0.1/schema.json"
  ],
  "collection": "ff668721-9172-4ca2-86c0-ba470744e2dc"
}