{
  "type": "Feature",
  "stac_version": "1.0.0",
  "id": "b9126c9d-7ca5-430a-a510-7a0224b286f9",
  "properties": {
    "title": "Groundwork campaign labels",
    "description": "Labels created from a Groundwork campaign!",
    "label:description": "Labels for project {F7025998-1297-4A91-B6CA-4183E07AD5E1}_tile_3",
    "label:type": "vector",
    "label:properties": [
      "default"
    ],
    "label:classes": [
      {
        "classes": [
          "Pavement_distress",
          "Shadows"
        ],
        "name": "default"
      }
    ],
    "label:tasks": [
      "detection"
    ],
    "datetime": "2025-03-20T09:20:54.053792Z"
  },
  "geometry": {
    "type": "Polygon",
    "coordinates": [
      [
        [
          8.539210518284506,
          47.36772956567375
        ],
        [
          8.539215178669247,
          47.36795529974267
        ],
        [
          8.539193998486155,
          47.367955501569696
        ],
        [
          8.539189338191152,
          47.36772976749994
        ],
        [
          8.539210518284506,
          47.36772956567375
        ]
      ]
    ]
  },
  "links": [
    {
      "rel": "source",
      "href": "../cb40f04f-9671-431e-87f2-19b9debe3882/cb40f04f-9671-431e-87f2-19b9debe3882.json",
      "type": "application/json"
    },
    {
      "rel": "root",
      "href": "../../catalog.json",
      "type": "application/json"
    },
    {
      "rel": "collection",
      "href": "../collection.json",
      "type": "application/json"
    },
    {
      "rel": "parent",
      "href": "../collection.json",
      "type": "application/json"
    }
  ],
  "assets": {
    "labels": {
      "href": "./labels.geojson",
      "type": "application/geo+json"
    }
  },
  "bbox": [
    8.539189338191152,
    47.36772956567375,
    8.539215178669247,
    47.367955501569696
  ],
  "stac_extensions": [
    "https://stac-extensions.github.io/label/v1.0.1/schema.json"
  ],
  "collection": "afcf7bdc-0421-486b-aaea-5ca025ece52f"
}