{
  "type": "Collection",
  "id": "62cef2c2-4aea-465f-a6b5-ddc5d8d8c7e1",
  "stac_version": "1.0.0",
  "description": "10534_tile_1",
  "links": [
    {
      "rel": "root",
      "href": "../catalog.json",
      "type": "application/json"
    },
    {
      "rel": "item",
      "href": "./0079cc55-f359-46ca-8640-1c8efe466b92/0079cc55-f359-46ca-8640-1c8efe466b92.json",
      "type": "application/json"
    },
    {
      "rel": "item",
      "href": "./acf7acda-1ddc-47eb-b487-4201f5abe75f/acf7acda-1ddc-47eb-b487-4201f5abe75f.json",
      "type": "application/json"
    },
    {
      "rel": "parent",
      "href": "../catalog.json",
      "type": "application/json"
    }
  ],
  "extent": {
    "spatial": {
      "bbox": [
        [
          8.522537928518128,
          47.39771309265887,
          8.523225448767398,
          47.398179913834774
        ]
      ]
    },
    "temporal": {
      "interval": [
        [
          "2025-05-06T07:11:10.873393Z",
          "2025-05-07T19:01:50.840669Z"
        ]
      ]
    }
  },
  "license": "proprietary"
}