{
  "type": "Feature",
  "stac_version": "1.0.0",
  "id": "1e72d472-a1ad-458c-8e82-187848e13700",
  "properties": {
    "title": "Groundwork campaign labels",
    "description": "Labels created from a Groundwork campaign!",
    "label:description": "Labels for project {CA7E86AD-D6AE-4C6C-8ED8-4616ED757368}_tile_0",
    "label:type": "vector",
    "label:properties": [
      "default"
    ],
    "label:classes": [
      {
        "classes": [
          "Pavement_distress",
          "Shadows"
        ],
        "name": "default"
      }
    ],
    "label:tasks": [
      "detection"
    ],
    "datetime": "2025-03-20T09:20:55.581253Z"
  },
  "geometry": {
    "type": "Polygon",
    "coordinates": [
      [
        [
          8.507242019791144,
          47.32471894507317
        ],
        [
          8.507242776330902,
          47.324756718004615
        ],
        [
          8.507177964211559,
          47.324757318123
        ],
        [
          8.507177207717714,
          47.32471954519114
        ],
        [
          8.507242019791144,
          47.32471894507317
        ]
      ]
    ]
  },
  "links": [
    {
      "rel": "source",
      "href": "../cbe848ba-226d-4b18-a701-93e7e01c5a63/cbe848ba-226d-4b18-a701-93e7e01c5a63.json",
      "type": "application/json"
    },
    {
      "rel": "root",
      "href": "../../catalog.json",
      "type": "application/json"
    },
    {
      "rel": "collection",
      "href": "../collection.json",
      "type": "application/json"
    },
    {
      "rel": "parent",
      "href": "../collection.json",
      "type": "application/json"
    }
  ],
  "assets": {
    "labels": {
      "href": "./labels.geojson",
      "type": "application/geo+json"
    }
  },
  "bbox": [
    8.507177207717714,
    47.32471894507317,
    8.507242776330902,
    47.324757318123
  ],
  "stac_extensions": [
    "https://stac-extensions.github.io/label/v1.0.1/schema.json"
  ],
  "collection": "903dbaa4-e552-4d91-b7f7-c82053895ce3"
}