{
  "type": "Collection",
  "id": "94a8109b-bfb4-4a41-aa05-051e387b32ca",
  "stac_version": "1.0.0",
  "description": "{25FD87D7-37BD-43E4-ACFE-16C81635B447}_tile_1",
  "links": [
    {
      "rel": "root",
      "href": "../catalog.json",
      "type": "application/json"
    },
    {
      "rel": "item",
      "href": "./8f8477e2-426e-4eea-9e32-7e544ec6236e/8f8477e2-426e-4eea-9e32-7e544ec6236e.json",
      "type": "application/json"
    },
    {
      "rel": "item",
      "href": "./c3a52f70-9ffb-44f5-a26c-3b9b4c3fdc02/c3a52f70-9ffb-44f5-a26c-3b9b4c3fdc02.json",
      "type": "application/json"
    },
    {
      "rel": "parent",
      "href": "../catalog.json",
      "type": "application/json"
    }
  ],
  "extent": {
    "spatial": {
      "bbox": [
        [
          8.561649977121574,
          47.41794207528499,
          8.561931937176462,
          47.41837190470421
        ]
      ]
    },
    "temporal": {
      "interval": [
        [
          "2025-01-31T23:44:55.877984Z",
          "2025-03-20T09:21:18.539996Z"
        ]
      ]
    }
  },
  "license": "proprietary"
}