{
  "type": "Feature",
  "stac_version": "1.0.0",
  "id": "64ced537-311c-4bb0-be79-736603320eb3",
  "properties": {
    "title": "Groundwork campaign labels",
    "description": "Labels created from a Groundwork campaign!",
    "label:description": "Labels for project 15992_tile_1",
    "label:type": "vector",
    "label:properties": [
      "default"
    ],
    "label:classes": [
      {
        "classes": [
          "Pavement Distress",
          "Non-Pavement Distress"
        ],
        "name": "default"
      }
    ],
    "label:tasks": [
      "detection"
    ],
    "datetime": "2025-04-28T08:56:07.923923Z"
  },
  "geometry": {
    "type": "Polygon",
    "coordinates": [
      [
        [
          8.547307684688846,
          47.38973159728454
        ],
        [
          8.547317265147665,
          47.39019205501665
        ],
        [
          8.546639217150954,
          47.39019855910629
        ],
        [
          8.546629642554496,
          47.38973810131849
        ],
        [
          8.547307684688846,
          47.38973159728454
        ]
      ]
    ]
  },
  "links": [
    {
      "rel": "source",
      "href": "../d2cd8caa-b084-4456-b1f6-3403bc3d942f/d2cd8caa-b084-4456-b1f6-3403bc3d942f.json",
      "type": "application/json"
    },
    {
      "rel": "root",
      "href": "../../catalog.json",
      "type": "application/json"
    },
    {
      "rel": "collection",
      "href": "../collection.json",
      "type": "application/json"
    },
    {
      "rel": "parent",
      "href": "../collection.json",
      "type": "application/json"
    }
  ],
  "assets": {
    "labels": {
      "href": "./labels.geojson",
      "type": "application/geo+json"
    }
  },
  "bbox": [
    8.546629642554496,
    47.38973159728454,
    8.547317265147665,
    47.39019855910629
  ],
  "stac_extensions": [
    "https://stac-extensions.github.io/label/v1.0.1/schema.json"
  ],
  "collection": "4ee4d0f0-70a7-4090-96e0-9617b4e267cf"
}