{
  "type": "Feature",
  "stac_version": "1.0.0",
  "id": "c7f79b87-2ad8-4640-975a-5f51420a05e4",
  "properties": {
    "title": "Groundwork campaign labels",
    "description": "Labels created from a Groundwork campaign!",
    "label:description": "Labels for project {D60DB6BE-567A-4D4B-B3DC-B8D72918EC78}_tile_0",
    "label:type": "vector",
    "label:properties": [
      "default"
    ],
    "label:classes": [
      {
        "classes": [
          "Pavement_distress",
          "Shadows"
        ],
        "name": "default"
      }
    ],
    "label:tasks": [
      "detection"
    ],
    "datetime": "2025-03-20T09:21:10.737530Z"
  },
  "geometry": {
    "type": "Polygon",
    "coordinates": [
      [
        [
          8.5610980239043,
          47.384148294565094
        ],
        [
          8.561100770586705,
          47.38427869753731
        ],
        [
          8.560728681055389,
          47.384282312086796
        ],
        [
          8.560725935283964,
          47.384151909105846
        ],
        [
          8.5610980239043,
          47.384148294565094
        ]
      ]
    ]
  },
  "links": [
    {
      "rel": "source",
      "href": "../fe9cb801-bf95-4b10-918c-ef73765ff425/fe9cb801-bf95-4b10-918c-ef73765ff425.json",
      "type": "application/json"
    },
    {
      "rel": "root",
      "href": "../../catalog.json",
      "type": "application/json"
    },
    {
      "rel": "collection",
      "href": "../collection.json",
      "type": "application/json"
    },
    {
      "rel": "parent",
      "href": "../collection.json",
      "type": "application/json"
    }
  ],
  "assets": {
    "labels": {
      "href": "./labels.geojson",
      "type": "application/geo+json"
    }
  },
  "bbox": [
    8.560725935283964,
    47.384148294565094,
    8.561100770586705,
    47.384282312086796
  ],
  "stac_extensions": [
    "https://stac-extensions.github.io/label/v1.0.1/schema.json"
  ],
  "collection": "2aa5099c-d335-4642-bec8-471ba0f457bf"
}