{
  "type": "Collection",
  "id": "2e971d4c-9a64-401c-807a-9be8d285a71a",
  "stac_version": "1.0.0",
  "description": "12709_tile_4",
  "links": [
    {
      "rel": "root",
      "href": "../catalog.json",
      "type": "application/json"
    },
    {
      "rel": "item",
      "href": "./103e5cf9-2641-4281-8472-678ece6a35bd/103e5cf9-2641-4281-8472-678ece6a35bd.json",
      "type": "application/json"
    },
    {
      "rel": "item",
      "href": "./1d6ff314-69c0-463b-b337-cfb7c12ac652/1d6ff314-69c0-463b-b337-cfb7c12ac652.json",
      "type": "application/json"
    },
    {
      "rel": "parent",
      "href": "../catalog.json",
      "type": "application/json"
    }
  ],
  "extent": {
    "spatial": {
      "bbox": [
        [
          8.532130918262704,
          47.415418448602516,
          8.532818749099023,
          47.41588532273999
        ]
      ]
    },
    "temporal": {
      "interval": [
        [
          "2025-05-06T07:12:21.686118Z",
          "2025-05-07T19:01:32.949761Z"
        ]
      ]
    }
  },
  "license": "proprietary"
}