{
  "type": "Collection",
  "id": "3dd1ba58-ebd9-4e8b-8c39-571135eb71fb",
  "stac_version": "1.0.0",
  "description": "10618_tile_1",
  "links": [
    {
      "rel": "root",
      "href": "../catalog.json",
      "type": "application/json"
    },
    {
      "rel": "item",
      "href": "./a5e54b52-0c38-4245-8574-f390383ebe23/a5e54b52-0c38-4245-8574-f390383ebe23.json",
      "type": "application/json"
    },
    {
      "rel": "item",
      "href": "./50bae045-31fa-4a3e-947d-3ebba5a192c0/50bae045-31fa-4a3e-947d-3ebba5a192c0.json",
      "type": "application/json"
    },
    {
      "rel": "parent",
      "href": "../catalog.json",
      "type": "application/json"
    }
  ],
  "extent": {
    "spatial": {
      "bbox": [
        [
          8.479712839293017,
          47.39840210544334,
          8.480400003081842,
          47.398868678447364
        ]
      ]
    },
    "temporal": {
      "interval": [
        [
          "2025-04-02T11:47:05.186069Z",
          "2025-04-28T08:56:35.862145Z"
        ]
      ]
    }
  },
  "license": "proprietary"
}