{
  "type": "Feature",
  "stac_version": "1.0.0",
  "id": "455c5b3c-d701-404f-a8c8-5c5e2e0ac31c",
  "properties": {
    "title": "Groundwork campaign labels",
    "description": "Labels created from a Groundwork campaign!",
    "label:description": "Labels for project 16478_tile_1",
    "label:type": "vector",
    "label:properties": [
      "default"
    ],
    "label:classes": [
      {
        "classes": [
          "Pavement Distress",
          "Non-Pavement Distress"
        ],
        "name": "default"
      }
    ],
    "label:tasks": [
      "detection"
    ],
    "datetime": "2025-04-28T08:56:04.537341Z"
  },
  "geometry": {
    "type": "Polygon",
    "coordinates": [
      [
        [
          8.513380106651745,
          47.41519953680681
        ],
        [
          8.513389398184758,
          47.41565999365133
        ],
        [
          8.51271102160653,
          47.41566629846234
        ],
        [
          8.512701735941686,
          47.41520584156383
        ],
        [
          8.513380106651745,
          47.41519953680681
        ]
      ]
    ]
  },
  "links": [
    {
      "rel": "source",
      "href": "../78cbd8cf-6ef9-404c-bd9b-58f7cff8bb60/78cbd8cf-6ef9-404c-bd9b-58f7cff8bb60.json",
      "type": "application/json"
    },
    {
      "rel": "root",
      "href": "../../catalog.json",
      "type": "application/json"
    },
    {
      "rel": "collection",
      "href": "../collection.json",
      "type": "application/json"
    },
    {
      "rel": "parent",
      "href": "../collection.json",
      "type": "application/json"
    }
  ],
  "assets": {
    "labels": {
      "href": "./labels.geojson",
      "type": "application/geo+json"
    }
  },
  "bbox": [
    8.512701735941686,
    47.41519953680681,
    8.513389398184758,
    47.41566629846234
  ],
  "stac_extensions": [
    "https://stac-extensions.github.io/label/v1.0.1/schema.json"
  ],
  "collection": "a9862abb-86aa-4e98-965b-0e0025df2517"
}