{
  "type": "Collection",
  "id": "183a91d9-85a2-419c-aa75-a7221df999ab",
  "stac_version": "1.0.0",
  "description": "11109_tile_2",
  "links": [
    {
      "rel": "root",
      "href": "../catalog.json",
      "type": "application/json"
    },
    {
      "rel": "item",
      "href": "./2e87fde7-eced-47f1-afb9-c258a544e505/2e87fde7-eced-47f1-afb9-c258a544e505.json",
      "type": "application/json"
    },
    {
      "rel": "item",
      "href": "./403e9a4d-456a-44b2-9068-d2317e9a74b0/403e9a4d-456a-44b2-9068-d2317e9a74b0.json",
      "type": "application/json"
    },
    {
      "rel": "parent",
      "href": "../catalog.json",
      "type": "application/json"
    }
  ],
  "extent": {
    "spatial": {
      "bbox": [
        [
          8.549866717833792,
          47.354917094268934,
          8.550553918666262,
          47.35538407975437
        ]
      ]
    },
    "temporal": {
      "interval": [
        [
          "2025-04-02T11:47:19.464769Z",
          "2025-04-28T08:56:31.833063Z"
        ]
      ]
    }
  },
  "license": "proprietary"
}