{
  "type": "Feature",
  "stac_version": "1.0.0",
  "id": "5fe71fdf-664d-4496-bcc7-a97d3fdf5805",
  "properties": {
    "title": "Groundwork campaign labels",
    "description": "Labels created from a Groundwork campaign!",
    "label:description": "Labels for project 10151_tile_0",
    "label:type": "vector",
    "label:properties": [
      "default"
    ],
    "label:classes": [
      {
        "classes": [
          "Pavement_distress",
          "non_pavement_distress"
        ],
        "name": "default"
      }
    ],
    "label:tasks": [
      "detection"
    ],
    "datetime": "2025-05-07T19:01:53.222496Z"
  },
  "geometry": {
    "type": "Polygon",
    "coordinates": [
      [
        [
          8.587566300312417,
          47.3604123584291
        ],
        [
          8.587576223417946,
          47.36087281686257
        ],
        [
          8.586898553604428,
          47.36087955741534
        ],
        [
          8.586888636354583,
          47.360419098924204
        ],
        [
          8.587566300312417,
          47.3604123584291
        ]
      ]
    ]
  },
  "links": [
    {
      "rel": "source",
      "href": "../ab40991f-b7cb-46e7-a338-078e7291b89a/ab40991f-b7cb-46e7-a338-078e7291b89a.json",
      "type": "application/json"
    },
    {
      "rel": "root",
      "href": "../../catalog.json",
      "type": "application/json"
    },
    {
      "rel": "collection",
      "href": "../collection.json",
      "type": "application/json"
    },
    {
      "rel": "parent",
      "href": "../collection.json",
      "type": "application/json"
    }
  ],
  "assets": {
    "labels": {
      "href": "./labels.geojson",
      "type": "application/geo+json"
    }
  },
  "bbox": [
    8.586888636354583,
    47.3604123584291,
    8.587576223417946,
    47.36087955741534
  ],
  "stac_extensions": [
    "https://stac-extensions.github.io/label/v1.0.1/schema.json"
  ],
  "collection": "dcb14a0d-34d4-429f-8784-d33309930393"
}