{
  "type": "Feature",
  "stac_version": "1.0.0",
  "id": "682dd0c2-c9c8-4b26-b67f-8bf0db6e961c",
  "properties": {
    "title": "Groundwork campaign labels",
    "description": "Labels created from a Groundwork campaign!",
    "label:description": "Labels for project 17467_tile_0",
    "label:type": "vector",
    "label:properties": [
      "default"
    ],
    "label:classes": [
      {
        "classes": [
          "Pavement_distress",
          "non_pavement_distress"
        ],
        "name": "default"
      }
    ],
    "label:tasks": [
      "detection"
    ],
    "datetime": "2025-05-07T19:01:02.402209Z"
  },
  "geometry": {
    "type": "Polygon",
    "coordinates": [
      [
        [
          8.52248742891299,
          47.39413000265504
        ],
        [
          8.52249679551018,
          47.39459046180784
        ],
        [
          8.52181868848198,
          47.39459682012994
        ],
        [
          8.52180932774825,
          47.39413636092273
        ],
        [
          8.52248742891299,
          47.39413000265504
        ]
      ]
    ]
  },
  "links": [
    {
      "rel": "source",
      "href": "../70e9f005-93d9-4d6a-987c-357e881a0b8f/70e9f005-93d9-4d6a-987c-357e881a0b8f.json",
      "type": "application/json"
    },
    {
      "rel": "root",
      "href": "../../catalog.json",
      "type": "application/json"
    },
    {
      "rel": "collection",
      "href": "../collection.json",
      "type": "application/json"
    },
    {
      "rel": "parent",
      "href": "../collection.json",
      "type": "application/json"
    }
  ],
  "assets": {
    "labels": {
      "href": "./labels.geojson",
      "type": "application/geo+json"
    }
  },
  "bbox": [
    8.52180932774825,
    47.39413000265504,
    8.52249679551018,
    47.39459682012994
  ],
  "stac_extensions": [
    "https://stac-extensions.github.io/label/v1.0.1/schema.json"
  ],
  "collection": "17991a81-fabb-4e09-9313-558eb888de78"
}