{
  "type": "Feature",
  "stac_version": "1.0.0",
  "id": "23608874-18c1-45fc-9cb0-239964d931c6",
  "properties": {
    "title": "Groundwork campaign labels",
    "description": "Labels created from a Groundwork campaign!",
    "label:description": "Labels for project 16942_tile_0",
    "label:type": "vector",
    "label:properties": [
      "default"
    ],
    "label:classes": [
      {
        "classes": [
          "Pavement Distress",
          "Non-Pavement Distress"
        ],
        "name": "default"
      }
    ],
    "label:tasks": [
      "detection"
    ],
    "datetime": "2025-04-28T08:56:02.909558Z"
  },
  "geometry": {
    "type": "Polygon",
    "coordinates": [
      [
        [
          8.533916572939283,
          47.38316965741538
        ],
        [
          8.533926036421313,
          47.383630117191906
        ],
        [
          8.533248070340388,
          47.38363654264796
        ],
        [
          8.53323861271934,
          47.38317608281646
        ],
        [
          8.533916572939283,
          47.38316965741538
        ]
      ]
    ]
  },
  "links": [
    {
      "rel": "source",
      "href": "../e3ab1957-442a-4136-abb5-0dd97da069bf/e3ab1957-442a-4136-abb5-0dd97da069bf.json",
      "type": "application/json"
    },
    {
      "rel": "root",
      "href": "../../catalog.json",
      "type": "application/json"
    },
    {
      "rel": "collection",
      "href": "../collection.json",
      "type": "application/json"
    },
    {
      "rel": "parent",
      "href": "../collection.json",
      "type": "application/json"
    }
  ],
  "assets": {
    "labels": {
      "href": "./labels.geojson",
      "type": "application/geo+json"
    }
  },
  "bbox": [
    8.53323861271934,
    47.38316965741538,
    8.533926036421313,
    47.38363654264796
  ],
  "stac_extensions": [
    "https://stac-extensions.github.io/label/v1.0.1/schema.json"
  ],
  "collection": "87acf33e-9b38-4ca7-ace5-f0db251e9be7"
}