{
  "type": "Feature",
  "stac_version": "1.0.0",
  "id": "369583d4-64c7-4da5-ab57-8995df2f04ce",
  "properties": {
    "title": "Groundwork campaign labels",
    "description": "Labels created from a Groundwork campaign!",
    "label:description": "Labels for project {5199FF71-44C3-44DE-956E-28C45B264674}_tile_0",
    "label:type": "vector",
    "label:properties": [
      "default"
    ],
    "label:classes": [
      {
        "classes": [
          "Pavement_distress",
          "Shadows"
        ],
        "name": "default"
      }
    ],
    "label:tasks": [
      "detection"
    ],
    "datetime": "2025-03-20T09:20:52.155319Z"
  },
  "geometry": {
    "type": "Polygon",
    "coordinates": [
      [
        [
          8.542758188865909,
          47.38086459942322
        ],
        [
          8.542767728383291,
          47.38132505879383
        ],
        [
          8.542089792724495,
          47.38133153617703
        ],
        [
          8.542080259067538,
          47.38087107675098
        ],
        [
          8.542758188865909,
          47.38086459942322
        ]
      ]
    ]
  },
  "links": [
    {
      "rel": "source",
      "href": "../790b3d2b-d4e3-4b40-b70d-f0bf046241a8/790b3d2b-d4e3-4b40-b70d-f0bf046241a8.json",
      "type": "application/json"
    },
    {
      "rel": "root",
      "href": "../../catalog.json",
      "type": "application/json"
    },
    {
      "rel": "collection",
      "href": "../collection.json",
      "type": "application/json"
    },
    {
      "rel": "parent",
      "href": "../collection.json",
      "type": "application/json"
    }
  ],
  "assets": {
    "labels": {
      "href": "./labels.geojson",
      "type": "application/geo+json"
    }
  },
  "bbox": [
    8.542080259067538,
    47.38086459942322,
    8.542767728383291,
    47.38133153617703
  ],
  "stac_extensions": [
    "https://stac-extensions.github.io/label/v1.0.1/schema.json"
  ],
  "collection": "e67c9d55-00d1-4f73-abac-a663998da845"
}