{
  "type": "Collection",
  "id": "e2a8ffd2-7f00-4206-b133-e0aaa2f33de9",
  "stac_version": "1.0.0",
  "description": "14040_tile_0",
  "links": [
    {
      "rel": "root",
      "href": "../catalog.json",
      "type": "application/json"
    },
    {
      "rel": "item",
      "href": "./0b674b50-8202-4172-8c42-fdcb5f495b56/0b674b50-8202-4172-8c42-fdcb5f495b56.json",
      "type": "application/json"
    },
    {
      "rel": "item",
      "href": "./6803277c-b702-4908-95e9-e9874ec9f083/6803277c-b702-4908-95e9-e9874ec9f083.json",
      "type": "application/json"
    },
    {
      "rel": "parent",
      "href": "../catalog.json",
      "type": "application/json"
    }
  ],
  "extent": {
    "spatial": {
      "bbox": [
        [
          8.498925258567029,
          47.38072658194104,
          8.499612358143795,
          47.38119326879441
        ]
      ]
    },
    "temporal": {
      "interval": [
        [
          "2025-05-06T07:12:56.488013Z",
          "2025-05-07T19:01:24.216197Z"
        ]
      ]
    }
  },
  "license": "proprietary"
}