{
  "type": "Collection",
  "id": "1c2fba10-21a2-4091-a4cd-1e06f7f922a7",
  "stac_version": "1.0.0",
  "description": "17391_tile_1",
  "links": [
    {
      "rel": "root",
      "href": "../catalog.json",
      "type": "application/json"
    },
    {
      "rel": "item",
      "href": "./554b58a6-02bc-4692-be30-f3b88b893ab0/554b58a6-02bc-4692-be30-f3b88b893ab0.json",
      "type": "application/json"
    },
    {
      "rel": "item",
      "href": "./c4387822-c6b0-4317-a00d-fa0e9eeac12f/c4387822-c6b0-4317-a00d-fa0e9eeac12f.json",
      "type": "application/json"
    },
    {
      "rel": "parent",
      "href": "../catalog.json",
      "type": "application/json"
    }
  ],
  "extent": {
    "spatial": {
      "bbox": [
        [
          8.523701442472323,
          47.334699321792705,
          8.524388159769424,
          47.33516615856137
        ]
      ]
    },
    "temporal": {
      "interval": [
        [
          "2025-04-02T11:49:51.967866Z",
          "2025-04-28T08:55:58.637751Z"
        ]
      ]
    }
  },
  "license": "proprietary"
}