{
  "type": "Collection",
  "id": "8ccccde1-cf31-4fce-8206-283f5fb647ee",
  "stac_version": "1.0.0",
  "description": "15338_tile_0",
  "links": [
    {
      "rel": "root",
      "href": "../catalog.json",
      "type": "application/json"
    },
    {
      "rel": "item",
      "href": "./a5383a84-9780-401d-8f82-0f107cea1256/a5383a84-9780-401d-8f82-0f107cea1256.json",
      "type": "application/json"
    },
    {
      "rel": "item",
      "href": "./c3af2acd-453b-4db5-b7fe-03db351e2557/c3af2acd-453b-4db5-b7fe-03db351e2557.json",
      "type": "application/json"
    },
    {
      "rel": "parent",
      "href": "../catalog.json",
      "type": "application/json"
    }
  ],
  "extent": {
    "spatial": {
      "bbox": [
        [
          8.496684215353907,
          47.384114888443676,
          8.497371339538358,
          47.384581561831205
        ]
      ]
    },
    "temporal": {
      "interval": [
        [
          "2025-04-02T11:49:04.972652Z",
          "2025-04-28T08:56:12.346746Z"
        ]
      ]
    }
  },
  "license": "proprietary"
}