{
  "type": "Collection",
  "id": "c8d45034-f765-4ae4-a721-fbe2a4462197",
  "stac_version": "1.0.0",
  "description": "11072_tile_2",
  "links": [
    {
      "rel": "root",
      "href": "../catalog.json",
      "type": "application/json"
    },
    {
      "rel": "item",
      "href": "./6053e70e-bd58-4394-a897-a1c43fc96834/6053e70e-bd58-4394-a897-a1c43fc96834.json",
      "type": "application/json"
    },
    {
      "rel": "item",
      "href": "./788f2f6c-cae0-418e-8b90-bfc53099d0c8/788f2f6c-cae0-418e-8b90-bfc53099d0c8.json",
      "type": "application/json"
    },
    {
      "rel": "parent",
      "href": "../catalog.json",
      "type": "application/json"
    }
  ],
  "extent": {
    "spatial": {
      "bbox": [
        [
          8.531832243953637,
          47.367810311980094,
          8.53251945744059,
          47.36827719124798
        ]
      ]
    },
    "temporal": {
      "interval": [
        [
          "2025-04-02T11:47:17.713540Z",
          "2025-04-28T08:56:32.382595Z"
        ]
      ]
    }
  },
  "license": "proprietary"
}