{
  "type": "Collection",
  "id": "8b612ad2-ab1b-4b61-aba8-6ea9fed0225b",
  "stac_version": "1.0.0",
  "description": "8527_tile_3",
  "links": [
    {
      "rel": "root",
      "href": "../catalog.json",
      "type": "application/json"
    },
    {
      "rel": "item",
      "href": "./7883797d-50fa-4e1a-8d29-b7e60487788d/7883797d-50fa-4e1a-8d29-b7e60487788d.json",
      "type": "application/json"
    },
    {
      "rel": "item",
      "href": "./98cfa479-6322-4542-8821-d87c9b41d931/98cfa479-6322-4542-8821-d87c9b41d931.json",
      "type": "application/json"
    },
    {
      "rel": "parent",
      "href": "../catalog.json",
      "type": "application/json"
    }
  ],
  "extent": {
    "spatial": {
      "bbox": [
        [
          8.4673736502228,
          47.39989429905728,
          8.468060727961984,
          47.40036080034172
        ]
      ]
    },
    "temporal": {
      "interval": [
        [
          "2025-05-06T07:10:02.923445Z",
          "2025-05-07T19:02:07.936967Z"
        ]
      ]
    }
  },
  "license": "proprietary"
}