{
  "type": "Collection",
  "id": "ac20abe7-8953-4570-a58a-fdb90446c0f9",
  "stac_version": "1.0.0",
  "description": "15497_tile_3",
  "links": [
    {
      "rel": "root",
      "href": "../catalog.json",
      "type": "application/json"
    },
    {
      "rel": "item",
      "href": "./842cdbc0-5716-47e4-83eb-e5146dcd7cc4/842cdbc0-5716-47e4-83eb-e5146dcd7cc4.json",
      "type": "application/json"
    },
    {
      "rel": "item",
      "href": "./d684d3bc-27e0-4555-bb32-3fe0f2644ed9/d684d3bc-27e0-4555-bb32-3fe0f2644ed9.json",
      "type": "application/json"
    },
    {
      "rel": "parent",
      "href": "../catalog.json",
      "type": "application/json"
    }
  ],
  "extent": {
    "spatial": {
      "bbox": [
        [
          8.505333105481197,
          47.39862886270626,
          8.506020490800825,
          47.39909558410443
        ]
      ]
    },
    "temporal": {
      "interval": [
        [
          "2025-05-06T07:13:27.063375Z",
          "2025-05-07T19:01:16.436258Z"
        ]
      ]
    }
  },
  "license": "proprietary"
}