{
  "type": "Feature",
  "stac_version": "1.0.0",
  "id": "ef5ef895-ba71-4fa4-873b-1e93ff88cd79",
  "properties": {
    "title": "Groundwork campaign labels",
    "description": "Labels created from a Groundwork campaign!",
    "label:description": "Labels for project {C82780D5-0C99-4313-9688-7F4485A927CE}_tile_1",
    "label:type": "vector",
    "label:properties": [
      "default"
    ],
    "label:classes": [
      {
        "classes": [
          "Pavement_distress",
          "Shadows"
        ],
        "name": "default"
      }
    ],
    "label:tasks": [
      "detection"
    ],
    "datetime": "2025-03-20T09:20:50.735028Z"
  },
  "geometry": {
    "type": "Polygon",
    "coordinates": [
      [
        [
          8.513980282351037,
          47.39307340756728
        ],
        [
          8.513989302934753,
          47.39352037752504
        ],
        [
          8.513311208517308,
          47.39352668588669
        ],
        [
          8.513302193625087,
          47.39307971587652
        ],
        [
          8.513980282351037,
          47.39307340756728
        ]
      ]
    ]
  },
  "links": [
    {
      "rel": "source",
      "href": "../c7d8b642-f579-4592-9623-6002537edfb2/c7d8b642-f579-4592-9623-6002537edfb2.json",
      "type": "application/json"
    },
    {
      "rel": "root",
      "href": "../../catalog.json",
      "type": "application/json"
    },
    {
      "rel": "collection",
      "href": "../collection.json",
      "type": "application/json"
    },
    {
      "rel": "parent",
      "href": "../collection.json",
      "type": "application/json"
    }
  ],
  "assets": {
    "labels": {
      "href": "./labels.geojson",
      "type": "application/geo+json"
    }
  },
  "bbox": [
    8.513302193625087,
    47.39307340756728,
    8.513989302934753,
    47.39352668588669
  ],
  "stac_extensions": [
    "https://stac-extensions.github.io/label/v1.0.1/schema.json"
  ],
  "collection": "324fd9d7-568a-4c52-8283-e34125871aa1"
}