{
  "type": "Feature",
  "stac_version": "1.0.0",
  "id": "b871a473-35f5-4083-b15e-40cb2fbe46f4",
  "properties": {
    "title": "Groundwork campaign labels",
    "description": "Labels created from a Groundwork campaign!",
    "label:description": "Labels for project {EEAB64D9-384A-4E83-A0DE-647C70531818}_tile_3",
    "label:type": "vector",
    "label:properties": [
      "default"
    ],
    "label:classes": [
      {
        "classes": [
          "Pavement_distress",
          "Shadows"
        ],
        "name": "default"
      }
    ],
    "label:tasks": [
      "detection"
    ],
    "datetime": "2025-03-20T09:20:56.589042Z"
  },
  "geometry": {
    "type": "Polygon",
    "coordinates": [
      [
        [
          8.486353581867107,
          47.36295631670563
        ],
        [
          8.486357222560237,
          47.36314158251134
        ],
        [
          8.485982628422676,
          47.36314498017692
        ],
        [
          8.48597898903202,
          47.36295971435952
        ],
        [
          8.486353581867107,
          47.36295631670563
        ]
      ]
    ]
  },
  "links": [
    {
      "rel": "source",
      "href": "../1d0cc400-edbc-41c7-91c4-b59ee91c1129/1d0cc400-edbc-41c7-91c4-b59ee91c1129.json",
      "type": "application/json"
    },
    {
      "rel": "root",
      "href": "../../catalog.json",
      "type": "application/json"
    },
    {
      "rel": "collection",
      "href": "../collection.json",
      "type": "application/json"
    },
    {
      "rel": "parent",
      "href": "../collection.json",
      "type": "application/json"
    }
  ],
  "assets": {
    "labels": {
      "href": "./labels.geojson",
      "type": "application/geo+json"
    }
  },
  "bbox": [
    8.48597898903202,
    47.36295631670563,
    8.486357222560237,
    47.36314498017692
  ],
  "stac_extensions": [
    "https://stac-extensions.github.io/label/v1.0.1/schema.json"
  ],
  "collection": "1779cbc0-5318-43b3-accf-c4dcc783488b"
}