{
  "type": "Collection",
  "id": "14d36959-cefc-4666-98a3-29b0e1bf6874",
  "stac_version": "1.0.0",
  "description": "{667023C3-EE9A-438B-A712-F2CA9D2AD785}_tile_1",
  "links": [
    {
      "rel": "root",
      "href": "../catalog.json",
      "type": "application/json"
    },
    {
      "rel": "item",
      "href": "./221bbb6e-dcb9-49dc-866e-f9b0a54343f3/221bbb6e-dcb9-49dc-866e-f9b0a54343f3.json",
      "type": "application/json"
    },
    {
      "rel": "item",
      "href": "./658e8845-0717-49fe-9ad1-2e07c2c9bcff/658e8845-0717-49fe-9ad1-2e07c2c9bcff.json",
      "type": "application/json"
    },
    {
      "rel": "parent",
      "href": "../catalog.json",
      "type": "application/json"
    }
  ],
  "extent": {
    "spatial": {
      "bbox": [
        [
          8.525223855140746,
          47.373452683685095,
          8.525681423083872,
          47.373562191432136
        ]
      ]
    },
    "temporal": {
      "interval": [
        [
          "2025-01-31T23:45:45.740089Z",
          "2025-03-20T09:21:07.712447Z"
        ]
      ]
    }
  },
  "license": "proprietary"
}