{
  "type": "Feature",
  "stac_version": "1.0.0",
  "id": "bfda0582-331a-4bd4-8314-02823a55eb00",
  "properties": {
    "title": "Groundwork campaign labels",
    "description": "Labels created from a Groundwork campaign!",
    "label:description": "Labels for project 13159_tile_0",
    "label:type": "vector",
    "label:properties": [
      "default"
    ],
    "label:classes": [
      {
        "classes": [
          "Pavement_distress",
          "non_pavement_distress"
        ],
        "name": "default"
      }
    ],
    "label:tasks": [
      "detection"
    ],
    "datetime": "2025-05-07T19:01:27.668684Z"
  },
  "geometry": {
    "type": "Polygon",
    "coordinates": [
      [
        [
          8.485008819620207,
          47.3946760375795
        ],
        [
          8.48501786217346,
          47.39513649966062
        ],
        [
          8.48433974376552,
          47.39514263787922
        ],
        [
          8.484330707076037,
          47.39468217574552
        ],
        [
          8.485008819620207,
          47.3946760375795
        ]
      ]
    ]
  },
  "links": [
    {
      "rel": "source",
      "href": "../69cc3d17-7dbb-433a-8603-84d078430763/69cc3d17-7dbb-433a-8603-84d078430763.json",
      "type": "application/json"
    },
    {
      "rel": "root",
      "href": "../../catalog.json",
      "type": "application/json"
    },
    {
      "rel": "collection",
      "href": "../collection.json",
      "type": "application/json"
    },
    {
      "rel": "parent",
      "href": "../collection.json",
      "type": "application/json"
    }
  ],
  "assets": {
    "labels": {
      "href": "./labels.geojson",
      "type": "application/geo+json"
    }
  },
  "bbox": [
    8.484330707076037,
    47.3946760375795,
    8.48501786217346,
    47.39514263787922
  ],
  "stac_extensions": [
    "https://stac-extensions.github.io/label/v1.0.1/schema.json"
  ],
  "collection": "5aa644c2-fd2a-496d-b2b8-122fcdf46fa7"
}