{
  "type": "Feature",
  "stac_version": "1.0.0",
  "id": "05de2214-3dc8-4015-bf27-5646d360d978",
  "properties": {
    "title": "Groundwork campaign labels",
    "description": "Labels created from a Groundwork campaign!",
    "label:description": "Labels for project 10213_tile_1",
    "label:type": "vector",
    "label:properties": [
      "default"
    ],
    "label:classes": [
      {
        "classes": [
          "Pavement_distress",
          "non_pavement_distress"
        ],
        "name": "default"
      }
    ],
    "label:tasks": [
      "detection"
    ],
    "datetime": "2025-05-07T19:01:51.980377Z"
  },
  "geometry": {
    "type": "Polygon",
    "coordinates": [
      [
        [
          8.490262512212878,
          47.425484672847126
        ],
        [
          8.490271605500572,
          47.42594513003302
        ],
        [
          8.48959309506722,
          47.425951299067805
        ],
        [
          8.489584007650082,
          47.425490841829074
        ],
        [
          8.490262512212878,
          47.425484672847126
        ]
      ]
    ]
  },
  "links": [
    {
      "rel": "source",
      "href": "../3ce235ca-66de-4ec9-9356-b953f4e92f5d/3ce235ca-66de-4ec9-9356-b953f4e92f5d.json",
      "type": "application/json"
    },
    {
      "rel": "root",
      "href": "../../catalog.json",
      "type": "application/json"
    },
    {
      "rel": "collection",
      "href": "../collection.json",
      "type": "application/json"
    },
    {
      "rel": "parent",
      "href": "../collection.json",
      "type": "application/json"
    }
  ],
  "assets": {
    "labels": {
      "href": "./labels.geojson",
      "type": "application/geo+json"
    }
  },
  "bbox": [
    8.489584007650082,
    47.425484672847126,
    8.490271605500572,
    47.425951299067805
  ],
  "stac_extensions": [
    "https://stac-extensions.github.io/label/v1.0.1/schema.json"
  ],
  "collection": "dc469db4-e04a-493c-b0f6-5601e5ef9854"
}