{
  "type": "Feature",
  "stac_version": "1.0.0",
  "id": "3fd4c443-66b6-4319-8d7d-8495ebc5de55",
  "properties": {
    "title": "Groundwork campaign labels",
    "description": "Labels created from a Groundwork campaign!",
    "label:description": "Labels for project 11167_tile_2",
    "label:type": "vector",
    "label:properties": [
      "default"
    ],
    "label:classes": [
      {
        "classes": [
          "Pavement_distress",
          "non_pavement_distress"
        ],
        "name": "default"
      }
    ],
    "label:tasks": [
      "detection"
    ],
    "datetime": "2025-05-07T19:01:45.810348Z"
  },
  "geometry": {
    "type": "Polygon",
    "coordinates": [
      [
        [
          8.542288302822865,
          47.38170833471099
        ],
        [
          8.542297838429473,
          47.382168794001316
        ],
        [
          8.54161989197228,
          47.38217526862395
        ],
        [
          8.541610362226287,
          47.381714809278215
        ],
        [
          8.542288302822865,
          47.38170833471099
        ]
      ]
    ]
  },
  "links": [
    {
      "rel": "source",
      "href": "../6305449b-5301-4de5-bced-7e189d181c7e/6305449b-5301-4de5-bced-7e189d181c7e.json",
      "type": "application/json"
    },
    {
      "rel": "root",
      "href": "../../catalog.json",
      "type": "application/json"
    },
    {
      "rel": "collection",
      "href": "../collection.json",
      "type": "application/json"
    },
    {
      "rel": "parent",
      "href": "../collection.json",
      "type": "application/json"
    }
  ],
  "assets": {
    "labels": {
      "href": "./labels.geojson",
      "type": "application/geo+json"
    }
  },
  "bbox": [
    8.541610362226287,
    47.38170833471099,
    8.542297838429473,
    47.38217526862395
  ],
  "stac_extensions": [
    "https://stac-extensions.github.io/label/v1.0.1/schema.json"
  ],
  "collection": "e1eb1774-1452-4ebb-bd53-3cb779fd01fb"
}