{
  "type": "Collection",
  "id": "61f7560c-1789-436a-8efe-ab0ec72d11c5",
  "stac_version": "1.0.0",
  "description": "16288_tile_2",
  "links": [
    {
      "rel": "root",
      "href": "../catalog.json",
      "type": "application/json"
    },
    {
      "rel": "item",
      "href": "./38332949-7378-4964-a924-db8688bd90c0/38332949-7378-4964-a924-db8688bd90c0.json",
      "type": "application/json"
    },
    {
      "rel": "item",
      "href": "./c2b7b70b-1976-4235-9b04-bf26368f9a70/c2b7b70b-1976-4235-9b04-bf26368f9a70.json",
      "type": "application/json"
    },
    {
      "rel": "parent",
      "href": "../catalog.json",
      "type": "application/json"
    }
  ],
  "extent": {
    "spatial": {
      "bbox": [
        [
          8.539145815683993,
          47.39370613488037,
          8.539833425806513,
          47.39417305280201
        ]
      ]
    },
    "temporal": {
      "interval": [
        [
          "2025-04-02T11:49:29.513426Z",
          "2025-04-28T08:56:05.417966Z"
        ]
      ]
    }
  },
  "license": "proprietary"
}