{
  "type": "Collection",
  "id": "2c086a7a-dda5-4461-9b4d-e7af4dba8527",
  "stac_version": "1.0.0",
  "description": "8992_tile_1",
  "links": [
    {
      "rel": "root",
      "href": "../catalog.json",
      "type": "application/json"
    },
    {
      "rel": "item",
      "href": "./beb840bd-9b3b-422c-84b6-c02466018b96/beb840bd-9b3b-422c-84b6-c02466018b96.json",
      "type": "application/json"
    },
    {
      "rel": "item",
      "href": "./1171b88a-7c46-4492-8dc5-6a9b24c86792/1171b88a-7c46-4492-8dc5-6a9b24c86792.json",
      "type": "application/json"
    },
    {
      "rel": "parent",
      "href": "../catalog.json",
      "type": "application/json"
    }
  ],
  "extent": {
    "spatial": {
      "bbox": [
        [
          8.521809636121459,
          47.37498755959535,
          8.522496856781805,
          47.37545437981094
        ]
      ]
    },
    "temporal": {
      "interval": [
        [
          "2025-04-02T11:46:26.503157Z",
          "2025-04-28T08:56:47.212766Z"
        ]
      ]
    }
  },
  "license": "proprietary"
}