{
  "type": "Collection",
  "id": "603c45f6-7a2e-467c-8e63-1b9909d7d7a7",
  "stac_version": "1.0.0",
  "description": "4852_tile_2",
  "links": [
    {
      "rel": "root",
      "href": "../catalog.json",
      "type": "application/json"
    },
    {
      "rel": "item",
      "href": "./7c7e11c8-df21-4aab-85a0-844539c824a4/7c7e11c8-df21-4aab-85a0-844539c824a4.json",
      "type": "application/json"
    },
    {
      "rel": "item",
      "href": "./ffa048a0-15f7-4f7a-a453-fe305d2ad355/ffa048a0-15f7-4f7a-a453-fe305d2ad355.json",
      "type": "application/json"
    },
    {
      "rel": "parent",
      "href": "../catalog.json",
      "type": "application/json"
    }
  ],
  "extent": {
    "spatial": {
      "bbox": [
        [
          8.504133329848269,
          47.40646919173217,
          8.504820806188581,
          47.4069359050396
        ]
      ]
    },
    "temporal": {
      "interval": [
        [
          "2025-04-02T11:45:13.505700Z",
          "2025-04-28T08:57:08.311360Z"
        ]
      ]
    }
  },
  "license": "proprietary"
}