{
  "type": "Feature",
  "stac_version": "1.0.0",
  "id": "7ab59c7a-482a-440d-844d-b9799eebcef5",
  "properties": {
    "title": "Groundwork campaign labels",
    "description": "Labels created from a Groundwork campaign!",
    "label:description": "Labels for project 10695_tile_0",
    "label:type": "vector",
    "label:properties": [
      "default"
    ],
    "label:classes": [
      {
        "classes": [
          "Pavement_distress",
          "non_pavement_distress"
        ],
        "name": "default"
      }
    ],
    "label:tasks": [
      "detection"
    ],
    "datetime": "2025-05-07T19:01:49.019383Z"
  },
  "geometry": {
    "type": "Polygon",
    "coordinates": [
      [
        [
          8.551547800030429,
          47.38346170886539
        ],
        [
          8.551557416017276,
          47.383922167134486
        ],
        [
          8.550879448375408,
          47.38392869613304
        ],
        [
          8.550869838249517,
          47.38346823780806
        ],
        [
          8.551547800030429,
          47.38346170886539
        ]
      ]
    ]
  },
  "links": [
    {
      "rel": "source",
      "href": "../bc07ed40-70e2-44b8-8df0-e97c7044d727/bc07ed40-70e2-44b8-8df0-e97c7044d727.json",
      "type": "application/json"
    },
    {
      "rel": "root",
      "href": "../../catalog.json",
      "type": "application/json"
    },
    {
      "rel": "collection",
      "href": "../collection.json",
      "type": "application/json"
    },
    {
      "rel": "parent",
      "href": "../collection.json",
      "type": "application/json"
    }
  ],
  "assets": {
    "labels": {
      "href": "./labels.geojson",
      "type": "application/geo+json"
    }
  },
  "bbox": [
    8.550869838249517,
    47.38346170886539,
    8.551557416017276,
    47.38392869613304
  ],
  "stac_extensions": [
    "https://stac-extensions.github.io/label/v1.0.1/schema.json"
  ],
  "collection": "e0ea25aa-7eab-41ff-87d4-7420ce19164a"
}