{
  "type": "Feature",
  "stac_version": "1.0.0",
  "id": "8af249f7-a885-4379-a006-4ce42871f5ad",
  "properties": {
    "title": "Groundwork campaign labels",
    "description": "Labels created from a Groundwork campaign!",
    "label:description": "Labels for project {0A02FECA-6B5C-423C-8F54-EAEA225F3B09}_tile_0",
    "label:type": "vector",
    "label:properties": [
      "default"
    ],
    "label:classes": [
      {
        "classes": [
          "Pavement_distress",
          "Shadows"
        ],
        "name": "default"
      }
    ],
    "label:tasks": [
      "detection"
    ],
    "datetime": "2025-03-20T09:21:10.214976Z"
  },
  "geometry": {
    "type": "Polygon",
    "coordinates": [
      [
        [
          8.50516184865992,
          47.3700935823523
        ],
        [
          8.505163144168074,
          47.3701583351003
        ],
        [
          8.50476334923973,
          47.37016202597295
        ],
        [
          8.504762054217494,
          47.37009727322052
        ],
        [
          8.50516184865992,
          47.3700935823523
        ]
      ]
    ]
  },
  "links": [
    {
      "rel": "source",
      "href": "../867b32fe-4230-4c89-9a20-bd6fe03431c1/867b32fe-4230-4c89-9a20-bd6fe03431c1.json",
      "type": "application/json"
    },
    {
      "rel": "root",
      "href": "../../catalog.json",
      "type": "application/json"
    },
    {
      "rel": "collection",
      "href": "../collection.json",
      "type": "application/json"
    },
    {
      "rel": "parent",
      "href": "../collection.json",
      "type": "application/json"
    }
  ],
  "assets": {
    "labels": {
      "href": "./labels.geojson",
      "type": "application/geo+json"
    }
  },
  "bbox": [
    8.504762054217494,
    47.3700935823523,
    8.505163144168074,
    47.37016202597295
  ],
  "stac_extensions": [
    "https://stac-extensions.github.io/label/v1.0.1/schema.json"
  ],
  "collection": "715a325b-e287-4308-9687-47e9f9b715c1"
}