{
  "type": "Feature",
  "stac_version": "1.0.0",
  "id": "e1d496b9-6865-43b2-9555-c1d1689ca9cd",
  "properties": {
    "title": "Groundwork campaign labels",
    "description": "Labels created from a Groundwork campaign!",
    "label:description": "Labels for project {D27B26A0-EDE2-40C9-AC33-4ABE501638CD}_tile_0",
    "label:type": "vector",
    "label:properties": [
      "default"
    ],
    "label:classes": [
      {
        "classes": [
          "Pavement_distress",
          "Shadows"
        ],
        "name": "default"
      }
    ],
    "label:tasks": [
      "detection"
    ],
    "datetime": "2025-03-20T09:21:20.368874Z"
  },
  "geometry": {
    "type": "Polygon",
    "coordinates": [
      [
        [
          8.503361631938677,
          47.364882236993246
        ],
        [
          8.503362512027644,
          47.36492630491915
        ],
        [
          8.5026847803279,
          47.364932550908186
        ],
        [
          8.502683900799468,
          47.36488848297716
        ],
        [
          8.503361631938677,
          47.364882236993246
        ]
      ]
    ]
  },
  "links": [
    {
      "rel": "source",
      "href": "../cf34ac6b-0548-4277-a0c7-4714e2a1ecae/cf34ac6b-0548-4277-a0c7-4714e2a1ecae.json",
      "type": "application/json"
    },
    {
      "rel": "root",
      "href": "../../catalog.json",
      "type": "application/json"
    },
    {
      "rel": "collection",
      "href": "../collection.json",
      "type": "application/json"
    },
    {
      "rel": "parent",
      "href": "../collection.json",
      "type": "application/json"
    }
  ],
  "assets": {
    "labels": {
      "href": "./labels.geojson",
      "type": "application/geo+json"
    }
  },
  "bbox": [
    8.502683900799468,
    47.364882236993246,
    8.503362512027644,
    47.364932550908186
  ],
  "stac_extensions": [
    "https://stac-extensions.github.io/label/v1.0.1/schema.json"
  ],
  "collection": "fba4d9bd-c260-4f37-b23e-0f9423aa9ee5"
}