{
  "type": "Feature",
  "stac_version": "1.0.0",
  "id": "4b96771c-3ffb-4311-b1a6-a1a796d5646e",
  "properties": {
    "title": "Groundwork campaign labels",
    "description": "Labels created from a Groundwork campaign!",
    "label:description": "Labels for project {AA2E0CBE-15F4-41FD-A460-5EB2842B135D}_tile_5",
    "label:type": "vector",
    "label:properties": [
      "default"
    ],
    "label:classes": [
      {
        "classes": [
          "Pavement_distress",
          "Shadows"
        ],
        "name": "default"
      }
    ],
    "label:tasks": [
      "detection"
    ],
    "datetime": "2025-03-20T09:21:10.929330Z"
  },
  "geometry": {
    "type": "Polygon",
    "coordinates": [
      [
        [
          8.585439351892466,
          47.35692624967378
        ],
        [
          8.585449255963265,
          47.35738670877344
        ],
        [
          8.585105149161707,
          47.35739012586707
        ],
        [
          8.585095248064112,
          47.35692966673819
        ],
        [
          8.585439351892466,
          47.35692624967378
        ]
      ]
    ]
  },
  "links": [
    {
      "rel": "source",
      "href": "../0246a0d6-a407-4a67-aa0e-f91c8aaf6a0f/0246a0d6-a407-4a67-aa0e-f91c8aaf6a0f.json",
      "type": "application/json"
    },
    {
      "rel": "root",
      "href": "../../catalog.json",
      "type": "application/json"
    },
    {
      "rel": "collection",
      "href": "../collection.json",
      "type": "application/json"
    },
    {
      "rel": "parent",
      "href": "../collection.json",
      "type": "application/json"
    }
  ],
  "assets": {
    "labels": {
      "href": "./labels.geojson",
      "type": "application/geo+json"
    }
  },
  "bbox": [
    8.585095248064112,
    47.35692624967378,
    8.585449255963265,
    47.35739012586707
  ],
  "stac_extensions": [
    "https://stac-extensions.github.io/label/v1.0.1/schema.json"
  ],
  "collection": "5ad3c0b8-1615-4630-ba92-43e9a937796e"
}