{
  "type": "Feature",
  "stac_version": "1.0.0",
  "id": "cdcba9f6-ccdf-45ab-90a0-54900e6723ef",
  "properties": {
    "title": "Groundwork campaign labels",
    "description": "Labels created from a Groundwork campaign!",
    "label:description": "Labels for project 6092_tile_0",
    "label:type": "vector",
    "label:properties": [
      "default"
    ],
    "label:classes": [
      {
        "classes": [
          "Pavement Distress",
          "Non-Pavement Distress"
        ],
        "name": "default"
      }
    ],
    "label:tasks": [
      "detection"
    ],
    "datetime": "2025-04-28T08:57:01.122151Z"
  },
  "geometry": {
    "type": "Polygon",
    "coordinates": [
      [
        [
          8.50477611351579,
          47.36179645646579
        ],
        [
          8.504785321309596,
          47.36225692161019
        ],
        [
          8.504107623736493,
          47.362263175958304
        ],
        [
          8.5040984217991,
          47.36180271076043
        ],
        [
          8.50477611351579,
          47.36179645646579
        ]
      ]
    ]
  },
  "links": [
    {
      "rel": "source",
      "href": "../21addcf4-dcb0-4e90-8c7d-5f1a6f79d4f7/21addcf4-dcb0-4e90-8c7d-5f1a6f79d4f7.json",
      "type": "application/json"
    },
    {
      "rel": "root",
      "href": "../../catalog.json",
      "type": "application/json"
    },
    {
      "rel": "collection",
      "href": "../collection.json",
      "type": "application/json"
    },
    {
      "rel": "parent",
      "href": "../collection.json",
      "type": "application/json"
    }
  ],
  "assets": {
    "labels": {
      "href": "./labels.geojson",
      "type": "application/geo+json"
    }
  },
  "bbox": [
    8.5040984217991,
    47.36179645646579,
    8.504785321309596,
    47.362263175958304
  ],
  "stac_extensions": [
    "https://stac-extensions.github.io/label/v1.0.1/schema.json"
  ],
  "collection": "0441899c-c80f-4147-806b-eecbb60c1c2f"
}