{
  "type": "Feature",
  "stac_version": "1.0.0",
  "id": "ecb4f817-9901-4db5-988e-27332101ce4c",
  "properties": {
    "title": "Groundwork campaign labels",
    "description": "Labels created from a Groundwork campaign!",
    "label:description": "Labels for project 14958_tile_0",
    "label:type": "vector",
    "label:properties": [
      "default"
    ],
    "label:classes": [
      {
        "classes": [
          "Pavement Distress",
          "Non-Pavement Distress"
        ],
        "name": "default"
      }
    ],
    "label:tasks": [
      "detection"
    ],
    "datetime": "2025-04-28T08:56:13.596309Z"
  },
  "geometry": {
    "type": "Polygon",
    "coordinates": [
      [
        [
          8.506634797013577,
          47.37633515958727
        ],
        [
          8.506644023405421,
          47.376795622551036
        ],
        [
          8.505966141055044,
          47.37680188779683
        ],
        [
          8.505956920522811,
          47.376341424779454
        ],
        [
          8.506634797013577,
          47.37633515958727
        ]
      ]
    ]
  },
  "links": [
    {
      "rel": "source",
      "href": "../d62206d4-6474-4f69-a44e-85c7a06aa9f6/d62206d4-6474-4f69-a44e-85c7a06aa9f6.json",
      "type": "application/json"
    },
    {
      "rel": "root",
      "href": "../../catalog.json",
      "type": "application/json"
    },
    {
      "rel": "collection",
      "href": "../collection.json",
      "type": "application/json"
    },
    {
      "rel": "parent",
      "href": "../collection.json",
      "type": "application/json"
    }
  ],
  "assets": {
    "labels": {
      "href": "./labels.geojson",
      "type": "application/geo+json"
    }
  },
  "bbox": [
    8.505956920522811,
    47.37633515958727,
    8.506644023405421,
    47.37680188779683
  ],
  "stac_extensions": [
    "https://stac-extensions.github.io/label/v1.0.1/schema.json"
  ],
  "collection": "89add141-0317-4f7f-ab1f-9e59e6bc94db"
}