{
  "type": "Feature",
  "stac_version": "1.0.0",
  "id": "df099fe5-fcd8-4503-bf3a-467f28b33052",
  "properties": {
    "title": "Groundwork campaign labels",
    "description": "Labels created from a Groundwork campaign!",
    "label:description": "Labels for project {B2CEEC40-CB51-4240-96F2-655F1CCA4330}_tile_0",
    "label:type": "vector",
    "label:properties": [
      "default"
    ],
    "label:classes": [
      {
        "classes": [
          "Pavement_distress",
          "Shadows"
        ],
        "name": "default"
      }
    ],
    "label:tasks": [
      "detection"
    ],
    "datetime": "2025-03-20T09:21:15.951405Z"
  },
  "geometry": {
    "type": "Polygon",
    "coordinates": [
      [
        [
          8.500773802990821,
          47.40331584185829
        ],
        [
          8.500776994595988,
          47.40347592351891
        ],
        [
          8.500098771794816,
          47.40348215427633
        ],
        [
          8.500095582228848,
          47.40332207259714
        ],
        [
          8.500773802990821,
          47.40331584185829
        ]
      ]
    ]
  },
  "links": [
    {
      "rel": "source",
      "href": "../dd8b0b3e-9a4e-49f2-b563-2684a6657426/dd8b0b3e-9a4e-49f2-b563-2684a6657426.json",
      "type": "application/json"
    },
    {
      "rel": "root",
      "href": "../../catalog.json",
      "type": "application/json"
    },
    {
      "rel": "collection",
      "href": "../collection.json",
      "type": "application/json"
    },
    {
      "rel": "parent",
      "href": "../collection.json",
      "type": "application/json"
    }
  ],
  "assets": {
    "labels": {
      "href": "./labels.geojson",
      "type": "application/geo+json"
    }
  },
  "bbox": [
    8.500095582228848,
    47.40331584185829,
    8.500776994595988,
    47.40348215427633
  ],
  "stac_extensions": [
    "https://stac-extensions.github.io/label/v1.0.1/schema.json"
  ],
  "collection": "774f8ae3-5b36-410f-a550-10881f4926ca"
}