{
  "type": "Collection",
  "id": "24bacb80-8807-44d0-8237-90b67e83470c",
  "stac_version": "1.0.0",
  "description": "10604_tile_3",
  "links": [
    {
      "rel": "root",
      "href": "../catalog.json",
      "type": "application/json"
    },
    {
      "rel": "item",
      "href": "./dc3c93a4-7f9b-41ce-a6fa-ff8f5bae5a03/dc3c93a4-7f9b-41ce-a6fa-ff8f5bae5a03.json",
      "type": "application/json"
    },
    {
      "rel": "item",
      "href": "./6304fa79-1dd8-4e91-97fa-fcc7b9cfa4c7/6304fa79-1dd8-4e91-97fa-fcc7b9cfa4c7.json",
      "type": "application/json"
    },
    {
      "rel": "parent",
      "href": "../catalog.json",
      "type": "application/json"
    }
  ],
  "extent": {
    "spatial": {
      "bbox": [
        [
          8.527599376841613,
          47.39289449700414,
          8.528286878026083,
          47.39336134818677
        ]
      ]
    },
    "temporal": {
      "interval": [
        [
          "2025-04-02T11:47:04.365280Z",
          "2025-04-28T08:56:36.212966Z"
        ]
      ]
    }
  },
  "license": "proprietary"
}