{
  "type": "Collection",
  "id": "f3bf913b-1864-4c15-b851-b2b7ebbcfea2",
  "stac_version": "1.0.0",
  "description": "17735_tile_1",
  "links": [
    {
      "rel": "root",
      "href": "../catalog.json",
      "type": "application/json"
    },
    {
      "rel": "item",
      "href": "./489ca5d5-50e0-4b36-b2ce-48c7d8140f84/489ca5d5-50e0-4b36-b2ce-48c7d8140f84.json",
      "type": "application/json"
    },
    {
      "rel": "item",
      "href": "./8cecf733-1757-4923-921a-07c25499984a/8cecf733-1757-4923-921a-07c25499984a.json",
      "type": "application/json"
    },
    {
      "rel": "parent",
      "href": "../catalog.json",
      "type": "application/json"
    }
  ],
  "extent": {
    "spatial": {
      "bbox": [
        [
          8.546977442758765,
          47.37843307939205,
          8.547664922424975,
          47.37890004484383
        ]
      ]
    },
    "temporal": {
      "interval": [
        [
          "2025-05-07T10:07:32.696977Z",
          "2025-05-07T19:01:01.098365Z"
        ]
      ]
    }
  },
  "license": "proprietary"
}