{
  "type": "Collection",
  "id": "c7f7bc39-e538-4fd5-8e59-4cff853af127",
  "stac_version": "1.0.0",
  "description": "7290_tile_0",
  "links": [
    {
      "rel": "root",
      "href": "../catalog.json",
      "type": "application/json"
    },
    {
      "rel": "item",
      "href": "./021bdccf-2a0d-4be8-92f0-f2fcac067a03/021bdccf-2a0d-4be8-92f0-f2fcac067a03.json",
      "type": "application/json"
    },
    {
      "rel": "item",
      "href": "./d734c2b0-be28-41b1-9f18-01368080378a/d734c2b0-be28-41b1-9f18-01368080378a.json",
      "type": "application/json"
    },
    {
      "rel": "parent",
      "href": "../catalog.json",
      "type": "application/json"
    }
  ],
  "extent": {
    "spatial": {
      "bbox": [
        [
          8.522460142023236,
          47.35396880471035,
          8.523147097110256,
          47.354435631641564
        ]
      ]
    },
    "temporal": {
      "interval": [
        [
          "2025-05-06T07:09:37.044613Z",
          "2025-05-07T19:02:14.532405Z"
        ]
      ]
    }
  },
  "license": "proprietary"
}