{
  "type": "Collection",
  "id": "5a358b72-b76f-47e4-b61b-32537728de9d",
  "stac_version": "1.0.0",
  "description": "15815_tile_0",
  "links": [
    {
      "rel": "root",
      "href": "../catalog.json",
      "type": "application/json"
    },
    {
      "rel": "item",
      "href": "./561e60e0-944b-4f0e-8002-5f6444f0f9a5/561e60e0-944b-4f0e-8002-5f6444f0f9a5.json",
      "type": "application/json"
    },
    {
      "rel": "item",
      "href": "./013f86c4-f7b2-4eca-88a6-9020b0098919/013f86c4-f7b2-4eca-88a6-9020b0098919.json",
      "type": "application/json"
    },
    {
      "rel": "parent",
      "href": "../catalog.json",
      "type": "application/json"
    }
  ],
  "extent": {
    "spatial": {
      "bbox": [
        [
          8.526923745794466,
          47.37401836060873,
          8.527610997545786,
          47.37448521057709
        ]
      ]
    },
    "temporal": {
      "interval": [
        [
          "2025-04-02T11:49:14.861359Z",
          "2025-04-28T08:56:09.419882Z"
        ]
      ]
    }
  },
  "license": "proprietary"
}