{
  "type": "Feature",
  "stac_version": "1.0.0",
  "id": "ba0e82ed-478c-4fbd-bfbe-c0c81f1c7f0c",
  "properties": {
    "title": "Groundwork campaign labels",
    "description": "Labels created from a Groundwork campaign!",
    "label:description": "Labels for project {E7F744D4-9CDE-4306-8D69-4B0C15C5F570}_tile_1",
    "label:type": "vector",
    "label:properties": [
      "default"
    ],
    "label:classes": [
      {
        "classes": [
          "Pavement_distress",
          "Shadows"
        ],
        "name": "default"
      }
    ],
    "label:tasks": [
      "detection"
    ],
    "datetime": "2025-03-20T09:21:00.283177Z"
  },
  "geometry": {
    "type": "Polygon",
    "coordinates": [
      [
        [
          8.571062107681769,
          47.36415998499302
        ],
        [
          8.571071888835908,
          47.36462044432341
        ],
        [
          8.57074494211073,
          47.364623649850145
        ],
        [
          8.570735163781944,
          47.36416319049231
        ],
        [
          8.571062107681769,
          47.36415998499302
        ]
      ]
    ]
  },
  "links": [
    {
      "rel": "source",
      "href": "../4c70c050-ce85-4207-94ba-60ea4d3c8dd3/4c70c050-ce85-4207-94ba-60ea4d3c8dd3.json",
      "type": "application/json"
    },
    {
      "rel": "root",
      "href": "../../catalog.json",
      "type": "application/json"
    },
    {
      "rel": "collection",
      "href": "../collection.json",
      "type": "application/json"
    },
    {
      "rel": "parent",
      "href": "../collection.json",
      "type": "application/json"
    }
  ],
  "assets": {
    "labels": {
      "href": "./labels.geojson",
      "type": "application/geo+json"
    }
  },
  "bbox": [
    8.570735163781944,
    47.36415998499302,
    8.571071888835908,
    47.364623649850145
  ],
  "stac_extensions": [
    "https://stac-extensions.github.io/label/v1.0.1/schema.json"
  ],
  "collection": "67aee7ac-15f2-49d3-835a-39da33953ee4"
}