{
  "type": "Feature",
  "stac_version": "1.0.0",
  "id": "89d2332f-f608-465f-b7bd-63046e686707",
  "properties": {
    "title": "Groundwork campaign labels",
    "description": "Labels created from a Groundwork campaign!",
    "label:description": "Labels for project 2248_tile_1",
    "label:type": "vector",
    "label:properties": [
      "default"
    ],
    "label:classes": [
      {
        "classes": [
          "Pavement Distress",
          "Non-Pavement Distress"
        ],
        "name": "default"
      }
    ],
    "label:tasks": [
      "detection"
    ],
    "datetime": "2025-04-28T08:57:21.261415Z"
  },
  "geometry": {
    "type": "Polygon",
    "coordinates": [
      [
        [
          8.51589350045155,
          47.381563488389844
        ],
        [
          8.515902807810287,
          47.38202394986814
        ],
        [
          8.515224860007761,
          47.38203026948156
        ],
        [
          8.515215558509748,
          47.38156980794922
        ],
        [
          8.51589350045155,
          47.381563488389844
        ]
      ]
    ]
  },
  "links": [
    {
      "rel": "source",
      "href": "../e9ba091f-b312-42ab-a1bc-e91f923b50c4/e9ba091f-b312-42ab-a1bc-e91f923b50c4.json",
      "type": "application/json"
    },
    {
      "rel": "root",
      "href": "../../catalog.json",
      "type": "application/json"
    },
    {
      "rel": "collection",
      "href": "../collection.json",
      "type": "application/json"
    },
    {
      "rel": "parent",
      "href": "../collection.json",
      "type": "application/json"
    }
  ],
  "assets": {
    "labels": {
      "href": "./labels.geojson",
      "type": "application/geo+json"
    }
  },
  "bbox": [
    8.515215558509748,
    47.381563488389844,
    8.515902807810287,
    47.38203026948156
  ],
  "stac_extensions": [
    "https://stac-extensions.github.io/label/v1.0.1/schema.json"
  ],
  "collection": "f42adca5-990e-4f61-81b4-17d629c71fde"
}