{
  "type": "Feature",
  "stac_version": "1.0.0",
  "id": "9d6b941d-9f5a-492d-8c31-aa9557cf1b2b",
  "properties": {
    "title": "Groundwork campaign labels",
    "description": "Labels created from a Groundwork campaign!",
    "label:description": "Labels for project 10377_tile_0",
    "label:type": "vector",
    "label:properties": [
      "default"
    ],
    "label:classes": [
      {
        "classes": [
          "Pavement_distress",
          "non_pavement_distress"
        ],
        "name": "default"
      }
    ],
    "label:tasks": [
      "detection"
    ],
    "datetime": "2025-05-07T19:01:51.267743Z"
  },
  "geometry": {
    "type": "Polygon",
    "coordinates": [
      [
        [
          8.555356565692795,
          47.429019204977706
        ],
        [
          8.555366222929102,
          47.42947965632263
        ],
        [
          8.554687675253861,
          47.42948620763007
        ],
        [
          8.554678023888565,
          47.42902575622902
        ],
        [
          8.555356565692795,
          47.429019204977706
        ]
      ]
    ]
  },
  "links": [
    {
      "rel": "source",
      "href": "../e8db5676-df98-4762-a38a-068ea0f1aadf/e8db5676-df98-4762-a38a-068ea0f1aadf.json",
      "type": "application/json"
    },
    {
      "rel": "root",
      "href": "../../catalog.json",
      "type": "application/json"
    },
    {
      "rel": "collection",
      "href": "../collection.json",
      "type": "application/json"
    },
    {
      "rel": "parent",
      "href": "../collection.json",
      "type": "application/json"
    }
  ],
  "assets": {
    "labels": {
      "href": "./labels.geojson",
      "type": "application/geo+json"
    }
  },
  "bbox": [
    8.554678023888565,
    47.429019204977706,
    8.555366222929102,
    47.42948620763007
  ],
  "stac_extensions": [
    "https://stac-extensions.github.io/label/v1.0.1/schema.json"
  ],
  "collection": "aeef5938-8617-4a1a-a184-4aee83c4fe22"
}