{
  "type": "Collection",
  "id": "5d2cbff9-acfa-47f3-955e-b1d31a2b2214",
  "stac_version": "1.0.0",
  "description": "17597_tile_0",
  "links": [
    {
      "rel": "root",
      "href": "../catalog.json",
      "type": "application/json"
    },
    {
      "rel": "item",
      "href": "./322aafc5-bb3c-4597-acb9-f76878e67ccd/322aafc5-bb3c-4597-acb9-f76878e67ccd.json",
      "type": "application/json"
    },
    {
      "rel": "item",
      "href": "./0735b91a-535e-43eb-993b-ac3937746d9a/0735b91a-535e-43eb-993b-ac3937746d9a.json",
      "type": "application/json"
    },
    {
      "rel": "parent",
      "href": "../catalog.json",
      "type": "application/json"
    }
  ],
  "extent": {
    "spatial": {
      "bbox": [
        [
          8.523417812302085,
          47.41125854520175,
          8.524105515046767,
          47.41172536949722
        ]
      ]
    },
    "temporal": {
      "interval": [
        [
          "2025-04-02T11:49:57.803216Z",
          "2025-04-28T08:55:57.236829Z"
        ]
      ]
    }
  },
  "license": "proprietary"
}