{
  "type": "Feature",
  "stac_version": "1.0.0",
  "id": "ba346592-0b06-4277-a431-15601a7b59d9",
  "properties": {
    "title": "Groundwork campaign labels",
    "description": "Labels created from a Groundwork campaign!",
    "label:description": "Labels for project 18097_tile_1",
    "label:type": "vector",
    "label:properties": [
      "default"
    ],
    "label:classes": [
      {
        "classes": [
          "Pavement_distress",
          "non_pavement_distress"
        ],
        "name": "default"
      }
    ],
    "label:tasks": [
      "detection"
    ],
    "datetime": "2025-05-07T19:01:01.914490Z"
  },
  "geometry": {
    "type": "Polygon",
    "coordinates": [
      [
        [
          8.522735634200302,
          47.33992029688473
        ],
        [
          8.522744993358367,
          47.34038076357684
        ],
        [
          8.52206757609136,
          47.34038712342465
        ],
        [
          8.522058222784795,
          47.33992665667815
        ],
        [
          8.522735634200302,
          47.33992029688473
        ]
      ]
    ]
  },
  "links": [
    {
      "rel": "source",
      "href": "../256ae6fc-7652-4a14-8a47-a8d64ae8b3c2/256ae6fc-7652-4a14-8a47-a8d64ae8b3c2.json",
      "type": "application/json"
    },
    {
      "rel": "root",
      "href": "../../catalog.json",
      "type": "application/json"
    },
    {
      "rel": "collection",
      "href": "../collection.json",
      "type": "application/json"
    },
    {
      "rel": "parent",
      "href": "../collection.json",
      "type": "application/json"
    }
  ],
  "assets": {
    "labels": {
      "href": "./labels.geojson",
      "type": "application/geo+json"
    }
  },
  "bbox": [
    8.522058222784795,
    47.33992029688473,
    8.522744993358367,
    47.34038712342465
  ],
  "stac_extensions": [
    "https://stac-extensions.github.io/label/v1.0.1/schema.json"
  ],
  "collection": "1d3d4638-050d-4cfb-b70b-7c06036c9f1c"
}