{
  "type": "Collection",
  "id": "715a325b-e287-4308-9687-47e9f9b715c1",
  "stac_version": "1.0.0",
  "description": "{0A02FECA-6B5C-423C-8F54-EAEA225F3B09}_tile_0",
  "links": [
    {
      "rel": "root",
      "href": "../catalog.json",
      "type": "application/json"
    },
    {
      "rel": "item",
      "href": "./867b32fe-4230-4c89-9a20-bd6fe03431c1/867b32fe-4230-4c89-9a20-bd6fe03431c1.json",
      "type": "application/json"
    },
    {
      "rel": "item",
      "href": "./8af249f7-a885-4379-a006-4ce42871f5ad/8af249f7-a885-4379-a006-4ce42871f5ad.json",
      "type": "application/json"
    },
    {
      "rel": "parent",
      "href": "../catalog.json",
      "type": "application/json"
    }
  ],
  "extent": {
    "spatial": {
      "bbox": [
        [
          8.504762054217494,
          47.3700935823523,
          8.505163144168074,
          47.37016202597295
        ]
      ]
    },
    "temporal": {
      "interval": [
        [
          "2025-01-31T23:45:34.838511Z",
          "2025-03-20T09:21:10.214976Z"
        ]
      ]
    }
  },
  "license": "proprietary"
}