{
  "type": "Collection",
  "id": "edb7d625-ee85-4257-ac3d-85eb4158777c",
  "stac_version": "1.0.0",
  "description": "{691AE6E8-8877-4B7C-B38A-989667A52A53}_tile_3",
  "links": [
    {
      "rel": "root",
      "href": "../catalog.json",
      "type": "application/json"
    },
    {
      "rel": "item",
      "href": "./095a1045-58cf-43f5-b6ef-288459c9bc05/095a1045-58cf-43f5-b6ef-288459c9bc05.json",
      "type": "application/json"
    },
    {
      "rel": "item",
      "href": "./f00c4dea-1307-4aa3-ab00-492c6b2d7394/f00c4dea-1307-4aa3-ab00-492c6b2d7394.json",
      "type": "application/json"
    },
    {
      "rel": "parent",
      "href": "../catalog.json",
      "type": "application/json"
    }
  ],
  "extent": {
    "spatial": {
      "bbox": [
        [
          8.570788531857765,
          47.38194749567634,
          8.571029192893082,
          47.3823706531312
        ]
      ]
    },
    "temporal": {
      "interval": [
        [
          "2025-01-31T23:45:28.869414Z",
          "2025-03-20T09:21:11.520524Z"
        ]
      ]
    }
  },
  "license": "proprietary"
}