{
  "type": "Feature",
  "stac_version": "1.0.0",
  "id": "6954b425-772f-4db3-94d6-9ac9bfe03d9b",
  "properties": {
    "title": "Groundwork campaign labels",
    "description": "Labels created from a Groundwork campaign!",
    "label:description": "Labels for project {FDC2ACDC-47C1-412B-AC74-FF325E1FA38A}_tile_0",
    "label:type": "vector",
    "label:properties": [
      "default"
    ],
    "label:classes": [
      {
        "classes": [
          "Pavement_distress",
          "Shadows"
        ],
        "name": "default"
      }
    ],
    "label:tasks": [
      "detection"
    ],
    "datetime": "2025-03-20T09:20:48.025923Z"
  },
  "geometry": {
    "type": "Polygon",
    "coordinates": [
      [
        [
          8.54186889089435,
          47.409941616951144
        ],
        [
          8.541878427963102,
          47.41040207222496
        ],
        [
          8.541200121840603,
          47.41040854434851
        ],
        [
          8.541190590638712,
          47.4099480890193
        ],
        [
          8.54186889089435,
          47.409941616951144
        ]
      ]
    ]
  },
  "links": [
    {
      "rel": "source",
      "href": "../c1677863-49e3-4a93-a6ad-eeced51237c8/c1677863-49e3-4a93-a6ad-eeced51237c8.json",
      "type": "application/json"
    },
    {
      "rel": "root",
      "href": "../../catalog.json",
      "type": "application/json"
    },
    {
      "rel": "collection",
      "href": "../collection.json",
      "type": "application/json"
    },
    {
      "rel": "parent",
      "href": "../collection.json",
      "type": "application/json"
    }
  ],
  "assets": {
    "labels": {
      "href": "./labels.geojson",
      "type": "application/geo+json"
    }
  },
  "bbox": [
    8.541190590638712,
    47.409941616951144,
    8.541878427963102,
    47.41040854434851
  ],
  "stac_extensions": [
    "https://stac-extensions.github.io/label/v1.0.1/schema.json"
  ],
  "collection": "670d06d5-e195-42ce-8fd2-850ccef821f7"
}