{
  "type": "Feature",
  "stac_version": "1.0.0",
  "id": "08a2b5aa-b395-4f77-a1c2-5e1de93bc6be",
  "properties": {
    "title": "Groundwork campaign labels",
    "description": "Labels created from a Groundwork campaign!",
    "label:description": "Labels for project 1404_tile_1",
    "label:type": "vector",
    "label:properties": [
      "default"
    ],
    "label:classes": [
      {
        "classes": [
          "Pavement_distress",
          "non_pavement_distress"
        ],
        "name": "default"
      }
    ],
    "label:tasks": [
      "detection"
    ],
    "datetime": "2025-05-07T19:02:40.324174Z"
  },
  "geometry": {
    "type": "Polygon",
    "coordinates": [
      [
        [
          8.509107123831154,
          47.37969802495814
        ],
        [
          8.509116372185435,
          47.38015848724889
        ],
        [
          8.508438447322806,
          47.3801647670099
        ],
        [
          8.508429204828866,
          47.37970430466542
        ],
        [
          8.509107123831154,
          47.37969802495814
        ]
      ]
    ]
  },
  "links": [
    {
      "rel": "source",
      "href": "../233fca2c-b7fb-4a0f-96f6-bc56b61b2301/233fca2c-b7fb-4a0f-96f6-bc56b61b2301.json",
      "type": "application/json"
    },
    {
      "rel": "root",
      "href": "../../catalog.json",
      "type": "application/json"
    },
    {
      "rel": "collection",
      "href": "../collection.json",
      "type": "application/json"
    },
    {
      "rel": "parent",
      "href": "../collection.json",
      "type": "application/json"
    }
  ],
  "assets": {
    "labels": {
      "href": "./labels.geojson",
      "type": "application/geo+json"
    }
  },
  "bbox": [
    8.508429204828866,
    47.37969802495814,
    8.509116372185435,
    47.3801647670099
  ],
  "stac_extensions": [
    "https://stac-extensions.github.io/label/v1.0.1/schema.json"
  ],
  "collection": "cc3830a7-90bd-4615-b015-12566999f1e0"
}