{
  "type": "Collection",
  "id": "24f8240b-3660-4c15-b6aa-8d744c0d86ed",
  "stac_version": "1.0.0",
  "description": "8233_tile_2",
  "links": [
    {
      "rel": "root",
      "href": "../catalog.json",
      "type": "application/json"
    },
    {
      "rel": "item",
      "href": "./5a0179c7-f243-4f61-b5eb-409521c81fa9/5a0179c7-f243-4f61-b5eb-409521c81fa9.json",
      "type": "application/json"
    },
    {
      "rel": "item",
      "href": "./5b89917b-35e4-420f-ac00-a0820dabb0ab/5b89917b-35e4-420f-ac00-a0820dabb0ab.json",
      "type": "application/json"
    },
    {
      "rel": "parent",
      "href": "../catalog.json",
      "type": "application/json"
    }
  ],
  "extent": {
    "spatial": {
      "bbox": [
        [
          8.483180519724359,
          47.37580409366038,
          8.483867421504872,
          47.37627068999621
        ]
      ]
    },
    "temporal": {
      "interval": [
        [
          "2025-05-06T07:09:58.764767Z",
          "2025-05-07T19:02:09.004158Z"
        ]
      ]
    }
  },
  "license": "proprietary"
}