{
  "type": "Feature",
  "stac_version": "1.0.0",
  "id": "37ba887d-965a-44fe-b715-1774732ebc4b",
  "properties": {
    "title": "Groundwork campaign labels",
    "description": "Labels created from a Groundwork campaign!",
    "label:description": "Labels for project 12048_tile_2",
    "label:type": "vector",
    "label:properties": [
      "default"
    ],
    "label:classes": [
      {
        "classes": [
          "Pavement_distress",
          "non_pavement_distress"
        ],
        "name": "default"
      }
    ],
    "label:tasks": [
      "detection"
    ],
    "datetime": "2025-05-07T19:01:37.420153Z"
  },
  "geometry": {
    "type": "Polygon",
    "coordinates": [
      [
        [
          8.50372964430759,
          47.42021449487231
        ],
        [
          8.503738853218119,
          47.42067495176002
        ],
        [
          8.503060411563805,
          47.42068119989029
        ],
        [
          8.5030512085226,
          47.42022074294904
        ],
        [
          8.50372964430759,
          47.42021449487231
        ]
      ]
    ]
  },
  "links": [
    {
      "rel": "source",
      "href": "../3f247fe4-9fc2-4247-ad75-67678dbdc65c/3f247fe4-9fc2-4247-ad75-67678dbdc65c.json",
      "type": "application/json"
    },
    {
      "rel": "root",
      "href": "../../catalog.json",
      "type": "application/json"
    },
    {
      "rel": "collection",
      "href": "../collection.json",
      "type": "application/json"
    },
    {
      "rel": "parent",
      "href": "../collection.json",
      "type": "application/json"
    }
  ],
  "assets": {
    "labels": {
      "href": "./labels.geojson",
      "type": "application/geo+json"
    }
  },
  "bbox": [
    8.5030512085226,
    47.42021449487231,
    8.503738853218119,
    47.42068119989029
  ],
  "stac_extensions": [
    "https://stac-extensions.github.io/label/v1.0.1/schema.json"
  ],
  "collection": "3437e8e9-3488-4edc-8f85-24610f880efd"
}