{
  "type": "Feature",
  "stac_version": "1.0.0",
  "id": "1479dbe4-fb00-491b-91a8-ac257e537da6",
  "properties": {
    "title": "Groundwork campaign labels",
    "description": "Labels created from a Groundwork campaign!",
    "label:description": "Labels for project {75FE9DA2-3B1D-4DEB-B324-EBA458A09D1B}_tile_0",
    "label:type": "vector",
    "label:properties": [
      "default"
    ],
    "label:classes": [
      {
        "classes": [
          "Pavement_distress",
          "Shadows"
        ],
        "name": "default"
      }
    ],
    "label:tasks": [
      "detection"
    ],
    "datetime": "2025-03-20T09:21:34.765124Z"
  },
  "geometry": {
    "type": "Polygon",
    "coordinates": [
      [
        [
          8.510841621125294,
          47.37257132035214
        ],
        [
          8.510847880264025,
          47.37288249272481
        ],
        [
          8.510170048214375,
          47.372888782663516
        ],
        [
          8.510163793034874,
          47.37257761025449
        ],
        [
          8.510841621125294,
          47.37257132035214
        ]
      ]
    ]
  },
  "links": [
    {
      "rel": "source",
      "href": "../f8de9deb-29ba-41f6-9a07-bbf893f4b746/f8de9deb-29ba-41f6-9a07-bbf893f4b746.json",
      "type": "application/json"
    },
    {
      "rel": "root",
      "href": "../../catalog.json",
      "type": "application/json"
    },
    {
      "rel": "collection",
      "href": "../collection.json",
      "type": "application/json"
    },
    {
      "rel": "parent",
      "href": "../collection.json",
      "type": "application/json"
    }
  ],
  "assets": {
    "labels": {
      "href": "./labels.geojson",
      "type": "application/geo+json"
    }
  },
  "bbox": [
    8.510163793034874,
    47.37257132035214,
    8.510847880264025,
    47.372888782663516
  ],
  "stac_extensions": [
    "https://stac-extensions.github.io/label/v1.0.1/schema.json"
  ],
  "collection": "c3425cc2-89df-4033-b796-96ff7a3cfba6"
}