{
  "type": "Collection",
  "id": "b336691a-97b2-46f5-9874-f74dfabe0a82",
  "stac_version": "1.0.0",
  "description": "4140_tile_3",
  "links": [
    {
      "rel": "root",
      "href": "../catalog.json",
      "type": "application/json"
    },
    {
      "rel": "item",
      "href": "./a5b1604c-e641-44cf-b5f0-d45634e90b42/a5b1604c-e641-44cf-b5f0-d45634e90b42.json",
      "type": "application/json"
    },
    {
      "rel": "item",
      "href": "./63a4f4d4-6423-45de-935a-3a7fe7ea0d6e/63a4f4d4-6423-45de-935a-3a7fe7ea0d6e.json",
      "type": "application/json"
    },
    {
      "rel": "parent",
      "href": "../catalog.json",
      "type": "application/json"
    }
  ],
  "extent": {
    "spatial": {
      "bbox": [
        [
          8.531893326418475,
          47.35936148068362,
          8.532580431436337,
          47.3598283614895
        ]
      ]
    },
    "temporal": {
      "interval": [
        [
          "2025-04-02T11:44:58.169026Z",
          "2025-04-28T08:57:12.904484Z"
        ]
      ]
    }
  },
  "license": "proprietary"
}