{
  "type": "Feature",
  "stac_version": "1.0.0",
  "id": "f7ce92b2-a948-4954-a80f-38751d33bc3a",
  "properties": {
    "title": "Groundwork campaign labels",
    "description": "Labels created from a Groundwork campaign!",
    "label:description": "Labels for project 9718_tile_2",
    "label:type": "vector",
    "label:properties": [
      "default"
    ],
    "label:classes": [
      {
        "classes": [
          "Pavement Distress",
          "Non-Pavement Distress"
        ],
        "name": "default"
      }
    ],
    "label:tasks": [
      "detection"
    ],
    "datetime": "2025-04-28T08:56:43.538155Z"
  },
  "geometry": {
    "type": "Polygon",
    "coordinates": [
      [
        [
          8.541572244895294,
          47.379872971236125
        ],
        [
          8.541581773980106,
          47.38033343084544
        ],
        [
          8.54090385079948,
          47.38033990126529
        ],
        [
          8.540894327574883,
          47.37987944160054
        ],
        [
          8.541572244895294,
          47.379872971236125
        ]
      ]
    ]
  },
  "links": [
    {
      "rel": "source",
      "href": "../7cd6b0e0-bece-4ca5-ba5c-5c2a696e9a30/7cd6b0e0-bece-4ca5-ba5c-5c2a696e9a30.json",
      "type": "application/json"
    },
    {
      "rel": "root",
      "href": "../../catalog.json",
      "type": "application/json"
    },
    {
      "rel": "collection",
      "href": "../collection.json",
      "type": "application/json"
    },
    {
      "rel": "parent",
      "href": "../collection.json",
      "type": "application/json"
    }
  ],
  "assets": {
    "labels": {
      "href": "./labels.geojson",
      "type": "application/geo+json"
    }
  },
  "bbox": [
    8.540894327574883,
    47.379872971236125,
    8.541581773980106,
    47.38033990126529
  ],
  "stac_extensions": [
    "https://stac-extensions.github.io/label/v1.0.1/schema.json"
  ],
  "collection": "68f68be1-c9b7-42e0-8a13-d39fd40d2892"
}