{
  "type": "Feature",
  "stac_version": "1.0.0",
  "id": "01899ad6-09d7-4eac-ab25-b5e6de3bb424",
  "properties": {
    "title": "Groundwork campaign labels",
    "description": "Labels created from a Groundwork campaign!",
    "label:description": "Labels for project 3081_tile_2",
    "label:type": "vector",
    "label:properties": [
      "default"
    ],
    "label:classes": [
      {
        "classes": [
          "Pavement_distress",
          "non_pavement_distress"
        ],
        "name": "default"
      }
    ],
    "label:tasks": [
      "detection"
    ],
    "datetime": "2025-05-07T19:02:31.797718Z"
  },
  "geometry": {
    "type": "Polygon",
    "coordinates": [
      [
        [
          8.469507270806234,
          47.369945954507585
        ],
        [
          8.469516175129016,
          47.37040642130107
        ],
        [
          8.46883836977504,
          47.37041246851172
        ],
        [
          8.468829471310642,
          47.369952001666476
        ],
        [
          8.469507270806234,
          47.369945954507585
        ]
      ]
    ]
  },
  "links": [
    {
      "rel": "source",
      "href": "../3c7413ef-4aba-4dfd-8205-23fc529548a8/3c7413ef-4aba-4dfd-8205-23fc529548a8.json",
      "type": "application/json"
    },
    {
      "rel": "root",
      "href": "../../catalog.json",
      "type": "application/json"
    },
    {
      "rel": "collection",
      "href": "../collection.json",
      "type": "application/json"
    },
    {
      "rel": "parent",
      "href": "../collection.json",
      "type": "application/json"
    }
  ],
  "assets": {
    "labels": {
      "href": "./labels.geojson",
      "type": "application/geo+json"
    }
  },
  "bbox": [
    8.468829471310642,
    47.369945954507585,
    8.469516175129016,
    47.37041246851172
  ],
  "stac_extensions": [
    "https://stac-extensions.github.io/label/v1.0.1/schema.json"
  ],
  "collection": "b4769ed5-3000-4e5d-adc3-fbf0fd47b8a4"
}