{
  "type": "Feature",
  "stac_version": "1.0.0",
  "id": "f81e110c-10cf-45b2-8de8-07a0bf9aab05",
  "properties": {
    "title": "Groundwork campaign labels",
    "description": "Labels created from a Groundwork campaign!",
    "label:description": "Labels for project 10958_tile_0",
    "label:type": "vector",
    "label:properties": [
      "default"
    ],
    "label:classes": [
      {
        "classes": [
          "Pavement Distress",
          "Non-Pavement Distress"
        ],
        "name": "default"
      }
    ],
    "label:tasks": [
      "detection"
    ],
    "datetime": "2025-04-28T08:56:33.352774Z"
  },
  "geometry": {
    "type": "Polygon",
    "coordinates": [
      [
        [
          8.53871783663352,
          47.40108543640176
        ],
        [
          8.538727344849814,
          47.40154589321986
        ],
        [
          8.538049151187217,
          47.40155234684955
        ],
        [
          8.538039648835838,
          47.4010918899762
        ],
        [
          8.53871783663352,
          47.40108543640176
        ]
      ]
    ]
  },
  "links": [
    {
      "rel": "source",
      "href": "../6cefb1c7-1881-46e2-a513-07300d55752d/6cefb1c7-1881-46e2-a513-07300d55752d.json",
      "type": "application/json"
    },
    {
      "rel": "root",
      "href": "../../catalog.json",
      "type": "application/json"
    },
    {
      "rel": "collection",
      "href": "../collection.json",
      "type": "application/json"
    },
    {
      "rel": "parent",
      "href": "../collection.json",
      "type": "application/json"
    }
  ],
  "assets": {
    "labels": {
      "href": "./labels.geojson",
      "type": "application/geo+json"
    }
  },
  "bbox": [
    8.538039648835838,
    47.40108543640176,
    8.538727344849814,
    47.40155234684955
  ],
  "stac_extensions": [
    "https://stac-extensions.github.io/label/v1.0.1/schema.json"
  ],
  "collection": "f5bac02d-6147-4f1b-9638-3c6f136b8867"
}