{
  "type": "Collection",
  "id": "0bf1a49a-4475-4692-adaa-cae6e132d659",
  "stac_version": "1.0.0",
  "description": "16340_tile_2",
  "links": [
    {
      "rel": "root",
      "href": "../catalog.json",
      "type": "application/json"
    },
    {
      "rel": "item",
      "href": "./2e793a4d-ba9f-471c-88a0-b95cfa3d96a5/2e793a4d-ba9f-471c-88a0-b95cfa3d96a5.json",
      "type": "application/json"
    },
    {
      "rel": "item",
      "href": "./160765f0-59c5-428b-8e9f-1c6a5d3658a8/160765f0-59c5-428b-8e9f-1c6a5d3658a8.json",
      "type": "application/json"
    },
    {
      "rel": "parent",
      "href": "../catalog.json",
      "type": "application/json"
    }
  ],
  "extent": {
    "spatial": {
      "bbox": [
        [
          8.527565797807508,
          47.391251413786634,
          8.52825327748795,
          47.39171826501164
        ]
      ]
    },
    "temporal": {
      "interval": [
        [
          "2025-04-02T11:49:30.548723Z",
          "2025-04-28T08:56:05.128599Z"
        ]
      ]
    }
  },
  "license": "proprietary"
}