{
  "type": "Feature",
  "stac_version": "1.0.0",
  "id": "b5854124-7422-4b14-94a9-d5f37d289ade",
  "properties": {
    "title": "Groundwork campaign labels",
    "description": "Labels created from a Groundwork campaign!",
    "label:description": "Labels for project 12691_tile_0",
    "label:type": "vector",
    "label:properties": [
      "default"
    ],
    "label:classes": [
      {
        "classes": [
          "Pavement Distress",
          "Non-Pavement Distress"
        ],
        "name": "default"
      }
    ],
    "label:tasks": [
      "detection"
    ],
    "datetime": "2025-04-28T08:56:23.667696Z"
  },
  "geometry": {
    "type": "Polygon",
    "coordinates": [
      [
        [
          8.527714728247116,
          47.40619179108727
        ],
        [
          8.527724142199283,
          47.4066522480744
        ],
        [
          8.52704588214075,
          47.40665863707978
        ],
        [
          8.527036474054682,
          47.40619818003795
        ],
        [
          8.527714728247116,
          47.40619179108727
        ]
      ]
    ]
  },
  "links": [
    {
      "rel": "source",
      "href": "../1c4d40aa-fc53-4003-8523-c82ed37526e2/1c4d40aa-fc53-4003-8523-c82ed37526e2.json",
      "type": "application/json"
    },
    {
      "rel": "root",
      "href": "../../catalog.json",
      "type": "application/json"
    },
    {
      "rel": "collection",
      "href": "../collection.json",
      "type": "application/json"
    },
    {
      "rel": "parent",
      "href": "../collection.json",
      "type": "application/json"
    }
  ],
  "assets": {
    "labels": {
      "href": "./labels.geojson",
      "type": "application/geo+json"
    }
  },
  "bbox": [
    8.527036474054682,
    47.40619179108727,
    8.527724142199283,
    47.40665863707978
  ],
  "stac_extensions": [
    "https://stac-extensions.github.io/label/v1.0.1/schema.json"
  ],
  "collection": "32e0b15f-9da2-4c81-8592-2f40e64252b8"
}