{
  "type": "Collection",
  "id": "5aa644c2-fd2a-496d-b2b8-122fcdf46fa7",
  "stac_version": "1.0.0",
  "description": "13159_tile_0",
  "links": [
    {
      "rel": "root",
      "href": "../catalog.json",
      "type": "application/json"
    },
    {
      "rel": "item",
      "href": "./69cc3d17-7dbb-433a-8603-84d078430763/69cc3d17-7dbb-433a-8603-84d078430763.json",
      "type": "application/json"
    },
    {
      "rel": "item",
      "href": "./bfda0582-331a-4bd4-8314-02823a55eb00/bfda0582-331a-4bd4-8314-02823a55eb00.json",
      "type": "application/json"
    },
    {
      "rel": "parent",
      "href": "../catalog.json",
      "type": "application/json"
    }
  ],
  "extent": {
    "spatial": {
      "bbox": [
        [
          8.484330707076037,
          47.3946760375795,
          8.48501786217346,
          47.39514263787922
        ]
      ]
    },
    "temporal": {
      "interval": [
        [
          "2025-05-06T07:12:42.482701Z",
          "2025-05-07T19:01:27.668684Z"
        ]
      ]
    }
  },
  "license": "proprietary"
}