{
  "type": "Feature",
  "stac_version": "1.0.0",
  "id": "f8aefa63-5c4f-46a9-963f-1712b9eeba2c",
  "properties": {
    "title": "Groundwork campaign labels",
    "description": "Labels created from a Groundwork campaign!",
    "label:description": "Labels for project 179_tile_0",
    "label:type": "vector",
    "label:properties": [
      "default"
    ],
    "label:classes": [
      {
        "classes": [
          "Pavement Distress",
          "Non-Pavement Distress"
        ],
        "name": "default"
      }
    ],
    "label:tasks": [
      "detection"
    ],
    "datetime": "2025-04-28T08:57:30.165416Z"
  },
  "geometry": {
    "type": "Polygon",
    "coordinates": [
      [
        [
          8.536660800296538,
          47.39281513859076
        ],
        [
          8.536670289236591,
          47.39327559676716
        ],
        [
          8.535992200668735,
          47.39328203832701
        ],
        [
          8.535982717591779,
          47.392821580095486
        ],
        [
          8.536660800296538,
          47.39281513859076
        ]
      ]
    ]
  },
  "links": [
    {
      "rel": "source",
      "href": "../951abf95-9cbd-4fad-8e48-2cfefa612c73/951abf95-9cbd-4fad-8e48-2cfefa612c73.json",
      "type": "application/json"
    },
    {
      "rel": "root",
      "href": "../../catalog.json",
      "type": "application/json"
    },
    {
      "rel": "collection",
      "href": "../collection.json",
      "type": "application/json"
    },
    {
      "rel": "parent",
      "href": "../collection.json",
      "type": "application/json"
    }
  ],
  "assets": {
    "labels": {
      "href": "./labels.geojson",
      "type": "application/geo+json"
    }
  },
  "bbox": [
    8.535982717591779,
    47.39281513859076,
    8.536670289236591,
    47.39328203832701
  ],
  "stac_extensions": [
    "https://stac-extensions.github.io/label/v1.0.1/schema.json"
  ],
  "collection": "33a84d36-f6e0-472c-b360-f0f69f049290"
}