{
  "type": "Collection",
  "id": "d12dd608-438c-4cf6-b7a1-264903756a2e",
  "stac_version": "1.0.0",
  "description": "{CB772FF2-F954-4786-8329-64B3C98AA35E}_tile_0",
  "links": [
    {
      "rel": "root",
      "href": "../catalog.json",
      "type": "application/json"
    },
    {
      "rel": "item",
      "href": "./e730bcd0-8a8f-48d8-aaae-0c46baa63813/e730bcd0-8a8f-48d8-aaae-0c46baa63813.json",
      "type": "application/json"
    },
    {
      "rel": "item",
      "href": "./c8d31bbf-b8bf-4eb6-9de1-a254fda9bd14/c8d31bbf-b8bf-4eb6-9de1-a254fda9bd14.json",
      "type": "application/json"
    },
    {
      "rel": "parent",
      "href": "../catalog.json",
      "type": "application/json"
    }
  ],
  "extent": {
    "spatial": {
      "bbox": [
        [
          8.525930635141501,
          47.371876984785416,
          8.526617759014426,
          47.372339332606735
        ]
      ]
    },
    "temporal": {
      "interval": [
        [
          "2025-01-31T23:43:43.344481Z",
          "2025-03-20T09:21:35.374906Z"
        ]
      ]
    }
  },
  "license": "proprietary"
}