{
  "type": "Feature",
  "stac_version": "1.0.0",
  "id": "bb793123-2647-4a4d-bec2-4819d996f741",
  "properties": {
    "title": "Groundwork campaign labels",
    "description": "Labels created from a Groundwork campaign!",
    "label:description": "Labels for project {CA877B1F-AA78-4EDF-9027-129DD1A76132}_tile_1",
    "label:type": "vector",
    "label:properties": [
      "default"
    ],
    "label:classes": [
      {
        "classes": [
          "Pavement_distress",
          "Shadows"
        ],
        "name": "default"
      }
    ],
    "label:tasks": [
      "detection"
    ],
    "datetime": "2025-03-20T09:21:17.252717Z"
  },
  "geometry": {
    "type": "Polygon",
    "coordinates": [
      [
        [
          8.509306706385798,
          47.396225490160354
        ],
        [
          8.509313736459243,
          47.39657533178673
        ],
        [
          8.508892551761233,
          47.39657923328287
        ],
        [
          8.508885524454916,
          47.396229391631124
        ],
        [
          8.509306706385798,
          47.396225490160354
        ]
      ]
    ]
  },
  "links": [
    {
      "rel": "source",
      "href": "../ecf7d511-ba30-4997-9d92-b87bfb76e9ec/ecf7d511-ba30-4997-9d92-b87bfb76e9ec.json",
      "type": "application/json"
    },
    {
      "rel": "root",
      "href": "../../catalog.json",
      "type": "application/json"
    },
    {
      "rel": "collection",
      "href": "../collection.json",
      "type": "application/json"
    },
    {
      "rel": "parent",
      "href": "../collection.json",
      "type": "application/json"
    }
  ],
  "assets": {
    "labels": {
      "href": "./labels.geojson",
      "type": "application/geo+json"
    }
  },
  "bbox": [
    8.508885524454916,
    47.396225490160354,
    8.509313736459243,
    47.39657923328287
  ],
  "stac_extensions": [
    "https://stac-extensions.github.io/label/v1.0.1/schema.json"
  ],
  "collection": "1800852d-5ab3-480b-9b6b-ec3bd9ac442e"
}