{
  "type": "Feature",
  "stac_version": "1.0.0",
  "id": "0735b91a-535e-43eb-993b-ac3937746d9a",
  "properties": {
    "title": "Groundwork campaign labels",
    "description": "Labels created from a Groundwork campaign!",
    "label:description": "Labels for project 17597_tile_0",
    "label:type": "vector",
    "label:properties": [
      "default"
    ],
    "label:classes": [
      {
        "classes": [
          "Pavement Distress",
          "Non-Pavement Distress"
        ],
        "name": "default"
      }
    ],
    "label:tasks": [
      "detection"
    ],
    "datetime": "2025-04-28T08:55:57.236829Z"
  },
  "geometry": {
    "type": "Polygon",
    "coordinates": [
      [
        [
          8.524096131498196,
          47.41125854520175
        ],
        [
          8.524105515046767,
          47.411719001749155
        ],
        [
          8.523427189983412,
          47.41172536949722
        ],
        [
          8.523417812302085,
          47.41126491289526
        ],
        [
          8.524096131498196,
          47.41125854520175
        ]
      ]
    ]
  },
  "links": [
    {
      "rel": "source",
      "href": "../322aafc5-bb3c-4597-acb9-f76878e67ccd/322aafc5-bb3c-4597-acb9-f76878e67ccd.json",
      "type": "application/json"
    },
    {
      "rel": "root",
      "href": "../../catalog.json",
      "type": "application/json"
    },
    {
      "rel": "collection",
      "href": "../collection.json",
      "type": "application/json"
    },
    {
      "rel": "parent",
      "href": "../collection.json",
      "type": "application/json"
    }
  ],
  "assets": {
    "labels": {
      "href": "./labels.geojson",
      "type": "application/geo+json"
    }
  },
  "bbox": [
    8.523417812302085,
    47.41125854520175,
    8.524105515046767,
    47.41172536949722
  ],
  "stac_extensions": [
    "https://stac-extensions.github.io/label/v1.0.1/schema.json"
  ],
  "collection": "5d2cbff9-acfa-47f3-955e-b1d31a2b2214"
}