{
  "type": "Feature",
  "stac_version": "1.0.0",
  "id": "1b0d83d7-d059-468c-a509-c9d5f4548807",
  "properties": {
    "title": "Groundwork campaign labels",
    "description": "Labels created from a Groundwork campaign!",
    "label:description": "Labels for project {1B558BE4-065F-4C31-8A21-F39FA4BEF028}_tile_0",
    "label:type": "vector",
    "label:properties": [
      "default"
    ],
    "label:classes": [
      {
        "classes": [
          "Pavement_distress",
          "Shadows"
        ],
        "name": "default"
      }
    ],
    "label:tasks": [
      "detection"
    ],
    "datetime": "2025-03-20T09:21:11.231672Z"
  },
  "geometry": {
    "type": "Polygon",
    "coordinates": [
      [
        [
          8.598461236011486,
          47.3541902482347
        ],
        [
          8.598464111707614,
          47.354322450149354
        ],
        [
          8.598146493707848,
          47.35432564025484
        ],
        [
          8.598143618799597,
          47.35419343833232
        ],
        [
          8.598461236011486,
          47.3541902482347
        ]
      ]
    ]
  },
  "links": [
    {
      "rel": "source",
      "href": "../15679500-ac8b-42fe-a188-67958356df78/15679500-ac8b-42fe-a188-67958356df78.json",
      "type": "application/json"
    },
    {
      "rel": "root",
      "href": "../../catalog.json",
      "type": "application/json"
    },
    {
      "rel": "collection",
      "href": "../collection.json",
      "type": "application/json"
    },
    {
      "rel": "parent",
      "href": "../collection.json",
      "type": "application/json"
    }
  ],
  "assets": {
    "labels": {
      "href": "./labels.geojson",
      "type": "application/geo+json"
    }
  },
  "bbox": [
    8.598143618799597,
    47.3541902482347,
    8.598464111707614,
    47.35432564025484
  ],
  "stac_extensions": [
    "https://stac-extensions.github.io/label/v1.0.1/schema.json"
  ],
  "collection": "d455f600-6243-4be3-ba56-060251050024"
}