{
  "type": "Feature",
  "stac_version": "1.0.0",
  "id": "c13d7c4b-4eb4-414a-be56-026a3750be98",
  "properties": {
    "title": "Groundwork campaign labels",
    "description": "Labels created from a Groundwork campaign!",
    "label:description": "Labels for project 10534_tile_6",
    "label:type": "vector",
    "label:properties": [
      "default"
    ],
    "label:classes": [
      {
        "classes": [
          "Pavement_distress",
          "non_pavement_distress"
        ],
        "name": "default"
      }
    ],
    "label:tasks": [
      "detection"
    ],
    "datetime": "2025-05-07T19:01:50.301215Z"
  },
  "geometry": {
    "type": "Polygon",
    "coordinates": [
      [
        [
          8.525659059000619,
          47.39752462994043
        ],
        [
          8.525668453630589,
          47.39798508834691
        ],
        [
          8.52499030374561,
          47.39799146529081
        ],
        [
          8.524980914979835,
          47.39753100682978
        ],
        [
          8.525659059000619,
          47.39752462994043
        ]
      ]
    ]
  },
  "links": [
    {
      "rel": "source",
      "href": "../507bd8ea-0224-4f8a-91d5-edbdcf544df8/507bd8ea-0224-4f8a-91d5-edbdcf544df8.json",
      "type": "application/json"
    },
    {
      "rel": "root",
      "href": "../../catalog.json",
      "type": "application/json"
    },
    {
      "rel": "collection",
      "href": "../collection.json",
      "type": "application/json"
    },
    {
      "rel": "parent",
      "href": "../collection.json",
      "type": "application/json"
    }
  ],
  "assets": {
    "labels": {
      "href": "./labels.geojson",
      "type": "application/geo+json"
    }
  },
  "bbox": [
    8.524980914979835,
    47.39752462994043,
    8.525668453630589,
    47.39799146529081
  ],
  "stac_extensions": [
    "https://stac-extensions.github.io/label/v1.0.1/schema.json"
  ],
  "collection": "09cb1e1b-a124-44be-bb13-a6297913e725"
}