{
  "type": "Feature",
  "stac_version": "1.0.0",
  "id": "c4326a1d-ebac-4512-b8c8-551a8209c2ce",
  "properties": {
    "title": "Groundwork campaign labels",
    "description": "Labels created from a Groundwork campaign!",
    "label:description": "Labels for project {70CF0918-1882-4967-A23E-D799BE5D6E0C}_tile_1",
    "label:type": "vector",
    "label:properties": [
      "default"
    ],
    "label:classes": [
      {
        "classes": [
          "Pavement_distress",
          "Shadows"
        ],
        "name": "default"
      }
    ],
    "label:tasks": [
      "detection"
    ],
    "datetime": "2025-03-20T09:20:48.909822Z"
  },
  "geometry": {
    "type": "Polygon",
    "coordinates": [
      [
        [
          8.54559714360561,
          47.41406258296004
        ],
        [
          8.545606713673626,
          47.41452303732276
        ],
        [
          8.5454079759406,
          47.414524940278234
        ],
        [
          8.54539840759165,
          47.41406448589923
        ],
        [
          8.54559714360561,
          47.41406258296004
        ]
      ]
    ]
  },
  "links": [
    {
      "rel": "source",
      "href": "../8dd71233-a84c-43bf-80b3-f096040731e8/8dd71233-a84c-43bf-80b3-f096040731e8.json",
      "type": "application/json"
    },
    {
      "rel": "root",
      "href": "../../catalog.json",
      "type": "application/json"
    },
    {
      "rel": "collection",
      "href": "../collection.json",
      "type": "application/json"
    },
    {
      "rel": "parent",
      "href": "../collection.json",
      "type": "application/json"
    }
  ],
  "assets": {
    "labels": {
      "href": "./labels.geojson",
      "type": "application/geo+json"
    }
  },
  "bbox": [
    8.54539840759165,
    47.41406258296004,
    8.545606713673626,
    47.414524940278234
  ],
  "stac_extensions": [
    "https://stac-extensions.github.io/label/v1.0.1/schema.json"
  ],
  "collection": "61c880e7-62a3-4205-9856-80a7e2af07cb"
}