{
  "type": "Collection",
  "id": "14369d5f-4bed-4290-a5f5-d1492abb71a3",
  "stac_version": "1.0.0",
  "description": "{D6D91A1A-07AD-4AA1-B8B7-D06430F4BD66}_tile_0",
  "links": [
    {
      "rel": "root",
      "href": "../catalog.json",
      "type": "application/json"
    },
    {
      "rel": "item",
      "href": "./101de2a2-0451-497a-8b3a-122bd17e400e/101de2a2-0451-497a-8b3a-122bd17e400e.json",
      "type": "application/json"
    },
    {
      "rel": "item",
      "href": "./c7680502-a787-4920-8a2c-cc55753bd916/c7680502-a787-4920-8a2c-cc55753bd916.json",
      "type": "application/json"
    },
    {
      "rel": "parent",
      "href": "../catalog.json",
      "type": "application/json"
    }
  ],
  "extent": {
    "spatial": {
      "bbox": [
        [
          8.50900355018292,
          47.37572326230647,
          8.509483527025303,
          47.37602623653095
        ]
      ]
    },
    "temporal": {
      "interval": [
        [
          "2025-01-31T23:44:58.119645Z",
          "2025-03-20T09:21:17.978692Z"
        ]
      ]
    }
  },
  "license": "proprietary"
}