{
  "type": "Collection",
  "id": "62def6b5-dd62-48c5-9a08-7c895c4cc771",
  "stac_version": "1.0.0",
  "description": "{A77E52CA-AC88-41D8-A7F2-2DCB179FF35F}_tile_1",
  "links": [
    {
      "rel": "root",
      "href": "../catalog.json",
      "type": "application/json"
    },
    {
      "rel": "item",
      "href": "./2dd13613-87a8-4c9f-a570-9ab0b7fcebb4/2dd13613-87a8-4c9f-a570-9ab0b7fcebb4.json",
      "type": "application/json"
    },
    {
      "rel": "item",
      "href": "./466d0691-8b5b-447b-acac-c3ef7f8292fe/466d0691-8b5b-447b-acac-c3ef7f8292fe.json",
      "type": "application/json"
    },
    {
      "rel": "parent",
      "href": "../catalog.json",
      "type": "application/json"
    }
  ],
  "extent": {
    "spatial": {
      "bbox": [
        [
          8.571970891674727,
          47.353096279992386,
          8.572494156212478,
          47.353561782059515
        ]
      ]
    },
    "temporal": {
      "interval": [
        [
          "2025-01-31T23:44:06.532816Z",
          "2025-03-20T09:21:29.959262Z"
        ]
      ]
    }
  },
  "license": "proprietary"
}