{
  "type": "Collection",
  "id": "0752dbdb-62ec-47eb-95e4-e65c00348394",
  "stac_version": "1.0.0",
  "description": "{E87A1D1A-272C-4572-B9F9-DB180B4223AA}_tile_1",
  "links": [
    {
      "rel": "root",
      "href": "../catalog.json",
      "type": "application/json"
    },
    {
      "rel": "item",
      "href": "./e6156dea-67cb-4f48-8ea1-e94697cfb760/e6156dea-67cb-4f48-8ea1-e94697cfb760.json",
      "type": "application/json"
    },
    {
      "rel": "item",
      "href": "./9179ac1c-43cb-42e2-8ef5-e54f5ca3c5d5/9179ac1c-43cb-42e2-8ef5-e54f5ca3c5d5.json",
      "type": "application/json"
    },
    {
      "rel": "parent",
      "href": "../catalog.json",
      "type": "application/json"
    }
  ],
  "extent": {
    "spatial": {
      "bbox": [
        [
          8.55692645941655,
          47.362515801361454,
          8.557212757483223,
          47.36297894130118
        ]
      ]
    },
    "temporal": {
      "interval": [
        [
          "2025-01-31T23:46:22.906487Z",
          "2025-03-20T09:20:59.346884Z"
        ]
      ]
    }
  },
  "license": "proprietary"
}