{
  "type": "Feature",
  "stac_version": "1.0.0",
  "id": "69d8283a-ca77-4b60-a70a-3d5cdb45d2b1",
  "properties": {
    "title": "Groundwork campaign labels",
    "description": "Labels created from a Groundwork campaign!",
    "label:description": "Labels for project 9744_tile_1",
    "label:type": "vector",
    "label:properties": [
      "default"
    ],
    "label:classes": [
      {
        "classes": [
          "Pavement_distress",
          "non_pavement_distress"
        ],
        "name": "default"
      }
    ],
    "label:tasks": [
      "detection"
    ],
    "datetime": "2025-05-07T19:01:56.451550Z"
  },
  "geometry": {
    "type": "Polygon",
    "coordinates": [
      [
        [
          8.568782265042895,
          47.415993452795746
        ],
        [
          8.568792036058571,
          47.41645390492212
        ],
        [
          8.568113656136497,
          47.416460535090415
        ],
        [
          8.56810389098888,
          47.416000082907274
        ],
        [
          8.568782265042895,
          47.415993452795746
        ]
      ]
    ]
  },
  "links": [
    {
      "rel": "source",
      "href": "../4e9d9c84-512e-43b8-94d0-edc68cc1f769/4e9d9c84-512e-43b8-94d0-edc68cc1f769.json",
      "type": "application/json"
    },
    {
      "rel": "root",
      "href": "../../catalog.json",
      "type": "application/json"
    },
    {
      "rel": "collection",
      "href": "../collection.json",
      "type": "application/json"
    },
    {
      "rel": "parent",
      "href": "../collection.json",
      "type": "application/json"
    }
  ],
  "assets": {
    "labels": {
      "href": "./labels.geojson",
      "type": "application/geo+json"
    }
  },
  "bbox": [
    8.56810389098888,
    47.415993452795746,
    8.568792036058571,
    47.416460535090415
  ],
  "stac_extensions": [
    "https://stac-extensions.github.io/label/v1.0.1/schema.json"
  ],
  "collection": "ffc92e58-c158-4cdf-9b5d-dc6b7d692362"
}