{
  "type": "Feature",
  "stac_version": "1.0.0",
  "id": "18378f7d-473b-4a27-b849-d1b1cdc44acd",
  "properties": {
    "title": "Groundwork campaign labels",
    "description": "Labels created from a Groundwork campaign!",
    "label:description": "Labels for project {16884F5B-EB71-46E2-A5CD-F6A5BD3C297D}_tile_1",
    "label:type": "vector",
    "label:properties": [
      "default"
    ],
    "label:classes": [
      {
        "classes": [
          "Pavement_distress",
          "Shadows"
        ],
        "name": "default"
      }
    ],
    "label:tasks": [
      "detection"
    ],
    "datetime": "2025-03-20T09:20:54.593086Z"
  },
  "geometry": {
    "type": "Polygon",
    "coordinates": [
      [
        [
          8.544489009992153,
          47.37415835812109
        ],
        [
          8.544491995371928,
          47.37430225193185
        ],
        [
          8.544468164849217,
          47.37430248007617
        ],
        [
          8.544465179533807,
          47.37415858626485
        ],
        [
          8.544489009992153,
          47.37415835812109
        ]
      ]
    ]
  },
  "links": [
    {
      "rel": "source",
      "href": "../c48e84d5-3ec5-466c-9acc-ebbd59be55e2/c48e84d5-3ec5-466c-9acc-ebbd59be55e2.json",
      "type": "application/json"
    },
    {
      "rel": "root",
      "href": "../../catalog.json",
      "type": "application/json"
    },
    {
      "rel": "collection",
      "href": "../collection.json",
      "type": "application/json"
    },
    {
      "rel": "parent",
      "href": "../collection.json",
      "type": "application/json"
    }
  ],
  "assets": {
    "labels": {
      "href": "./labels.geojson",
      "type": "application/geo+json"
    }
  },
  "bbox": [
    8.544465179533807,
    47.37415835812109,
    8.544491995371928,
    47.37430248007617
  ],
  "stac_extensions": [
    "https://stac-extensions.github.io/label/v1.0.1/schema.json"
  ],
  "collection": "c8afc842-9c27-42a4-99ad-f2b63c028ba8"
}