{
  "type": "Collection",
  "id": "0e5e941a-085c-45f5-bba6-720f05e2adc9",
  "stac_version": "1.0.0",
  "description": "11903_tile_1",
  "links": [
    {
      "rel": "root",
      "href": "../catalog.json",
      "type": "application/json"
    },
    {
      "rel": "item",
      "href": "./6ca76e8b-042e-4368-bbb3-98aa4d0e62b3/6ca76e8b-042e-4368-bbb3-98aa4d0e62b3.json",
      "type": "application/json"
    },
    {
      "rel": "item",
      "href": "./adfa684b-bbb8-4162-bc87-e7a12202663b/adfa684b-bbb8-4162-bc87-e7a12202663b.json",
      "type": "application/json"
    },
    {
      "rel": "parent",
      "href": "../catalog.json",
      "type": "application/json"
    }
  ],
  "extent": {
    "spatial": {
      "bbox": [
        [
          8.51803521041662,
          47.380652944557546,
          8.518722472008433,
          47.381119742109156
        ]
      ]
    },
    "temporal": {
      "interval": [
        [
          "2025-04-02T11:47:33.750154Z",
          "2025-04-28T08:56:27.780994Z"
        ]
      ]
    }
  },
  "license": "proprietary"
}