{
  "type": "Collection",
  "id": "64cde8c2-3ad0-49cb-a04d-1cb2f24b87c6",
  "stac_version": "1.0.0",
  "description": "2515_tile_1",
  "links": [
    {
      "rel": "root",
      "href": "../catalog.json",
      "type": "application/json"
    },
    {
      "rel": "item",
      "href": "./3da7fbc2-0646-4dbe-9236-f6a56df93507/3da7fbc2-0646-4dbe-9236-f6a56df93507.json",
      "type": "application/json"
    },
    {
      "rel": "item",
      "href": "./c20e7649-4b91-4045-9998-cf1ad8e0ac66/c20e7649-4b91-4045-9998-cf1ad8e0ac66.json",
      "type": "application/json"
    },
    {
      "rel": "parent",
      "href": "../catalog.json",
      "type": "application/json"
    }
  ],
  "extent": {
    "spatial": {
      "bbox": [
        [
          8.556983489439753,
          47.37109997078103,
          8.557670959715473,
          47.37156699519552
        ]
      ]
    },
    "temporal": {
      "interval": [
        [
          "2025-05-06T07:07:57.860505Z",
          "2025-05-07T19:02:35.919635Z"
        ]
      ]
    }
  },
  "license": "proprietary"
}