{
  "type": "Collection",
  "id": "66dd2c72-1544-475e-803c-103e41731838",
  "stac_version": "1.0.0",
  "description": "{0F26483D-811D-4579-879D-683C938B0EEC}_tile_0",
  "links": [
    {
      "rel": "root",
      "href": "../catalog.json",
      "type": "application/json"
    },
    {
      "rel": "item",
      "href": "./9d75b81e-46fb-40ef-8a2c-8bda7ebac058/9d75b81e-46fb-40ef-8a2c-8bda7ebac058.json",
      "type": "application/json"
    },
    {
      "rel": "item",
      "href": "./96b61831-0208-461e-8d0b-0b43d4fd1a7e/96b61831-0208-461e-8d0b-0b43d4fd1a7e.json",
      "type": "application/json"
    },
    {
      "rel": "parent",
      "href": "../catalog.json",
      "type": "application/json"
    }
  ],
  "extent": {
    "spatial": {
      "bbox": [
        [
          8.520093535396853,
          47.379558880311855,
          8.520768883826438,
          47.38002557831579
        ]
      ]
    },
    "temporal": {
      "interval": [
        [
          "2025-01-31T23:47:09.589623Z",
          "2025-03-20T09:20:47.935995Z"
        ]
      ]
    }
  },
  "license": "proprietary"
}