{
  "type": "Collection",
  "id": "45f95928-c06f-42ba-8658-0456aaf2ea10",
  "stac_version": "1.0.0",
  "description": "12797_tile_4",
  "links": [
    {
      "rel": "root",
      "href": "../catalog.json",
      "type": "application/json"
    },
    {
      "rel": "item",
      "href": "./249eb6b6-4587-4861-9c45-2f9dc8fe0289/249eb6b6-4587-4861-9c45-2f9dc8fe0289.json",
      "type": "application/json"
    },
    {
      "rel": "item",
      "href": "./6cc2b1a8-9bc7-4619-866d-0ab490c10650/6cc2b1a8-9bc7-4619-866d-0ab490c10650.json",
      "type": "application/json"
    },
    {
      "rel": "parent",
      "href": "../catalog.json",
      "type": "application/json"
    }
  ],
  "extent": {
    "spatial": {
      "bbox": [
        [
          8.5134245088219,
          47.429870798209144,
          8.514112366874858,
          47.43033756187412
        ]
      ]
    },
    "temporal": {
      "interval": [
        [
          "2025-05-06T07:12:25.579824Z",
          "2025-05-07T19:01:31.935848Z"
        ]
      ]
    }
  },
  "license": "proprietary"
}