{
  "type": "Collection",
  "id": "3612cbd8-31a6-4584-833f-11292a76a4b7",
  "stac_version": "1.0.0",
  "description": "15691_tile_0",
  "links": [
    {
      "rel": "root",
      "href": "../catalog.json",
      "type": "application/json"
    },
    {
      "rel": "item",
      "href": "./664fa765-2c1f-42e8-9c37-0f21b0b9d60f/664fa765-2c1f-42e8-9c37-0f21b0b9d60f.json",
      "type": "application/json"
    },
    {
      "rel": "item",
      "href": "./eef93941-7f8d-4c0e-b63f-9d703277eb9e/eef93941-7f8d-4c0e-b63f-9d703277eb9e.json",
      "type": "application/json"
    },
    {
      "rel": "parent",
      "href": "../catalog.json",
      "type": "application/json"
    }
  ],
  "extent": {
    "spatial": {
      "bbox": [
        [
          8.554501044498656,
          47.41962561069633,
          8.5551891205368,
          47.420092613721145
        ]
      ]
    },
    "temporal": {
      "interval": [
        [
          "2025-05-06T07:13:33.448249Z",
          "2025-05-07T19:01:14.976041Z"
        ]
      ]
    }
  },
  "license": "proprietary"
}