{
  "type": "Feature",
  "stac_version": "1.0.0",
  "id": "6b74740f-bfbf-4f87-b43f-b537b2815f8b",
  "properties": {
    "title": "Groundwork campaign labels",
    "description": "Labels created from a Groundwork campaign!",
    "label:description": "Labels for project 12675_tile_1",
    "label:type": "vector",
    "label:properties": [
      "default"
    ],
    "label:classes": [
      {
        "classes": [
          "Pavement_distress",
          "non_pavement_distress"
        ],
        "name": "default"
      }
    ],
    "label:tasks": [
      "detection"
    ],
    "datetime": "2025-05-07T19:01:33.463281Z"
  },
  "geometry": {
    "type": "Polygon",
    "coordinates": [
      [
        [
          8.557025262526611,
          47.40540906271625
        ],
        [
          8.557034929885216,
          47.40586951737961
        ],
        [
          8.556356683388104,
          47.40587607851717
        ],
        [
          8.556347021895277,
          47.40541562379763
        ],
        [
          8.557025262526611,
          47.40540906271625
        ]
      ]
    ]
  },
  "links": [
    {
      "rel": "source",
      "href": "../989ed1c4-84cd-4b6a-b220-4a499b924ebd/989ed1c4-84cd-4b6a-b220-4a499b924ebd.json",
      "type": "application/json"
    },
    {
      "rel": "root",
      "href": "../../catalog.json",
      "type": "application/json"
    },
    {
      "rel": "collection",
      "href": "../collection.json",
      "type": "application/json"
    },
    {
      "rel": "parent",
      "href": "../collection.json",
      "type": "application/json"
    }
  ],
  "assets": {
    "labels": {
      "href": "./labels.geojson",
      "type": "application/geo+json"
    }
  },
  "bbox": [
    8.556347021895277,
    47.40540906271625,
    8.557034929885216,
    47.40587607851717
  ],
  "stac_extensions": [
    "https://stac-extensions.github.io/label/v1.0.1/schema.json"
  ],
  "collection": "f2041bd1-7f38-4792-9345-04b4acf998f5"
}