{
  "type": "Feature",
  "stac_version": "1.0.0",
  "id": "cb8fd2b2-e380-4013-b013-e86202bc7867",
  "properties": {
    "title": "Groundwork campaign labels",
    "description": "Labels created from a Groundwork campaign!",
    "label:description": "Labels for project {2AF6A5FC-2875-4B61-A75B-3B3C7806284C}_tile_2",
    "label:type": "vector",
    "label:properties": [
      "default"
    ],
    "label:classes": [
      {
        "classes": [
          "Pavement_distress",
          "Shadows"
        ],
        "name": "default"
      }
    ],
    "label:tasks": [
      "detection"
    ],
    "datetime": "2025-03-20T09:21:08.015941Z"
  },
  "geometry": {
    "type": "Polygon",
    "coordinates": [
      [
        [
          8.505712109458011,
          47.3635175733255
        ],
        [
          8.50571642952408,
          47.363733416222736
        ],
        [
          8.505038713278017,
          47.363739676037206
        ],
        [
          8.505034395957306,
          47.363523833114854
        ],
        [
          8.505712109458011,
          47.3635175733255
        ]
      ]
    ]
  },
  "links": [
    {
      "rel": "source",
      "href": "../60760a25-ba05-49cf-a222-238216482f0a/60760a25-ba05-49cf-a222-238216482f0a.json",
      "type": "application/json"
    },
    {
      "rel": "root",
      "href": "../../catalog.json",
      "type": "application/json"
    },
    {
      "rel": "collection",
      "href": "../collection.json",
      "type": "application/json"
    },
    {
      "rel": "parent",
      "href": "../collection.json",
      "type": "application/json"
    }
  ],
  "assets": {
    "labels": {
      "href": "./labels.geojson",
      "type": "application/geo+json"
    }
  },
  "bbox": [
    8.505034395957306,
    47.3635175733255,
    8.50571642952408,
    47.363739676037206
  ],
  "stac_extensions": [
    "https://stac-extensions.github.io/label/v1.0.1/schema.json"
  ],
  "collection": "dc93d15f-8791-455e-a6cf-5862aa5acfab"
}