{
  "type": "Collection",
  "id": "872f62de-3c62-49dc-a92d-c087ff1e8032",
  "stac_version": "1.0.0",
  "description": "8032_tile_0",
  "links": [
    {
      "rel": "root",
      "href": "../catalog.json",
      "type": "application/json"
    },
    {
      "rel": "item",
      "href": "./beca3b81-c592-479c-8144-d5b9696ef357/beca3b81-c592-479c-8144-d5b9696ef357.json",
      "type": "application/json"
    },
    {
      "rel": "item",
      "href": "./a5c878a0-ea69-4d13-b803-da9290233120/a5c878a0-ea69-4d13-b803-da9290233120.json",
      "type": "application/json"
    },
    {
      "rel": "parent",
      "href": "../catalog.json",
      "type": "application/json"
    }
  ],
  "extent": {
    "spatial": {
      "bbox": [
        [
          8.504754140261326,
          47.36969530379128,
          8.505441147231181,
          47.37016202597295
        ]
      ]
    },
    "temporal": {
      "interval": [
        [
          "2025-04-02T11:46:11.681966Z",
          "2025-04-28T08:56:51.415288Z"
        ]
      ]
    }
  },
  "license": "proprietary"
}