{
  "type": "Feature",
  "stac_version": "1.0.0",
  "id": "35f8baf5-8bb0-40c7-802a-e1c48c80f494",
  "properties": {
    "title": "Groundwork campaign labels",
    "description": "Labels created from a Groundwork campaign!",
    "label:description": "Labels for project {667023C3-EE9A-438B-A712-F2CA9D2AD785}_tile_0",
    "label:type": "vector",
    "label:properties": [
      "default"
    ],
    "label:classes": [
      {
        "classes": [
          "Pavement_distress",
          "Shadows"
        ],
        "name": "default"
      }
    ],
    "label:tasks": [
      "detection"
    ],
    "datetime": "2025-03-20T09:20:47.046999Z"
  },
  "geometry": {
    "type": "Polygon",
    "coordinates": [
      [
        [
          8.525681423083872,
          47.373557906412294
        ],
        [
          8.52569081365352,
          47.37401836822117
        ],
        [
          8.525235386743446,
          47.37402265327765
        ],
        [
          8.525226000110248,
          47.373562191432136
        ],
        [
          8.525681423083872,
          47.373557906412294
        ]
      ]
    ]
  },
  "links": [
    {
      "rel": "source",
      "href": "../bbb506e5-17f2-490b-95e3-fe711fe77e6a/bbb506e5-17f2-490b-95e3-fe711fe77e6a.json",
      "type": "application/json"
    },
    {
      "rel": "root",
      "href": "../../catalog.json",
      "type": "application/json"
    },
    {
      "rel": "collection",
      "href": "../collection.json",
      "type": "application/json"
    },
    {
      "rel": "parent",
      "href": "../collection.json",
      "type": "application/json"
    }
  ],
  "assets": {
    "labels": {
      "href": "./labels.geojson",
      "type": "application/geo+json"
    }
  },
  "bbox": [
    8.525226000110248,
    47.373557906412294,
    8.52569081365352,
    47.37402265327765
  ],
  "stac_extensions": [
    "https://stac-extensions.github.io/label/v1.0.1/schema.json"
  ],
  "collection": "fe4bbb9b-683c-4584-af9b-8729373190ce"
}