{
  "type": "Collection",
  "id": "aeef5938-8617-4a1a-a184-4aee83c4fe22",
  "stac_version": "1.0.0",
  "description": "10377_tile_0",
  "links": [
    {
      "rel": "root",
      "href": "../catalog.json",
      "type": "application/json"
    },
    {
      "rel": "item",
      "href": "./e8db5676-df98-4762-a38a-068ea0f1aadf/e8db5676-df98-4762-a38a-068ea0f1aadf.json",
      "type": "application/json"
    },
    {
      "rel": "item",
      "href": "./9d6b941d-9f5a-492d-8c31-aa9557cf1b2b/9d6b941d-9f5a-492d-8c31-aa9557cf1b2b.json",
      "type": "application/json"
    },
    {
      "rel": "parent",
      "href": "../catalog.json",
      "type": "application/json"
    }
  ],
  "extent": {
    "spatial": {
      "bbox": [
        [
          8.554678023888565,
          47.429019204977706,
          8.555366222929102,
          47.42948620763007
        ]
      ]
    },
    "temporal": {
      "interval": [
        [
          "2025-05-06T07:11:07.668084Z",
          "2025-05-07T19:01:51.267743Z"
        ]
      ]
    }
  },
  "license": "proprietary"
}