{
  "type": "Collection",
  "id": "bec050df-a126-4867-807b-e97a16e39e24",
  "stac_version": "1.0.0",
  "description": "{B2CEEC40-CB51-4240-96F2-655F1CCA4330}_tile_1",
  "links": [
    {
      "rel": "root",
      "href": "../catalog.json",
      "type": "application/json"
    },
    {
      "rel": "item",
      "href": "./0df5d9e0-d85c-4dca-9123-68922b813abc/0df5d9e0-d85c-4dca-9123-68922b813abc.json",
      "type": "application/json"
    },
    {
      "rel": "item",
      "href": "./959b0e23-433f-4e45-9910-b9fd133f785b/959b0e23-433f-4e45-9910-b9fd133f785b.json",
      "type": "application/json"
    },
    {
      "rel": "parent",
      "href": "../catalog.json",
      "type": "application/json"
    }
  ],
  "extent": {
    "spatial": {
      "bbox": [
        [
          8.500773802990821,
          47.4033133825414,
          8.50104457464169,
          47.40347592351891
        ]
      ]
    },
    "temporal": {
      "interval": [
        [
          "2025-01-31T23:45:56.446056Z",
          "2025-03-20T09:21:05.347533Z"
        ]
      ]
    }
  },
  "license": "proprietary"
}