{
  "type": "Feature",
  "stac_version": "1.0.0",
  "id": "4e8b1388-8330-4ce7-bfde-bfaca327cb59",
  "properties": {
    "title": "Groundwork campaign labels",
    "description": "Labels created from a Groundwork campaign!",
    "label:description": "Labels for project 18073_tile_9",
    "label:type": "vector",
    "label:properties": [
      "default"
    ],
    "label:classes": [
      {
        "classes": [
          "Pavement Distress",
          "Non-Pavement Distress"
        ],
        "name": "default"
      }
    ],
    "label:tasks": [
      "detection"
    ],
    "datetime": "2025-04-28T08:55:54.541661Z"
  },
  "geometry": {
    "type": "Polygon",
    "coordinates": [
      [
        [
          8.49895345979378,
          47.393333702003474
        ],
        [
          8.49896262271778,
          47.39379416317053
        ],
        [
          8.498284523034759,
          47.39380038328462
        ],
        [
          8.498275365974163,
          47.3933399220643
        ],
        [
          8.49895345979378,
          47.393333702003474
        ]
      ]
    ]
  },
  "links": [
    {
      "rel": "source",
      "href": "../6f8a577a-e56b-478c-b359-300cbc5dda66/6f8a577a-e56b-478c-b359-300cbc5dda66.json",
      "type": "application/json"
    },
    {
      "rel": "root",
      "href": "../../catalog.json",
      "type": "application/json"
    },
    {
      "rel": "collection",
      "href": "../collection.json",
      "type": "application/json"
    },
    {
      "rel": "parent",
      "href": "../collection.json",
      "type": "application/json"
    }
  ],
  "assets": {
    "labels": {
      "href": "./labels.geojson",
      "type": "application/geo+json"
    }
  },
  "bbox": [
    8.498275365974163,
    47.393333702003474,
    8.49896262271778,
    47.39380038328462
  ],
  "stac_extensions": [
    "https://stac-extensions.github.io/label/v1.0.1/schema.json"
  ],
  "collection": "9c0eed08-5b34-4ea0-9c0d-3ec315b6e478"
}