{
  "type": "Collection",
  "id": "526e7abd-b686-489a-a97a-37cdb2960caf",
  "stac_version": "1.0.0",
  "description": "13543_tile_0",
  "links": [
    {
      "rel": "root",
      "href": "../catalog.json",
      "type": "application/json"
    },
    {
      "rel": "item",
      "href": "./2d55334a-849f-4dac-90fa-7f912ad1c789/2d55334a-849f-4dac-90fa-7f912ad1c789.json",
      "type": "application/json"
    },
    {
      "rel": "item",
      "href": "./da997a07-dbfa-46df-9df6-da7aa68572bf/da997a07-dbfa-46df-9df6-da7aa68572bf.json",
      "type": "application/json"
    },
    {
      "rel": "parent",
      "href": "../catalog.json",
      "type": "application/json"
    }
  ],
  "extent": {
    "spatial": {
      "bbox": [
        [
          8.477770248099311,
          47.3850638282641,
          8.478457223176616,
          47.38553039193243
        ]
      ]
    },
    "temporal": {
      "interval": [
        [
          "2025-05-06T07:12:52.150000Z",
          "2025-05-07T19:01:25.207786Z"
        ]
      ]
    }
  },
  "license": "proprietary"
}