{
  "type": "Collection",
  "id": "a05fab81-72b7-411b-a6f2-dbd25795c915",
  "stac_version": "1.0.0",
  "description": "7321_tile_1",
  "links": [
    {
      "rel": "root",
      "href": "../catalog.json",
      "type": "application/json"
    },
    {
      "rel": "item",
      "href": "./c868d5d6-cc86-452a-a228-630527cdd1d8/c868d5d6-cc86-452a-a228-630527cdd1d8.json",
      "type": "application/json"
    },
    {
      "rel": "item",
      "href": "./ed97f866-e6e0-4f94-8781-6a6b01db30c5/ed97f866-e6e0-4f94-8781-6a6b01db30c5.json",
      "type": "application/json"
    },
    {
      "rel": "parent",
      "href": "../catalog.json",
      "type": "application/json"
    }
  ],
  "extent": {
    "spatial": {
      "bbox": [
        [
          8.558152311480157,
          47.362193295135555,
          8.558839676768491,
          47.36266032756845
        ]
      ]
    },
    "temporal": {
      "interval": [
        [
          "2025-05-06T07:09:38.819058Z",
          "2025-05-07T19:02:13.992235Z"
        ]
      ]
    }
  },
  "license": "proprietary"
}