{
  "type": "Collection",
  "id": "ac4ab7ff-48e2-493c-8ae4-667e125f697f",
  "stac_version": "1.0.0",
  "description": "15555_tile_0",
  "links": [
    {
      "rel": "root",
      "href": "../catalog.json",
      "type": "application/json"
    },
    {
      "rel": "item",
      "href": "./754ff073-f4de-43e7-a46e-83e3f284b16d/754ff073-f4de-43e7-a46e-83e3f284b16d.json",
      "type": "application/json"
    },
    {
      "rel": "item",
      "href": "./fcf86c03-caa6-46e1-a070-6ea475a667cb/fcf86c03-caa6-46e1-a070-6ea475a667cb.json",
      "type": "application/json"
    },
    {
      "rel": "parent",
      "href": "../catalog.json",
      "type": "application/json"
    }
  ],
  "extent": {
    "spatial": {
      "bbox": [
        [
          8.466929062751827,
          47.40102082870216,
          8.467616151237234,
          47.40148732724652
        ]
      ]
    },
    "temporal": {
      "interval": [
        [
          "2025-04-02T11:49:06.659919Z",
          "2025-04-28T08:56:11.877178Z"
        ]
      ]
    }
  },
  "license": "proprietary"
}