{
  "type": "Feature",
  "stac_version": "1.0.0",
  "id": "a5e4b763-7cb0-4fce-8f8c-147ff71bf03b",
  "properties": {
    "title": "Groundwork campaign labels",
    "description": "Labels created from a Groundwork campaign!",
    "label:description": "Labels for project 8651_tile_1",
    "label:type": "vector",
    "label:properties": [
      "default"
    ],
    "label:classes": [
      {
        "classes": [
          "Pavement Distress",
          "Non-Pavement Distress"
        ],
        "name": "default"
      }
    ],
    "label:tasks": [
      "detection"
    ],
    "datetime": "2025-04-28T08:56:48.419699Z"
  },
  "geometry": {
    "type": "Polygon",
    "coordinates": [
      [
        [
          8.506880921178427,
          47.414450228351875
        ],
        [
          8.50689015634943,
          47.414910685830534
        ],
        [
          8.506211788549809,
          47.414916952474506
        ],
        [
          8.506202559246839,
          47.41445649494219
        ],
        [
          8.506880921178427,
          47.414450228351875
        ]
      ]
    ]
  },
  "links": [
    {
      "rel": "source",
      "href": "../5cdcdfe9-5ec3-4dc2-a8ad-acbb3462f22c/5cdcdfe9-5ec3-4dc2-a8ad-acbb3462f22c.json",
      "type": "application/json"
    },
    {
      "rel": "root",
      "href": "../../catalog.json",
      "type": "application/json"
    },
    {
      "rel": "collection",
      "href": "../collection.json",
      "type": "application/json"
    },
    {
      "rel": "parent",
      "href": "../collection.json",
      "type": "application/json"
    }
  ],
  "assets": {
    "labels": {
      "href": "./labels.geojson",
      "type": "application/geo+json"
    }
  },
  "bbox": [
    8.506202559246839,
    47.414450228351875,
    8.50689015634943,
    47.414916952474506
  ],
  "stac_extensions": [
    "https://stac-extensions.github.io/label/v1.0.1/schema.json"
  ],
  "collection": "2cf0f890-771c-4a4d-8054-3c05d1906707"
}