{
  "type": "Collection",
  "id": "e5d1bb7c-6d10-4c00-bf8e-6518ca23174e",
  "stac_version": "1.0.0",
  "description": "17802_tile_0",
  "links": [
    {
      "rel": "root",
      "href": "../catalog.json",
      "type": "application/json"
    },
    {
      "rel": "item",
      "href": "./de3140a2-bbe1-4706-881d-cf80fb6ef490/de3140a2-bbe1-4706-881d-cf80fb6ef490.json",
      "type": "application/json"
    },
    {
      "rel": "item",
      "href": "./3284baa9-f1d3-476c-a163-fb821a9c48f2/3284baa9-f1d3-476c-a163-fb821a9c48f2.json",
      "type": "application/json"
    },
    {
      "rel": "parent",
      "href": "../catalog.json",
      "type": "application/json"
    }
  ],
  "extent": {
    "spatial": {
      "bbox": [
        [
          8.527751789459705,
          47.38460319147698,
          8.528439184888846,
          47.38507004473345
        ]
      ]
    },
    "temporal": {
      "interval": [
        [
          "2025-05-07T10:39:39.376580Z",
          "2025-05-07T19:01:00.646111Z"
        ]
      ]
    }
  },
  "license": "proprietary"
}