{
  "type": "Collection",
  "id": "21e5643c-5f64-427b-acdc-d555ce516392",
  "stac_version": "1.0.0",
  "description": "64_tile_2",
  "links": [
    {
      "rel": "root",
      "href": "../catalog.json",
      "type": "application/json"
    },
    {
      "rel": "item",
      "href": "./d9482773-8e3e-4f7b-8d2c-97e56a5cae81/d9482773-8e3e-4f7b-8d2c-97e56a5cae81.json",
      "type": "application/json"
    },
    {
      "rel": "item",
      "href": "./27c9ee3d-8402-4c1b-8653-35a1bec4e8cf/27c9ee3d-8402-4c1b-8653-35a1bec4e8cf.json",
      "type": "application/json"
    },
    {
      "rel": "parent",
      "href": "../catalog.json",
      "type": "application/json"
    }
  ],
  "extent": {
    "spatial": {
      "bbox": [
        [
          8.529436928286788,
          47.383266803286894,
          8.530124320831339,
          47.383733666492425
        ]
      ]
    },
    "temporal": {
      "interval": [
        [
          "2025-04-02T11:43:59.869189Z",
          "2025-04-28T08:57:30.659012Z"
        ]
      ]
    }
  },
  "license": "proprietary"
}