{
  "type": "Feature",
  "stac_version": "1.0.0",
  "id": "14ca597f-78cc-4a13-a853-72c3c205b05b",
  "properties": {
    "title": "Groundwork campaign labels",
    "description": "Labels created from a Groundwork campaign!",
    "label:description": "Labels for project 16911_tile_0",
    "label:type": "vector",
    "label:properties": [
      "default"
    ],
    "label:classes": [
      {
        "classes": [
          "Pavement_distress",
          "non_pavement_distress"
        ],
        "name": "default"
      }
    ],
    "label:tasks": [
      "detection"
    ],
    "datetime": "2025-05-07T19:01:06.708352Z"
  },
  "geometry": {
    "type": "Polygon",
    "coordinates": [
      [
        [
          8.531519806565184,
          47.36697863970829
        ],
        [
          8.531529246435552,
          47.367439101958524
        ],
        [
          8.53085148613104,
          47.367445513359556
        ],
        [
          8.530842052118093,
          47.36698505105449
        ],
        [
          8.531519806565184,
          47.36697863970829
        ]
      ]
    ]
  },
  "links": [
    {
      "rel": "source",
      "href": "../ae534068-4884-4b16-baef-5214bd58c57f/ae534068-4884-4b16-baef-5214bd58c57f.json",
      "type": "application/json"
    },
    {
      "rel": "root",
      "href": "../../catalog.json",
      "type": "application/json"
    },
    {
      "rel": "collection",
      "href": "../collection.json",
      "type": "application/json"
    },
    {
      "rel": "parent",
      "href": "../collection.json",
      "type": "application/json"
    }
  ],
  "assets": {
    "labels": {
      "href": "./labels.geojson",
      "type": "application/geo+json"
    }
  },
  "bbox": [
    8.530842052118093,
    47.36697863970829,
    8.531529246435552,
    47.367445513359556
  ],
  "stac_extensions": [
    "https://stac-extensions.github.io/label/v1.0.1/schema.json"
  ],
  "collection": "2b26aae4-d621-4ef7-bff6-ca8738b19d7b"
}