{
  "type": "Feature",
  "stac_version": "1.0.0",
  "id": "43ca610c-877a-43cc-a53e-825e8fd942a1",
  "properties": {
    "title": "Groundwork campaign labels",
    "description": "Labels created from a Groundwork campaign!",
    "label:description": "Labels for project 7146_tile_0",
    "label:type": "vector",
    "label:properties": [
      "default"
    ],
    "label:classes": [
      {
        "classes": [
          "Pavement Distress",
          "Non-Pavement Distress"
        ],
        "name": "default"
      }
    ],
    "label:tasks": [
      "detection"
    ],
    "datetime": "2025-04-28T08:56:56.544015Z"
  },
  "geometry": {
    "type": "Polygon",
    "coordinates": [
      [
        [
          8.512828732647185,
          47.41644327071009
        ],
        [
          8.512838019628187,
          47.41690372741729
        ],
        [
          8.512159627130305,
          47.41691002898872
        ],
        [
          8.512150346017746,
          47.41644957222752
        ],
        [
          8.512828732647185,
          47.41644327071009
        ]
      ]
    ]
  },
  "links": [
    {
      "rel": "source",
      "href": "../6f416cec-b599-4c7a-9e32-902fa832eec1/6f416cec-b599-4c7a-9e32-902fa832eec1.json",
      "type": "application/json"
    },
    {
      "rel": "root",
      "href": "../../catalog.json",
      "type": "application/json"
    },
    {
      "rel": "collection",
      "href": "../collection.json",
      "type": "application/json"
    },
    {
      "rel": "parent",
      "href": "../collection.json",
      "type": "application/json"
    }
  ],
  "assets": {
    "labels": {
      "href": "./labels.geojson",
      "type": "application/geo+json"
    }
  },
  "bbox": [
    8.512150346017746,
    47.41644327071009,
    8.512838019628187,
    47.41691002898872
  ],
  "stac_extensions": [
    "https://stac-extensions.github.io/label/v1.0.1/schema.json"
  ],
  "collection": "b6f39653-4d06-4219-bb94-5a779e92d74b"
}