{
  "type": "Collection",
  "id": "fdb8e433-ad30-4c59-9482-2c67b083be89",
  "stac_version": "1.0.0",
  "description": "{E87A1D1A-272C-4572-B9F9-DB180B4223AA}_tile_5",
  "links": [
    {
      "rel": "root",
      "href": "../catalog.json",
      "type": "application/json"
    },
    {
      "rel": "item",
      "href": "./2597350f-6a5c-4074-b7df-973539321193/2597350f-6a5c-4074-b7df-973539321193.json",
      "type": "application/json"
    },
    {
      "rel": "item",
      "href": "./f725b3ae-c7bf-435e-9e03-345bb9757ebb/f725b3ae-c7bf-435e-9e03-345bb9757ebb.json",
      "type": "application/json"
    },
    {
      "rel": "parent",
      "href": "../catalog.json",
      "type": "application/json"
    }
  ],
  "extent": {
    "spatial": {
      "bbox": [
        [
          8.556914348582744,
          47.361938426678634,
          8.557193435523615,
          47.362058019724095
        ]
      ]
    },
    "temporal": {
      "interval": [
        [
          "2025-01-31T23:45:54.029404Z",
          "2025-03-20T09:21:05.889498Z"
        ]
      ]
    }
  },
  "license": "proprietary"
}