{
  "type": "Feature",
  "stac_version": "1.0.0",
  "id": "f9ab1965-8807-44b5-9719-87db727b452e",
  "properties": {
    "title": "Groundwork campaign labels",
    "description": "Labels created from a Groundwork campaign!",
    "label:description": "Labels for project 8293_tile_0",
    "label:type": "vector",
    "label:properties": [
      "default"
    ],
    "label:classes": [
      {
        "classes": [
          "Pavement Distress",
          "Non-Pavement Distress"
        ],
        "name": "default"
      }
    ],
    "label:tasks": [
      "detection"
    ],
    "datetime": "2025-04-28T08:56:50.651144Z"
  },
  "geometry": {
    "type": "Polygon",
    "coordinates": [
      [
        [
          8.486321645213474,
          47.37116731367021
        ],
        [
          8.486330695100415,
          47.37162777897726
        ],
        [
          8.485652876139687,
          47.37163392493444
        ],
        [
          8.485643832111313,
          47.371173459574806
        ],
        [
          8.486321645213474,
          47.37116731367021
        ]
      ]
    ]
  },
  "links": [
    {
      "rel": "source",
      "href": "../4ef19d4d-c474-4909-9459-1059b719380b/4ef19d4d-c474-4909-9459-1059b719380b.json",
      "type": "application/json"
    },
    {
      "rel": "root",
      "href": "../../catalog.json",
      "type": "application/json"
    },
    {
      "rel": "collection",
      "href": "../collection.json",
      "type": "application/json"
    },
    {
      "rel": "parent",
      "href": "../collection.json",
      "type": "application/json"
    }
  ],
  "assets": {
    "labels": {
      "href": "./labels.geojson",
      "type": "application/geo+json"
    }
  },
  "bbox": [
    8.485643832111313,
    47.37116731367021,
    8.486330695100415,
    47.37163392493444
  ],
  "stac_extensions": [
    "https://stac-extensions.github.io/label/v1.0.1/schema.json"
  ],
  "collection": "15fb33a9-21ee-404a-b70b-c3d66aea929e"
}