{
  "type": "Collection",
  "id": "5a7ae40c-8afd-4922-8aae-b289fb0a8c40",
  "stac_version": "1.0.0",
  "description": "15754_tile_3",
  "links": [
    {
      "rel": "root",
      "href": "../catalog.json",
      "type": "application/json"
    },
    {
      "rel": "item",
      "href": "./c634bdce-4846-41d2-a854-6fd2738949dc/c634bdce-4846-41d2-a854-6fd2738949dc.json",
      "type": "application/json"
    },
    {
      "rel": "item",
      "href": "./3d546795-6a6f-4e82-91f9-e353dff9504f/3d546795-6a6f-4e82-91f9-e353dff9504f.json",
      "type": "application/json"
    },
    {
      "rel": "parent",
      "href": "../catalog.json",
      "type": "application/json"
    }
  ],
  "extent": {
    "spatial": {
      "bbox": [
        [
          8.513173618381428,
          47.41743849731503,
          8.513861313585089,
          47.41790526137327
        ]
      ]
    },
    "temporal": {
      "interval": [
        [
          "2025-05-06T07:13:38.750547Z",
          "2025-05-07T19:01:13.475179Z"
        ]
      ]
    }
  },
  "license": "proprietary"
}