{
  "type": "Collection",
  "id": "db8792ed-de3a-4e43-a4cf-a35c29f6514d",
  "stac_version": "1.0.0",
  "description": "9979_tile_0",
  "links": [
    {
      "rel": "root",
      "href": "../catalog.json",
      "type": "application/json"
    },
    {
      "rel": "item",
      "href": "./054e926c-551c-48bc-98b2-9de99943e0f8/054e926c-551c-48bc-98b2-9de99943e0f8.json",
      "type": "application/json"
    },
    {
      "rel": "item",
      "href": "./3b34e661-a80c-416e-868a-45367cbc5fbc/3b34e661-a80c-416e-868a-45367cbc5fbc.json",
      "type": "application/json"
    },
    {
      "rel": "parent",
      "href": "../catalog.json",
      "type": "application/json"
    }
  ],
  "extent": {
    "spatial": {
      "bbox": [
        [
          8.556633823951483,
          47.35531228583612,
          8.557321087527907,
          47.35577931043978
        ]
      ]
    },
    "temporal": {
      "interval": [
        [
          "2025-04-02T11:46:49.842813Z",
          "2025-04-28T08:56:40.410485Z"
        ]
      ]
    }
  },
  "license": "proprietary"
}