{
  "type": "Collection",
  "id": "68ccff9d-e0e8-426d-8c8d-e954233bd255",
  "stac_version": "1.0.0",
  "description": "6291_tile_1",
  "links": [
    {
      "rel": "root",
      "href": "../catalog.json",
      "type": "application/json"
    },
    {
      "rel": "item",
      "href": "./3f30a541-d9ae-407f-a7c7-13056da2e86e/3f30a541-d9ae-407f-a7c7-13056da2e86e.json",
      "type": "application/json"
    },
    {
      "rel": "item",
      "href": "./ac1ac793-3eee-4acf-b2e8-348644c863fd/ac1ac793-3eee-4acf-b2e8-348644c863fd.json",
      "type": "application/json"
    },
    {
      "rel": "parent",
      "href": "../catalog.json",
      "type": "application/json"
    }
  ],
  "extent": {
    "spatial": {
      "bbox": [
        [
          8.59296152530128,
          47.398278300491626,
          8.593649653208734,
          47.39874552921822
        ]
      ]
    },
    "temporal": {
      "interval": [
        [
          "2025-04-02T11:45:40.927928Z",
          "2025-04-28T08:57:00.367933Z"
        ]
      ]
    }
  },
  "license": "proprietary"
}