{
  "type": "Feature",
  "stac_version": "1.0.0",
  "id": "8251c9f0-f1eb-4742-9f3a-17b9cf9ef6ef",
  "properties": {
    "title": "Groundwork campaign labels",
    "description": "Labels created from a Groundwork campaign!",
    "label:description": "Labels for project {B5E0463E-EA70-4FB8-9E0F-CF918434ED00}_tile_0",
    "label:type": "vector",
    "label:properties": [
      "default"
    ],
    "label:classes": [
      {
        "classes": [
          "Pavement_distress",
          "Shadows"
        ],
        "name": "default"
      }
    ],
    "label:tasks": [
      "detection"
    ],
    "datetime": "2025-03-20T09:21:22.758982Z"
  },
  "geometry": {
    "type": "Polygon",
    "coordinates": [
      [
        [
          8.553620235183116,
          47.387690127387884
        ],
        [
          8.553629869859513,
          47.38815058488238
        ],
        [
          8.55328423796778,
          47.38815391984038
        ],
        [
          8.553274606279569,
          47.387693462317344
        ],
        [
          8.553620235183116,
          47.387690127387884
        ]
      ]
    ]
  },
  "links": [
    {
      "rel": "source",
      "href": "../4d19dc7e-4d6a-4d20-b992-8d5f66cca7b3/4d19dc7e-4d6a-4d20-b992-8d5f66cca7b3.json",
      "type": "application/json"
    },
    {
      "rel": "root",
      "href": "../../catalog.json",
      "type": "application/json"
    },
    {
      "rel": "collection",
      "href": "../collection.json",
      "type": "application/json"
    },
    {
      "rel": "parent",
      "href": "../collection.json",
      "type": "application/json"
    }
  ],
  "assets": {
    "labels": {
      "href": "./labels.geojson",
      "type": "application/geo+json"
    }
  },
  "bbox": [
    8.553274606279569,
    47.387690127387884,
    8.553629869859513,
    47.38815391984038
  ],
  "stac_extensions": [
    "https://stac-extensions.github.io/label/v1.0.1/schema.json"
  ],
  "collection": "d34c1279-f882-4355-a380-22f507e2305c"
}