{
  "type": "Feature",
  "stac_version": "1.0.0",
  "id": "4cac0691-4803-46e1-a5ea-b7cb90ecc81b",
  "properties": {
    "title": "Groundwork campaign labels",
    "description": "Labels created from a Groundwork campaign!",
    "label:description": "Labels for project 9264_tile_0",
    "label:type": "vector",
    "label:properties": [
      "default"
    ],
    "label:classes": [
      {
        "classes": [
          "Pavement_distress",
          "non_pavement_distress"
        ],
        "name": "default"
      }
    ],
    "label:tasks": [
      "detection"
    ],
    "datetime": "2025-05-07T19:02:04.672937Z"
  },
  "geometry": {
    "type": "Polygon",
    "coordinates": [
      [
        [
          8.574699803389636,
          47.361590300722085
        ],
        [
          8.57470961551008,
          47.36205076009891
        ],
        [
          8.574031929085036,
          47.36205742508981
        ],
        [
          8.5740221228206,
          47.36159696565595
        ],
        [
          8.574699803389636,
          47.361590300722085
        ]
      ]
    ]
  },
  "links": [
    {
      "rel": "source",
      "href": "../692774e2-eb1b-4596-bd9f-beee0818fd84/692774e2-eb1b-4596-bd9f-beee0818fd84.json",
      "type": "application/json"
    },
    {
      "rel": "root",
      "href": "../../catalog.json",
      "type": "application/json"
    },
    {
      "rel": "collection",
      "href": "../collection.json",
      "type": "application/json"
    },
    {
      "rel": "parent",
      "href": "../collection.json",
      "type": "application/json"
    }
  ],
  "assets": {
    "labels": {
      "href": "./labels.geojson",
      "type": "application/geo+json"
    }
  },
  "bbox": [
    8.5740221228206,
    47.361590300722085,
    8.57470961551008,
    47.36205742508981
  ],
  "stac_extensions": [
    "https://stac-extensions.github.io/label/v1.0.1/schema.json"
  ],
  "collection": "8bbccc41-9735-414c-a654-d5c9aa2a79f1"
}