{
  "type": "Collection",
  "id": "906bd32d-360d-4d76-bfe5-f882763b559c",
  "stac_version": "1.0.0",
  "description": "8885_tile_0",
  "links": [
    {
      "rel": "root",
      "href": "../catalog.json",
      "type": "application/json"
    },
    {
      "rel": "item",
      "href": "./b3cf4227-7e5e-4c63-a2db-01cbcd1953b4/b3cf4227-7e5e-4c63-a2db-01cbcd1953b4.json",
      "type": "application/json"
    },
    {
      "rel": "item",
      "href": "./3d0cd2d9-f0e5-4bf1-ad7c-3a9f481b8bac/3d0cd2d9-f0e5-4bf1-ad7c-3a9f481b8bac.json",
      "type": "application/json"
    },
    {
      "rel": "parent",
      "href": "../catalog.json",
      "type": "application/json"
    }
  ],
  "extent": {
    "spatial": {
      "bbox": [
        [
          8.557777109939952,
          47.37957382296263,
          8.558464696374315,
          47.38004085076866
        ]
      ]
    },
    "temporal": {
      "interval": [
        [
          "2025-05-06T07:10:09.086394Z",
          "2025-05-07T19:02:06.513506Z"
        ]
      ]
    }
  },
  "license": "proprietary"
}