{
  "type": "Feature",
  "stac_version": "1.0.0",
  "id": "854dd23c-5b90-4ea7-8ca5-1eac71ed0556",
  "properties": {
    "title": "Groundwork campaign labels",
    "description": "Labels created from a Groundwork campaign!",
    "label:description": "Labels for project 2931_tile_2",
    "label:type": "vector",
    "label:properties": [
      "default"
    ],
    "label:classes": [
      {
        "classes": [
          "Pavement_distress",
          "non_pavement_distress"
        ],
        "name": "default"
      }
    ],
    "label:tasks": [
      "detection"
    ],
    "datetime": "2025-05-07T19:02:32.316874Z"
  },
  "geometry": {
    "type": "Polygon",
    "coordinates": [
      [
        [
          8.592066774084628,
          47.363260368800525
        ],
        [
          8.592076736622705,
          47.363720826448585
        ],
        [
          8.591399031154557,
          47.363727593427164
        ],
        [
          8.591389074472765,
          47.36326713572121
        ],
        [
          8.592066774084628,
          47.363260368800525
        ]
      ]
    ]
  },
  "links": [
    {
      "rel": "source",
      "href": "../b738f6ae-57e7-4777-b9c8-e583509699b0/b738f6ae-57e7-4777-b9c8-e583509699b0.json",
      "type": "application/json"
    },
    {
      "rel": "root",
      "href": "../../catalog.json",
      "type": "application/json"
    },
    {
      "rel": "collection",
      "href": "../collection.json",
      "type": "application/json"
    },
    {
      "rel": "parent",
      "href": "../collection.json",
      "type": "application/json"
    }
  ],
  "assets": {
    "labels": {
      "href": "./labels.geojson",
      "type": "application/geo+json"
    }
  },
  "bbox": [
    8.591389074472765,
    47.363260368800525,
    8.592076736622705,
    47.363727593427164
  ],
  "stac_extensions": [
    "https://stac-extensions.github.io/label/v1.0.1/schema.json"
  ],
  "collection": "aeebd2b0-b621-47f5-923b-79ee639875c1"
}