{
  "type": "Collection",
  "id": "d5eac4e2-6c16-4bad-8986-8ded9b962ab8",
  "stac_version": "1.0.0",
  "description": "17840_tile_0",
  "links": [
    {
      "rel": "root",
      "href": "../catalog.json",
      "type": "application/json"
    },
    {
      "rel": "item",
      "href": "./15f7e7e3-ae3e-4abd-be91-a466aef5b796/15f7e7e3-ae3e-4abd-be91-a466aef5b796.json",
      "type": "application/json"
    },
    {
      "rel": "item",
      "href": "./78797ea0-a818-432d-8e6d-fd78802d6f8b/78797ea0-a818-432d-8e6d-fd78802d6f8b.json",
      "type": "application/json"
    },
    {
      "rel": "parent",
      "href": "../catalog.json",
      "type": "application/json"
    }
  ],
  "extent": {
    "spatial": {
      "bbox": [
        [
          8.547757174451387,
          47.399610883120815,
          8.54844493427551,
          47.40007785004201
        ]
      ]
    },
    "temporal": {
      "interval": [
        [
          "2025-04-02T11:50:01.858930Z",
          "2025-04-28T08:55:55.943936Z"
        ]
      ]
    }
  },
  "license": "proprietary"
}