{
  "type": "Feature",
  "stac_version": "1.0.0",
  "id": "256a5e04-5751-42a9-bf54-8792e65988db",
  "properties": {
    "title": "Groundwork campaign labels",
    "description": "Labels created from a Groundwork campaign!",
    "label:description": "Labels for project 15564_tile_3",
    "label:type": "vector",
    "label:properties": [
      "default"
    ],
    "label:classes": [
      {
        "classes": [
          "Pavement Distress",
          "Non-Pavement Distress"
        ],
        "name": "default"
      }
    ],
    "label:tasks": [
      "detection"
    ],
    "datetime": "2025-04-28T08:56:11.399210Z"
  },
  "geometry": {
    "type": "Polygon",
    "coordinates": [
      [
        [
          8.468712207184652,
          47.39896733108702
        ],
        [
          8.468721109514556,
          47.39942779382648
        ],
        [
          8.468042934568572,
          47.399433836333024
        ],
        [
          8.468034038103461,
          47.39897337354186
        ],
        [
          8.468712207184652,
          47.39896733108702
        ]
      ]
    ]
  },
  "links": [
    {
      "rel": "source",
      "href": "../b59885ad-4171-4217-b575-d1d7fa31b075/b59885ad-4171-4217-b575-d1d7fa31b075.json",
      "type": "application/json"
    },
    {
      "rel": "root",
      "href": "../../catalog.json",
      "type": "application/json"
    },
    {
      "rel": "collection",
      "href": "../collection.json",
      "type": "application/json"
    },
    {
      "rel": "parent",
      "href": "../collection.json",
      "type": "application/json"
    }
  ],
  "assets": {
    "labels": {
      "href": "./labels.geojson",
      "type": "application/geo+json"
    }
  },
  "bbox": [
    8.468034038103461,
    47.39896733108702,
    8.468721109514556,
    47.399433836333024
  ],
  "stac_extensions": [
    "https://stac-extensions.github.io/label/v1.0.1/schema.json"
  ],
  "collection": "83f1cc4a-32e3-45c0-902f-5618044f025f"
}