{
  "type": "Collection",
  "id": "5a9f11c8-3901-45e3-b261-1c23c0b998df",
  "stac_version": "1.0.0",
  "description": "561_tile_1",
  "links": [
    {
      "rel": "root",
      "href": "../catalog.json",
      "type": "application/json"
    },
    {
      "rel": "item",
      "href": "./92ca1e0c-6b90-4b69-b4ab-676c7a7cfea5/92ca1e0c-6b90-4b69-b4ab-676c7a7cfea5.json",
      "type": "application/json"
    },
    {
      "rel": "item",
      "href": "./58784354-9bd9-4ba2-bed8-93818a5a6f33/58784354-9bd9-4ba2-bed8-93818a5a6f33.json",
      "type": "application/json"
    },
    {
      "rel": "parent",
      "href": "../catalog.json",
      "type": "application/json"
    }
  ],
  "extent": {
    "spatial": {
      "bbox": [
        [
          8.525846982581818,
          47.40672740334894,
          8.526534647500506,
          47.40719424237512
        ]
      ]
    },
    "temporal": {
      "interval": [
        [
          "2025-05-06T07:07:19.830353Z",
          "2025-05-07T19:02:44.554653Z"
        ]
      ]
    }
  },
  "license": "proprietary"
}