{
  "type": "Feature",
  "stac_version": "1.0.0",
  "id": "08380886-acdd-4e83-a595-282f4ff591e5",
  "properties": {
    "title": "Groundwork campaign labels",
    "description": "Labels created from a Groundwork campaign!",
    "label:description": "Labels for project 5664_tile_0",
    "label:type": "vector",
    "label:properties": [
      "default"
    ],
    "label:classes": [
      {
        "classes": [
          "Pavement Distress",
          "Non-Pavement Distress"
        ],
        "name": "default"
      }
    ],
    "label:tasks": [
      "detection"
    ],
    "datetime": "2025-04-28T08:57:03.724668Z"
  },
  "geometry": {
    "type": "Polygon",
    "coordinates": [
      [
        [
          8.478721664915374,
          47.388215918176854
        ],
        [
          8.478730651995312,
          47.38867638167456
        ],
        [
          8.478052615132407,
          47.388682482977764
        ],
        [
          8.47804363391484,
          47.38822201942786
        ],
        [
          8.478721664915374,
          47.388215918176854
        ]
      ]
    ]
  },
  "links": [
    {
      "rel": "source",
      "href": "../5e73f5e7-95e2-4482-a13b-42ebf9845875/5e73f5e7-95e2-4482-a13b-42ebf9845875.json",
      "type": "application/json"
    },
    {
      "rel": "root",
      "href": "../../catalog.json",
      "type": "application/json"
    },
    {
      "rel": "collection",
      "href": "../collection.json",
      "type": "application/json"
    },
    {
      "rel": "parent",
      "href": "../collection.json",
      "type": "application/json"
    }
  ],
  "assets": {
    "labels": {
      "href": "./labels.geojson",
      "type": "application/geo+json"
    }
  },
  "bbox": [
    8.47804363391484,
    47.388215918176854,
    8.478730651995312,
    47.388682482977764
  ],
  "stac_extensions": [
    "https://stac-extensions.github.io/label/v1.0.1/schema.json"
  ],
  "collection": "d69b4ce4-585b-4709-b856-c38186eb9015"
}