{
  "type": "Collection",
  "id": "785c6ed7-f568-4279-b53c-b05266583265",
  "stac_version": "1.0.0",
  "description": "3686_tile_0",
  "links": [
    {
      "rel": "root",
      "href": "../catalog.json",
      "type": "application/json"
    },
    {
      "rel": "item",
      "href": "./43de13ec-4e67-4cf7-be71-7e20b227fc44/43de13ec-4e67-4cf7-be71-7e20b227fc44.json",
      "type": "application/json"
    },
    {
      "rel": "item",
      "href": "./e3b7f9b4-3894-4076-a744-d0a0595ffd92/e3b7f9b4-3894-4076-a744-d0a0595ffd92.json",
      "type": "application/json"
    },
    {
      "rel": "parent",
      "href": "../catalog.json",
      "type": "application/json"
    }
  ],
  "extent": {
    "spatial": {
      "bbox": [
        [
          8.547420818853547,
          47.39777191907808,
          8.548108552050808,
          47.3982388843189
        ]
      ]
    },
    "temporal": {
      "interval": [
        [
          "2025-04-02T11:44:49.152089Z",
          "2025-04-28T08:57:15.627976Z"
        ]
      ]
    }
  },
  "license": "proprietary"
}