{
  "type": "Feature",
  "stac_version": "1.0.0",
  "id": "dc5002bd-31df-479d-888e-8b6dea6dfdb3",
  "properties": {
    "title": "Groundwork campaign labels",
    "description": "Labels created from a Groundwork campaign!",
    "label:description": "Labels for project 5494_tile_0",
    "label:type": "vector",
    "label:properties": [
      "default"
    ],
    "label:classes": [
      {
        "classes": [
          "Pavement Distress",
          "Non-Pavement Distress"
        ],
        "name": "default"
      }
    ],
    "label:tasks": [
      "detection"
    ],
    "datetime": "2025-04-28T08:57:05.025458Z"
  },
  "geometry": {
    "type": "Polygon",
    "coordinates": [
      [
        [
          8.471341117361995,
          47.38368567086025
        ],
        [
          8.47135003985331,
          47.3841461355774
        ],
        [
          8.470672059825226,
          47.38415219354139
        ],
        [
          8.470663143195315,
          47.38369172877241
        ],
        [
          8.471341117361995,
          47.38368567086025
        ]
      ]
    ]
  },
  "links": [
    {
      "rel": "source",
      "href": "../fc36faf5-5453-4b86-93d5-94d861ed7258/fc36faf5-5453-4b86-93d5-94d861ed7258.json",
      "type": "application/json"
    },
    {
      "rel": "root",
      "href": "../../catalog.json",
      "type": "application/json"
    },
    {
      "rel": "collection",
      "href": "../collection.json",
      "type": "application/json"
    },
    {
      "rel": "parent",
      "href": "../collection.json",
      "type": "application/json"
    }
  ],
  "assets": {
    "labels": {
      "href": "./labels.geojson",
      "type": "application/geo+json"
    }
  },
  "bbox": [
    8.470663143195315,
    47.38368567086025,
    8.47135003985331,
    47.38415219354139
  ],
  "stac_extensions": [
    "https://stac-extensions.github.io/label/v1.0.1/schema.json"
  ],
  "collection": "83b30e10-b783-4055-b4ae-40ddd55320c9"
}