{
  "type": "Feature",
  "stac_version": "1.0.0",
  "id": "ac1ac793-3eee-4acf-b2e8-348644c863fd",
  "properties": {
    "title": "Groundwork campaign labels",
    "description": "Labels created from a Groundwork campaign!",
    "label:description": "Labels for project 6291_tile_1",
    "label:type": "vector",
    "label:properties": [
      "default"
    ],
    "label:classes": [
      {
        "classes": [
          "Pavement Distress",
          "Non-Pavement Distress"
        ],
        "name": "default"
      }
    ],
    "label:tasks": [
      "detection"
    ],
    "datetime": "2025-04-28T08:57:00.367933Z"
  },
  "geometry": {
    "type": "Polygon",
    "coordinates": [
      [
        [
          8.593639670473047,
          47.398278300491626
        ],
        [
          8.593649653208734,
          47.398738753049166
        ],
        [
          8.592971502172963,
          47.39874552921822
        ],
        [
          8.59296152530128,
          47.39828507660262
        ],
        [
          8.593639670473047,
          47.398278300491626
        ]
      ]
    ]
  },
  "links": [
    {
      "rel": "source",
      "href": "../3f30a541-d9ae-407f-a7c7-13056da2e86e/3f30a541-d9ae-407f-a7c7-13056da2e86e.json",
      "type": "application/json"
    },
    {
      "rel": "root",
      "href": "../../catalog.json",
      "type": "application/json"
    },
    {
      "rel": "collection",
      "href": "../collection.json",
      "type": "application/json"
    },
    {
      "rel": "parent",
      "href": "../collection.json",
      "type": "application/json"
    }
  ],
  "assets": {
    "labels": {
      "href": "./labels.geojson",
      "type": "application/geo+json"
    }
  },
  "bbox": [
    8.59296152530128,
    47.398278300491626,
    8.593649653208734,
    47.39874552921822
  ],
  "stac_extensions": [
    "https://stac-extensions.github.io/label/v1.0.1/schema.json"
  ],
  "collection": "68ccff9d-e0e8-426d-8c8d-e954233bd255"
}