{
  "type": "Collection",
  "id": "1c248bf5-bd93-4dd0-96f4-48197dd53c93",
  "stac_version": "1.0.0",
  "description": "{11B4E3C0-8A08-4199-8DE5-B6BC4DB9D57D}_tile_2",
  "links": [
    {
      "rel": "root",
      "href": "../catalog.json",
      "type": "application/json"
    },
    {
      "rel": "item",
      "href": "./55ae14e2-d24a-4e17-8c6a-4df80f653b6a/55ae14e2-d24a-4e17-8c6a-4df80f653b6a.json",
      "type": "application/json"
    },
    {
      "rel": "item",
      "href": "./f8a6b721-4854-49c4-937a-1b267800d94e/f8a6b721-4854-49c4-937a-1b267800d94e.json",
      "type": "application/json"
    },
    {
      "rel": "parent",
      "href": "../catalog.json",
      "type": "application/json"
    }
  ],
  "extent": {
    "spatial": {
      "bbox": [
        [
          8.53726726833595,
          47.33966761863503,
          8.537954165216671,
          47.34013453327919
        ]
      ]
    },
    "temporal": {
      "interval": [
        [
          "2025-01-31T23:47:02.462450Z",
          "2025-03-20T09:20:50.237510Z"
        ]
      ]
    }
  },
  "license": "proprietary"
}