{
  "type": "Collection",
  "id": "6ddd31d0-cafa-4cd6-a4e1-a1b26dca341b",
  "stac_version": "1.0.0",
  "description": "{FF4AAB3B-BF83-4A98-81CA-816A5B2FBCD2}_tile_0",
  "links": [
    {
      "rel": "root",
      "href": "../catalog.json",
      "type": "application/json"
    },
    {
      "rel": "item",
      "href": "./bb399836-27b8-4ffa-ba24-7c9c350d2e87/bb399836-27b8-4ffa-ba24-7c9c350d2e87.json",
      "type": "application/json"
    },
    {
      "rel": "item",
      "href": "./105fb7ef-e287-4b77-905c-db596ea63a11/105fb7ef-e287-4b77-905c-db596ea63a11.json",
      "type": "application/json"
    },
    {
      "rel": "parent",
      "href": "../catalog.json",
      "type": "application/json"
    }
  ],
  "extent": {
    "spatial": {
      "bbox": [
        [
          8.524622436923593,
          47.41185245522055,
          8.524935718169687,
          47.41201544875311
        ]
      ]
    },
    "temporal": {
      "interval": [
        [
          "2025-01-31T23:44:38.698986Z",
          "2025-03-20T09:21:22.967051Z"
        ]
      ]
    }
  },
  "license": "proprietary"
}