{
  "type": "Collection",
  "id": "8f23aff9-a247-4ad7-b0e8-8b07fed523ed",
  "stac_version": "1.0.0",
  "description": "16625_tile_2",
  "links": [
    {
      "rel": "root",
      "href": "../catalog.json",
      "type": "application/json"
    },
    {
      "rel": "item",
      "href": "./9080652e-5ca1-4056-9eb5-4e7de4a5fc28/9080652e-5ca1-4056-9eb5-4e7de4a5fc28.json",
      "type": "application/json"
    },
    {
      "rel": "item",
      "href": "./893a465f-112e-4369-8900-17197886bb3f/893a465f-112e-4369-8900-17197886bb3f.json",
      "type": "application/json"
    },
    {
      "rel": "parent",
      "href": "../catalog.json",
      "type": "application/json"
    }
  ],
  "extent": {
    "spatial": {
      "bbox": [
        [
          8.52731430604046,
          47.37894220247956,
          8.52800162466628,
          47.379409054010544
        ]
      ]
    },
    "temporal": {
      "interval": [
        [
          "2025-04-02T11:49:34.372323Z",
          "2025-04-28T08:56:03.850617Z"
        ]
      ]
    }
  },
  "license": "proprietary"
}