{
  "type": "Collection",
  "id": "6707cbc8-c084-49a2-ac26-c00934af38bb",
  "stac_version": "1.0.0",
  "description": "{CF53A244-3049-451E-BB1B-F74FB5691D54}_tile_2",
  "links": [
    {
      "rel": "root",
      "href": "../catalog.json",
      "type": "application/json"
    },
    {
      "rel": "item",
      "href": "./ef1c7595-99b0-41d0-9a8e-abe840374dbe/ef1c7595-99b0-41d0-9a8e-abe840374dbe.json",
      "type": "application/json"
    },
    {
      "rel": "item",
      "href": "./1c73c1ce-9181-4ea0-9c17-8e490fbc92aa/1c73c1ce-9181-4ea0-9c17-8e490fbc92aa.json",
      "type": "application/json"
    },
    {
      "rel": "parent",
      "href": "../catalog.json",
      "type": "application/json"
    }
  ],
  "extent": {
    "spatial": {
      "bbox": [
        [
          8.515520372010071,
          47.39121262267815,
          8.515791606798809,
          47.39159549835067
        ]
      ]
    },
    "temporal": {
      "interval": [
        [
          "2025-01-31T23:44:54.669789Z",
          "2025-03-20T09:21:18.857942Z"
        ]
      ]
    }
  },
  "license": "proprietary"
}