{
  "type": "Feature",
  "stac_version": "1.0.0",
  "id": "e8dec5af-2e8e-4f20-b0a5-39d3d8c4fd15",
  "properties": {
    "title": "Groundwork campaign labels",
    "description": "Labels created from a Groundwork campaign!",
    "label:description": "Labels for project 4340_tile_0",
    "label:type": "vector",
    "label:properties": [
      "default"
    ],
    "label:classes": [
      {
        "classes": [
          "Pavement Distress",
          "Non-Pavement Distress"
        ],
        "name": "default"
      }
    ],
    "label:tasks": [
      "detection"
    ],
    "datetime": "2025-04-28T08:57:12.029288Z"
  },
  "geometry": {
    "type": "Polygon",
    "coordinates": [
      [
        [
          8.575433818383766,
          47.40278099166053
        ],
        [
          8.575443644492834,
          47.40324144514037
        ],
        [
          8.574765433782368,
          47.40324811438791
        ],
        [
          8.574755613538397,
          47.40278766085097
        ],
        [
          8.575433818383766,
          47.40278099166053
        ]
      ]
    ]
  },
  "links": [
    {
      "rel": "source",
      "href": "../fa34ba10-cdc4-46bb-97b9-ce0be4f37eac/fa34ba10-cdc4-46bb-97b9-ce0be4f37eac.json",
      "type": "application/json"
    },
    {
      "rel": "root",
      "href": "../../catalog.json",
      "type": "application/json"
    },
    {
      "rel": "collection",
      "href": "../collection.json",
      "type": "application/json"
    },
    {
      "rel": "parent",
      "href": "../collection.json",
      "type": "application/json"
    }
  ],
  "assets": {
    "labels": {
      "href": "./labels.geojson",
      "type": "application/geo+json"
    }
  },
  "bbox": [
    8.574755613538397,
    47.40278099166053,
    8.575443644492834,
    47.40324811438791
  ],
  "stac_extensions": [
    "https://stac-extensions.github.io/label/v1.0.1/schema.json"
  ],
  "collection": "8a5715bc-b259-4f1c-89e0-94543c75d7e5"
}