{
  "type": "Collection",
  "id": "a9862abb-86aa-4e98-965b-0e0025df2517",
  "stac_version": "1.0.0",
  "description": "16478_tile_1",
  "links": [
    {
      "rel": "root",
      "href": "../catalog.json",
      "type": "application/json"
    },
    {
      "rel": "item",
      "href": "./78cbd8cf-6ef9-404c-bd9b-58f7cff8bb60/78cbd8cf-6ef9-404c-bd9b-58f7cff8bb60.json",
      "type": "application/json"
    },
    {
      "rel": "item",
      "href": "./455c5b3c-d701-404f-a8c8-5c5e2e0ac31c/455c5b3c-d701-404f-a8c8-5c5e2e0ac31c.json",
      "type": "application/json"
    },
    {
      "rel": "parent",
      "href": "../catalog.json",
      "type": "application/json"
    }
  ],
  "extent": {
    "spatial": {
      "bbox": [
        [
          8.512701735941686,
          47.41519953680681,
          8.513389398184758,
          47.41566629846234
        ]
      ]
    },
    "temporal": {
      "interval": [
        [
          "2025-04-02T11:49:32.435243Z",
          "2025-04-28T08:56:04.537341Z"
        ]
      ]
    }
  },
  "license": "proprietary"
}