{
  "type": "Collection",
  "id": "429a72d3-fd16-4f3b-9332-8d8f18fbdfef",
  "stac_version": "1.0.0",
  "description": "{78C6FCB2-283E-4150-8EC5-EF595A0EE908}_tile_0",
  "links": [
    {
      "rel": "root",
      "href": "../catalog.json",
      "type": "application/json"
    },
    {
      "rel": "item",
      "href": "./9db98a4e-6d2c-42e5-9fc1-79835732c6a7/9db98a4e-6d2c-42e5-9fc1-79835732c6a7.json",
      "type": "application/json"
    },
    {
      "rel": "item",
      "href": "./a36b8eb4-bed8-43e3-9d74-11f0c3356e20/a36b8eb4-bed8-43e3-9d74-11f0c3356e20.json",
      "type": "application/json"
    },
    {
      "rel": "parent",
      "href": "../catalog.json",
      "type": "application/json"
    }
  ],
  "extent": {
    "spatial": {
      "bbox": [
        [
          8.528271937150581,
          47.39475552927433,
          8.528959468104262,
          47.39522238408279
        ]
      ]
    },
    "temporal": {
      "interval": [
        [
          "2025-01-31T23:44:14.846943Z",
          "2025-03-20T09:21:28.268407Z"
        ]
      ]
    }
  },
  "license": "proprietary"
}