{
  "type": "Collection",
  "id": "d3e1deb6-6c84-41c5-a40f-b379c820fd18",
  "stac_version": "1.0.0",
  "description": "15815_tile_1",
  "links": [
    {
      "rel": "root",
      "href": "../catalog.json",
      "type": "application/json"
    },
    {
      "rel": "item",
      "href": "./4c2d4480-c74c-48b8-95ad-2418d590a186/4c2d4480-c74c-48b8-95ad-2418d590a186.json",
      "type": "application/json"
    },
    {
      "rel": "item",
      "href": "./85f8e469-bb86-447e-bc5a-a5638732512d/85f8e469-bb86-447e-bc5a-a5638732512d.json",
      "type": "application/json"
    },
    {
      "rel": "parent",
      "href": "../catalog.json",
      "type": "application/json"
    }
  ],
  "extent": {
    "spatial": {
      "bbox": [
        [
          8.52693019087223,
          47.374334028617746,
          8.527617446752002,
          47.374800878578725
        ]
      ]
    },
    "temporal": {
      "interval": [
        [
          "2025-04-02T11:49:15.223036Z",
          "2025-04-28T08:56:09.346205Z"
        ]
      ]
    }
  },
  "license": "proprietary"
}