{
  "type": "Collection",
  "id": "6c17529a-158d-43dc-96bc-0481d373a69a",
  "stac_version": "1.0.0",
  "description": "16339_tile_1",
  "links": [
    {
      "rel": "root",
      "href": "../catalog.json",
      "type": "application/json"
    },
    {
      "rel": "item",
      "href": "./cec3bba4-78e8-41ba-bdf2-36733d03188e/cec3bba4-78e8-41ba-bdf2-36733d03188e.json",
      "type": "application/json"
    },
    {
      "rel": "item",
      "href": "./3f9560d0-9803-43f4-965d-ae8018d72851/3f9560d0-9803-43f4-965d-ae8018d72851.json",
      "type": "application/json"
    },
    {
      "rel": "parent",
      "href": "../catalog.json",
      "type": "application/json"
    }
  ],
  "extent": {
    "spatial": {
      "bbox": [
        [
          8.551324932635469,
          47.39174722983773,
          8.552012621288938,
          47.39221421855029
        ]
      ]
    },
    "temporal": {
      "interval": [
        [
          "2025-05-06T07:13:54.366105Z",
          "2025-05-07T19:01:09.687949Z"
        ]
      ]
    }
  },
  "license": "proprietary"
}