{
  "type": "Collection",
  "id": "1d3d4638-050d-4cfb-b70b-7c06036c9f1c",
  "stac_version": "1.0.0",
  "description": "18097_tile_1",
  "links": [
    {
      "rel": "root",
      "href": "../catalog.json",
      "type": "application/json"
    },
    {
      "rel": "item",
      "href": "./256ae6fc-7652-4a14-8a47-a8d64ae8b3c2/256ae6fc-7652-4a14-8a47-a8d64ae8b3c2.json",
      "type": "application/json"
    },
    {
      "rel": "item",
      "href": "./ba346592-0b06-4277-a431-15601a7b59d9/ba346592-0b06-4277-a431-15601a7b59d9.json",
      "type": "application/json"
    },
    {
      "rel": "parent",
      "href": "../catalog.json",
      "type": "application/json"
    }
  ],
  "extent": {
    "spatial": {
      "bbox": [
        [
          8.522058222784795,
          47.33992029688473,
          8.522744993358367,
          47.34038712342465
        ]
      ]
    },
    "temporal": {
      "interval": [
        [
          "2025-05-07T09:02:03.631456Z",
          "2025-05-07T19:01:01.914490Z"
        ]
      ]
    }
  },
  "license": "proprietary"
}