{
  "type": "Collection",
  "id": "0b0be0b6-8781-4e31-8c58-d502a5a0b99a",
  "stac_version": "1.0.0",
  "description": "1530_tile_0",
  "links": [
    {
      "rel": "root",
      "href": "../catalog.json",
      "type": "application/json"
    },
    {
      "rel": "item",
      "href": "./0809fe6e-1a74-449d-8146-9c497ab43490/0809fe6e-1a74-449d-8146-9c497ab43490.json",
      "type": "application/json"
    },
    {
      "rel": "item",
      "href": "./f88a78e2-e0ab-4c1e-a86f-a75fe63c2e5f/f88a78e2-e0ab-4c1e-a86f-a75fe63c2e5f.json",
      "type": "application/json"
    },
    {
      "rel": "parent",
      "href": "../catalog.json",
      "type": "application/json"
    }
  ],
  "extent": {
    "spatial": {
      "bbox": [
        [
          8.513772478598334,
          47.35618012679015,
          8.51445938815578,
          47.35664690309978
        ]
      ]
    },
    "temporal": {
      "interval": [
        [
          "2025-05-06T07:07:40.628639Z",
          "2025-05-07T19:02:39.859753Z"
        ]
      ]
    }
  },
  "license": "proprietary"
}