{
  "type": "Collection",
  "id": "b6d87a2f-8bcb-49ba-8f69-9902290d6597",
  "stac_version": "1.0.0",
  "description": "9917_tile_1",
  "links": [
    {
      "rel": "root",
      "href": "../catalog.json",
      "type": "application/json"
    },
    {
      "rel": "item",
      "href": "./ef5cdadc-cb25-47cd-b2ae-b34276e91ab1/ef5cdadc-cb25-47cd-b2ae-b34276e91ab1.json",
      "type": "application/json"
    },
    {
      "rel": "item",
      "href": "./a870fb47-f788-4393-af37-94ce1cd4c889/a870fb47-f788-4393-af37-94ce1cd4c889.json",
      "type": "application/json"
    },
    {
      "rel": "parent",
      "href": "../catalog.json",
      "type": "application/json"
    }
  ],
  "extent": {
    "spatial": {
      "bbox": [
        [
          8.515001658524229,
          47.32572533931687,
          8.515688186113284,
          47.326192126917185
        ]
      ]
    },
    "temporal": {
      "interval": [
        [
          "2025-05-06T07:10:58.314366Z",
          "2025-05-07T19:01:53.603557Z"
        ]
      ]
    }
  },
  "license": "proprietary"
}