{
  "type": "Feature",
  "stac_version": "1.0.0",
  "id": "ad66c73f-ee97-4151-8216-99815fac367b",
  "properties": {
    "title": "Groundwork campaign labels",
    "description": "Labels created from a Groundwork campaign!",
    "label:description": "Labels for project 16559_tile_0",
    "label:type": "vector",
    "label:properties": [
      "default"
    ],
    "label:classes": [
      {
        "classes": [
          "Pavement Distress",
          "Non-Pavement Distress"
        ],
        "name": "default"
      }
    ],
    "label:tasks": [
      "detection"
    ],
    "datetime": "2025-04-28T08:56:04.206366Z"
  },
  "geometry": {
    "type": "Polygon",
    "coordinates": [
      [
        [
          8.499456821751194,
          47.37357234741545
        ],
        [
          8.499465985606276,
          47.37403281134279
        ],
        [
          8.498788137572687,
          47.374039034437295
        ],
        [
          8.498778979576638,
          47.37357857045672
        ],
        [
          8.499456821751194,
          47.37357234741545
        ]
      ]
    ]
  },
  "links": [
    {
      "rel": "source",
      "href": "../e11450a3-3968-450d-b122-86ad9df6e9db/e11450a3-3968-450d-b122-86ad9df6e9db.json",
      "type": "application/json"
    },
    {
      "rel": "root",
      "href": "../../catalog.json",
      "type": "application/json"
    },
    {
      "rel": "collection",
      "href": "../collection.json",
      "type": "application/json"
    },
    {
      "rel": "parent",
      "href": "../collection.json",
      "type": "application/json"
    }
  ],
  "assets": {
    "labels": {
      "href": "./labels.geojson",
      "type": "application/geo+json"
    }
  },
  "bbox": [
    8.498778979576638,
    47.37357234741545,
    8.499465985606276,
    47.374039034437295
  ],
  "stac_extensions": [
    "https://stac-extensions.github.io/label/v1.0.1/schema.json"
  ],
  "collection": "1d2aa577-729f-4a06-bd7c-a5dcb3a2bfee"
}