{
  "type": "Feature",
  "stac_version": "1.0.0",
  "id": "e0f25ee3-a66a-4cb5-8985-9a49d32ff30d",
  "properties": {
    "title": "Groundwork campaign labels",
    "description": "Labels created from a Groundwork campaign!",
    "label:description": "Labels for project 15608_tile_0",
    "label:type": "vector",
    "label:properties": [
      "default"
    ],
    "label:classes": [
      {
        "classes": [
          "Pavement_distress",
          "non_pavement_distress"
        ],
        "name": "default"
      }
    ],
    "label:tasks": [
      "detection"
    ],
    "datetime": "2025-05-07T19:01:15.420816Z"
  },
  "geometry": {
    "type": "Polygon",
    "coordinates": [
      [
        [
          8.486669665787039,
          47.39627738856613
        ],
        [
          8.486678722978654,
          47.396737850286655
        ],
        [
          8.486000584366623,
          47.39674399825712
        ],
        [
          8.485991533039122,
          47.39628353648396
        ],
        [
          8.486669665787039,
          47.39627738856613
        ]
      ]
    ]
  },
  "links": [
    {
      "rel": "source",
      "href": "../477f8a8c-fdc9-4e6f-b611-6715508ab5bd/477f8a8c-fdc9-4e6f-b611-6715508ab5bd.json",
      "type": "application/json"
    },
    {
      "rel": "root",
      "href": "../../catalog.json",
      "type": "application/json"
    },
    {
      "rel": "collection",
      "href": "../collection.json",
      "type": "application/json"
    },
    {
      "rel": "parent",
      "href": "../collection.json",
      "type": "application/json"
    }
  ],
  "assets": {
    "labels": {
      "href": "./labels.geojson",
      "type": "application/geo+json"
    }
  },
  "bbox": [
    8.485991533039122,
    47.39627738856613,
    8.486678722978654,
    47.39674399825712
  ],
  "stac_extensions": [
    "https://stac-extensions.github.io/label/v1.0.1/schema.json"
  ],
  "collection": "d312b9a3-23b3-4d58-ae23-db2752fe96bc"
}