{
  "type": "Feature",
  "stac_version": "1.0.0",
  "id": "d817cc56-ca65-4243-af66-e7acd92ad80c",
  "properties": {
    "title": "Groundwork campaign labels",
    "description": "Labels created from a Groundwork campaign!",
    "label:description": "Labels for project 12839_tile_2",
    "label:type": "vector",
    "label:properties": [
      "default"
    ],
    "label:classes": [
      {
        "classes": [
          "Pavement Distress",
          "Non-Pavement Distress"
        ],
        "name": "default"
      }
    ],
    "label:tasks": [
      "detection"
    ],
    "datetime": "2025-04-28T08:56:22.843068Z"
  },
  "geometry": {
    "type": "Polygon",
    "coordinates": [
      [
        [
          8.591835845283883,
          47.40056759292866
        ],
        [
          8.59184581284967,
          47.40102804531324
        ],
        [
          8.591167632420312,
          47.401034810886145
        ],
        [
          8.591157670719047,
          47.40057435844363
        ],
        [
          8.591835845283883,
          47.40056759292866
        ]
      ]
    ]
  },
  "links": [
    {
      "rel": "source",
      "href": "../658b6bfb-2837-4637-93f0-16032f2c4abb/658b6bfb-2837-4637-93f0-16032f2c4abb.json",
      "type": "application/json"
    },
    {
      "rel": "root",
      "href": "../../catalog.json",
      "type": "application/json"
    },
    {
      "rel": "collection",
      "href": "../collection.json",
      "type": "application/json"
    },
    {
      "rel": "parent",
      "href": "../collection.json",
      "type": "application/json"
    }
  ],
  "assets": {
    "labels": {
      "href": "./labels.geojson",
      "type": "application/geo+json"
    }
  },
  "bbox": [
    8.591157670719047,
    47.40056759292866,
    8.59184581284967,
    47.401034810886145
  ],
  "stac_extensions": [
    "https://stac-extensions.github.io/label/v1.0.1/schema.json"
  ],
  "collection": "98e2d118-3130-4663-9cf5-6b0e6d61ea14"
}