{
  "type": "Collection",
  "id": "226d9538-1a60-49e8-9a78-d2a48b69b749",
  "stac_version": "1.0.0",
  "description": "{6CB01FB1-105A-4DA4-946D-DD01BEA0DE99}_tile_1",
  "links": [
    {
      "rel": "root",
      "href": "../catalog.json",
      "type": "application/json"
    },
    {
      "rel": "item",
      "href": "./4d9644ab-aff0-420f-8db0-320b74059020/4d9644ab-aff0-420f-8db0-320b74059020.json",
      "type": "application/json"
    },
    {
      "rel": "item",
      "href": "./a768c0fe-603e-4cb0-8870-65ad78397751/a768c0fe-603e-4cb0-8870-65ad78397751.json",
      "type": "application/json"
    },
    {
      "rel": "parent",
      "href": "../catalog.json",
      "type": "application/json"
    }
  ],
  "extent": {
    "spatial": {
      "bbox": [
        [
          8.488337182949731,
          47.396258728357694,
          8.488726885365026,
          47.39634499319258
        ]
      ]
    },
    "temporal": {
      "interval": [
        [
          "2025-01-31T23:46:11.265736Z",
          "2025-03-20T09:21:01.906856Z"
        ]
      ]
    }
  },
  "license": "proprietary"
}