{
  "type": "Collection",
  "id": "8c6b9c99-e495-46e6-966e-084aa1378004",
  "stac_version": "1.0.0",
  "description": "483_tile_2",
  "links": [
    {
      "rel": "root",
      "href": "../catalog.json",
      "type": "application/json"
    },
    {
      "rel": "item",
      "href": "./bd513c20-7d8d-4fc9-b681-9d4298e4d261/bd513c20-7d8d-4fc9-b681-9d4298e4d261.json",
      "type": "application/json"
    },
    {
      "rel": "item",
      "href": "./028ef6de-69a3-442e-8714-54531256012c/028ef6de-69a3-442e-8714-54531256012c.json",
      "type": "application/json"
    },
    {
      "rel": "parent",
      "href": "../catalog.json",
      "type": "application/json"
    }
  ],
  "extent": {
    "spatial": {
      "bbox": [
        [
          8.571406909134884,
          47.41178289795073,
          8.572095027920355,
          47.41224999998121
        ]
      ]
    },
    "temporal": {
      "interval": [
        [
          "2025-04-02T11:44:05.413165Z",
          "2025-04-28T08:57:29.073415Z"
        ]
      ]
    }
  },
  "license": "proprietary"
}