{
  "type": "Feature",
  "stac_version": "1.0.0",
  "id": "d638554d-e81f-4a6c-9d0e-872d41cc039a",
  "properties": {
    "title": "Groundwork campaign labels",
    "description": "Labels created from a Groundwork campaign!",
    "label:description": "Labels for project 9901_tile_0",
    "label:type": "vector",
    "label:properties": [
      "default"
    ],
    "label:classes": [
      {
        "classes": [
          "Pavement_distress",
          "non_pavement_distress"
        ],
        "name": "default"
      }
    ],
    "label:tasks": [
      "detection"
    ],
    "datetime": "2025-05-07T19:01:53.997513Z"
  },
  "geometry": {
    "type": "Polygon",
    "coordinates": [
      [
        [
          8.528015850048709,
          47.40763445499431
        ],
        [
          8.528025266862631,
          47.408094911747504
        ],
        [
          8.527346988457088,
          47.40810130251944
        ],
        [
          8.527337577509588,
          47.40764084571157
        ],
        [
          8.528015850048709,
          47.40763445499431
        ]
      ]
    ]
  },
  "links": [
    {
      "rel": "source",
      "href": "../ee03b6f0-524f-4380-a0c8-fee98e8c3765/ee03b6f0-524f-4380-a0c8-fee98e8c3765.json",
      "type": "application/json"
    },
    {
      "rel": "root",
      "href": "../../catalog.json",
      "type": "application/json"
    },
    {
      "rel": "collection",
      "href": "../collection.json",
      "type": "application/json"
    },
    {
      "rel": "parent",
      "href": "../collection.json",
      "type": "application/json"
    }
  ],
  "assets": {
    "labels": {
      "href": "./labels.geojson",
      "type": "application/geo+json"
    }
  },
  "bbox": [
    8.527337577509588,
    47.40763445499431,
    8.528025266862631,
    47.40810130251944
  ],
  "stac_extensions": [
    "https://stac-extensions.github.io/label/v1.0.1/schema.json"
  ],
  "collection": "9422e56a-e502-40bd-a720-5b08055046dc"
}