{
  "type": "Feature",
  "stac_version": "1.0.0",
  "id": "24d89cb4-77da-42ea-ba96-390a34c313a3",
  "properties": {
    "title": "Groundwork campaign labels",
    "description": "Labels created from a Groundwork campaign!",
    "label:description": "Labels for project 6034_tile_0",
    "label:type": "vector",
    "label:properties": [
      "default"
    ],
    "label:classes": [
      {
        "classes": [
          "Pavement Distress",
          "Non-Pavement Distress"
        ],
        "name": "default"
      }
    ],
    "label:tasks": [
      "detection"
    ],
    "datetime": "2025-04-28T08:57:01.684516Z"
  },
  "geometry": {
    "type": "Polygon",
    "coordinates": [
      [
        [
          8.549448705747992,
          47.42178025561227
        ],
        [
          8.549458310540917,
          47.422240708521834
        ],
        [
          8.548779854443064,
          47.4222472251439
        ],
        [
          8.548770255519583,
          47.42178677217851
        ],
        [
          8.549448705747992,
          47.42178025561227
        ]
      ]
    ]
  },
  "links": [
    {
      "rel": "source",
      "href": "../ae699dad-78f6-4aef-8ae4-955441d0a7e7/ae699dad-78f6-4aef-8ae4-955441d0a7e7.json",
      "type": "application/json"
    },
    {
      "rel": "root",
      "href": "../../catalog.json",
      "type": "application/json"
    },
    {
      "rel": "collection",
      "href": "../collection.json",
      "type": "application/json"
    },
    {
      "rel": "parent",
      "href": "../collection.json",
      "type": "application/json"
    }
  ],
  "assets": {
    "labels": {
      "href": "./labels.geojson",
      "type": "application/geo+json"
    }
  },
  "bbox": [
    8.548770255519583,
    47.42178025561227,
    8.549458310540917,
    47.4222472251439
  ],
  "stac_extensions": [
    "https://stac-extensions.github.io/label/v1.0.1/schema.json"
  ],
  "collection": "a8cbe3cc-ab3e-461f-a91d-202053cc6885"
}