{
  "type": "Feature",
  "stac_version": "1.0.0",
  "id": "1a9f7251-21b7-4557-ae41-9fdf7495a913",
  "properties": {
    "title": "Groundwork campaign labels",
    "description": "Labels created from a Groundwork campaign!",
    "label:description": "Labels for project {E68A7F8F-D72F-417C-AC07-BA33870434BB}_tile_0",
    "label:type": "vector",
    "label:properties": [
      "default"
    ],
    "label:classes": [
      {
        "classes": [
          "Pavement_distress",
          "Shadows"
        ],
        "name": "default"
      }
    ],
    "label:tasks": [
      "detection"
    ],
    "datetime": "2025-03-20T09:21:31.198252Z"
  },
  "geometry": {
    "type": "Polygon",
    "coordinates": [
      [
        [
          8.539004641471342,
          47.42183425551549
        ],
        [
          8.539014155901443,
          47.42229470928721
        ],
        [
          8.538633848372148,
          47.42229832826926
        ],
        [
          8.538624337232175,
          47.42183787446654
        ],
        [
          8.539004641471342,
          47.42183425551549
        ]
      ]
    ]
  },
  "links": [
    {
      "rel": "source",
      "href": "../d90ccd75-ceb8-4bc1-8ba6-1f145fa6eb2b/d90ccd75-ceb8-4bc1-8ba6-1f145fa6eb2b.json",
      "type": "application/json"
    },
    {
      "rel": "root",
      "href": "../../catalog.json",
      "type": "application/json"
    },
    {
      "rel": "collection",
      "href": "../collection.json",
      "type": "application/json"
    },
    {
      "rel": "parent",
      "href": "../collection.json",
      "type": "application/json"
    }
  ],
  "assets": {
    "labels": {
      "href": "./labels.geojson",
      "type": "application/geo+json"
    }
  },
  "bbox": [
    8.538624337232175,
    47.42183425551549,
    8.539014155901443,
    47.42229832826926
  ],
  "stac_extensions": [
    "https://stac-extensions.github.io/label/v1.0.1/schema.json"
  ],
  "collection": "4047d2d5-a63d-441d-bcc1-11fbd65592e3"
}