{
  "type": "Feature",
  "stac_version": "1.0.0",
  "id": "c2867fca-f1e4-485c-aec6-b5c28c05dccd",
  "properties": {
    "title": "Groundwork campaign labels",
    "description": "Labels created from a Groundwork campaign!",
    "label:description": "Labels for project 4313_tile_0",
    "label:type": "vector",
    "label:properties": [
      "default"
    ],
    "label:classes": [
      {
        "classes": [
          "Pavement_distress",
          "non_pavement_distress"
        ],
        "name": "default"
      }
    ],
    "label:tasks": [
      "detection"
    ],
    "datetime": "2025-05-07T19:02:27.436155Z"
  },
  "geometry": {
    "type": "Polygon",
    "coordinates": [
      [
        [
          8.57756482243094,
          47.40163022252516
        ],
        [
          8.577574666758562,
          47.40209067598856
        ],
        [
          8.576896470977994,
          47.402097357752154
        ],
        [
          8.57688663251521,
          47.40163690423158
        ],
        [
          8.57756482243094,
          47.40163022252516
        ]
      ]
    ]
  },
  "links": [
    {
      "rel": "source",
      "href": "../954049f8-9b7b-4aca-958f-2491ce4f9fd1/954049f8-9b7b-4aca-958f-2491ce4f9fd1.json",
      "type": "application/json"
    },
    {
      "rel": "root",
      "href": "../../catalog.json",
      "type": "application/json"
    },
    {
      "rel": "collection",
      "href": "../collection.json",
      "type": "application/json"
    },
    {
      "rel": "parent",
      "href": "../collection.json",
      "type": "application/json"
    }
  ],
  "assets": {
    "labels": {
      "href": "./labels.geojson",
      "type": "application/geo+json"
    }
  },
  "bbox": [
    8.57688663251521,
    47.40163022252516,
    8.577574666758562,
    47.402097357752154
  ],
  "stac_extensions": [
    "https://stac-extensions.github.io/label/v1.0.1/schema.json"
  ],
  "collection": "b91cf52a-685d-429c-afd4-64aa4b304361"
}