{
  "type": "Feature",
  "stac_version": "1.0.0",
  "id": "249c65e7-e2ba-4bd5-ab8b-90dc45a47754",
  "properties": {
    "title": "Groundwork campaign labels",
    "description": "Labels created from a Groundwork campaign!",
    "label:description": "Labels for project {2D1ED670-3075-4609-B412-3FDB84DAF276}_tile_0",
    "label:type": "vector",
    "label:properties": [
      "default"
    ],
    "label:classes": [
      {
        "classes": [
          "Pavement_distress",
          "Shadows"
        ],
        "name": "default"
      }
    ],
    "label:tasks": [
      "detection"
    ],
    "datetime": "2025-03-20T09:21:36.019062Z"
  },
  "geometry": {
    "type": "Polygon",
    "coordinates": [
      [
        [
          8.513804494736137,
          47.39893531219728
        ],
        [
          8.513806799658587,
          47.39904952766145
        ],
        [
          8.513128634792636,
          47.39905583494444
        ],
        [
          8.513126331324862,
          47.39894161946688
        ],
        [
          8.513804494736137,
          47.39893531219728
        ]
      ]
    ]
  },
  "links": [
    {
      "rel": "source",
      "href": "../2581261e-c14c-4937-8486-aee4a7e36324/2581261e-c14c-4937-8486-aee4a7e36324.json",
      "type": "application/json"
    },
    {
      "rel": "root",
      "href": "../../catalog.json",
      "type": "application/json"
    },
    {
      "rel": "collection",
      "href": "../collection.json",
      "type": "application/json"
    },
    {
      "rel": "parent",
      "href": "../collection.json",
      "type": "application/json"
    }
  ],
  "assets": {
    "labels": {
      "href": "./labels.geojson",
      "type": "application/geo+json"
    }
  },
  "bbox": [
    8.513126331324862,
    47.39893531219728,
    8.513806799658587,
    47.39905583494444
  ],
  "stac_extensions": [
    "https://stac-extensions.github.io/label/v1.0.1/schema.json"
  ],
  "collection": "e8382b90-d7ae-4f28-9f27-513bba189f78"
}