{
  "type": "Feature",
  "stac_version": "1.0.0",
  "id": "98cfa479-6322-4542-8821-d87c9b41d931",
  "properties": {
    "title": "Groundwork campaign labels",
    "description": "Labels created from a Groundwork campaign!",
    "label:description": "Labels for project 8527_tile_3",
    "label:type": "vector",
    "label:properties": [
      "default"
    ],
    "label:classes": [
      {
        "classes": [
          "Pavement_distress",
          "non_pavement_distress"
        ],
        "name": "default"
      }
    ],
    "label:tasks": [
      "detection"
    ],
    "datetime": "2025-05-07T19:02:07.936967Z"
  },
  "geometry": {
    "type": "Polygon",
    "coordinates": [
      [
        [
          8.468051831188081,
          47.39989429905728
        ],
        [
          8.468060727961984,
          47.4003547617146
        ],
        [
          8.467382541131697,
          47.40036080034172
        ],
        [
          8.4673736502228,
          47.39990033763272
        ],
        [
          8.468051831188081,
          47.39989429905728
        ]
      ]
    ]
  },
  "links": [
    {
      "rel": "source",
      "href": "../7883797d-50fa-4e1a-8d29-b7e60487788d/7883797d-50fa-4e1a-8d29-b7e60487788d.json",
      "type": "application/json"
    },
    {
      "rel": "root",
      "href": "../../catalog.json",
      "type": "application/json"
    },
    {
      "rel": "collection",
      "href": "../collection.json",
      "type": "application/json"
    },
    {
      "rel": "parent",
      "href": "../collection.json",
      "type": "application/json"
    }
  ],
  "assets": {
    "labels": {
      "href": "./labels.geojson",
      "type": "application/geo+json"
    }
  },
  "bbox": [
    8.4673736502228,
    47.39989429905728,
    8.468060727961984,
    47.40036080034172
  ],
  "stac_extensions": [
    "https://stac-extensions.github.io/label/v1.0.1/schema.json"
  ],
  "collection": "8b612ad2-ab1b-4b61-aba8-6ea9fed0225b"
}