{
  "type": "Feature",
  "stac_version": "1.0.0",
  "id": "128e07e1-ac08-4bf4-aa5f-b9c0c6780166",
  "properties": {
    "title": "Groundwork campaign labels",
    "description": "Labels created from a Groundwork campaign!",
    "label:description": "Labels for project {491DDAA2-433F-4FFF-B109-6C44F7BF321D}_tile_1",
    "label:type": "vector",
    "label:properties": [
      "default"
    ],
    "label:classes": [
      {
        "classes": [
          "Pavement_distress",
          "Shadows"
        ],
        "name": "default"
      }
    ],
    "label:tasks": [
      "detection"
    ],
    "datetime": "2025-03-20T09:20:53.633076Z"
  },
  "geometry": {
    "type": "Polygon",
    "coordinates": [
      [
        [
          8.479839870551466,
          47.38260554922505
        ],
        [
          8.479840046249118,
          47.38261454266722
        ],
        [
          8.47938056977186,
          47.382618682585466
        ],
        [
          8.479380394151795,
          47.38260968914262
        ],
        [
          8.479839870551466,
          47.38260554922505
        ]
      ]
    ]
  },
  "links": [
    {
      "rel": "source",
      "href": "../cdf1f016-9e6d-4967-bd56-4af47039bd96/cdf1f016-9e6d-4967-bd56-4af47039bd96.json",
      "type": "application/json"
    },
    {
      "rel": "root",
      "href": "../../catalog.json",
      "type": "application/json"
    },
    {
      "rel": "collection",
      "href": "../collection.json",
      "type": "application/json"
    },
    {
      "rel": "parent",
      "href": "../collection.json",
      "type": "application/json"
    }
  ],
  "assets": {
    "labels": {
      "href": "./labels.geojson",
      "type": "application/geo+json"
    }
  },
  "bbox": [
    8.479380394151795,
    47.38260554922505,
    8.479840046249118,
    47.382618682585466
  ],
  "stac_extensions": [
    "https://stac-extensions.github.io/label/v1.0.1/schema.json"
  ],
  "collection": "85faec78-e7de-4d8b-a432-2575e1b78a4e"
}