{
  "type": "Feature",
  "stac_version": "1.0.0",
  "id": "da07b149-e6f9-493e-a236-844d56080ea2",
  "properties": {
    "title": "Groundwork campaign labels",
    "description": "Labels created from a Groundwork campaign!",
    "label:description": "Labels for project {0B3B7B88-19E3-4CEB-9408-06BBB9F3F1F9}_tile_1",
    "label:type": "vector",
    "label:properties": [
      "default"
    ],
    "label:classes": [
      {
        "classes": [
          "Pavement_distress",
          "Shadows"
        ],
        "name": "default"
      }
    ],
    "label:tasks": [
      "detection"
    ],
    "datetime": "2025-03-20T09:21:15.885641Z"
  },
  "geometry": {
    "type": "Polygon",
    "coordinates": [
      [
        [
          8.513293788699915,
          47.398245645892814
        ],
        [
          8.513295457591045,
          47.398328384679964
        ],
        [
          8.51261730185045,
          47.398334688960894
        ],
        [
          8.512615634013073,
          47.398251950164045
        ],
        [
          8.513293788699915,
          47.398245645892814
        ]
      ]
    ]
  },
  "links": [
    {
      "rel": "source",
      "href": "../991f6aca-b55b-4929-97f2-3443170be5f3/991f6aca-b55b-4929-97f2-3443170be5f3.json",
      "type": "application/json"
    },
    {
      "rel": "root",
      "href": "../../catalog.json",
      "type": "application/json"
    },
    {
      "rel": "collection",
      "href": "../collection.json",
      "type": "application/json"
    },
    {
      "rel": "parent",
      "href": "../collection.json",
      "type": "application/json"
    }
  ],
  "assets": {
    "labels": {
      "href": "./labels.geojson",
      "type": "application/geo+json"
    }
  },
  "bbox": [
    8.512615634013073,
    47.398245645892814,
    8.513295457591045,
    47.398334688960894
  ],
  "stac_extensions": [
    "https://stac-extensions.github.io/label/v1.0.1/schema.json"
  ],
  "collection": "9dfe7c40-9ce8-4af2-bc2d-b3423d6bbb96"
}