{
  "type": "Feature",
  "stac_version": "1.0.0",
  "id": "c6df4ec7-a2e1-442c-bd64-89b5c7af420e",
  "properties": {
    "title": "Groundwork campaign labels",
    "description": "Labels created from a Groundwork campaign!",
    "label:description": "Labels for project 12643_tile_3",
    "label:type": "vector",
    "label:properties": [
      "default"
    ],
    "label:classes": [
      {
        "classes": [
          "Pavement_distress",
          "non_pavement_distress"
        ],
        "name": "default"
      }
    ],
    "label:tasks": [
      "detection"
    ],
    "datetime": "2025-05-07T19:01:34.498453Z"
  },
  "geometry": {
    "type": "Polygon",
    "coordinates": [
      [
        [
          8.51281188472292,
          47.36586694716532
        ],
        [
          8.512821162685313,
          47.36632741109655
        ],
        [
          8.512143414280079,
          47.36633371263196
        ],
        [
          8.512134142174956,
          47.36587324864683
        ],
        [
          8.51281188472292,
          47.36586694716532
        ]
      ]
    ]
  },
  "links": [
    {
      "rel": "source",
      "href": "../f14b89ab-9e9f-43a5-8d20-eef9193aac8c/f14b89ab-9e9f-43a5-8d20-eef9193aac8c.json",
      "type": "application/json"
    },
    {
      "rel": "root",
      "href": "../../catalog.json",
      "type": "application/json"
    },
    {
      "rel": "collection",
      "href": "../collection.json",
      "type": "application/json"
    },
    {
      "rel": "parent",
      "href": "../collection.json",
      "type": "application/json"
    }
  ],
  "assets": {
    "labels": {
      "href": "./labels.geojson",
      "type": "application/geo+json"
    }
  },
  "bbox": [
    8.512134142174956,
    47.36586694716532,
    8.512821162685313,
    47.36633371263196
  ],
  "stac_extensions": [
    "https://stac-extensions.github.io/label/v1.0.1/schema.json"
  ],
  "collection": "682ddbed-1351-4429-a59a-b1ef0007ca0e"
}