{
  "type": "Feature",
  "stac_version": "1.0.0",
  "id": "b7c1f25b-3fdf-4412-b423-269238c8440f",
  "properties": {
    "title": "Groundwork campaign labels",
    "description": "Labels created from a Groundwork campaign!",
    "label:description": "Labels for project 1869_tile_0",
    "label:type": "vector",
    "label:properties": [
      "default"
    ],
    "label:classes": [
      {
        "classes": [
          "Pavement Distress",
          "Non-Pavement Distress"
        ],
        "name": "default"
      }
    ],
    "label:tasks": [
      "detection"
    ],
    "datetime": "2025-04-28T08:57:24.149429Z"
  },
  "geometry": {
    "type": "Polygon",
    "coordinates": [
      [
        [
          8.535877166594373,
          47.41677100493076
        ],
        [
          8.535886653053577,
          47.41723145970453
        ],
        [
          8.535208259154151,
          47.417237896631974
        ],
        [
          8.535198778563347,
          47.41677744180304
        ],
        [
          8.535877166594373,
          47.41677100493076
        ]
      ]
    ]
  },
  "links": [
    {
      "rel": "source",
      "href": "../9d96d1cc-07e3-400d-aee1-8d4bba1417a4/9d96d1cc-07e3-400d-aee1-8d4bba1417a4.json",
      "type": "application/json"
    },
    {
      "rel": "root",
      "href": "../../catalog.json",
      "type": "application/json"
    },
    {
      "rel": "collection",
      "href": "../collection.json",
      "type": "application/json"
    },
    {
      "rel": "parent",
      "href": "../collection.json",
      "type": "application/json"
    }
  ],
  "assets": {
    "labels": {
      "href": "./labels.geojson",
      "type": "application/geo+json"
    }
  },
  "bbox": [
    8.535198778563347,
    47.41677100493076,
    8.535886653053577,
    47.417237896631974
  ],
  "stac_extensions": [
    "https://stac-extensions.github.io/label/v1.0.1/schema.json"
  ],
  "collection": "3372ab88-4473-48fa-8b54-106dce1dd52f"
}