{
  "type": "Collection",
  "id": "b423463a-c766-48a4-b084-b1ecbd0f05a8",
  "stac_version": "1.0.0",
  "description": "{0EE5FC34-01CC-4DE8-BC30-9A245777BCF6}_tile_2",
  "links": [
    {
      "rel": "root",
      "href": "../catalog.json",
      "type": "application/json"
    },
    {
      "rel": "item",
      "href": "./84861930-5abf-4dde-b016-d830b98a8cc7/84861930-5abf-4dde-b016-d830b98a8cc7.json",
      "type": "application/json"
    },
    {
      "rel": "item",
      "href": "./41da5d4a-64af-47c2-a4ea-0ae4aa51adf2/41da5d4a-64af-47c2-a4ea-0ae4aa51adf2.json",
      "type": "application/json"
    },
    {
      "rel": "parent",
      "href": "../catalog.json",
      "type": "application/json"
    }
  ],
  "extent": {
    "spatial": {
      "bbox": [
        [
          8.527083556634041,
          47.41050626167666,
          8.527769386856686,
          47.410880476435906
        ]
      ]
    },
    "temporal": {
      "interval": [
        [
          "2025-01-31T23:44:26.403956Z",
          "2025-03-20T09:21:25.804359Z"
        ]
      ]
    }
  },
  "license": "proprietary"
}