{
  "type": "Feature",
  "stac_version": "1.0.0",
  "id": "cf34ac6b-0548-4277-a0c7-4714e2a1ecae",
  "properties": {
    "datetime": "2025-01-31T23:44:48.061514Z"
  },
  "geometry": {
    "type": "Polygon",
    "coordinates": [
      [
        [
          8.503361631938677,
          47.364882236993246
        ],
        [
          8.503362512027644,
          47.36492630491915
        ],
        [
          8.5026847803279,
          47.364932550908186
        ],
        [
          8.502683900799468,
          47.36488848297716
        ],
        [
          8.503361631938677,
          47.364882236993246
        ]
      ]
    ]
  },
  "links": [
    {
      "rel": "root",
      "href": "../../catalog.json",
      "type": "application/json"
    },
    {
      "rel": "collection",
      "href": "../collection.json",
      "type": "application/json"
    },
    {
      "rel": "parent",
      "href": "../collection.json",
      "type": "application/json"
    }
  ],
  "assets": {
    "tile_server_url": {
      "href": "https://tiler.groundwork.element84.com/cog/tiles/WebMercatorQuad/{z}/{x}/{y}@1x?url=s3://groundwork-production-data-us-east-1/user-uploads/auth0|67045c3977ea93c8f9521feb/d3dc1951-247c-4f6c-bbab-9a19a8d9ad22/cog.tif&bidx=1&bidx=2&bidx=3",
      "type": "image/png",
      "title": "Image layer",
      "description": "TMS tiles"
    },
    "signedURL": {
      "href": "https://groundwork-production-data-us-east-1.s3.amazonaws.com/user-uploads/auth0%7C67045c3977ea93c8f9521feb/d3dc1951-247c-4f6c-bbab-9a19a8d9ad22/cog.tif?AWSAccessKeyId=ASIAY6ZH63CNZPF7QCTR&Signature=2ADbY7V0mAmg2exdFUlloSTHNdk%3D&x-amz-security-token=IQoJb3JpZ2luX2VjEDIaCXVzLWVhc3QtMSJIMEYCIQCW%2Fcv0Xq%2FIRGHJq10uhzwlvoEQvLRGHGIxqDOSWeJFhQIhAJatchIuOK2n8X2S%2FuEpd9apUo0wE07HhuV2Wd69sBesKqgFCIr%2F%2F%2F%2F%2F%2F%2F%2F%2F%2FwEQBBoMNjE1ODc0NzQ2NTIzIgw6%2BaMIJ117fZJ4k8Yq%2FASlBohF0VmNuGoyL9wOtxFkGvCCMJcbYXqak0bLoVs6Fyr39138o2L5zvPrBKwWdKT%2Fy8z6cui5LgkTZOEsOUkjhmacoAr%2BqyXdp3rY6GTaqVOIshZE%2FIrD2SbARJVKlvuXDVz54JYobV0rT9%2FxO7ERITjejHeWATlFnCmZ9vR57tlNehKjOU%2FrNAYnUGJ39sr1cmLZRCVRYEJmNFs04vcQm1XfexqDPxL0HXhla0pry3Z57Bu14xQYPZRSusJ1Q9FeDR4OrkBPAEdDqsHFeAEal4piYSiJnFJCMZfyK%2FaHdmUqYjIklFuVHvDXoxVNg2gFLhiRdOtPr1tLmve7uTtBAkLnNdFdZymWgFsFtVR9r47tYcam%2FbqtSbevLfSlYM2IlD%2BqW7Zl%2FR%2F6Xwi1gkBMunTgvOORWDBkC9g9MLFItPwxkRybP5j3mFiY7r3V8ligITVhWTo740gtogJ8KGGpy%2Bh2oUjZIuxvi4ZXjEUvdCkA8KHKNNcjoqI2SnZ38HOOP25vtsg1NIq2eTxgUfNZpZ1x0mSzPLAt4SDiZQeQ9ENu2dIdhHL1u%2BfUomsWYX2oRBbKGRO6wefFtqbpxEuJQAkQ5s%2BJjRulMO3FPLTnwGtVoLnGE5KeTiwxwsceL1TVR6bgyNbsMNbLj%2F5n9UKJ2SrsKrYUyCjNfzah8qiWgyFHx5hjLxYHSByPT9Dg1%2B16W96JPWVzztEPqc7rZ3niNVwt1%2BXmjfGy6Fq%2FCjbuQH6ji8mA2%2BsvNkRd1yHiw2hWBsivmVnRbeyIj2SW2cNyzGd%2BaLvNQX9yoqbSIhq%2BFZcr42pkiBLwv6DTiJisrcLzwbxMXAq2n39ZCkww4rvvvgY6pgFnYlTJ3Fvet3uV5U7XzrdfyyDspEkCNx0fY5QNF4IIPkQnYKDFHFcSNTrjSy2Uyo6iDML7ORsjk80LWn5tJSZw%2BYRqSOOqahJcU8K%2F%2FxuA3n%2BGyIax1MDgBV0AHekLZiqXny22qjFBloYFP3E45B90ooWZCCGI73L4jSdrFraOOP2iyG2mqN5D8bwVTt7jElLnnJpxDa9PIbluDY8UWeZ4y8Ypc%2F5H&Expires=1742721680",
      "type": "image/tiff; application=geotiff; profile=cloud-optimized",
      "title": "Image download URL",
      "description": "Signed URL (expires 2025-03-23T09:21:20.273024)"
    }
  },
  "bbox": [
    8.502683900799468,
    47.364882236993246,
    8.503362512027644,
    47.364932550908186
  ],
  "stac_extensions": [],
  "collection": "fba4d9bd-c260-4f37-b23e-0f9423aa9ee5"
}