{
  "type": "Collection",
  "id": "7096b36f-12d8-4644-870e-8763bde0a80d",
  "stac_version": "1.0.0",
  "description": "{817E3DE7-3B18-4F8F-9BE3-C1F88A1795B3}_tile_0",
  "links": [
    {
      "rel": "root",
      "href": "../catalog.json",
      "type": "application/json"
    },
    {
      "rel": "item",
      "href": "./497627a9-d59f-4cf9-819c-b609b804cdba/497627a9-d59f-4cf9-819c-b609b804cdba.json",
      "type": "application/json"
    },
    {
      "rel": "item",
      "href": "./74971832-3536-467e-afab-269d41b1ee0c/74971832-3536-467e-afab-269d41b1ee0c.json",
      "type": "application/json"
    },
    {
      "rel": "parent",
      "href": "../catalog.json",
      "type": "application/json"
    }
  ],
  "extent": {
    "spatial": {
      "bbox": [
        [
          8.510663939041725,
          47.36669784888846,
          8.510810914663246,
          47.36696447007379
        ]
      ]
    },
    "temporal": {
      "interval": [
        [
          "2025-01-31T23:45:11.983629Z",
          "2025-03-20T09:21:15.242569Z"
        ]
      ]
    }
  },
  "license": "proprietary"
}