{
  "type": "Feature",
  "stac_version": "1.0.0",
  "id": "7d25c514-7907-4097-b364-c82515b5720f",
  "properties": {
    "title": "Groundwork campaign labels",
    "description": "Labels created from a Groundwork campaign!",
    "label:description": "Labels for project {211D40B6-0FFE-4462-90C8-BEA9FA9813A2}_tile_1",
    "label:type": "vector",
    "label:properties": [
      "default"
    ],
    "label:classes": [
      {
        "classes": [
          "Pavement_distress",
          "Shadows"
        ],
        "name": "default"
      }
    ],
    "label:tasks": [
      "detection"
    ],
    "datetime": "2025-03-20T09:21:01.232260Z"
  },
  "geometry": {
    "type": "Polygon",
    "coordinates": [
      [
        [
          8.513405660355883,
          47.32642927001917
        ],
        [
          8.513406964810283,
          47.3264940235137
        ],
        [
          8.513204585892957,
          47.32649590804925
        ],
        [
          8.513203281684326,
          47.32643115455248
        ],
        [
          8.513405660355883,
          47.32642927001917
        ]
      ]
    ]
  },
  "links": [
    {
      "rel": "source",
      "href": "../80b41fcd-5c3c-4fbf-aa7c-0653b7b83a90/80b41fcd-5c3c-4fbf-aa7c-0653b7b83a90.json",
      "type": "application/json"
    },
    {
      "rel": "root",
      "href": "../../catalog.json",
      "type": "application/json"
    },
    {
      "rel": "collection",
      "href": "../collection.json",
      "type": "application/json"
    },
    {
      "rel": "parent",
      "href": "../collection.json",
      "type": "application/json"
    }
  ],
  "assets": {
    "labels": {
      "href": "./labels.geojson",
      "type": "application/geo+json"
    }
  },
  "bbox": [
    8.513203281684326,
    47.32642927001917,
    8.513406964810283,
    47.32649590804925
  ],
  "stac_extensions": [
    "https://stac-extensions.github.io/label/v1.0.1/schema.json"
  ],
  "collection": "766b04be-6d83-447c-bc3c-50b17ab77201"
}