{
  "type": "Feature",
  "stac_version": "1.0.0",
  "id": "aaf9f47a-da56-45d6-91c7-4335eb6e85b2",
  "properties": {
    "title": "Groundwork campaign labels",
    "description": "Labels created from a Groundwork campaign!",
    "label:description": "Labels for project {CBF7794B-9531-41B7-8F9F-D4CF47BFA547}_tile_0",
    "label:type": "vector",
    "label:properties": [
      "default"
    ],
    "label:classes": [
      {
        "classes": [
          "Pavement_distress",
          "Shadows"
        ],
        "name": "default"
      }
    ],
    "label:tasks": [
      "detection"
    ],
    "datetime": "2025-03-20T09:21:10.424050Z"
  },
  "geometry": {
    "type": "Polygon",
    "coordinates": [
      [
        [
          8.567438847764413,
          47.402504950339036
        ],
        [
          8.567445060147996,
          47.402798130170744
        ],
        [
          8.567345713566695,
          47.40279910047967
        ],
        [
          8.56733950173014,
          47.40250592064266
        ],
        [
          8.567438847764413,
          47.402504950339036
        ]
      ]
    ]
  },
  "links": [
    {
      "rel": "source",
      "href": "../23f1f47d-3ccf-43e6-80ba-b882e0a8ed9b/23f1f47d-3ccf-43e6-80ba-b882e0a8ed9b.json",
      "type": "application/json"
    },
    {
      "rel": "root",
      "href": "../../catalog.json",
      "type": "application/json"
    },
    {
      "rel": "collection",
      "href": "../collection.json",
      "type": "application/json"
    },
    {
      "rel": "parent",
      "href": "../collection.json",
      "type": "application/json"
    }
  ],
  "assets": {
    "labels": {
      "href": "./labels.geojson",
      "type": "application/geo+json"
    }
  },
  "bbox": [
    8.56733950173014,
    47.402504950339036,
    8.567445060147996,
    47.40279910047967
  ],
  "stac_extensions": [
    "https://stac-extensions.github.io/label/v1.0.1/schema.json"
  ],
  "collection": "72f165a7-9b60-49e4-a1f4-08736223f495"
}