{
  "type": "Collection",
  "id": "9c0eed08-5b34-4ea0-9c0d-3ec315b6e478",
  "stac_version": "1.0.0",
  "description": "18073_tile_9",
  "links": [
    {
      "rel": "root",
      "href": "../catalog.json",
      "type": "application/json"
    },
    {
      "rel": "item",
      "href": "./6f8a577a-e56b-478c-b359-300cbc5dda66/6f8a577a-e56b-478c-b359-300cbc5dda66.json",
      "type": "application/json"
    },
    {
      "rel": "item",
      "href": "./4e8b1388-8330-4ce7-bfde-bfaca327cb59/4e8b1388-8330-4ce7-bfde-bfaca327cb59.json",
      "type": "application/json"
    },
    {
      "rel": "parent",
      "href": "../catalog.json",
      "type": "application/json"
    }
  ],
  "extent": {
    "spatial": {
      "bbox": [
        [
          8.498275365974163,
          47.393333702003474,
          8.49896262271778,
          47.39380038328462
        ]
      ]
    },
    "temporal": {
      "interval": [
        [
          "2025-04-02T11:50:06.955205Z",
          "2025-04-28T08:55:54.541661Z"
        ]
      ]
    }
  },
  "license": "proprietary"
}