{
  "type": "Feature",
  "stac_version": "1.0.0",
  "id": "96b61831-0208-461e-8d0b-0b43d4fd1a7e",
  "properties": {
    "title": "Groundwork campaign labels",
    "description": "Labels created from a Groundwork campaign!",
    "label:description": "Labels for project {0F26483D-811D-4579-879D-683C938B0EEC}_tile_0",
    "label:type": "vector",
    "label:properties": [
      "default"
    ],
    "label:classes": [
      {
        "classes": [
          "Pavement_distress",
          "Shadows"
        ],
        "name": "default"
      }
    ],
    "label:tasks": [
      "detection"
    ],
    "datetime": "2025-03-20T09:20:47.935995Z"
  },
  "geometry": {
    "type": "Polygon",
    "coordinates": [
      [
        [
          8.520759534747633,
          47.379558880311855
        ],
        [
          8.520768883826438,
          47.3800193416778
        ],
        [
          8.520102878718422,
          47.38002557831579
        ],
        [
          8.520093535396853,
          47.37956511689645
        ],
        [
          8.520759534747633,
          47.379558880311855
        ]
      ]
    ]
  },
  "links": [
    {
      "rel": "source",
      "href": "../9d75b81e-46fb-40ef-8a2c-8bda7ebac058/9d75b81e-46fb-40ef-8a2c-8bda7ebac058.json",
      "type": "application/json"
    },
    {
      "rel": "root",
      "href": "../../catalog.json",
      "type": "application/json"
    },
    {
      "rel": "collection",
      "href": "../collection.json",
      "type": "application/json"
    },
    {
      "rel": "parent",
      "href": "../collection.json",
      "type": "application/json"
    }
  ],
  "assets": {
    "labels": {
      "href": "./labels.geojson",
      "type": "application/geo+json"
    }
  },
  "bbox": [
    8.520093535396853,
    47.379558880311855,
    8.520768883826438,
    47.38002557831579
  ],
  "stac_extensions": [
    "https://stac-extensions.github.io/label/v1.0.1/schema.json"
  ],
  "collection": "66dd2c72-1544-475e-803c-103e41731838"
}