{
  "type": "Collection",
  "id": "9c02656a-f53b-4868-8305-6e6656a0cf12",
  "stac_version": "1.0.0",
  "description": "1802_tile_3",
  "links": [
    {
      "rel": "root",
      "href": "../catalog.json",
      "type": "application/json"
    },
    {
      "rel": "item",
      "href": "./9f5c1379-04ac-4a81-8010-f66713942494/9f5c1379-04ac-4a81-8010-f66713942494.json",
      "type": "application/json"
    },
    {
      "rel": "item",
      "href": "./3e1954c5-26b5-4ece-bb7a-0e6ea0314f72/3e1954c5-26b5-4ece-bb7a-0e6ea0314f72.json",
      "type": "application/json"
    },
    {
      "rel": "parent",
      "href": "../catalog.json",
      "type": "application/json"
    }
  ],
  "extent": {
    "spatial": {
      "bbox": [
        [
          8.535763773192611,
          47.42708560625027,
          8.53645178586406,
          47.42755249969285
        ]
      ]
    },
    "temporal": {
      "interval": [
        [
          "2025-04-02T11:44:21.098906Z",
          "2025-04-28T08:57:24.275144Z"
        ]
      ]
    }
  },
  "license": "proprietary"
}