{
  "type": "Collection",
  "id": "15fb33a9-21ee-404a-b70b-c3d66aea929e",
  "stac_version": "1.0.0",
  "description": "8293_tile_0",
  "links": [
    {
      "rel": "root",
      "href": "../catalog.json",
      "type": "application/json"
    },
    {
      "rel": "item",
      "href": "./4ef19d4d-c474-4909-9459-1059b719380b/4ef19d4d-c474-4909-9459-1059b719380b.json",
      "type": "application/json"
    },
    {
      "rel": "item",
      "href": "./f9ab1965-8807-44b5-9719-87db727b452e/f9ab1965-8807-44b5-9719-87db727b452e.json",
      "type": "application/json"
    },
    {
      "rel": "parent",
      "href": "../catalog.json",
      "type": "application/json"
    }
  ],
  "extent": {
    "spatial": {
      "bbox": [
        [
          8.485643832111313,
          47.37116731367021,
          8.486330695100415,
          47.37163392493444
        ]
      ]
    },
    "temporal": {
      "interval": [
        [
          "2025-04-02T11:46:14.321492Z",
          "2025-04-28T08:56:50.651144Z"
        ]
      ]
    }
  },
  "license": "proprietary"
}