{
  "type": "Feature",
  "stac_version": "1.0.0",
  "id": "c4c93d2b-a99c-4696-86f6-4a510757a9ab",
  "properties": {
    "title": "Groundwork campaign labels",
    "description": "Labels created from a Groundwork campaign!",
    "label:description": "Labels for project 10190_tile_4",
    "label:type": "vector",
    "label:properties": [
      "default"
    ],
    "label:classes": [
      {
        "classes": [
          "Pavement_distress",
          "non_pavement_distress"
        ],
        "name": "default"
      }
    ],
    "label:tasks": [
      "detection"
    ],
    "datetime": "2025-05-07T19:01:52.510247Z"
  },
  "geometry": {
    "type": "Polygon",
    "coordinates": [
      [
        [
          8.514474608729238,
          47.41466944582683
        ],
        [
          8.514483909638637,
          47.41512990266012
        ],
        [
          8.513805539947828,
          47.41513621389948
        ],
        [
          8.513796244906473,
          47.41467575701213
        ],
        [
          8.514474608729238,
          47.41466944582683
        ]
      ]
    ]
  },
  "links": [
    {
      "rel": "source",
      "href": "../3d005503-584e-4e0b-acb1-bc5466b2aa09/3d005503-584e-4e0b-acb1-bc5466b2aa09.json",
      "type": "application/json"
    },
    {
      "rel": "root",
      "href": "../../catalog.json",
      "type": "application/json"
    },
    {
      "rel": "collection",
      "href": "../collection.json",
      "type": "application/json"
    },
    {
      "rel": "parent",
      "href": "../collection.json",
      "type": "application/json"
    }
  ],
  "assets": {
    "labels": {
      "href": "./labels.geojson",
      "type": "application/geo+json"
    }
  },
  "bbox": [
    8.513796244906473,
    47.41466944582683,
    8.514483909638637,
    47.41513621389948
  ],
  "stac_extensions": [
    "https://stac-extensions.github.io/label/v1.0.1/schema.json"
  ],
  "collection": "4d68d459-31a5-413d-b9fa-ba2d812c3c9e"
}