{
  "type": "Collection",
  "id": "ee55389f-130c-425c-9153-fe11985587fc",
  "stac_version": "1.0.0",
  "description": "{2AA259B6-938D-45F9-82FD-611DEBAE24F6}_tile_3",
  "links": [
    {
      "rel": "root",
      "href": "../catalog.json",
      "type": "application/json"
    },
    {
      "rel": "item",
      "href": "./02f535f5-89c5-489e-beb8-71f0859167e0/02f535f5-89c5-489e-beb8-71f0859167e0.json",
      "type": "application/json"
    },
    {
      "rel": "item",
      "href": "./1ebe2215-6900-4b70-888d-72293bf0f066/1ebe2215-6900-4b70-888d-72293bf0f066.json",
      "type": "application/json"
    },
    {
      "rel": "parent",
      "href": "../catalog.json",
      "type": "application/json"
    }
  ],
  "extent": {
    "spatial": {
      "bbox": [
        [
          8.505458522799637,
          47.38233169089852,
          8.506112595354393,
          47.38279810950108
        ]
      ]
    },
    "temporal": {
      "interval": [
        [
          "2025-01-31T23:45:41.745053Z",
          "2025-03-20T09:21:08.788518Z"
        ]
      ]
    }
  },
  "license": "proprietary"
}