{
  "type": "Feature",
  "stac_version": "1.0.0",
  "id": "102023a8-1776-4ce0-9427-9a9698b88f53",
  "properties": {
    "title": "Groundwork campaign labels",
    "description": "Labels created from a Groundwork campaign!",
    "label:description": "Labels for project 14268_tile_0",
    "label:type": "vector",
    "label:properties": [
      "default"
    ],
    "label:classes": [
      {
        "classes": [
          "Pavement Distress",
          "Non-Pavement Distress"
        ],
        "name": "default"
      }
    ],
    "label:tasks": [
      "detection"
    ],
    "datetime": "2025-04-28T08:56:16.638859Z"
  },
  "geometry": {
    "type": "Polygon",
    "coordinates": [
      [
        [
          8.515548876764074,
          47.41143563694247
        ],
        [
          8.515558186398517,
          47.41189609416033
        ],
        [
          8.514879858053122,
          47.41190241171261
        ],
        [
          8.514870554286002,
          47.411441954440626
        ],
        [
          8.515548876764074,
          47.41143563694247
        ]
      ]
    ]
  },
  "links": [
    {
      "rel": "source",
      "href": "../f998e35b-2f47-4bab-a65d-9920d20002eb/f998e35b-2f47-4bab-a65d-9920d20002eb.json",
      "type": "application/json"
    },
    {
      "rel": "root",
      "href": "../../catalog.json",
      "type": "application/json"
    },
    {
      "rel": "collection",
      "href": "../collection.json",
      "type": "application/json"
    },
    {
      "rel": "parent",
      "href": "../collection.json",
      "type": "application/json"
    }
  ],
  "assets": {
    "labels": {
      "href": "./labels.geojson",
      "type": "application/geo+json"
    }
  },
  "bbox": [
    8.514870554286002,
    47.41143563694247,
    8.515558186398517,
    47.41190241171261
  ],
  "stac_extensions": [
    "https://stac-extensions.github.io/label/v1.0.1/schema.json"
  ],
  "collection": "b0a987a5-584a-4ec8-89c9-b4571096da16"
}