{
  "type": "Collection",
  "id": "81306b38-f72d-4ac2-952f-ed44626770c3",
  "stac_version": "1.0.0",
  "description": "7091_tile_0",
  "links": [
    {
      "rel": "root",
      "href": "../catalog.json",
      "type": "application/json"
    },
    {
      "rel": "item",
      "href": "./005dd42e-eaa1-4245-a3f6-ca4de29b8fc4/005dd42e-eaa1-4245-a3f6-ca4de29b8fc4.json",
      "type": "application/json"
    },
    {
      "rel": "item",
      "href": "./8c11f4e5-2fae-46ef-b473-22bc9f185b26/8c11f4e5-2fae-46ef-b473-22bc9f185b26.json",
      "type": "application/json"
    },
    {
      "rel": "parent",
      "href": "../catalog.json",
      "type": "application/json"
    }
  ],
  "extent": {
    "spatial": {
      "bbox": [
        [
          8.530279263768962,
          47.34027096987246,
          8.530966108899344,
          47.34073784397146
        ]
      ]
    },
    "temporal": {
      "interval": [
        [
          "2025-04-02T11:45:53.644318Z",
          "2025-04-28T08:56:56.622754Z"
        ]
      ]
    }
  },
  "license": "proprietary"
}