{
  "type": "Feature",
  "stac_version": "1.0.0",
  "id": "0f1c7c73-c741-47bf-890a-567d9ca3e92a",
  "properties": {
    "title": "Groundwork campaign labels",
    "description": "Labels created from a Groundwork campaign!",
    "label:description": "Labels for project 6366_tile_0",
    "label:type": "vector",
    "label:properties": [
      "default"
    ],
    "label:classes": [
      {
        "classes": [
          "Pavement Distress",
          "Non-Pavement Distress"
        ],
        "name": "default"
      }
    ],
    "label:tasks": [
      "detection"
    ],
    "datetime": "2025-04-28T08:56:59.573197Z"
  },
  "geometry": {
    "type": "Polygon",
    "coordinates": [
      [
        [
          8.547207586708856,
          47.41159689949143
        ],
        [
          8.547217170263037,
          47.41205735407941
        ],
        [
          8.546538843699746,
          47.41206385755322
        ],
        [
          8.546529266012763,
          47.41160340290954
        ],
        [
          8.547207586708856,
          47.41159689949143
        ]
      ]
    ]
  },
  "links": [
    {
      "rel": "source",
      "href": "../010e2050-d7d5-4be1-ac25-3b096659ab9b/010e2050-d7d5-4be1-ac25-3b096659ab9b.json",
      "type": "application/json"
    },
    {
      "rel": "root",
      "href": "../../catalog.json",
      "type": "application/json"
    },
    {
      "rel": "collection",
      "href": "../collection.json",
      "type": "application/json"
    },
    {
      "rel": "parent",
      "href": "../collection.json",
      "type": "application/json"
    }
  ],
  "assets": {
    "labels": {
      "href": "./labels.geojson",
      "type": "application/geo+json"
    }
  },
  "bbox": [
    8.546529266012763,
    47.41159689949143,
    8.547217170263037,
    47.41206385755322
  ],
  "stac_extensions": [
    "https://stac-extensions.github.io/label/v1.0.1/schema.json"
  ],
  "collection": "08ddeb23-3a99-4267-bbf9-8acff587c0af"
}