{
  "type": "Collection",
  "id": "16c4341c-2de1-4089-a2e7-8fcdf5ab2ed0",
  "stac_version": "1.0.0",
  "description": "345_tile_0",
  "links": [
    {
      "rel": "root",
      "href": "../catalog.json",
      "type": "application/json"
    },
    {
      "rel": "item",
      "href": "./eec8a9ee-6ff3-41c7-ba3e-10aaad028760/eec8a9ee-6ff3-41c7-ba3e-10aaad028760.json",
      "type": "application/json"
    },
    {
      "rel": "item",
      "href": "./764ea5bb-81dd-4e6c-92e8-4c136578100a/764ea5bb-81dd-4e6c-92e8-4c136578100a.json",
      "type": "application/json"
    },
    {
      "rel": "parent",
      "href": "../catalog.json",
      "type": "application/json"
    }
  ],
  "extent": {
    "spatial": {
      "bbox": [
        [
          8.521893115527199,
          47.399358939444866,
          8.52258065153404,
          47.39982575664791
        ]
      ]
    },
    "temporal": {
      "interval": [
        [
          "2025-05-06T07:07:15.188840Z",
          "2025-05-07T19:02:45.986682Z"
        ]
      ]
    }
  },
  "license": "proprietary"
}