{
  "type": "Feature",
  "stac_version": "1.0.0",
  "id": "f120a189-f1b9-4288-9162-86d4da1bee91",
  "properties": {
    "title": "Groundwork campaign labels",
    "description": "Labels created from a Groundwork campaign!",
    "label:description": "Labels for project 5725_tile_2",
    "label:type": "vector",
    "label:properties": [
      "default"
    ],
    "label:classes": [
      {
        "classes": [
          "Pavement Distress",
          "Non-Pavement Distress"
        ],
        "name": "default"
      }
    ],
    "label:tasks": [
      "detection"
    ],
    "datetime": "2025-04-28T08:57:03.194357Z"
  },
  "geometry": {
    "type": "Polygon",
    "coordinates": [
      [
        [
          8.488702834597435,
          47.38080368427803
        ],
        [
          8.488711906720681,
          47.38126414804159
        ],
        [
          8.488033965386201,
          47.38127030797128
        ],
        [
          8.488024899123639,
          47.380809844154996
        ],
        [
          8.488702834597435,
          47.38080368427803
        ]
      ]
    ]
  },
  "links": [
    {
      "rel": "source",
      "href": "../1aa0bd89-3b18-4f99-b0be-2ddc121e09e1/1aa0bd89-3b18-4f99-b0be-2ddc121e09e1.json",
      "type": "application/json"
    },
    {
      "rel": "root",
      "href": "../../catalog.json",
      "type": "application/json"
    },
    {
      "rel": "collection",
      "href": "../collection.json",
      "type": "application/json"
    },
    {
      "rel": "parent",
      "href": "../collection.json",
      "type": "application/json"
    }
  ],
  "assets": {
    "labels": {
      "href": "./labels.geojson",
      "type": "application/geo+json"
    }
  },
  "bbox": [
    8.488024899123639,
    47.38080368427803,
    8.488711906720681,
    47.38127030797128
  ],
  "stac_extensions": [
    "https://stac-extensions.github.io/label/v1.0.1/schema.json"
  ],
  "collection": "6a12797d-762b-4fd3-8c31-7f5e756fd2e2"
}