{
  "type": "Collection",
  "id": "50975083-c82e-411c-9453-94e602bccb63",
  "stac_version": "1.0.0",
  "description": "{17C12A46-DC5F-4884-8864-F4759DA6DB42}_tile_3",
  "links": [
    {
      "rel": "root",
      "href": "../catalog.json",
      "type": "application/json"
    },
    {
      "rel": "item",
      "href": "./8b5b01c5-734a-4996-a4f7-87500ca78b42/8b5b01c5-734a-4996-a4f7-87500ca78b42.json",
      "type": "application/json"
    },
    {
      "rel": "item",
      "href": "./0b2c1925-eec8-4a62-9efa-4aa886cab246/0b2c1925-eec8-4a62-9efa-4aa886cab246.json",
      "type": "application/json"
    },
    {
      "rel": "parent",
      "href": "../catalog.json",
      "type": "application/json"
    }
  ],
  "extent": {
    "spatial": {
      "bbox": [
        [
          8.531023736924418,
          47.38831579199195,
          8.531639947499691,
          47.38866509873929
        ]
      ]
    },
    "temporal": {
      "interval": [
        [
          "2025-01-31T23:47:04.442104Z",
          "2025-03-20T09:20:49.341419Z"
        ]
      ]
    }
  },
  "license": "proprietary"
}