{
  "type": "Collection",
  "id": "52bab763-4e85-46b2-9958-b85670d520f7",
  "stac_version": "1.0.0",
  "description": "6864_tile_2",
  "links": [
    {
      "rel": "root",
      "href": "../catalog.json",
      "type": "application/json"
    },
    {
      "rel": "item",
      "href": "./14bd7264-ba9c-4fea-88b1-5345d230c2bd/14bd7264-ba9c-4fea-88b1-5345d230c2bd.json",
      "type": "application/json"
    },
    {
      "rel": "item",
      "href": "./2044dd06-0c5a-49a3-b223-c84cdaca8e6a/2044dd06-0c5a-49a3-b223-c84cdaca8e6a.json",
      "type": "application/json"
    },
    {
      "rel": "parent",
      "href": "../catalog.json",
      "type": "application/json"
    }
  ],
  "extent": {
    "spatial": {
      "bbox": [
        [
          8.503017633156988,
          47.41853454611667,
          8.503705255856136,
          47.419001251188625
        ]
      ]
    },
    "temporal": {
      "interval": [
        [
          "2025-05-06T07:09:29.702984Z",
          "2025-05-07T19:02:16.157242Z"
        ]
      ]
    }
  },
  "license": "proprietary"
}