{
  "type": "Collection",
  "id": "ca2f59cd-44b3-4ae7-977a-f40ddd0bf307",
  "stac_version": "1.0.0",
  "description": "{78C6FCB2-283E-4150-8EC5-EF595A0EE908}_tile_4",
  "links": [
    {
      "rel": "root",
      "href": "../catalog.json",
      "type": "application/json"
    },
    {
      "rel": "item",
      "href": "./dfaca373-ca7d-4397-9490-ec98dcf9d53c/dfaca373-ca7d-4397-9490-ec98dcf9d53c.json",
      "type": "application/json"
    },
    {
      "rel": "item",
      "href": "./ea38a576-18b6-4b50-aadb-a723c1a166c7/ea38a576-18b6-4b50-aadb-a723c1a166c7.json",
      "type": "application/json"
    },
    {
      "rel": "parent",
      "href": "../catalog.json",
      "type": "application/json"
    }
  ],
  "extent": {
    "spatial": {
      "bbox": [
        [
          8.528949824663268,
          47.3947383370759,
          8.529628153692942,
          47.39475552927433
        ]
      ]
    },
    "temporal": {
      "interval": [
        [
          "2025-01-31T23:46:49.629329Z",
          "2025-03-20T09:20:53.229752Z"
        ]
      ]
    }
  },
  "license": "proprietary"
}