{
  "type": "Feature",
  "stac_version": "1.0.0",
  "id": "187724af-4e30-4e5f-a45e-7596248c3085",
  "properties": {
    "title": "Groundwork campaign labels",
    "description": "Labels created from a Groundwork campaign!",
    "label:description": "Labels for project 2955_tile_0",
    "label:type": "vector",
    "label:properties": [
      "default"
    ],
    "label:classes": [
      {
        "classes": [
          "Pavement Distress",
          "Non-Pavement Distress"
        ],
        "name": "default"
      }
    ],
    "label:tasks": [
      "detection"
    ],
    "datetime": "2025-04-28T08:57:18.933345Z"
  },
  "geometry": {
    "type": "Polygon",
    "coordinates": [
      [
        [
          8.588056076298095,
          47.37232258236086
        ],
        [
          8.588066005869733,
          47.37278303909113
        ],
        [
          8.587388184587292,
          47.372789782504434
        ],
        [
          8.587378260873955,
          47.372329325716436
        ],
        [
          8.588056076298095,
          47.37232258236086
        ]
      ]
    ]
  },
  "links": [
    {
      "rel": "source",
      "href": "../dec5fc75-3da3-4182-9c59-a862472295aa/dec5fc75-3da3-4182-9c59-a862472295aa.json",
      "type": "application/json"
    },
    {
      "rel": "root",
      "href": "../../catalog.json",
      "type": "application/json"
    },
    {
      "rel": "collection",
      "href": "../collection.json",
      "type": "application/json"
    },
    {
      "rel": "parent",
      "href": "../collection.json",
      "type": "application/json"
    }
  ],
  "assets": {
    "labels": {
      "href": "./labels.geojson",
      "type": "application/geo+json"
    }
  },
  "bbox": [
    8.587378260873955,
    47.37232258236086,
    8.588066005869733,
    47.372789782504434
  ],
  "stac_extensions": [
    "https://stac-extensions.github.io/label/v1.0.1/schema.json"
  ],
  "collection": "5ed3ba4a-cb88-40b5-953b-e3c481e37346"
}