{
  "type": "Collection",
  "id": "8d3c2090-fefd-442d-aa10-63c03999ce43",
  "stac_version": "1.0.0",
  "description": "{1BB0C094-EBD8-4CCF-9BC0-BB10B6AB606A}_tile_0",
  "links": [
    {
      "rel": "root",
      "href": "../catalog.json",
      "type": "application/json"
    },
    {
      "rel": "item",
      "href": "./b7c51265-0f60-40e6-83a9-20991be30e66/b7c51265-0f60-40e6-83a9-20991be30e66.json",
      "type": "application/json"
    },
    {
      "rel": "item",
      "href": "./e1a88f04-fad6-4cfe-8469-f1f710ec48e9/e1a88f04-fad6-4cfe-8469-f1f710ec48e9.json",
      "type": "application/json"
    },
    {
      "rel": "parent",
      "href": "../catalog.json",
      "type": "application/json"
    }
  ],
  "extent": {
    "spatial": {
      "bbox": [
        [
          8.544515264982106,
          47.3755505678644,
          8.544617383991719,
          47.37600651911641
        ]
      ]
    },
    "temporal": {
      "interval": [
        [
          "2025-01-31T23:44:35.191085Z",
          "2025-03-20T09:21:23.814561Z"
        ]
      ]
    }
  },
  "license": "proprietary"
}