{
  "type": "Feature",
  "stac_version": "1.0.0",
  "id": "5a3db86d-e4ca-40bf-81e3-6864cfabaa1e",
  "properties": {
    "title": "Groundwork campaign labels",
    "description": "Labels created from a Groundwork campaign!",
    "label:description": "Labels for project 14543_tile_0",
    "label:type": "vector",
    "label:properties": [
      "default"
    ],
    "label:classes": [
      {
        "classes": [
          "Pavement Distress",
          "Non-Pavement Distress"
        ],
        "name": "default"
      }
    ],
    "label:tasks": [
      "detection"
    ],
    "datetime": "2025-04-28T08:56:15.090865Z"
  },
  "geometry": {
    "type": "Polygon",
    "coordinates": [
      [
        [
          8.50155997741751,
          47.425321104160325
        ],
        [
          8.501569168442197,
          47.425781560470284
        ],
        [
          8.500890661420108,
          47.425787795852344
        ],
        [
          8.500881476265892,
          47.425327339488994
        ],
        [
          8.50155997741751,
          47.425321104160325
        ]
      ]
    ]
  },
  "links": [
    {
      "rel": "source",
      "href": "../faf8c3d3-094e-4103-a2ec-55ac1f1a9b5b/faf8c3d3-094e-4103-a2ec-55ac1f1a9b5b.json",
      "type": "application/json"
    },
    {
      "rel": "root",
      "href": "../../catalog.json",
      "type": "application/json"
    },
    {
      "rel": "collection",
      "href": "../collection.json",
      "type": "application/json"
    },
    {
      "rel": "parent",
      "href": "../collection.json",
      "type": "application/json"
    }
  ],
  "assets": {
    "labels": {
      "href": "./labels.geojson",
      "type": "application/geo+json"
    }
  },
  "bbox": [
    8.500881476265892,
    47.425321104160325,
    8.501569168442197,
    47.425787795852344
  ],
  "stac_extensions": [
    "https://stac-extensions.github.io/label/v1.0.1/schema.json"
  ],
  "collection": "efd2c2f2-1d8a-4759-9176-afa8d47877d8"
}