{
  "type": "Collection",
  "id": "24134aef-0700-40d3-95f4-e3ba634f4f29",
  "stac_version": "1.0.0",
  "description": "13928_tile_1",
  "links": [
    {
      "rel": "root",
      "href": "../catalog.json",
      "type": "application/json"
    },
    {
      "rel": "item",
      "href": "./3ad7f5bf-ab5d-4dde-9441-d241311229be/3ad7f5bf-ab5d-4dde-9441-d241311229be.json",
      "type": "application/json"
    },
    {
      "rel": "item",
      "href": "./3c121930-2980-4519-9d62-6939aa2c60a5/3c121930-2980-4519-9d62-6939aa2c60a5.json",
      "type": "application/json"
    },
    {
      "rel": "parent",
      "href": "../catalog.json",
      "type": "application/json"
    }
  ],
  "extent": {
    "spatial": {
      "bbox": [
        [
          8.513025318566749,
          47.37645129441009,
          8.513712483219853,
          47.376918063543954
        ]
      ]
    },
    "temporal": {
      "interval": [
        [
          "2025-05-06T07:12:54.695874Z",
          "2025-05-07T19:01:24.469478Z"
        ]
      ]
    }
  },
  "license": "proprietary"
}