{
  "type": "Collection",
  "id": "1ba17374-ae58-4f56-9624-769ed28133be",
  "stac_version": "1.0.0",
  "description": "8173_tile_0",
  "links": [
    {
      "rel": "root",
      "href": "../catalog.json",
      "type": "application/json"
    },
    {
      "rel": "item",
      "href": "./983708f6-6265-4009-bc46-6af72428efa2/983708f6-6265-4009-bc46-6af72428efa2.json",
      "type": "application/json"
    },
    {
      "rel": "item",
      "href": "./5f54c4f8-8aec-409b-9ad8-78b5ec0aa9d2/5f54c4f8-8aec-409b-9ad8-78b5ec0aa9d2.json",
      "type": "application/json"
    },
    {
      "rel": "parent",
      "href": "../catalog.json",
      "type": "application/json"
    }
  ],
  "extent": {
    "spatial": {
      "bbox": [
        [
          8.488037650147518,
          47.37129489460087,
          8.4887245351982,
          47.37176151971648
        ]
      ]
    },
    "temporal": {
      "interval": [
        [
          "2025-04-02T11:46:14.141147Z",
          "2025-04-28T08:56:50.707214Z"
        ]
      ]
    }
  },
  "license": "proprietary"
}