{
  "type": "Feature",
  "stac_version": "1.0.0",
  "id": "da997a07-dbfa-46df-9df6-da7aa68572bf",
  "properties": {
    "title": "Groundwork campaign labels",
    "description": "Labels created from a Groundwork campaign!",
    "label:description": "Labels for project 13543_tile_0",
    "label:type": "vector",
    "label:properties": [
      "default"
    ],
    "label:classes": [
      {
        "classes": [
          "Pavement_distress",
          "non_pavement_distress"
        ],
        "name": "default"
      }
    ],
    "label:tasks": [
      "detection"
    ],
    "datetime": "2025-05-07T19:01:25.207786Z"
  },
  "geometry": {
    "type": "Polygon",
    "coordinates": [
      [
        [
          8.478448238996323,
          47.3850638282641
        ],
        [
          8.478457223176616,
          47.38552429223119
        ],
        [
          8.47777922641793,
          47.38553039193243
        ],
        [
          8.477770248099311,
          47.38506992791312
        ],
        [
          8.478448238996323,
          47.3850638282641
        ]
      ]
    ]
  },
  "links": [
    {
      "rel": "source",
      "href": "../2d55334a-849f-4dac-90fa-7f912ad1c789/2d55334a-849f-4dac-90fa-7f912ad1c789.json",
      "type": "application/json"
    },
    {
      "rel": "root",
      "href": "../../catalog.json",
      "type": "application/json"
    },
    {
      "rel": "collection",
      "href": "../collection.json",
      "type": "application/json"
    },
    {
      "rel": "parent",
      "href": "../collection.json",
      "type": "application/json"
    }
  ],
  "assets": {
    "labels": {
      "href": "./labels.geojson",
      "type": "application/geo+json"
    }
  },
  "bbox": [
    8.477770248099311,
    47.3850638282641,
    8.478457223176616,
    47.38553039193243
  ],
  "stac_extensions": [
    "https://stac-extensions.github.io/label/v1.0.1/schema.json"
  ],
  "collection": "526e7abd-b686-489a-a97a-37cdb2960caf"
}