{
  "type": "Feature",
  "stac_version": "1.0.0",
  "id": "c8d31bbf-b8bf-4eb6-9de1-a254fda9bd14",
  "properties": {
    "title": "Groundwork campaign labels",
    "description": "Labels created from a Groundwork campaign!",
    "label:description": "Labels for project {CB772FF2-F954-4786-8329-64B3C98AA35E}_tile_0",
    "label:type": "vector",
    "label:properties": [
      "default"
    ],
    "label:classes": [
      {
        "classes": [
          "Pavement_distress",
          "Shadows"
        ],
        "name": "default"
      }
    ],
    "label:tasks": [
      "detection"
    ],
    "datetime": "2025-03-20T09:21:35.374906Z"
  },
  "geometry": {
    "type": "Polygon",
    "coordinates": [
      [
        [
          8.526608452509764,
          47.371876984785416
        ],
        [
          8.526617759014426,
          47.37233295005552
        ],
        [
          8.525939935844855,
          47.372339332606735
        ],
        [
          8.525930635141501,
          47.371883367282564
        ],
        [
          8.526608452509764,
          47.371876984785416
        ]
      ]
    ]
  },
  "links": [
    {
      "rel": "source",
      "href": "../e730bcd0-8a8f-48d8-aaae-0c46baa63813/e730bcd0-8a8f-48d8-aaae-0c46baa63813.json",
      "type": "application/json"
    },
    {
      "rel": "root",
      "href": "../../catalog.json",
      "type": "application/json"
    },
    {
      "rel": "collection",
      "href": "../collection.json",
      "type": "application/json"
    },
    {
      "rel": "parent",
      "href": "../collection.json",
      "type": "application/json"
    }
  ],
  "assets": {
    "labels": {
      "href": "./labels.geojson",
      "type": "application/geo+json"
    }
  },
  "bbox": [
    8.525930635141501,
    47.371876984785416,
    8.526617759014426,
    47.372339332606735
  ],
  "stac_extensions": [
    "https://stac-extensions.github.io/label/v1.0.1/schema.json"
  ],
  "collection": "d12dd608-438c-4cf6-b7a1-264903756a2e"
}