{
  "type": "Feature",
  "stac_version": "1.0.0",
  "id": "4df4259f-5cef-4d3c-98d8-1b498936f972",
  "properties": {
    "title": "Groundwork campaign labels",
    "description": "Labels created from a Groundwork campaign!",
    "label:description": "Labels for project 12656_tile_0",
    "label:type": "vector",
    "label:properties": [
      "default"
    ],
    "label:classes": [
      {
        "classes": [
          "Pavement_distress",
          "non_pavement_distress"
        ],
        "name": "default"
      }
    ],
    "label:tasks": [
      "detection"
    ],
    "datetime": "2025-05-07T19:01:33.873250Z"
  },
  "geometry": {
    "type": "Polygon",
    "coordinates": [
      [
        [
          8.522826072159086,
          47.36715502660157
        ],
        [
          8.522835436911231,
          47.36761548953968
        ],
        [
          8.522157673314403,
          47.36762184988446
        ],
        [
          8.52214831441976,
          47.36716138689194
        ],
        [
          8.522826072159086,
          47.36715502660157
        ]
      ]
    ]
  },
  "links": [
    {
      "rel": "source",
      "href": "../d0f9b336-e4db-4fa5-9a1a-7987a5b9599f/d0f9b336-e4db-4fa5-9a1a-7987a5b9599f.json",
      "type": "application/json"
    },
    {
      "rel": "root",
      "href": "../../catalog.json",
      "type": "application/json"
    },
    {
      "rel": "collection",
      "href": "../collection.json",
      "type": "application/json"
    },
    {
      "rel": "parent",
      "href": "../collection.json",
      "type": "application/json"
    }
  ],
  "assets": {
    "labels": {
      "href": "./labels.geojson",
      "type": "application/geo+json"
    }
  },
  "bbox": [
    8.52214831441976,
    47.36715502660157,
    8.522835436911231,
    47.36762184988446
  ],
  "stac_extensions": [
    "https://stac-extensions.github.io/label/v1.0.1/schema.json"
  ],
  "collection": "89e38a4f-5600-4a27-821d-e2b8ff5ddc4d"
}