{
  "type": "Feature",
  "stac_version": "1.0.0",
  "id": "096c4162-46bc-42bd-a262-56e7f80bafe0",
  "properties": {
    "title": "Groundwork campaign labels",
    "description": "Labels created from a Groundwork campaign!",
    "label:description": "Labels for project 11642_tile_4",
    "label:type": "vector",
    "label:properties": [
      "default"
    ],
    "label:classes": [
      {
        "classes": [
          "Pavement_distress",
          "non_pavement_distress"
        ],
        "name": "default"
      }
    ],
    "label:tasks": [
      "detection"
    ],
    "datetime": "2025-05-07T19:01:41.544478Z"
  },
  "geometry": {
    "type": "Polygon",
    "coordinates": [
      [
        [
          8.478996447485825,
          47.36986087632238
        ],
        [
          8.479005433825458,
          47.37032134238795
        ],
        [
          8.478327630642449,
          47.370327445327106
        ],
        [
          8.478318650161134,
          47.369866979209334
        ],
        [
          8.478996447485825,
          47.36986087632238
        ]
      ]
    ]
  },
  "links": [
    {
      "rel": "source",
      "href": "../afbbfeb5-909e-4bb8-91f5-ff6a74334d8f/afbbfeb5-909e-4bb8-91f5-ff6a74334d8f.json",
      "type": "application/json"
    },
    {
      "rel": "root",
      "href": "../../catalog.json",
      "type": "application/json"
    },
    {
      "rel": "collection",
      "href": "../collection.json",
      "type": "application/json"
    },
    {
      "rel": "parent",
      "href": "../collection.json",
      "type": "application/json"
    }
  ],
  "assets": {
    "labels": {
      "href": "./labels.geojson",
      "type": "application/geo+json"
    }
  },
  "bbox": [
    8.478318650161134,
    47.36986087632238,
    8.479005433825458,
    47.370327445327106
  ],
  "stac_extensions": [
    "https://stac-extensions.github.io/label/v1.0.1/schema.json"
  ],
  "collection": "eb91024d-166b-4eb3-8705-638762a06341"
}