{
  "type": "Feature",
  "stac_version": "1.0.0",
  "id": "c6fc2b5b-5767-45c5-b943-9b2f715798bc",
  "properties": {
    "title": "Groundwork campaign labels",
    "description": "Labels created from a Groundwork campaign!",
    "label:description": "Labels for project 16632_tile_2",
    "label:type": "vector",
    "label:properties": [
      "default"
    ],
    "label:classes": [
      {
        "classes": [
          "Pavement_distress",
          "non_pavement_distress"
        ],
        "name": "default"
      }
    ],
    "label:tasks": [
      "detection"
    ],
    "datetime": "2025-05-07T19:01:08.474416Z"
  },
  "geometry": {
    "type": "Polygon",
    "coordinates": [
      [
        [
          8.525974169631326,
          47.375964943301135
        ],
        [
          8.525983563158897,
          47.37642540474777
        ],
        [
          8.52530568782944,
          47.376431783569366
        ],
        [
          8.525296300161301,
          47.37597132206818
        ],
        [
          8.525974169631326,
          47.375964943301135
        ]
      ]
    ]
  },
  "links": [
    {
      "rel": "source",
      "href": "../38846411-f96e-4c59-bda6-02c1594b6839/38846411-f96e-4c59-bda6-02c1594b6839.json",
      "type": "application/json"
    },
    {
      "rel": "root",
      "href": "../../catalog.json",
      "type": "application/json"
    },
    {
      "rel": "collection",
      "href": "../collection.json",
      "type": "application/json"
    },
    {
      "rel": "parent",
      "href": "../collection.json",
      "type": "application/json"
    }
  ],
  "assets": {
    "labels": {
      "href": "./labels.geojson",
      "type": "application/geo+json"
    }
  },
  "bbox": [
    8.525296300161301,
    47.375964943301135,
    8.525983563158897,
    47.376431783569366
  ],
  "stac_extensions": [
    "https://stac-extensions.github.io/label/v1.0.1/schema.json"
  ],
  "collection": "f9591450-6b77-43d7-8c4f-fc59ab16b1bf"
}