{
  "type": "Collection",
  "id": "ae58d4e7-5b85-4a93-acb6-85a66f9744af",
  "stac_version": "1.0.0",
  "description": "{11B4E3C0-8A08-4199-8DE5-B6BC4DB9D57D}_tile_5",
  "links": [
    {
      "rel": "root",
      "href": "../catalog.json",
      "type": "application/json"
    },
    {
      "rel": "item",
      "href": "./29df8584-1cda-4987-9dea-357d6a839bb2/29df8584-1cda-4987-9dea-357d6a839bb2.json",
      "type": "application/json"
    },
    {
      "rel": "item",
      "href": "./ffdb61d5-15c6-4d47-aba0-6147e97c49e2/ffdb61d5-15c6-4d47-aba0-6147e97c49e2.json",
      "type": "application/json"
    },
    {
      "rel": "parent",
      "href": "../catalog.json",
      "type": "application/json"
    }
  ],
  "extent": {
    "spatial": {
      "bbox": [
        [
          8.537935184353499,
          47.33920368760377,
          8.538308515945351,
          47.33966761863503
        ]
      ]
    },
    "temporal": {
      "interval": [
        [
          "2025-01-31T23:44:33.455664Z",
          "2025-03-20T09:21:24.248914Z"
        ]
      ]
    }
  },
  "license": "proprietary"
}