{
  "type": "Feature",
  "stac_version": "1.0.0",
  "id": "ddb746fc-c0e2-4b82-b22f-5e961adaf7ec",
  "properties": {
    "title": "Groundwork campaign labels",
    "description": "Labels created from a Groundwork campaign!",
    "label:description": "Labels for project 6619_tile_0",
    "label:type": "vector",
    "label:properties": [
      "default"
    ],
    "label:classes": [
      {
        "classes": [
          "Pavement_distress",
          "non_pavement_distress"
        ],
        "name": "default"
      }
    ],
    "label:tasks": [
      "detection"
    ],
    "datetime": "2025-05-07T19:02:18.349203Z"
  },
  "geometry": {
    "type": "Polygon",
    "coordinates": [
      [
        [
          8.495197687823854,
          47.387367520306654
        ],
        [
          8.495206817236689,
          47.387827982624344
        ],
        [
          8.494528793091048,
          47.38783418068894
        ],
        [
          8.494519669540319,
          47.38737371831817
        ],
        [
          8.495197687823854,
          47.387367520306654
        ]
      ]
    ]
  },
  "links": [
    {
      "rel": "source",
      "href": "../9a8f57f9-dbf1-4219-a505-5225e3e70062/9a8f57f9-dbf1-4219-a505-5225e3e70062.json",
      "type": "application/json"
    },
    {
      "rel": "root",
      "href": "../../catalog.json",
      "type": "application/json"
    },
    {
      "rel": "collection",
      "href": "../collection.json",
      "type": "application/json"
    },
    {
      "rel": "parent",
      "href": "../collection.json",
      "type": "application/json"
    }
  ],
  "assets": {
    "labels": {
      "href": "./labels.geojson",
      "type": "application/geo+json"
    }
  },
  "bbox": [
    8.494519669540319,
    47.387367520306654,
    8.495206817236689,
    47.38783418068894
  ],
  "stac_extensions": [
    "https://stac-extensions.github.io/label/v1.0.1/schema.json"
  ],
  "collection": "b9385c1d-b649-4ad2-8523-626579dca6f9"
}