{
  "type": "Collection",
  "id": "17991a81-fabb-4e09-9313-558eb888de78",
  "stac_version": "1.0.0",
  "description": "17467_tile_0",
  "links": [
    {
      "rel": "root",
      "href": "../catalog.json",
      "type": "application/json"
    },
    {
      "rel": "item",
      "href": "./70e9f005-93d9-4d6a-987c-357e881a0b8f/70e9f005-93d9-4d6a-987c-357e881a0b8f.json",
      "type": "application/json"
    },
    {
      "rel": "item",
      "href": "./682dd0c2-c9c8-4b26-b67f-8bf0db6e961c/682dd0c2-c9c8-4b26-b67f-8bf0db6e961c.json",
      "type": "application/json"
    },
    {
      "rel": "parent",
      "href": "../catalog.json",
      "type": "application/json"
    }
  ],
  "extent": {
    "spatial": {
      "bbox": [
        [
          8.52180932774825,
          47.39413000265504,
          8.52249679551018,
          47.39459682012994
        ]
      ]
    },
    "temporal": {
      "interval": [
        [
          "2025-05-06T07:14:42.486657Z",
          "2025-05-07T19:01:02.402209Z"
        ]
      ]
    }
  },
  "license": "proprietary"
}