{
  "type": "Collection",
  "id": "ad1359ba-f10a-4170-959b-9553c326a946",
  "stac_version": "1.0.0",
  "description": "6830_tile_0",
  "links": [
    {
      "rel": "root",
      "href": "../catalog.json",
      "type": "application/json"
    },
    {
      "rel": "item",
      "href": "./2a72b002-b699-4b6e-82b1-8615d00f2a22/2a72b002-b699-4b6e-82b1-8615d00f2a22.json",
      "type": "application/json"
    },
    {
      "rel": "item",
      "href": "./e8694454-2c74-4cf2-98dd-d087df655cbc/e8694454-2c74-4cf2-98dd-d087df655cbc.json",
      "type": "application/json"
    },
    {
      "rel": "parent",
      "href": "../catalog.json",
      "type": "application/json"
    }
  ],
  "extent": {
    "spatial": {
      "bbox": [
        [
          8.528851817393905,
          47.37538181871599,
          8.529539103176452,
          47.37584867965592
        ]
      ]
    },
    "temporal": {
      "interval": [
        [
          "2025-04-02T11:45:48.614121Z",
          "2025-04-28T08:56:58.087899Z"
        ]
      ]
    }
  },
  "license": "proprietary"
}