{
  "type": "Feature",
  "stac_version": "1.0.0",
  "id": "af18da4e-f77b-4113-92d3-1bf9ee2cbe35",
  "properties": {
    "title": "Groundwork campaign labels",
    "description": "Labels created from a Groundwork campaign!",
    "label:description": "Labels for project 14420_tile_0",
    "label:type": "vector",
    "label:properties": [
      "default"
    ],
    "label:classes": [
      {
        "classes": [
          "Pavement_distress",
          "non_pavement_distress"
        ],
        "name": "default"
      }
    ],
    "label:tasks": [
      "detection"
    ],
    "datetime": "2025-05-07T19:01:21.964855Z"
  },
  "geometry": {
    "type": "Polygon",
    "coordinates": [
      [
        [
          8.511910960815463,
          47.42482521034126
        ],
        [
          8.511920241327294,
          47.42528566589126
        ],
        [
          8.511241741855503,
          47.42529196206241
        ],
        [
          8.51123246721398,
          47.42483150645849
        ],
        [
          8.511910960815463,
          47.42482521034126
        ]
      ]
    ]
  },
  "links": [
    {
      "rel": "source",
      "href": "../cd44196c-af66-4a6b-a803-73b33b7e63d7/cd44196c-af66-4a6b-a803-73b33b7e63d7.json",
      "type": "application/json"
    },
    {
      "rel": "root",
      "href": "../../catalog.json",
      "type": "application/json"
    },
    {
      "rel": "collection",
      "href": "../collection.json",
      "type": "application/json"
    },
    {
      "rel": "parent",
      "href": "../collection.json",
      "type": "application/json"
    }
  ],
  "assets": {
    "labels": {
      "href": "./labels.geojson",
      "type": "application/geo+json"
    }
  },
  "bbox": [
    8.51123246721398,
    47.42482521034126,
    8.511920241327294,
    47.42529196206241
  ],
  "stac_extensions": [
    "https://stac-extensions.github.io/label/v1.0.1/schema.json"
  ],
  "collection": "57f93d84-0b7a-40c7-a818-abb547eaa0f2"
}