{
  "type": "Feature",
  "stac_version": "1.0.0",
  "id": "c7be5dac-1fdb-4d24-a4b1-15ada1d4a044",
  "properties": {
    "title": "Groundwork campaign labels",
    "description": "Labels created from a Groundwork campaign!",
    "label:description": "Labels for project 2119_tile_0",
    "label:type": "vector",
    "label:properties": [
      "default"
    ],
    "label:classes": [
      {
        "classes": [
          "Pavement Distress",
          "Non-Pavement Distress"
        ],
        "name": "default"
      }
    ],
    "label:tasks": [
      "detection"
    ],
    "datetime": "2025-04-28T08:57:22.082531Z"
  },
  "geometry": {
    "type": "Polygon",
    "coordinates": [
      [
        [
          8.52268206988081,
          47.38540115814682
        ],
        [
          8.522691436616046,
          47.38586161852869
        ],
        [
          8.5220134407677,
          47.38586797800485
        ],
        [
          8.522004079893993,
          47.38540751756856
        ],
        [
          8.52268206988081,
          47.38540115814682
        ]
      ]
    ]
  },
  "links": [
    {
      "rel": "source",
      "href": "../035a8278-c2fd-4fff-bf7b-9ffdabffe70c/035a8278-c2fd-4fff-bf7b-9ffdabffe70c.json",
      "type": "application/json"
    },
    {
      "rel": "root",
      "href": "../../catalog.json",
      "type": "application/json"
    },
    {
      "rel": "collection",
      "href": "../collection.json",
      "type": "application/json"
    },
    {
      "rel": "parent",
      "href": "../collection.json",
      "type": "application/json"
    }
  ],
  "assets": {
    "labels": {
      "href": "./labels.geojson",
      "type": "application/geo+json"
    }
  },
  "bbox": [
    8.522004079893993,
    47.38540115814682,
    8.522691436616046,
    47.38586797800485
  ],
  "stac_extensions": [
    "https://stac-extensions.github.io/label/v1.0.1/schema.json"
  ],
  "collection": "b5311411-277d-418d-8e4e-63302341eea9"
}