{
  "type": "Collection",
  "id": "0bd3c3ff-e385-4723-aa0a-b9f557c2b3b4",
  "stac_version": "1.0.0",
  "description": "9595_tile_1",
  "links": [
    {
      "rel": "root",
      "href": "../catalog.json",
      "type": "application/json"
    },
    {
      "rel": "item",
      "href": "./815988b6-ca5c-46cf-abc5-27bd574b486b/815988b6-ca5c-46cf-abc5-27bd574b486b.json",
      "type": "application/json"
    },
    {
      "rel": "item",
      "href": "./be7e1bf7-ed55-4c20-89c9-3111e5d52c7c/be7e1bf7-ed55-4c20-89c9-3111e5d52c7c.json",
      "type": "application/json"
    },
    {
      "rel": "parent",
      "href": "../catalog.json",
      "type": "application/json"
    }
  ],
  "extent": {
    "spatial": {
      "bbox": [
        [
          8.534070828458638,
          47.37455973127192,
          8.534758148119845,
          47.37502662254853
        ]
      ]
    },
    "temporal": {
      "interval": [
        [
          "2025-04-02T11:46:36.258051Z",
          "2025-04-28T08:56:44.425112Z"
        ]
      ]
    }
  },
  "license": "proprietary"
}