{
  "type": "Collection",
  "id": "15040b1b-98c5-4f47-af9f-404e622a6a04",
  "stac_version": "1.0.0",
  "description": "{B64A8DC3-A09D-4345-8149-6063D99FE9A4}_tile_1",
  "links": [
    {
      "rel": "root",
      "href": "../catalog.json",
      "type": "application/json"
    },
    {
      "rel": "item",
      "href": "./3d36716f-edc2-414c-957d-5d09e40ed013/3d36716f-edc2-414c-957d-5d09e40ed013.json",
      "type": "application/json"
    },
    {
      "rel": "item",
      "href": "./c965fea2-41f3-418d-a8ff-bbd75d7f9017/c965fea2-41f3-418d-a8ff-bbd75d7f9017.json",
      "type": "application/json"
    },
    {
      "rel": "parent",
      "href": "../catalog.json",
      "type": "application/json"
    }
  ],
  "extent": {
    "spatial": {
      "bbox": [
        [
          8.534761068537989,
          47.388484811655225,
          8.535447777868832,
          47.38891303358689
        ]
      ]
    },
    "temporal": {
      "interval": [
        [
          "2025-01-31T23:47:01.651238Z",
          "2025-03-20T09:20:50.441402Z"
        ]
      ]
    }
  },
  "license": "proprietary"
}