{
  "type": "Feature",
  "stac_version": "1.0.0",
  "id": "b43f5f88-1a90-4002-a675-640da93b9379",
  "properties": {
    "title": "Groundwork campaign labels",
    "description": "Labels created from a Groundwork campaign!",
    "label:description": "Labels for project {F393934B-2811-45C0-B4A2-D340CA7C6306}_tile_0",
    "label:type": "vector",
    "label:properties": [
      "default"
    ],
    "label:classes": [
      {
        "classes": [
          "Pavement_distress",
          "Shadows"
        ],
        "name": "default"
      }
    ],
    "label:tasks": [
      "detection"
    ],
    "datetime": "2025-03-20T09:20:57.656828Z"
  },
  "geometry": {
    "type": "Polygon",
    "coordinates": [
      [
        [
          8.47448171906637,
          47.39072763039098
        ],
        [
          8.474482907840734,
          47.390788785699584
        ],
        [
          8.474402122850153,
          47.390789509849185
        ],
        [
          8.474400934168562,
          47.39072835453979
        ],
        [
          8.47448171906637,
          47.39072763039098
        ]
      ]
    ]
  },
  "links": [
    {
      "rel": "source",
      "href": "../b1f1d3fe-5526-4292-9930-e2fe1f4fe18b/b1f1d3fe-5526-4292-9930-e2fe1f4fe18b.json",
      "type": "application/json"
    },
    {
      "rel": "root",
      "href": "../../catalog.json",
      "type": "application/json"
    },
    {
      "rel": "collection",
      "href": "../collection.json",
      "type": "application/json"
    },
    {
      "rel": "parent",
      "href": "../collection.json",
      "type": "application/json"
    }
  ],
  "assets": {
    "labels": {
      "href": "./labels.geojson",
      "type": "application/geo+json"
    }
  },
  "bbox": [
    8.474400934168562,
    47.39072763039098,
    8.474482907840734,
    47.390789509849185
  ],
  "stac_extensions": [
    "https://stac-extensions.github.io/label/v1.0.1/schema.json"
  ],
  "collection": "795f8b5b-08e9-41e6-9354-c5c9467c152e"
}