{
  "type": "Feature",
  "stac_version": "1.0.0",
  "id": "f66fb505-114a-4086-b3bf-beeb59e8003e",
  "properties": {
    "title": "Groundwork campaign labels",
    "description": "Labels created from a Groundwork campaign!",
    "label:description": "Labels for project 9402_tile_1",
    "label:type": "vector",
    "label:properties": [
      "default"
    ],
    "label:classes": [
      {
        "classes": [
          "Pavement Distress",
          "Non-Pavement Distress"
        ],
        "name": "default"
      }
    ],
    "label:tasks": [
      "detection"
    ],
    "datetime": "2025-04-28T08:56:44.907939Z"
  },
  "geometry": {
    "type": "Polygon",
    "coordinates": [
      [
        [
          8.54174936011524,
          47.42118924295825
        ],
        [
          8.54175889817906,
          47.421649696596944
        ],
        [
          8.541080448670673,
          47.42165616800419
        ],
        [
          8.541070916476201,
          47.42119571431006
        ],
        [
          8.54174936011524,
          47.42118924295825
        ]
      ]
    ]
  },
  "links": [
    {
      "rel": "source",
      "href": "../a1e8b9da-2aba-43d6-9236-9b38f99b00f6/a1e8b9da-2aba-43d6-9236-9b38f99b00f6.json",
      "type": "application/json"
    },
    {
      "rel": "root",
      "href": "../../catalog.json",
      "type": "application/json"
    },
    {
      "rel": "collection",
      "href": "../collection.json",
      "type": "application/json"
    },
    {
      "rel": "parent",
      "href": "../collection.json",
      "type": "application/json"
    }
  ],
  "assets": {
    "labels": {
      "href": "./labels.geojson",
      "type": "application/geo+json"
    }
  },
  "bbox": [
    8.541070916476201,
    47.42118924295825,
    8.54175889817906,
    47.42165616800419
  ],
  "stac_extensions": [
    "https://stac-extensions.github.io/label/v1.0.1/schema.json"
  ],
  "collection": "5a47ad30-73dd-4019-8a51-e41eda164247"
}