{
  "type": "Collection",
  "id": "ed92e742-8a18-4127-8ec6-4a80ee55891b",
  "stac_version": "1.0.0",
  "description": "{11A0A188-9414-4D86-804C-27FB12CD8ACD}_tile_0",
  "links": [
    {
      "rel": "root",
      "href": "../catalog.json",
      "type": "application/json"
    },
    {
      "rel": "item",
      "href": "./d8d49678-585f-4e1d-a4d5-27aef575f6e5/d8d49678-585f-4e1d-a4d5-27aef575f6e5.json",
      "type": "application/json"
    },
    {
      "rel": "item",
      "href": "./3564c9f1-e9b6-43b2-9190-1cf69935a34f/3564c9f1-e9b6-43b2-9190-1cf69935a34f.json",
      "type": "application/json"
    },
    {
      "rel": "parent",
      "href": "../catalog.json",
      "type": "application/json"
    }
  ],
  "extent": {
    "spatial": {
      "bbox": [
        [
          8.518610553803889,
          47.391141877453904,
          8.51893905571,
          47.3916053208693
        ]
      ]
    },
    "temporal": {
      "interval": [
        [
          "2025-01-31T23:44:33.764238Z",
          "2025-03-20T09:21:24.110143Z"
        ]
      ]
    }
  },
  "license": "proprietary"
}