{
  "type": "Collection",
  "id": "f2041bd1-7f38-4792-9345-04b4acf998f5",
  "stac_version": "1.0.0",
  "description": "12675_tile_1",
  "links": [
    {
      "rel": "root",
      "href": "../catalog.json",
      "type": "application/json"
    },
    {
      "rel": "item",
      "href": "./989ed1c4-84cd-4b6a-b220-4a499b924ebd/989ed1c4-84cd-4b6a-b220-4a499b924ebd.json",
      "type": "application/json"
    },
    {
      "rel": "item",
      "href": "./6b74740f-bfbf-4f87-b43f-b537b2815f8b/6b74740f-bfbf-4f87-b43f-b537b2815f8b.json",
      "type": "application/json"
    },
    {
      "rel": "parent",
      "href": "../catalog.json",
      "type": "application/json"
    }
  ],
  "extent": {
    "spatial": {
      "bbox": [
        [
          8.556347021895277,
          47.40540906271625,
          8.557034929885216,
          47.40587607851717
        ]
      ]
    },
    "temporal": {
      "interval": [
        [
          "2025-05-06T07:12:19.094405Z",
          "2025-05-07T19:01:33.463281Z"
        ]
      ]
    }
  },
  "license": "proprietary"
}