{
  "type": "Feature",
  "stac_version": "1.0.0",
  "id": "af465409-1b70-4a03-81e7-46f769f16257",
  "properties": {
    "title": "Groundwork campaign labels",
    "description": "Labels created from a Groundwork campaign!",
    "label:description": "Labels for project 4522_tile_0",
    "label:type": "vector",
    "label:properties": [
      "default"
    ],
    "label:classes": [
      {
        "classes": [
          "Pavement Distress",
          "Non-Pavement Distress"
        ],
        "name": "default"
      }
    ],
    "label:tasks": [
      "detection"
    ],
    "datetime": "2025-04-28T08:57:10.678744Z"
  },
  "geometry": {
    "type": "Polygon",
    "coordinates": [
      [
        [
          8.514928505433238,
          47.36584724171773
        ],
        [
          8.514937801688125,
          47.366307705480395
        ],
        [
          8.514260053785636,
          47.36631401944625
        ],
        [
          8.514250763387999,
          47.3658535556296
        ],
        [
          8.514928505433238,
          47.36584724171773
        ]
      ]
    ]
  },
  "links": [
    {
      "rel": "source",
      "href": "../94cc82f0-ccea-4f4e-bf6a-935f3dd8eea6/94cc82f0-ccea-4f4e-bf6a-935f3dd8eea6.json",
      "type": "application/json"
    },
    {
      "rel": "root",
      "href": "../../catalog.json",
      "type": "application/json"
    },
    {
      "rel": "collection",
      "href": "../collection.json",
      "type": "application/json"
    },
    {
      "rel": "parent",
      "href": "../collection.json",
      "type": "application/json"
    }
  ],
  "assets": {
    "labels": {
      "href": "./labels.geojson",
      "type": "application/geo+json"
    }
  },
  "bbox": [
    8.514250763387999,
    47.36584724171773,
    8.514937801688125,
    47.36631401944625
  ],
  "stac_extensions": [
    "https://stac-extensions.github.io/label/v1.0.1/schema.json"
  ],
  "collection": "735b9fca-1a97-42db-8944-8f8c439f9dfb"
}