{
  "type": "Collection",
  "id": "ab45a5d6-6486-4c7d-8931-1cf2b2197a07",
  "stac_version": "1.0.0",
  "description": "11026_tile_0",
  "links": [
    {
      "rel": "root",
      "href": "../catalog.json",
      "type": "application/json"
    },
    {
      "rel": "item",
      "href": "./45e48450-ede9-47d3-ba7b-2ac2906802f5/45e48450-ede9-47d3-ba7b-2ac2906802f5.json",
      "type": "application/json"
    },
    {
      "rel": "item",
      "href": "./1f0b566e-ae07-4865-9833-58683dfbc12c/1f0b566e-ae07-4865-9833-58683dfbc12c.json",
      "type": "application/json"
    },
    {
      "rel": "parent",
      "href": "../catalog.json",
      "type": "application/json"
    }
  ],
  "extent": {
    "spatial": {
      "bbox": [
        [
          8.532497388845579,
          47.368672941609674,
          8.533184619131541,
          47.369139824607444
        ]
      ]
    },
    "temporal": {
      "interval": [
        [
          "2025-04-02T11:47:16.387101Z",
          "2025-04-28T08:56:32.711039Z"
        ]
      ]
    }
  },
  "license": "proprietary"
}