{
  "type": "Feature",
  "stac_version": "1.0.0",
  "id": "353a8024-8237-4125-af74-44b84122439b",
  "properties": {
    "datetime": "2025-05-06T07:12:17.514049Z"
  },
  "geometry": {
    "type": "Polygon",
    "coordinates": [
      [
        [
          8.515767182095084,
          47.36679470534448
        ],
        [
          8.515776485765889,
          47.36725516890715
        ],
        [
          8.51509872590875,
          47.367261487797215
        ],
        [
          8.5150894280954,
          47.366801024180496
        ],
        [
          8.515767182095084,
          47.36679470534448
        ]
      ]
    ]
  },
  "links": [
    {
      "rel": "root",
      "href": "../../catalog.json",
      "type": "application/json"
    },
    {
      "rel": "collection",
      "href": "../collection.json",
      "type": "application/json"
    },
    {
      "rel": "parent",
      "href": "../collection.json",
      "type": "application/json"
    }
  ],
  "assets": {
    "tile_server_url": {
      "href": "https://tiler.groundwork.element84.com/cog/tiles/WebMercatorQuad/{z}/{x}/{y}@1x?url=s3://groundwork-production-data-us-east-1/user-uploads/auth0|67045c3977ea93c8f9521feb/75a45c5c-b77f-4c81-b668-1c5f166b721b/cog.tif&bidx=1&bidx=2&bidx=3",
      "type": "image/png",
      "title": "Image layer",
      "description": "TMS tiles"
    },
    "signedURL": {
      "href": "https://groundwork-production-data-us-east-1.s3.amazonaws.com/user-uploads/auth0%7C67045c3977ea93c8f9521feb/75a45c5c-b77f-4c81-b668-1c5f166b721b/cog.tif?AWSAccessKeyId=ASIAY6ZH63CNXJDQSFIU&Signature=OG%2FcuKFX4t%2BsfmN1IGKjiYsG72M%3D&x-amz-security-token=IQoJb3JpZ2luX2VjELv%2F%2F%2F%2F%2F%2F%2F%2F%2F%2FwEaCXVzLWVhc3QtMSJGMEQCIEDXcXc9yppE7%2FRFvUcpoZ9SRa6oMz4CuQEF5axLBTI7AiAsIZF7ovyAfb3q40J7PfedNV6ybpQ%2F%2F9XJwLXAvnso6iqfBQhkEAQaDDYxNTg3NDc0NjUyMyIMI8Y88Im2ygDmIqcsKvwEBRqNhuSR%2BK9Liyl%2BKKY5AdJFH%2BVwRjz3XD2KZFNlQbZqIimdhYmt36lSqhh%2BH8FDa2bYJ%2FoHYH1XP6aotnh%2FaZv2nydv569V19DN2P7iIjJjjSTn4XXoHO9A1PNbdpEY2NwNAzc%2F6gt26Vd7dL5i6EeOckK5O8a0vmt4%2FW1mqZaux%2BD82rfKRFkFfuQEAVvO0R1LYKqQZ7SYWzYLoZoAyxnDKy6H%2FeKPtN66wqWWh2hxgGzUXDT6Fk%2BCJ6aoKYU1DZGLnZhjJ9q8uyTvdT77IGtCw%2F6BGeyc%2FekcsQ9PdOIdHtE50VNGmimZDArbt3iPPcblpubrtsihTPWfECZ3a7zY3nCusysKtqZv7%2FwDiYEyd0tMMXlG5fz807bkmLYjLH%2FYb2ei0QntQt%2FAevnjlc%2FtTf2%2FUt7%2FdE1YqxswEEBTeyk4kzLUlR9UqYzXTPIq9LOAEj8kj3RBjA97joSrp9uenV24u%2Bvm9cnsNWgYM%2BgxVZ5uhhVD4Yl%2FvA07k9zWN2veJ2sW1AGFqMraZUeEQdldHzn5uZ%2Fdbwm1nHoangn3SVae8x%2BhGCA7x8dqNMESaMeU6L8oTGJWvfCkUMVdXq8AlFOFyWLppxKgi6YHzFGQMuQJVdVHzDLnmKf%2FUPJea9AG26T0enMljyVvHclbybKeZrraXEetXT3xv5%2BoWJk0yM9saEOFwTzINkwmqr%2FfJFkQMxsFRB8qPxs5lkGn9BXtOZie09G99Ui%2BT20g%2BlKX7mjrSgRvPlLO5lTEkidQGBeDfP9ptDDsGmMNMVMa7JrBSbp2ReVVdVuD5D7n2lmsyF58T7715mBdslAtpvM8K2oOaUhXhJLBjXLlMNrb7sAGOqgB1bO8EfnyF0Mq3mdkAPlLsz05%2Be1e77WOoiaDghVBVpaQ9kE6yRHTCYgJ%2B6EYRvP9jNlJq8tBputPQHbpKzRIdgzt5OVDR3ieIvmFjsqGu1TO4uMz%2BKmncsVMEXAe1h1eMl2horNgu%2BrK3bNYrXeVYXFJNx3Zz%2F5RwdV8HVYQml%2BozPrIAhcKdQijc4xZyCVt69lVH5D1g14XlccwGZYP9B3ryUv0wSyu&Expires=1746903693",
      "type": "image/tiff; application=geotiff; profile=cloud-optimized",
      "title": "Image download URL",
      "description": "Signed URL (expires 2025-05-10T19:01:33.952603)"
    }
  },
  "bbox": [
    8.5150894280954,
    47.36679470534448,
    8.515776485765889,
    47.367261487797215
  ],
  "stac_extensions": [],
  "collection": "1c90e866-47b7-49f6-88fa-d913cdb73cce"
}