{
  "type": "Feature",
  "stac_version": "1.0.0",
  "id": "29fa0fec-891a-4e6d-ab0f-3809688efbe3",
  "properties": {
    "title": "Groundwork campaign labels",
    "description": "Labels created from a Groundwork campaign!",
    "label:description": "Labels for project 2931_tile_1",
    "label:type": "vector",
    "label:properties": [
      "default"
    ],
    "label:classes": [
      {
        "classes": [
          "Pavement_distress",
          "non_pavement_distress"
        ],
        "name": "default"
      }
    ],
    "label:tasks": [
      "detection"
    ],
    "datetime": "2025-05-07T19:02:32.426598Z"
  },
  "geometry": {
    "type": "Polygon",
    "coordinates": [
      [
        [
          8.591393858325674,
          47.3634883712677
        ],
        [
          8.591403815090409,
          47.36394882894251
        ],
        [
          8.590726106635833,
          47.363955591969
        ],
        [
          8.590716155727437,
          47.363495134236345
        ],
        [
          8.591393858325674,
          47.3634883712677
        ]
      ]
    ]
  },
  "links": [
    {
      "rel": "source",
      "href": "../9fe3207f-bbde-4a1d-8f6d-ac8df015ec19/9fe3207f-bbde-4a1d-8f6d-ac8df015ec19.json",
      "type": "application/json"
    },
    {
      "rel": "root",
      "href": "../../catalog.json",
      "type": "application/json"
    },
    {
      "rel": "collection",
      "href": "../collection.json",
      "type": "application/json"
    },
    {
      "rel": "parent",
      "href": "../collection.json",
      "type": "application/json"
    }
  ],
  "assets": {
    "labels": {
      "href": "./labels.geojson",
      "type": "application/geo+json"
    }
  },
  "bbox": [
    8.590716155727437,
    47.3634883712677,
    8.591403815090409,
    47.363955591969
  ],
  "stac_extensions": [
    "https://stac-extensions.github.io/label/v1.0.1/schema.json"
  ],
  "collection": "e1891ff1-1046-4476-99d3-9aee33adcd62"
}