{
  "type": "Collection",
  "id": "88850d3a-0e3e-4577-bc2b-b87e64828e75",
  "stac_version": "1.0.0",
  "description": "9834_tile_2",
  "links": [
    {
      "rel": "root",
      "href": "../catalog.json",
      "type": "application/json"
    },
    {
      "rel": "item",
      "href": "./1eb44e30-c9fb-4748-ba52-50fde264a645/1eb44e30-c9fb-4748-ba52-50fde264a645.json",
      "type": "application/json"
    },
    {
      "rel": "item",
      "href": "./422c53e4-fcb9-446c-90f2-d310b190bc44/422c53e4-fcb9-446c-90f2-d310b190bc44.json",
      "type": "application/json"
    },
    {
      "rel": "parent",
      "href": "../catalog.json",
      "type": "application/json"
    }
  ],
  "extent": {
    "spatial": {
      "bbox": [
        [
          8.527402444994747,
          47.35006514496092,
          8.528089391866242,
          47.35053200105357
        ]
      ]
    },
    "temporal": {
      "interval": [
        [
          "2025-04-02T11:46:46.048665Z",
          "2025-04-28T08:56:41.634712Z"
        ]
      ]
    }
  },
  "license": "proprietary"
}