{
  "type": "Feature",
  "stac_version": "1.0.0",
  "id": "86bed9e8-c923-490e-a89a-f71b853820cd",
  "properties": {
    "title": "Groundwork campaign labels",
    "description": "Labels created from a Groundwork campaign!",
    "label:description": "Labels for project 15577_tile_0",
    "label:type": "vector",
    "label:properties": [
      "default"
    ],
    "label:classes": [
      {
        "classes": [
          "Pavement Distress",
          "Non-Pavement Distress"
        ],
        "name": "default"
      }
    ],
    "label:tasks": [
      "detection"
    ],
    "datetime": "2025-04-28T08:56:11.246702Z"
  },
  "geometry": {
    "type": "Polygon",
    "coordinates": [
      [
        [
          8.491235420869506,
          47.39001404099183
        ],
        [
          8.491244516473458,
          47.39047450324721
        ],
        [
          8.490566458163968,
          47.390480678039026
        ],
        [
          8.490557368422728,
          47.39002021573077
        ],
        [
          8.491235420869506,
          47.39001404099183
        ]
      ]
    ]
  },
  "links": [
    {
      "rel": "source",
      "href": "../24b9e900-8ef9-4297-919b-f7b027c0107e/24b9e900-8ef9-4297-919b-f7b027c0107e.json",
      "type": "application/json"
    },
    {
      "rel": "root",
      "href": "../../catalog.json",
      "type": "application/json"
    },
    {
      "rel": "collection",
      "href": "../collection.json",
      "type": "application/json"
    },
    {
      "rel": "parent",
      "href": "../collection.json",
      "type": "application/json"
    }
  ],
  "assets": {
    "labels": {
      "href": "./labels.geojson",
      "type": "application/geo+json"
    }
  },
  "bbox": [
    8.490557368422728,
    47.39001404099183,
    8.491244516473458,
    47.390480678039026
  ],
  "stac_extensions": [
    "https://stac-extensions.github.io/label/v1.0.1/schema.json"
  ],
  "collection": "4a1650ab-5e70-40ff-b8c3-cdc5c41caf42"
}