{
  "type": "Feature",
  "stac_version": "1.0.0",
  "id": "1171b88a-7c46-4492-8dc5-6a9b24c86792",
  "properties": {
    "title": "Groundwork campaign labels",
    "description": "Labels created from a Groundwork campaign!",
    "label:description": "Labels for project 8992_tile_1",
    "label:type": "vector",
    "label:properties": [
      "default"
    ],
    "label:classes": [
      {
        "classes": [
          "Pavement Distress",
          "Non-Pavement Distress"
        ],
        "name": "default"
      }
    ],
    "label:tasks": [
      "detection"
    ],
    "datetime": "2025-04-28T08:56:47.212766Z"
  },
  "geometry": {
    "type": "Polygon",
    "coordinates": [
      [
        [
          8.522487493571385,
          47.37498755959535
        ],
        [
          8.522496856781805,
          47.37544802146438
        ],
        [
          8.521818993472644,
          47.37545437981094
        ],
        [
          8.521809636121459,
          47.374993917887465
        ],
        [
          8.522487493571385,
          47.37498755959535
        ]
      ]
    ]
  },
  "links": [
    {
      "rel": "source",
      "href": "../beb840bd-9b3b-422c-84b6-c02466018b96/beb840bd-9b3b-422c-84b6-c02466018b96.json",
      "type": "application/json"
    },
    {
      "rel": "root",
      "href": "../../catalog.json",
      "type": "application/json"
    },
    {
      "rel": "collection",
      "href": "../collection.json",
      "type": "application/json"
    },
    {
      "rel": "parent",
      "href": "../collection.json",
      "type": "application/json"
    }
  ],
  "assets": {
    "labels": {
      "href": "./labels.geojson",
      "type": "application/geo+json"
    }
  },
  "bbox": [
    8.521809636121459,
    47.37498755959535,
    8.522496856781805,
    47.37545437981094
  ],
  "stac_extensions": [
    "https://stac-extensions.github.io/label/v1.0.1/schema.json"
  ],
  "collection": "2c086a7a-dda5-4461-9b4d-e7af4dba8527"
}