{
  "type": "Collection",
  "id": "2d7f2d7f-0b02-4ea1-b3d0-66d2e7e83af2",
  "stac_version": "1.0.0",
  "description": "10557_tile_3",
  "links": [
    {
      "rel": "root",
      "href": "../catalog.json",
      "type": "application/json"
    },
    {
      "rel": "item",
      "href": "./6b6e0990-a752-4bed-96e0-de89574e044b/6b6e0990-a752-4bed-96e0-de89574e044b.json",
      "type": "application/json"
    },
    {
      "rel": "item",
      "href": "./c064e976-cffe-494d-9cd7-2537dd5b6e89/c064e976-cffe-494d-9cd7-2537dd5b6e89.json",
      "type": "application/json"
    },
    {
      "rel": "parent",
      "href": "../catalog.json",
      "type": "application/json"
    }
  ],
  "extent": {
    "spatial": {
      "bbox": [
        [
          8.551950832999246,
          47.35735539712139,
          8.552638083038827,
          47.35782239433231
        ]
      ]
    },
    "temporal": {
      "interval": [
        [
          "2025-05-06T07:11:14.615471Z",
          "2025-05-07T19:01:49.947317Z"
        ]
      ]
    }
  },
  "license": "proprietary"
}