{
  "type": "Feature",
  "stac_version": "1.0.0",
  "id": "028ef6de-69a3-442e-8714-54531256012c",
  "properties": {
    "title": "Groundwork campaign labels",
    "description": "Labels created from a Groundwork campaign!",
    "label:description": "Labels for project 483_tile_2",
    "label:type": "vector",
    "label:properties": [
      "default"
    ],
    "label:classes": [
      {
        "classes": [
          "Pavement Distress",
          "Non-Pavement Distress"
        ],
        "name": "default"
      }
    ],
    "label:tasks": [
      "detection"
    ],
    "datetime": "2025-04-28T08:57:29.073415Z"
  },
  "geometry": {
    "type": "Polygon",
    "coordinates": [
      [
        [
          8.57208522910796,
          47.41178289795073
        ],
        [
          8.572095027920355,
          47.4122433504104
        ],
        [
          8.571416702080171,
          47.41224999998121
        ],
        [
          8.571406909134884,
          47.41178954746458
        ],
        [
          8.57208522910796,
          47.41178289795073
        ]
      ]
    ]
  },
  "links": [
    {
      "rel": "source",
      "href": "../bd513c20-7d8d-4fc9-b681-9d4298e4d261/bd513c20-7d8d-4fc9-b681-9d4298e4d261.json",
      "type": "application/json"
    },
    {
      "rel": "root",
      "href": "../../catalog.json",
      "type": "application/json"
    },
    {
      "rel": "collection",
      "href": "../collection.json",
      "type": "application/json"
    },
    {
      "rel": "parent",
      "href": "../collection.json",
      "type": "application/json"
    }
  ],
  "assets": {
    "labels": {
      "href": "./labels.geojson",
      "type": "application/geo+json"
    }
  },
  "bbox": [
    8.571406909134884,
    47.41178289795073,
    8.572095027920355,
    47.41224999998121
  ],
  "stac_extensions": [
    "https://stac-extensions.github.io/label/v1.0.1/schema.json"
  ],
  "collection": "8c6b9c99-e495-46e6-966e-084aa1378004"
}