{
  "type": "Collection",
  "id": "dcb14a0d-34d4-429f-8784-d33309930393",
  "stac_version": "1.0.0",
  "description": "10151_tile_0",
  "links": [
    {
      "rel": "root",
      "href": "../catalog.json",
      "type": "application/json"
    },
    {
      "rel": "item",
      "href": "./ab40991f-b7cb-46e7-a338-078e7291b89a/ab40991f-b7cb-46e7-a338-078e7291b89a.json",
      "type": "application/json"
    },
    {
      "rel": "item",
      "href": "./5fe71fdf-664d-4496-bcc7-a97d3fdf5805/5fe71fdf-664d-4496-bcc7-a97d3fdf5805.json",
      "type": "application/json"
    },
    {
      "rel": "parent",
      "href": "../catalog.json",
      "type": "application/json"
    }
  ],
  "extent": {
    "spatial": {
      "bbox": [
        [
          8.586888636354583,
          47.3604123584291,
          8.587576223417946,
          47.36087955741534
        ]
      ]
    },
    "temporal": {
      "interval": [
        [
          "2025-05-06T07:11:00.622332Z",
          "2025-05-07T19:01:53.222496Z"
        ]
      ]
    }
  },
  "license": "proprietary"
}