{
  "type": "Collection",
  "id": "a6ed525d-f94b-4d82-a801-0b91983af6eb",
  "stac_version": "1.0.0",
  "description": "16262_tile_3",
  "links": [
    {
      "rel": "root",
      "href": "../catalog.json",
      "type": "application/json"
    },
    {
      "rel": "item",
      "href": "./604e2c77-26b8-4fbc-bd0f-fb46c21ed5ac/604e2c77-26b8-4fbc-bd0f-fb46c21ed5ac.json",
      "type": "application/json"
    },
    {
      "rel": "item",
      "href": "./e862992d-e962-4de4-b25d-135247b13e91/e862992d-e962-4de4-b25d-135247b13e91.json",
      "type": "application/json"
    },
    {
      "rel": "parent",
      "href": "../catalog.json",
      "type": "application/json"
    }
  ],
  "extent": {
    "spatial": {
      "bbox": [
        [
          8.495802296579281,
          47.39687431829738,
          8.496489577933446,
          47.39734098474043
        ]
      ]
    },
    "temporal": {
      "interval": [
        [
          "2025-04-02T11:49:27.710909Z",
          "2025-04-28T08:56:05.968980Z"
        ]
      ]
    }
  },
  "license": "proprietary"
}