{
  "type": "Collection",
  "id": "a43e1a6c-6488-4366-910a-f7500292de7b",
  "stac_version": "1.0.0",
  "description": "10484_tile_0",
  "links": [
    {
      "rel": "root",
      "href": "../catalog.json",
      "type": "application/json"
    },
    {
      "rel": "item",
      "href": "./a7db2531-1b97-4710-9fef-08156ef624c2/a7db2531-1b97-4710-9fef-08156ef624c2.json",
      "type": "application/json"
    },
    {
      "rel": "item",
      "href": "./240eff6a-c1db-4a76-a966-536a4295163f/240eff6a-c1db-4a76-a966-536a4295163f.json",
      "type": "application/json"
    },
    {
      "rel": "parent",
      "href": "../catalog.json",
      "type": "application/json"
    }
  ],
  "extent": {
    "spatial": {
      "bbox": [
        [
          8.490524913633152,
          47.40521228861764,
          8.491212257618843,
          47.40567892327562
        ]
      ]
    },
    "temporal": {
      "interval": [
        [
          "2025-04-02T11:47:00.620624Z",
          "2025-04-28T08:56:37.225342Z"
        ]
      ]
    }
  },
  "license": "proprietary"
}