{
  "type": "Collection",
  "id": "f373427d-36ff-40d9-a9e5-e0a4c227a327",
  "stac_version": "1.0.0",
  "description": "11642_tile_5",
  "links": [
    {
      "rel": "root",
      "href": "../catalog.json",
      "type": "application/json"
    },
    {
      "rel": "item",
      "href": "./a27abd6a-a461-4cff-9e8a-d084f70ee4db/a27abd6a-a461-4cff-9e8a-d084f70ee4db.json",
      "type": "application/json"
    },
    {
      "rel": "item",
      "href": "./155ecb37-f7c2-42d4-a227-59be949025b7/155ecb37-f7c2-42d4-a227-59be949025b7.json",
      "type": "application/json"
    },
    {
      "rel": "parent",
      "href": "../catalog.json",
      "type": "application/json"
    }
  ],
  "extent": {
    "spatial": {
      "bbox": [
        [
          8.478318948338678,
          47.36987616523582,
          8.479005732202689,
          47.3703427342401
        ]
      ]
    },
    "temporal": {
      "interval": [
        [
          "2025-05-06T07:11:49.154261Z",
          "2025-05-07T19:01:41.333582Z"
        ]
      ]
    }
  },
  "license": "proprietary"
}