{
  "type": "Feature",
  "stac_version": "1.0.0",
  "id": "f6068ef2-310e-4758-a06f-4860c55f4bc8",
  "properties": {
    "title": "Groundwork campaign labels",
    "description": "Labels created from a Groundwork campaign!",
    "label:description": "Labels for project 17681_tile_3",
    "label:type": "vector",
    "label:properties": [
      "default"
    ],
    "label:classes": [
      {
        "classes": [
          "Pavement_distress",
          "non_pavement_distress"
        ],
        "name": "default"
      }
    ],
    "label:tasks": [
      "detection"
    ],
    "datetime": "2025-05-07T19:00:59.373901Z"
  },
  "geometry": {
    "type": "Polygon",
    "coordinates": [
      [
        [
          8.5470483970078,
          47.38236078426048
        ],
        [
          8.547057973890357,
          47.38282124306193
        ],
        [
          8.546380019710531,
          47.38282774563832
        ],
        [
          8.546370448688702,
          47.38236728678119
        ],
        [
          8.5470483970078,
          47.38236078426048
        ]
      ]
    ]
  },
  "links": [
    {
      "rel": "source",
      "href": "../943d4cda-0286-47cf-aed9-18c76ba91b57/943d4cda-0286-47cf-aed9-18c76ba91b57.json",
      "type": "application/json"
    },
    {
      "rel": "root",
      "href": "../../catalog.json",
      "type": "application/json"
    },
    {
      "rel": "collection",
      "href": "../collection.json",
      "type": "application/json"
    },
    {
      "rel": "parent",
      "href": "../collection.json",
      "type": "application/json"
    }
  ],
  "assets": {
    "labels": {
      "href": "./labels.geojson",
      "type": "application/geo+json"
    }
  },
  "bbox": [
    8.546370448688702,
    47.38236078426048,
    8.547057973890357,
    47.38282774563832
  ],
  "stac_extensions": [
    "https://stac-extensions.github.io/label/v1.0.1/schema.json"
  ],
  "collection": "b8c8f222-4f9d-486b-b59d-9f6dd98e4212"
}