{
  "type": "Feature",
  "stac_version": "1.0.0",
  "id": "09e01a35-606d-46e9-9640-177e4b923d35",
  "properties": {
    "title": "Groundwork campaign labels",
    "description": "Labels created from a Groundwork campaign!",
    "label:description": "Labels for project 764_tile_0",
    "label:type": "vector",
    "label:properties": [
      "default"
    ],
    "label:classes": [
      {
        "classes": [
          "Pavement Distress",
          "Non-Pavement Distress"
        ],
        "name": "default"
      }
    ],
    "label:tasks": [
      "detection"
    ],
    "datetime": "2025-04-28T08:57:28.687881Z"
  },
  "geometry": {
    "type": "Polygon",
    "coordinates": [
      [
        [
          8.558120954334811,
          47.37785538736999
        ],
        [
          8.558130626133261,
          47.378315845879335
        ],
        [
          8.557452730671976,
          47.37832241348708
        ],
        [
          8.55744306473321,
          47.377861954921556
        ],
        [
          8.558120954334811,
          47.37785538736999
        ]
      ]
    ]
  },
  "links": [
    {
      "rel": "source",
      "href": "../50a059e9-8c55-4a69-bbd9-67899dc3a44a/50a059e9-8c55-4a69-bbd9-67899dc3a44a.json",
      "type": "application/json"
    },
    {
      "rel": "root",
      "href": "../../catalog.json",
      "type": "application/json"
    },
    {
      "rel": "collection",
      "href": "../collection.json",
      "type": "application/json"
    },
    {
      "rel": "parent",
      "href": "../collection.json",
      "type": "application/json"
    }
  ],
  "assets": {
    "labels": {
      "href": "./labels.geojson",
      "type": "application/geo+json"
    }
  },
  "bbox": [
    8.55744306473321,
    47.37785538736999,
    8.558130626133261,
    47.37832241348708
  ],
  "stac_extensions": [
    "https://stac-extensions.github.io/label/v1.0.1/schema.json"
  ],
  "collection": "a28a7e30-2401-4eff-add6-91d189d0a25d"
}