{
  "type": "Feature",
  "stac_version": "1.0.0",
  "id": "acf7acda-1ddc-47eb-b487-4201f5abe75f",
  "properties": {
    "title": "Groundwork campaign labels",
    "description": "Labels created from a Groundwork campaign!",
    "label:description": "Labels for project 10534_tile_1",
    "label:type": "vector",
    "label:properties": [
      "default"
    ],
    "label:classes": [
      {
        "classes": [
          "Pavement_distress",
          "non_pavement_distress"
        ],
        "name": "default"
      }
    ],
    "label:tasks": [
      "detection"
    ],
    "datetime": "2025-05-07T19:01:50.840669Z"
  },
  "geometry": {
    "type": "Polygon",
    "coordinates": [
      [
        [
          8.52321607523362,
          47.39771309265887
        ],
        [
          8.523225448767398,
          47.398173551238045
        ],
        [
          8.522547296187657,
          47.398179913834774
        ],
        [
          8.522537928518128,
          47.39771945520115
        ],
        [
          8.52321607523362,
          47.39771309265887
        ]
      ]
    ]
  },
  "links": [
    {
      "rel": "source",
      "href": "../0079cc55-f359-46ca-8640-1c8efe466b92/0079cc55-f359-46ca-8640-1c8efe466b92.json",
      "type": "application/json"
    },
    {
      "rel": "root",
      "href": "../../catalog.json",
      "type": "application/json"
    },
    {
      "rel": "collection",
      "href": "../collection.json",
      "type": "application/json"
    },
    {
      "rel": "parent",
      "href": "../collection.json",
      "type": "application/json"
    }
  ],
  "assets": {
    "labels": {
      "href": "./labels.geojson",
      "type": "application/geo+json"
    }
  },
  "bbox": [
    8.522537928518128,
    47.39771309265887,
    8.523225448767398,
    47.398179913834774
  ],
  "stac_extensions": [
    "https://stac-extensions.github.io/label/v1.0.1/schema.json"
  ],
  "collection": "62cef2c2-4aea-465f-a6b5-ddc5d8d8c7e1"
}