{
  "type": "Collection",
  "id": "e0ea25aa-7eab-41ff-87d4-7420ce19164a",
  "stac_version": "1.0.0",
  "description": "10695_tile_0",
  "links": [
    {
      "rel": "root",
      "href": "../catalog.json",
      "type": "application/json"
    },
    {
      "rel": "item",
      "href": "./bc07ed40-70e2-44b8-8df0-e97c7044d727/bc07ed40-70e2-44b8-8df0-e97c7044d727.json",
      "type": "application/json"
    },
    {
      "rel": "item",
      "href": "./7ab59c7a-482a-440d-844d-b9799eebcef5/7ab59c7a-482a-440d-844d-b9799eebcef5.json",
      "type": "application/json"
    },
    {
      "rel": "parent",
      "href": "../catalog.json",
      "type": "application/json"
    }
  ],
  "extent": {
    "spatial": {
      "bbox": [
        [
          8.550869838249517,
          47.38346170886539,
          8.551557416017276,
          47.38392869613304
        ]
      ]
    },
    "temporal": {
      "interval": [
        [
          "2025-05-06T07:11:18.375887Z",
          "2025-05-07T19:01:49.019383Z"
        ]
      ]
    }
  },
  "license": "proprietary"
}