{
  "type": "Collection",
  "id": "87acf33e-9b38-4ca7-ace5-f0db251e9be7",
  "stac_version": "1.0.0",
  "description": "16942_tile_0",
  "links": [
    {
      "rel": "root",
      "href": "../catalog.json",
      "type": "application/json"
    },
    {
      "rel": "item",
      "href": "./e3ab1957-442a-4136-abb5-0dd97da069bf/e3ab1957-442a-4136-abb5-0dd97da069bf.json",
      "type": "application/json"
    },
    {
      "rel": "item",
      "href": "./23608874-18c1-45fc-9cb0-239964d931c6/23608874-18c1-45fc-9cb0-239964d931c6.json",
      "type": "application/json"
    },
    {
      "rel": "parent",
      "href": "../catalog.json",
      "type": "application/json"
    }
  ],
  "extent": {
    "spatial": {
      "bbox": [
        [
          8.53323861271934,
          47.38316965741538,
          8.533926036421313,
          47.38363654264796
        ]
      ]
    },
    "temporal": {
      "interval": [
        [
          "2025-04-02T11:49:37.955524Z",
          "2025-04-28T08:56:02.909558Z"
        ]
      ]
    }
  },
  "license": "proprietary"
}