{
  "type": "Collection",
  "id": "6a12797d-762b-4fd3-8c31-7f5e756fd2e2",
  "stac_version": "1.0.0",
  "description": "5725_tile_2",
  "links": [
    {
      "rel": "root",
      "href": "../catalog.json",
      "type": "application/json"
    },
    {
      "rel": "item",
      "href": "./1aa0bd89-3b18-4f99-b0be-2ddc121e09e1/1aa0bd89-3b18-4f99-b0be-2ddc121e09e1.json",
      "type": "application/json"
    },
    {
      "rel": "item",
      "href": "./f120a189-f1b9-4288-9162-86d4da1bee91/f120a189-f1b9-4288-9162-86d4da1bee91.json",
      "type": "application/json"
    },
    {
      "rel": "parent",
      "href": "../catalog.json",
      "type": "application/json"
    }
  ],
  "extent": {
    "spatial": {
      "bbox": [
        [
          8.488024899123639,
          47.38080368427803,
          8.488711906720681,
          47.38127030797128
        ]
      ]
    },
    "temporal": {
      "interval": [
        [
          "2025-04-02T11:45:31.386841Z",
          "2025-04-28T08:57:03.194357Z"
        ]
      ]
    }
  },
  "license": "proprietary"
}