{
  "type": "Feature",
  "stac_version": "1.0.0",
  "id": "04850f1e-cc77-4e3a-ac74-5f52002c434a",
  "properties": {
    "title": "Groundwork campaign labels",
    "description": "Labels created from a Groundwork campaign!",
    "label:description": "Labels for project 15577_tile_3",
    "label:type": "vector",
    "label:properties": [
      "default"
    ],
    "label:classes": [
      {
        "classes": [
          "Pavement Distress",
          "Non-Pavement Distress"
        ],
        "name": "default"
      }
    ],
    "label:tasks": [
      "detection"
    ],
    "datetime": "2025-04-28T08:56:11.011045Z"
  },
  "geometry": {
    "type": "Polygon",
    "coordinates": [
      [
        [
          8.492283299288788,
          47.390423658658364
        ],
        [
          8.492292404025228,
          47.390884120772235
        ],
        [
          8.491614340621675,
          47.390890301717484
        ],
        [
          8.491605241748031,
          47.390429839550755
        ],
        [
          8.492283299288788,
          47.390423658658364
        ]
      ]
    ]
  },
  "links": [
    {
      "rel": "source",
      "href": "../2821da7b-15c6-4e6d-a302-d7af9d8f5e52/2821da7b-15c6-4e6d-a302-d7af9d8f5e52.json",
      "type": "application/json"
    },
    {
      "rel": "root",
      "href": "../../catalog.json",
      "type": "application/json"
    },
    {
      "rel": "collection",
      "href": "../collection.json",
      "type": "application/json"
    },
    {
      "rel": "parent",
      "href": "../collection.json",
      "type": "application/json"
    }
  ],
  "assets": {
    "labels": {
      "href": "./labels.geojson",
      "type": "application/geo+json"
    }
  },
  "bbox": [
    8.491605241748031,
    47.390423658658364,
    8.492292404025228,
    47.390890301717484
  ],
  "stac_extensions": [
    "https://stac-extensions.github.io/label/v1.0.1/schema.json"
  ],
  "collection": "67cb4569-d3f2-4e1a-ba8c-3bedd40d7a47"
}