{
  "type": "Collection",
  "id": "efd2c2f2-1d8a-4759-9176-afa8d47877d8",
  "stac_version": "1.0.0",
  "description": "14543_tile_0",
  "links": [
    {
      "rel": "root",
      "href": "../catalog.json",
      "type": "application/json"
    },
    {
      "rel": "item",
      "href": "./faf8c3d3-094e-4103-a2ec-55ac1f1a9b5b/faf8c3d3-094e-4103-a2ec-55ac1f1a9b5b.json",
      "type": "application/json"
    },
    {
      "rel": "item",
      "href": "./5a3db86d-e4ca-40bf-81e3-6864cfabaa1e/5a3db86d-e4ca-40bf-81e3-6864cfabaa1e.json",
      "type": "application/json"
    },
    {
      "rel": "parent",
      "href": "../catalog.json",
      "type": "application/json"
    }
  ],
  "extent": {
    "spatial": {
      "bbox": [
        [
          8.500881476265892,
          47.425321104160325,
          8.501569168442197,
          47.425787795852344
        ]
      ]
    },
    "temporal": {
      "interval": [
        [
          "2025-04-02T11:48:41.439040Z",
          "2025-04-28T08:56:15.090865Z"
        ]
      ]
    }
  },
  "license": "proprietary"
}