{
  "type": "Feature",
  "stac_version": "1.0.0",
  "id": "f120497f-601c-49ec-9338-3fdd7aa25114",
  "properties": {
    "title": "Groundwork campaign labels",
    "description": "Labels created from a Groundwork campaign!",
    "label:description": "Labels for project 7903_tile_1",
    "label:type": "vector",
    "label:properties": [
      "default"
    ],
    "label:classes": [
      {
        "classes": [
          "Pavement_distress",
          "non_pavement_distress"
        ],
        "name": "default"
      }
    ],
    "label:tasks": [
      "detection"
    ],
    "datetime": "2025-05-07T19:02:10.505552Z"
  },
  "geometry": {
    "type": "Polygon",
    "coordinates": [
      [
        [
          8.495324557875726,
          47.37279167065208
        ],
        [
          8.495333685871756,
          47.373252135018326
        ],
        [
          8.494655847288813,
          47.37325833384589
        ],
        [
          8.494646725151663,
          47.372797869426584
        ],
        [
          8.495324557875726,
          47.37279167065208
        ]
      ]
    ]
  },
  "links": [
    {
      "rel": "source",
      "href": "../b7415a37-f6c6-4e14-99d0-4d5b08e46c4d/b7415a37-f6c6-4e14-99d0-4d5b08e46c4d.json",
      "type": "application/json"
    },
    {
      "rel": "root",
      "href": "../../catalog.json",
      "type": "application/json"
    },
    {
      "rel": "collection",
      "href": "../collection.json",
      "type": "application/json"
    },
    {
      "rel": "parent",
      "href": "../collection.json",
      "type": "application/json"
    }
  ],
  "assets": {
    "labels": {
      "href": "./labels.geojson",
      "type": "application/geo+json"
    }
  },
  "bbox": [
    8.494646725151663,
    47.37279167065208,
    8.495333685871756,
    47.37325833384589
  ],
  "stac_extensions": [
    "https://stac-extensions.github.io/label/v1.0.1/schema.json"
  ],
  "collection": "48595411-35ee-495e-b991-d01410399b78"
}