{
  "type": "Feature",
  "stac_version": "1.0.0",
  "id": "84ece2dc-6ad5-4f6f-b8c7-e2289d8a87d1",
  "properties": {
    "title": "Groundwork campaign labels",
    "description": "Labels created from a Groundwork campaign!",
    "label:description": "Labels for project {1ECBA372-B23A-4DFF-8A60-2AA9B675540B}_tile_1",
    "label:type": "vector",
    "label:properties": [
      "default"
    ],
    "label:classes": [
      {
        "classes": [
          "Pavement_distress",
          "Shadows"
        ],
        "name": "default"
      }
    ],
    "label:tasks": [
      "detection"
    ],
    "datetime": "2025-03-20T09:21:09.593748Z"
  },
  "geometry": {
    "type": "Polygon",
    "coordinates": [
      [
        [
          8.49440219045015,
          47.37990620605867
        ],
        [
          8.494411186992304,
          47.380360374099034
        ],
        [
          8.494276130804153,
          47.38036160825826
        ],
        [
          8.494267135413551,
          47.379907440207504
        ],
        [
          8.49440219045015,
          47.37990620605867
        ]
      ]
    ]
  },
  "links": [
    {
      "rel": "source",
      "href": "../3807e74f-4c3a-4933-b26d-1d98d857a7af/3807e74f-4c3a-4933-b26d-1d98d857a7af.json",
      "type": "application/json"
    },
    {
      "rel": "root",
      "href": "../../catalog.json",
      "type": "application/json"
    },
    {
      "rel": "collection",
      "href": "../collection.json",
      "type": "application/json"
    },
    {
      "rel": "parent",
      "href": "../collection.json",
      "type": "application/json"
    }
  ],
  "assets": {
    "labels": {
      "href": "./labels.geojson",
      "type": "application/geo+json"
    }
  },
  "bbox": [
    8.494267135413551,
    47.37990620605867,
    8.494411186992304,
    47.38036160825826
  ],
  "stac_extensions": [
    "https://stac-extensions.github.io/label/v1.0.1/schema.json"
  ],
  "collection": "29fcbaf5-99c3-4d54-aece-78ff97e76de5"
}