{
  "type": "Collection",
  "id": "e8382b90-d7ae-4f28-9f27-513bba189f78",
  "stac_version": "1.0.0",
  "description": "{2D1ED670-3075-4609-B412-3FDB84DAF276}_tile_0",
  "links": [
    {
      "rel": "root",
      "href": "../catalog.json",
      "type": "application/json"
    },
    {
      "rel": "item",
      "href": "./2581261e-c14c-4937-8486-aee4a7e36324/2581261e-c14c-4937-8486-aee4a7e36324.json",
      "type": "application/json"
    },
    {
      "rel": "item",
      "href": "./249c65e7-e2ba-4bd5-ab8b-90dc45a47754/249c65e7-e2ba-4bd5-ab8b-90dc45a47754.json",
      "type": "application/json"
    },
    {
      "rel": "parent",
      "href": "../catalog.json",
      "type": "application/json"
    }
  ],
  "extent": {
    "spatial": {
      "bbox": [
        [
          8.513126331324862,
          47.39893531219728,
          8.513806799658587,
          47.39905583494444
        ]
      ]
    },
    "temporal": {
      "interval": [
        [
          "2025-01-31T23:43:41.015111Z",
          "2025-03-20T09:21:36.019062Z"
        ]
      ]
    }
  },
  "license": "proprietary"
}