{
  "type": "Collection",
  "id": "275e53c7-6dff-47e1-aacf-f0ea2f68a6d8",
  "stac_version": "1.0.0",
  "description": "9744_tile_0",
  "links": [
    {
      "rel": "root",
      "href": "../catalog.json",
      "type": "application/json"
    },
    {
      "rel": "item",
      "href": "./fef5a62a-f2df-4969-95b7-f3fdc71fe041/fef5a62a-f2df-4969-95b7-f3fdc71fe041.json",
      "type": "application/json"
    },
    {
      "rel": "item",
      "href": "./6ccb34f1-8f0f-424b-b386-9209073f582f/6ccb34f1-8f0f-424b-b386-9209073f582f.json",
      "type": "application/json"
    },
    {
      "rel": "parent",
      "href": "../catalog.json",
      "type": "application/json"
    }
  ],
  "extent": {
    "spatial": {
      "bbox": [
        [
          8.567907753242597,
          47.4164307315476,
          8.568595902294653,
          47.41689781264256
        ]
      ]
    },
    "temporal": {
      "interval": [
        [
          "2025-05-06T07:10:45.219587Z",
          "2025-05-07T19:01:56.569723Z"
        ]
      ]
    }
  },
  "license": "proprietary"
}