{
  "type": "Feature",
  "stac_version": "1.0.0",
  "id": "17f9ba0f-d982-4c5f-8fa4-87c48df767af",
  "properties": {
    "title": "Groundwork campaign labels",
    "description": "Labels created from a Groundwork campaign!",
    "label:description": "Labels for project {11B4E3C0-8A08-4199-8DE5-B6BC4DB9D57D}_tile_6",
    "label:type": "vector",
    "label:properties": [
      "default"
    ],
    "label:classes": [
      {
        "classes": [
          "Pavement_distress",
          "Shadows"
        ],
        "name": "default"
      }
    ],
    "label:tasks": [
      "detection"
    ],
    "datetime": "2025-03-20T09:21:04.487605Z"
  },
  "geometry": {
    "type": "Polygon",
    "coordinates": [
      [
        [
          8.53792645411872,
          47.33878356071602
        ],
        [
          8.537935184353499,
          47.33920715309492
        ],
        [
          8.537257783837847,
          47.339213602151865
        ],
        [
          8.537249058985685,
          47.338790009722246
        ],
        [
          8.53792645411872,
          47.33878356071602
        ]
      ]
    ]
  },
  "links": [
    {
      "rel": "source",
      "href": "../29ed08ba-cdcc-4933-970c-1b964fe663e7/29ed08ba-cdcc-4933-970c-1b964fe663e7.json",
      "type": "application/json"
    },
    {
      "rel": "root",
      "href": "../../catalog.json",
      "type": "application/json"
    },
    {
      "rel": "collection",
      "href": "../collection.json",
      "type": "application/json"
    },
    {
      "rel": "parent",
      "href": "../collection.json",
      "type": "application/json"
    }
  ],
  "assets": {
    "labels": {
      "href": "./labels.geojson",
      "type": "application/geo+json"
    }
  },
  "bbox": [
    8.537249058985685,
    47.33878356071602,
    8.537935184353499,
    47.339213602151865
  ],
  "stac_extensions": [
    "https://stac-extensions.github.io/label/v1.0.1/schema.json"
  ],
  "collection": "90179c7e-e49a-4a7f-971e-40a47f75ec51"
}