{
  "type": "Collection",
  "id": "fbd8ecdf-4ea7-41e4-9e80-f8bdb25becdf",
  "stac_version": "1.0.0",
  "description": "3664_tile_0",
  "links": [
    {
      "rel": "root",
      "href": "../catalog.json",
      "type": "application/json"
    },
    {
      "rel": "item",
      "href": "./e533e05b-9148-46b6-b28f-90dcf7c8f5a1/e533e05b-9148-46b6-b28f-90dcf7c8f5a1.json",
      "type": "application/json"
    },
    {
      "rel": "item",
      "href": "./4d0d353e-1c67-4e4a-9f6e-ce2fb70f47dd/4d0d353e-1c67-4e4a-9f6e-ce2fb70f47dd.json",
      "type": "application/json"
    },
    {
      "rel": "parent",
      "href": "../catalog.json",
      "type": "application/json"
    }
  ],
  "extent": {
    "spatial": {
      "bbox": [
        [
          8.531056228091312,
          47.36108388623708,
          8.531743348191528,
          47.3615507619552
        ]
      ]
    },
    "temporal": {
      "interval": [
        [
          "2025-05-06T07:08:30.564006Z",
          "2025-05-07T19:02:29.266170Z"
        ]
      ]
    }
  },
  "license": "proprietary"
}