{
  "type": "Collection",
  "id": "7b3df705-cb52-409c-b6ed-71b66a4bd887",
  "stac_version": "1.0.0",
  "description": "11744_tile_1",
  "links": [
    {
      "rel": "root",
      "href": "../catalog.json",
      "type": "application/json"
    },
    {
      "rel": "item",
      "href": "./ad2e061e-aba3-4cd8-ab7e-b1d3f4c7b643/ad2e061e-aba3-4cd8-ab7e-b1d3f4c7b643.json",
      "type": "application/json"
    },
    {
      "rel": "item",
      "href": "./043ef1e9-d7a7-4114-a4a7-62e6eb790f3b/043ef1e9-d7a7-4114-a4a7-62e6eb790f3b.json",
      "type": "application/json"
    },
    {
      "rel": "parent",
      "href": "../catalog.json",
      "type": "application/json"
    }
  ],
  "extent": {
    "spatial": {
      "bbox": [
        [
          8.48452507640804,
          47.37522163390043,
          8.485211982144605,
          47.37568823810925
        ]
      ]
    },
    "temporal": {
      "interval": [
        [
          "2025-05-06T07:11:57.318806Z",
          "2025-05-07T19:01:39.459311Z"
        ]
      ]
    }
  },
  "license": "proprietary"
}