{
  "type": "Collection",
  "id": "798b7043-711c-4fa1-8795-4b4b29792af7",
  "stac_version": "1.0.0",
  "description": "11459_tile_0",
  "links": [
    {
      "rel": "root",
      "href": "../catalog.json",
      "type": "application/json"
    },
    {
      "rel": "item",
      "href": "./f2b620de-8130-4806-a849-c48038fa5f7f/f2b620de-8130-4806-a849-c48038fa5f7f.json",
      "type": "application/json"
    },
    {
      "rel": "item",
      "href": "./baa1b3d4-97cc-4a78-9270-3da1823135de/baa1b3d4-97cc-4a78-9270-3da1823135de.json",
      "type": "application/json"
    },
    {
      "rel": "parent",
      "href": "../catalog.json",
      "type": "application/json"
    }
  ],
  "extent": {
    "spatial": {
      "bbox": [
        [
          8.555925751235522,
          47.40320124721478,
          8.556613627100013,
          47.403668260899394
        ]
      ]
    },
    "temporal": {
      "interval": [
        [
          "2025-04-02T11:47:27.415000Z",
          "2025-04-28T08:56:29.708546Z"
        ]
      ]
    }
  },
  "license": "proprietary"
}