{
  "type": "Collection",
  "id": "1779cbc0-5318-43b3-accf-c4dcc783488b",
  "stac_version": "1.0.0",
  "description": "{EEAB64D9-384A-4E83-A0DE-647C70531818}_tile_3",
  "links": [
    {
      "rel": "root",
      "href": "../catalog.json",
      "type": "application/json"
    },
    {
      "rel": "item",
      "href": "./1d0cc400-edbc-41c7-91c4-b59ee91c1129/1d0cc400-edbc-41c7-91c4-b59ee91c1129.json",
      "type": "application/json"
    },
    {
      "rel": "item",
      "href": "./b871a473-35f5-4083-b15e-40cb2fbe46f4/b871a473-35f5-4083-b15e-40cb2fbe46f4.json",
      "type": "application/json"
    },
    {
      "rel": "parent",
      "href": "../catalog.json",
      "type": "application/json"
    }
  ],
  "extent": {
    "spatial": {
      "bbox": [
        [
          8.48597898903202,
          47.36295631670563,
          8.486357222560237,
          47.36314498017692
        ]
      ]
    },
    "temporal": {
      "interval": [
        [
          "2025-01-31T23:46:34.221361Z",
          "2025-03-20T09:20:56.589042Z"
        ]
      ]
    }
  },
  "license": "proprietary"
}