{
  "type": "Feature",
  "stac_version": "1.0.0",
  "id": "e37551bb-8862-4293-abd7-1764a7590104",
  "properties": {
    "title": "Groundwork campaign labels",
    "description": "Labels created from a Groundwork campaign!",
    "label:description": "Labels for project {E88E38CC-58F3-4B5F-AE38-CE199C5D730B}_tile_0",
    "label:type": "vector",
    "label:properties": [
      "default"
    ],
    "label:classes": [
      {
        "classes": [
          "Pavement_distress",
          "Shadows"
        ],
        "name": "default"
      }
    ],
    "label:tasks": [
      "detection"
    ],
    "datetime": "2025-03-20T09:21:09.047893Z"
  },
  "geometry": {
    "type": "Polygon",
    "coordinates": [
      [
        [
          8.506288041313155,
          47.376609116931164
        ],
        [
          8.506291842360541,
          47.3767988780389
        ],
        [
          8.505966141055044,
          47.37680188779684
        ],
        [
          8.505962341167896,
          47.3766121266785
        ],
        [
          8.506288041313155,
          47.376609116931164
        ]
      ]
    ]
  },
  "links": [
    {
      "rel": "source",
      "href": "../fd2764d7-7f04-414d-b921-dbca782a4464/fd2764d7-7f04-414d-b921-dbca782a4464.json",
      "type": "application/json"
    },
    {
      "rel": "root",
      "href": "../../catalog.json",
      "type": "application/json"
    },
    {
      "rel": "collection",
      "href": "../collection.json",
      "type": "application/json"
    },
    {
      "rel": "parent",
      "href": "../collection.json",
      "type": "application/json"
    }
  ],
  "assets": {
    "labels": {
      "href": "./labels.geojson",
      "type": "application/geo+json"
    }
  },
  "bbox": [
    8.505962341167896,
    47.376609116931164,
    8.506291842360541,
    47.37680188779684
  ],
  "stac_extensions": [
    "https://stac-extensions.github.io/label/v1.0.1/schema.json"
  ],
  "collection": "9684cc41-e8a8-4703-87f6-1dea627352af"
}