{
  "type": "Feature",
  "stac_version": "1.0.0",
  "id": "5a6e8618-755a-4a45-baad-734bf9f50638",
  "properties": {
    "title": "Groundwork campaign labels",
    "description": "Labels created from a Groundwork campaign!",
    "label:description": "Labels for project 17238_tile_2",
    "label:type": "vector",
    "label:properties": [
      "default"
    ],
    "label:classes": [
      {
        "classes": [
          "Pavement_distress",
          "non_pavement_distress"
        ],
        "name": "default"
      }
    ],
    "label:tasks": [
      "detection"
    ],
    "datetime": "2025-05-07T19:01:03.248534Z"
  },
  "geometry": {
    "type": "Polygon",
    "coordinates": [
      [
        [
          8.529213142767597,
          47.339200832616804
        ],
        [
          8.529222557761443,
          47.3396612988765
        ],
        [
          8.528545150418202,
          47.33966769676616
        ],
        [
          8.528535741275668,
          47.33920723045176
        ],
        [
          8.529213142767597,
          47.339200832616804
        ]
      ]
    ]
  },
  "links": [
    {
      "rel": "source",
      "href": "../58e8bbc8-8ee4-49f9-9075-bbf0d71e41eb/58e8bbc8-8ee4-49f9-9075-bbf0d71e41eb.json",
      "type": "application/json"
    },
    {
      "rel": "root",
      "href": "../../catalog.json",
      "type": "application/json"
    },
    {
      "rel": "collection",
      "href": "../collection.json",
      "type": "application/json"
    },
    {
      "rel": "parent",
      "href": "../collection.json",
      "type": "application/json"
    }
  ],
  "assets": {
    "labels": {
      "href": "./labels.geojson",
      "type": "application/geo+json"
    }
  },
  "bbox": [
    8.528535741275668,
    47.339200832616804,
    8.529222557761443,
    47.33966769676616
  ],
  "stac_extensions": [
    "https://stac-extensions.github.io/label/v1.0.1/schema.json"
  ],
  "collection": "391abbe2-8612-40aa-9f79-5a955f6e7272"
}