{
  "type": "Feature",
  "stac_version": "1.0.0",
  "id": "597753ad-9727-4207-be70-0d4a2487e96f",
  "properties": {
    "title": "Groundwork campaign labels",
    "description": "Labels created from a Groundwork campaign!",
    "label:description": "Labels for project 1831_tile_0",
    "label:type": "vector",
    "label:properties": [
      "default"
    ],
    "label:classes": [
      {
        "classes": [
          "Pavement_distress",
          "non_pavement_distress"
        ],
        "name": "default"
      }
    ],
    "label:tasks": [
      "detection"
    ],
    "datetime": "2025-05-07T19:02:38.746903Z"
  },
  "geometry": {
    "type": "Polygon",
    "coordinates": [
      [
        [
          8.541786385789054,
          47.39783235164229
        ],
        [
          8.54179591996077,
          47.3982928086742
        ],
        [
          8.541117768114038,
          47.39829928032867
        ],
        [
          8.541108239806503,
          47.39783882324137
        ],
        [
          8.541786385789054,
          47.39783235164229
        ]
      ]
    ]
  },
  "links": [
    {
      "rel": "source",
      "href": "../da229639-0d7d-4970-a975-519338fa2b83/da229639-0d7d-4970-a975-519338fa2b83.json",
      "type": "application/json"
    },
    {
      "rel": "root",
      "href": "../../catalog.json",
      "type": "application/json"
    },
    {
      "rel": "collection",
      "href": "../collection.json",
      "type": "application/json"
    },
    {
      "rel": "parent",
      "href": "../collection.json",
      "type": "application/json"
    }
  ],
  "assets": {
    "labels": {
      "href": "./labels.geojson",
      "type": "application/geo+json"
    }
  },
  "bbox": [
    8.541108239806503,
    47.39783235164229,
    8.54179591996077,
    47.39829928032867
  ],
  "stac_extensions": [
    "https://stac-extensions.github.io/label/v1.0.1/schema.json"
  ],
  "collection": "2ee877b5-267f-4049-be89-3b8e87008d16"
}