{
  "type": "Feature",
  "stac_version": "1.0.0",
  "id": "37cd41d4-f1fe-49c4-b19b-ba92822bea78",
  "properties": {
    "title": "Groundwork campaign labels",
    "description": "Labels created from a Groundwork campaign!",
    "label:description": "Labels for project {9E160ABC-BE89-414E-9355-A5BF16C829A5}_tile_0",
    "label:type": "vector",
    "label:properties": [
      "default"
    ],
    "label:classes": [
      {
        "classes": [
          "Pavement_distress",
          "Shadows"
        ],
        "name": "default"
      }
    ],
    "label:tasks": [
      "detection"
    ],
    "datetime": "2025-03-20T09:21:13.325770Z"
  },
  "geometry": {
    "type": "Polygon",
    "coordinates": [
      [
        [
          8.507905544160918,
          47.32468941158662
        ],
        [
          8.507908103578167,
          47.32481712005376
        ],
        [
          8.507230882304997,
          47.32482339278764
        ],
        [
          8.507228324509704,
          47.32469568430562
        ],
        [
          8.507905544160918,
          47.32468941158662
        ]
      ]
    ]
  },
  "links": [
    {
      "rel": "source",
      "href": "../d7dce710-d0ad-4e2a-9ccd-fc3552253a2b/d7dce710-d0ad-4e2a-9ccd-fc3552253a2b.json",
      "type": "application/json"
    },
    {
      "rel": "root",
      "href": "../../catalog.json",
      "type": "application/json"
    },
    {
      "rel": "collection",
      "href": "../collection.json",
      "type": "application/json"
    },
    {
      "rel": "parent",
      "href": "../collection.json",
      "type": "application/json"
    }
  ],
  "assets": {
    "labels": {
      "href": "./labels.geojson",
      "type": "application/geo+json"
    }
  },
  "bbox": [
    8.507228324509704,
    47.32468941158662,
    8.507908103578167,
    47.32482339278764
  ],
  "stac_extensions": [
    "https://stac-extensions.github.io/label/v1.0.1/schema.json"
  ],
  "collection": "95cd266b-9a73-44b9-9469-6ad813ba3147"
}