{
  "type": "Feature",
  "stac_version": "1.0.0",
  "id": "d684d3bc-27e0-4555-bb32-3fe0f2644ed9",
  "properties": {
    "title": "Groundwork campaign labels",
    "description": "Labels created from a Groundwork campaign!",
    "label:description": "Labels for project 15497_tile_3",
    "label:type": "vector",
    "label:properties": [
      "default"
    ],
    "label:classes": [
      {
        "classes": [
          "Pavement_distress",
          "non_pavement_distress"
        ],
        "name": "default"
      }
    ],
    "label:tasks": [
      "detection"
    ],
    "datetime": "2025-05-07T19:01:16.436258Z"
  },
  "geometry": {
    "type": "Polygon",
    "coordinates": [
      [
        [
          8.506011265914317,
          47.39862886270626
        ],
        [
          8.506020490800825,
          47.399089322548114
        ],
        [
          8.505342324503172,
          47.39909558410443
        ],
        [
          8.505333105481197,
          47.39863512420897
        ],
        [
          8.506011265914317,
          47.39862886270626
        ]
      ]
    ]
  },
  "links": [
    {
      "rel": "source",
      "href": "../842cdbc0-5716-47e4-83eb-e5146dcd7cc4/842cdbc0-5716-47e4-83eb-e5146dcd7cc4.json",
      "type": "application/json"
    },
    {
      "rel": "root",
      "href": "../../catalog.json",
      "type": "application/json"
    },
    {
      "rel": "collection",
      "href": "../collection.json",
      "type": "application/json"
    },
    {
      "rel": "parent",
      "href": "../collection.json",
      "type": "application/json"
    }
  ],
  "assets": {
    "labels": {
      "href": "./labels.geojson",
      "type": "application/geo+json"
    }
  },
  "bbox": [
    8.505333105481197,
    47.39862886270626,
    8.506020490800825,
    47.39909558410443
  ],
  "stac_extensions": [
    "https://stac-extensions.github.io/label/v1.0.1/schema.json"
  ],
  "collection": "ac20abe7-8953-4570-a58a-fdb90446c0f9"
}