{
  "type": "Collection",
  "id": "f3aee09e-07b3-4902-94f0-bd5e1753c936",
  "stac_version": "1.0.0",
  "description": "12849_tile_0",
  "links": [
    {
      "rel": "root",
      "href": "../catalog.json",
      "type": "application/json"
    },
    {
      "rel": "item",
      "href": "./b86ce2a1-b7ea-430d-a77b-c847b121567d/b86ce2a1-b7ea-430d-a77b-c847b121567d.json",
      "type": "application/json"
    },
    {
      "rel": "item",
      "href": "./70bcf8d0-2e67-4a13-9b4a-cdfeb90d9a06/70bcf8d0-2e67-4a13-9b4a-cdfeb90d9a06.json",
      "type": "application/json"
    },
    {
      "rel": "parent",
      "href": "../catalog.json",
      "type": "application/json"
    }
  ],
  "extent": {
    "spatial": {
      "bbox": [
        [
          8.473515129222147,
          47.415497835214865,
          8.474202460859344,
          47.41596436980826
        ]
      ]
    },
    "temporal": {
      "interval": [
        [
          "2025-05-06T07:12:28.949956Z",
          "2025-05-07T19:01:31.115718Z"
        ]
      ]
    }
  },
  "license": "proprietary"
}