{
  "type": "Feature",
  "stac_version": "1.0.0",
  "id": "08f151e7-dd02-4500-a9bc-824768b8161c",
  "properties": {
    "title": "Groundwork campaign labels",
    "description": "Labels created from a Groundwork campaign!",
    "label:description": "Labels for project 15964_tile_2",
    "label:type": "vector",
    "label:properties": [
      "default"
    ],
    "label:classes": [
      {
        "classes": [
          "Pavement_distress",
          "non_pavement_distress"
        ],
        "name": "default"
      }
    ],
    "label:tasks": [
      "detection"
    ],
    "datetime": "2025-05-07T19:01:11.645534Z"
  },
  "geometry": {
    "type": "Polygon",
    "coordinates": [
      [
        [
          8.54035918789108,
          47.3867927968564
        ],
        [
          8.540368707732238,
          47.387253255585534
        ],
        [
          8.539690696305781,
          47.38725971887258
        ],
        [
          8.539681182326369,
          47.38679926008814
        ],
        [
          8.54035918789108,
          47.3867927968564
        ]
      ]
    ]
  },
  "links": [
    {
      "rel": "source",
      "href": "../59c30fa0-15fa-497e-9abe-5069c056fa8b/59c30fa0-15fa-497e-9abe-5069c056fa8b.json",
      "type": "application/json"
    },
    {
      "rel": "root",
      "href": "../../catalog.json",
      "type": "application/json"
    },
    {
      "rel": "collection",
      "href": "../collection.json",
      "type": "application/json"
    },
    {
      "rel": "parent",
      "href": "../collection.json",
      "type": "application/json"
    }
  ],
  "assets": {
    "labels": {
      "href": "./labels.geojson",
      "type": "application/geo+json"
    }
  },
  "bbox": [
    8.539681182326369,
    47.3867927968564,
    8.540368707732238,
    47.38725971887258
  ],
  "stac_extensions": [
    "https://stac-extensions.github.io/label/v1.0.1/schema.json"
  ],
  "collection": "dd6e88d1-508e-44e2-9855-d86e8521f0a6"
}