{
  "type": "Collection",
  "id": "7715afac-212a-4049-9d60-0838ab184986",
  "stac_version": "1.0.0",
  "description": "{F7025998-1297-4A91-B6CA-4183E07AD5E1}_tile_2",
  "links": [
    {
      "rel": "root",
      "href": "../catalog.json",
      "type": "application/json"
    },
    {
      "rel": "item",
      "href": "./691a5b43-2a3d-4828-adb9-7ff205673263/691a5b43-2a3d-4828-adb9-7ff205673263.json",
      "type": "application/json"
    },
    {
      "rel": "item",
      "href": "./07a87bea-117c-4dec-bd97-f09addbb089a/07a87bea-117c-4dec-bd97-f09addbb089a.json",
      "type": "application/json"
    },
    {
      "rel": "parent",
      "href": "../catalog.json",
      "type": "application/json"
    }
  ],
  "extent": {
    "spatial": {
      "bbox": [
        [
          8.538511575118793,
          47.36772976749994,
          8.539193998486155,
          47.36796195798269
        ]
      ]
    },
    "temporal": {
      "interval": [
        [
          "2025-01-31T23:43:54.342060Z",
          "2025-03-20T09:21:32.893703Z"
        ]
      ]
    }
  },
  "license": "proprietary"
}