{
  "type": "Collection",
  "id": "4a4231a2-e6fe-47c2-a45d-8f3cb825abab",
  "stac_version": "1.0.0",
  "description": "16701_tile_0",
  "links": [
    {
      "rel": "root",
      "href": "../catalog.json",
      "type": "application/json"
    },
    {
      "rel": "item",
      "href": "./23981e5f-3137-4f21-8053-826276061e68/23981e5f-3137-4f21-8053-826276061e68.json",
      "type": "application/json"
    },
    {
      "rel": "item",
      "href": "./3c120c73-eda4-48b6-98f7-1b6f33d63624/3c120c73-eda4-48b6-98f7-1b6f33d63624.json",
      "type": "application/json"
    },
    {
      "rel": "parent",
      "href": "../catalog.json",
      "type": "application/json"
    }
  ],
  "extent": {
    "spatial": {
      "bbox": [
        [
          8.573911467943343,
          47.40656454078679,
          8.574599540612184,
          47.40703165807662
        ]
      ]
    },
    "temporal": {
      "interval": [
        [
          "2025-05-06T07:14:06.578762Z",
          "2025-05-07T19:01:07.978356Z"
        ]
      ]
    }
  },
  "license": "proprietary"
}