{
  "type": "Feature",
  "stac_version": "1.0.0",
  "id": "63510223-8fc6-4cdf-81f7-28c296d02371",
  "properties": {
    "title": "Groundwork campaign labels",
    "description": "Labels created from a Groundwork campaign!",
    "label:description": "Labels for project 14886_tile_0",
    "label:type": "vector",
    "label:properties": [
      "default"
    ],
    "label:classes": [
      {
        "classes": [
          "Pavement Distress",
          "Non-Pavement Distress"
        ],
        "name": "default"
      }
    ],
    "label:tasks": [
      "detection"
    ],
    "datetime": "2025-04-28T08:56:13.888995Z"
  },
  "geometry": {
    "type": "Polygon",
    "coordinates": [
      [
        [
          8.50967816566297,
          47.37555949058338
        ],
        [
          8.509687418231211,
          47.37601995341119
        ],
        [
          8.509009546113948,
          47.37602623653094
        ],
        [
          8.509000299405129,
          47.37556577364938
        ],
        [
          8.50967816566297,
          47.37555949058338
        ]
      ]
    ]
  },
  "links": [
    {
      "rel": "source",
      "href": "../87b12829-b8e0-4f48-8d40-901065429d34/87b12829-b8e0-4f48-8d40-901065429d34.json",
      "type": "application/json"
    },
    {
      "rel": "root",
      "href": "../../catalog.json",
      "type": "application/json"
    },
    {
      "rel": "collection",
      "href": "../collection.json",
      "type": "application/json"
    },
    {
      "rel": "parent",
      "href": "../collection.json",
      "type": "application/json"
    }
  ],
  "assets": {
    "labels": {
      "href": "./labels.geojson",
      "type": "application/geo+json"
    }
  },
  "bbox": [
    8.509000299405129,
    47.37555949058338,
    8.509687418231211,
    47.37602623653094
  ],
  "stac_extensions": [
    "https://stac-extensions.github.io/label/v1.0.1/schema.json"
  ],
  "collection": "9fceed51-6a00-4392-8437-7a0a5ad54a2e"
}