{
  "type": "Feature",
  "stac_version": "1.0.0",
  "id": "5a4f6d6b-bb63-432e-8c8a-27b478cca112",
  "properties": {
    "title": "Groundwork campaign labels",
    "description": "Labels created from a Groundwork campaign!",
    "label:description": "Labels for project {A5C5EF36-01DF-40F0-BE8D-564152F0A29D}_tile_3",
    "label:type": "vector",
    "label:properties": [
      "default"
    ],
    "label:classes": [
      {
        "classes": [
          "Pavement_distress",
          "Shadows"
        ],
        "name": "default"
      }
    ],
    "label:tasks": [
      "detection"
    ],
    "datetime": "2025-03-20T09:20:59.971063Z"
  },
  "geometry": {
    "type": "Polygon",
    "coordinates": [
      [
        [
          8.510254354952307,
          47.378860740854385
        ],
        [
          8.510255186730594,
          47.37890211051828
        ],
        [
          8.509815605303707,
          47.37890618734233
        ],
        [
          8.50981477386682,
          47.37886481767527
        ],
        [
          8.510254354952307,
          47.378860740854385
        ]
      ]
    ]
  },
  "links": [
    {
      "rel": "source",
      "href": "../d2dc905c-df8c-42cb-b918-fe94ddae7688/d2dc905c-df8c-42cb-b918-fe94ddae7688.json",
      "type": "application/json"
    },
    {
      "rel": "root",
      "href": "../../catalog.json",
      "type": "application/json"
    },
    {
      "rel": "collection",
      "href": "../collection.json",
      "type": "application/json"
    },
    {
      "rel": "parent",
      "href": "../collection.json",
      "type": "application/json"
    }
  ],
  "assets": {
    "labels": {
      "href": "./labels.geojson",
      "type": "application/geo+json"
    }
  },
  "bbox": [
    8.50981477386682,
    47.378860740854385,
    8.510255186730594,
    47.37890618734233
  ],
  "stac_extensions": [
    "https://stac-extensions.github.io/label/v1.0.1/schema.json"
  ],
  "collection": "860ac9dc-66e3-47e5-8693-66e8cf961122"
}