{
  "type": "Collection",
  "id": "0a2abe73-027b-4179-9fbf-e25cf9f21e0e",
  "stac_version": "1.0.0",
  "description": "{EEAB64D9-384A-4E83-A0DE-647C70531818}_tile_0",
  "links": [
    {
      "rel": "root",
      "href": "../catalog.json",
      "type": "application/json"
    },
    {
      "rel": "item",
      "href": "./eef03f6c-e06a-4c12-aad2-3587b4e505ae/eef03f6c-e06a-4c12-aad2-3587b4e505ae.json",
      "type": "application/json"
    },
    {
      "rel": "item",
      "href": "./9660e0c6-4f2c-4372-81d3-adc5aefa1915/9660e0c6-4f2c-4372-81d3-adc5aefa1915.json",
      "type": "application/json"
    },
    {
      "rel": "parent",
      "href": "../catalog.json",
      "type": "application/json"
    }
  ],
  "extent": {
    "spatial": {
      "bbox": [
        [
          8.485304917352405,
          47.36314498017692,
          8.485991674008444,
          47.363611590605124
        ]
      ]
    },
    "temporal": {
      "interval": [
        [
          "2025-01-31T23:44:43.358588Z",
          "2025-03-20T09:21:21.736146Z"
        ]
      ]
    }
  },
  "license": "proprietary"
}