{
  "type": "Feature",
  "stac_version": "1.0.0",
  "id": "c3a52f70-9ffb-44f5-a26c-3b9b4c3fdc02",
  "properties": {
    "title": "Groundwork campaign labels",
    "description": "Labels created from a Groundwork campaign!",
    "label:description": "Labels for project {25FD87D7-37BD-43E4-ACFE-16C81635B447}_tile_1",
    "label:type": "vector",
    "label:properties": [
      "default"
    ],
    "label:classes": [
      {
        "classes": [
          "Pavement_distress",
          "Shadows"
        ],
        "name": "default"
      }
    ],
    "label:tasks": [
      "detection"
    ],
    "datetime": "2025-03-20T09:21:18.539996Z"
  },
  "geometry": {
    "type": "Polygon",
    "coordinates": [
      [
        [
          8.561922927001072,
          47.41794207528499
        ],
        [
          8.561931937176462,
          47.4183692528284
        ],
        [
          8.561658985106433,
          47.41837190470421
        ],
        [
          8.561649977121574,
          47.41794472713973
        ],
        [
          8.561922927001072,
          47.41794207528499
        ]
      ]
    ]
  },
  "links": [
    {
      "rel": "source",
      "href": "../8f8477e2-426e-4eea-9e32-7e544ec6236e/8f8477e2-426e-4eea-9e32-7e544ec6236e.json",
      "type": "application/json"
    },
    {
      "rel": "root",
      "href": "../../catalog.json",
      "type": "application/json"
    },
    {
      "rel": "collection",
      "href": "../collection.json",
      "type": "application/json"
    },
    {
      "rel": "parent",
      "href": "../collection.json",
      "type": "application/json"
    }
  ],
  "assets": {
    "labels": {
      "href": "./labels.geojson",
      "type": "application/geo+json"
    }
  },
  "bbox": [
    8.561649977121574,
    47.41794207528499,
    8.561931937176462,
    47.41837190470421
  ],
  "stac_extensions": [
    "https://stac-extensions.github.io/label/v1.0.1/schema.json"
  ],
  "collection": "94a8109b-bfb4-4a41-aa05-051e387b32ca"
}