{
  "type": "Feature",
  "stac_version": "1.0.0",
  "id": "31b8b296-78de-4a68-a3ec-ffe1581f1d57",
  "properties": {
    "title": "Groundwork campaign labels",
    "description": "Labels created from a Groundwork campaign!",
    "label:description": "Labels for project 9633_tile_3",
    "label:type": "vector",
    "label:properties": [
      "default"
    ],
    "label:classes": [
      {
        "classes": [
          "Pavement_distress",
          "non_pavement_distress"
        ],
        "name": "default"
      }
    ],
    "label:tasks": [
      "detection"
    ],
    "datetime": "2025-05-07T19:01:57.379611Z"
  },
  "geometry": {
    "type": "Polygon",
    "coordinates": [
      [
        [
          8.537219997344586,
          47.366097904999904
        ],
        [
          8.537229486329972,
          47.36655836690271
        ],
        [
          8.536551737922872,
          47.36656481178054
        ],
        [
          8.536542254794679,
          47.36610434982261
        ],
        [
          8.537219997344586,
          47.366097904999904
        ]
      ]
    ]
  },
  "links": [
    {
      "rel": "source",
      "href": "../19250253-071a-4c9f-8d71-d6de7b25f3e7/19250253-071a-4c9f-8d71-d6de7b25f3e7.json",
      "type": "application/json"
    },
    {
      "rel": "root",
      "href": "../../catalog.json",
      "type": "application/json"
    },
    {
      "rel": "collection",
      "href": "../collection.json",
      "type": "application/json"
    },
    {
      "rel": "parent",
      "href": "../collection.json",
      "type": "application/json"
    }
  ],
  "assets": {
    "labels": {
      "href": "./labels.geojson",
      "type": "application/geo+json"
    }
  },
  "bbox": [
    8.536542254794679,
    47.366097904999904,
    8.537229486329972,
    47.36656481178054
  ],
  "stac_extensions": [
    "https://stac-extensions.github.io/label/v1.0.1/schema.json"
  ],
  "collection": "87ba7965-1c43-4021-9e8f-f1bfebb9eb74"
}