{
  "type": "Feature",
  "stac_version": "1.0.0",
  "id": "6304fa79-1dd8-4e91-97fa-fcc7b9cfa4c7",
  "properties": {
    "title": "Groundwork campaign labels",
    "description": "Labels created from a Groundwork campaign!",
    "label:description": "Labels for project 10604_tile_3",
    "label:type": "vector",
    "label:properties": [
      "default"
    ],
    "label:classes": [
      {
        "classes": [
          "Pavement Distress",
          "Non-Pavement Distress"
        ],
        "name": "default"
      }
    ],
    "label:tasks": [
      "detection"
    ],
    "datetime": "2025-04-28T08:56:36.212966Z"
  },
  "geometry": {
    "type": "Polygon",
    "coordinates": [
      [
        [
          8.528277461573508,
          47.39289449700414
        ],
        [
          8.528286878026083,
          47.39335495585988
        ],
        [
          8.527608787431028,
          47.39336134818677
        ],
        [
          8.527599376841613,
          47.39290088927635
        ],
        [
          8.528277461573508,
          47.39289449700414
        ]
      ]
    ]
  },
  "links": [
    {
      "rel": "source",
      "href": "../dc3c93a4-7f9b-41ce-a6fa-ff8f5bae5a03/dc3c93a4-7f9b-41ce-a6fa-ff8f5bae5a03.json",
      "type": "application/json"
    },
    {
      "rel": "root",
      "href": "../../catalog.json",
      "type": "application/json"
    },
    {
      "rel": "collection",
      "href": "../collection.json",
      "type": "application/json"
    },
    {
      "rel": "parent",
      "href": "../collection.json",
      "type": "application/json"
    }
  ],
  "assets": {
    "labels": {
      "href": "./labels.geojson",
      "type": "application/geo+json"
    }
  },
  "bbox": [
    8.527599376841613,
    47.39289449700414,
    8.528286878026083,
    47.39336134818677
  ],
  "stac_extensions": [
    "https://stac-extensions.github.io/label/v1.0.1/schema.json"
  ],
  "collection": "24bacb80-8807-44d0-8237-90b67e83470c"
}