{
  "type": "Feature",
  "stac_version": "1.0.0",
  "id": "411933cb-d426-4e7d-8922-c3c465a7dfd9",
  "properties": {
    "title": "Groundwork campaign labels",
    "description": "Labels created from a Groundwork campaign!",
    "label:description": "Labels for project 9055_tile_3",
    "label:type": "vector",
    "label:properties": [
      "default"
    ],
    "label:classes": [
      {
        "classes": [
          "Pavement_distress",
          "non_pavement_distress"
        ],
        "name": "default"
      }
    ],
    "label:tasks": [
      "detection"
    ],
    "datetime": "2025-05-07T19:02:05.884189Z"
  },
  "geometry": {
    "type": "Polygon",
    "coordinates": [
      [
        [
          8.534740162734646,
          47.41033415798069
        ],
        [
          8.534749638202527,
          47.41079461378799
        ],
        [
          8.534071326207885,
          47.41080104404634
        ],
        [
          8.53406185660699,
          47.41034058818396
        ],
        [
          8.534740162734646,
          47.41033415798069
        ]
      ]
    ]
  },
  "links": [
    {
      "rel": "source",
      "href": "../896ce96f-3d5c-4e18-9e45-b155e6ab7974/896ce96f-3d5c-4e18-9e45-b155e6ab7974.json",
      "type": "application/json"
    },
    {
      "rel": "root",
      "href": "../../catalog.json",
      "type": "application/json"
    },
    {
      "rel": "collection",
      "href": "../collection.json",
      "type": "application/json"
    },
    {
      "rel": "parent",
      "href": "../collection.json",
      "type": "application/json"
    }
  ],
  "assets": {
    "labels": {
      "href": "./labels.geojson",
      "type": "application/geo+json"
    }
  },
  "bbox": [
    8.53406185660699,
    47.41033415798069,
    8.534749638202527,
    47.41080104404634
  ],
  "stac_extensions": [
    "https://stac-extensions.github.io/label/v1.0.1/schema.json"
  ],
  "collection": "047da512-b8ab-4ca7-8637-a16b40aeb77a"
}