{
  "type": "Feature",
  "stac_version": "1.0.0",
  "id": "b85b1e50-120e-4da3-9525-538c1fa3a9ba",
  "properties": {
    "title": "Groundwork campaign labels",
    "description": "Labels created from a Groundwork campaign!",
    "label:description": "Labels for project {D6DA3266-B018-4164-8D9A-EF79798029D7}_tile_0",
    "label:type": "vector",
    "label:properties": [
      "default"
    ],
    "label:classes": [
      {
        "classes": [
          "Pavement_distress",
          "Shadows"
        ],
        "name": "default"
      }
    ],
    "label:tasks": [
      "detection"
    ],
    "datetime": "2025-03-20T09:21:10.484789Z"
  },
  "geometry": {
    "type": "Polygon",
    "coordinates": [
      [
        [
          8.533251579268454,
          47.36646210913692
        ],
        [
          8.533254903184513,
          47.366623990379345
        ],
        [
          8.533056343711822,
          47.366625872101054
        ],
        [
          8.533053020399047,
          47.36646399085296
        ],
        [
          8.533251579268454,
          47.36646210913692
        ]
      ]
    ]
  },
  "links": [
    {
      "rel": "source",
      "href": "../cb6418f3-4bbc-43f6-843d-beb0490b5d62/cb6418f3-4bbc-43f6-843d-beb0490b5d62.json",
      "type": "application/json"
    },
    {
      "rel": "root",
      "href": "../../catalog.json",
      "type": "application/json"
    },
    {
      "rel": "collection",
      "href": "../collection.json",
      "type": "application/json"
    },
    {
      "rel": "parent",
      "href": "../collection.json",
      "type": "application/json"
    }
  ],
  "assets": {
    "labels": {
      "href": "./labels.geojson",
      "type": "application/geo+json"
    }
  },
  "bbox": [
    8.533053020399047,
    47.36646210913692,
    8.533254903184513,
    47.366625872101054
  ],
  "stac_extensions": [
    "https://stac-extensions.github.io/label/v1.0.1/schema.json"
  ],
  "collection": "d06fdc52-4519-4e2e-b3c3-3a1e2e01a39d"
}