{
  "type": "Feature",
  "stac_version": "1.0.0",
  "id": "240eff6a-c1db-4a76-a966-536a4295163f",
  "properties": {
    "title": "Groundwork campaign labels",
    "description": "Labels created from a Groundwork campaign!",
    "label:description": "Labels for project 10484_tile_0",
    "label:type": "vector",
    "label:properties": [
      "default"
    ],
    "label:classes": [
      {
        "classes": [
          "Pavement Distress",
          "Non-Pavement Distress"
        ],
        "name": "default"
      }
    ],
    "label:tasks": [
      "detection"
    ],
    "datetime": "2025-04-28T08:56:37.225342Z"
  },
  "geometry": {
    "type": "Polygon",
    "coordinates": [
      [
        [
          8.491203159680392,
          47.40521228861764
        ],
        [
          8.491212257618843,
          47.40567274869187
        ],
        [
          8.490534005705534,
          47.40567892327562
        ],
        [
          8.490524913633152,
          47.405218463148536
        ],
        [
          8.491203159680392,
          47.40521228861764
        ]
      ]
    ]
  },
  "links": [
    {
      "rel": "source",
      "href": "../a7db2531-1b97-4710-9fef-08156ef624c2/a7db2531-1b97-4710-9fef-08156ef624c2.json",
      "type": "application/json"
    },
    {
      "rel": "root",
      "href": "../../catalog.json",
      "type": "application/json"
    },
    {
      "rel": "collection",
      "href": "../collection.json",
      "type": "application/json"
    },
    {
      "rel": "parent",
      "href": "../collection.json",
      "type": "application/json"
    }
  ],
  "assets": {
    "labels": {
      "href": "./labels.geojson",
      "type": "application/geo+json"
    }
  },
  "bbox": [
    8.490524913633152,
    47.40521228861764,
    8.491212257618843,
    47.40567892327562
  ],
  "stac_extensions": [
    "https://stac-extensions.github.io/label/v1.0.1/schema.json"
  ],
  "collection": "a43e1a6c-6488-4366-910a-f7500292de7b"
}