{
  "type": "Feature",
  "stac_version": "1.0.0",
  "id": "751c7878-7e43-4c33-8e36-01d1b75a3938",
  "properties": {
    "title": "Groundwork campaign labels",
    "description": "Labels created from a Groundwork campaign!",
    "label:description": "Labels for project {B617A164-4E46-4D42-941D-766326FC05ED}_tile_0",
    "label:type": "vector",
    "label:properties": [
      "default"
    ],
    "label:classes": [
      {
        "classes": [
          "Pavement_distress",
          "Shadows"
        ],
        "name": "default"
      }
    ],
    "label:tasks": [
      "detection"
    ],
    "datetime": "2025-03-20T09:21:22.203087Z"
  },
  "geometry": {
    "type": "Polygon",
    "coordinates": [
      [
        [
          8.5079650080081,
          47.363366306258605
        ],
        [
          8.507972980944965,
          47.36376381677842
        ],
        [
          8.50769898235537,
          47.36376635343893
        ],
        [
          8.507691011462635,
          47.36336884290032
        ],
        [
          8.5079650080081,
          47.363366306258605
        ]
      ]
    ]
  },
  "links": [
    {
      "rel": "source",
      "href": "../d3c9979e-91d8-4601-a0e2-52d90144c4b7/d3c9979e-91d8-4601-a0e2-52d90144c4b7.json",
      "type": "application/json"
    },
    {
      "rel": "root",
      "href": "../../catalog.json",
      "type": "application/json"
    },
    {
      "rel": "collection",
      "href": "../collection.json",
      "type": "application/json"
    },
    {
      "rel": "parent",
      "href": "../collection.json",
      "type": "application/json"
    }
  ],
  "assets": {
    "labels": {
      "href": "./labels.geojson",
      "type": "application/geo+json"
    }
  },
  "bbox": [
    8.507691011462635,
    47.363366306258605,
    8.507972980944965,
    47.36376635343893
  ],
  "stac_extensions": [
    "https://stac-extensions.github.io/label/v1.0.1/schema.json"
  ],
  "collection": "d7d22cfb-6352-4f1b-b166-76b8bd780760"
}