{
  "type": "Feature",
  "stac_version": "1.0.0",
  "id": "a5c878a0-ea69-4d13-b803-da9290233120",
  "properties": {
    "title": "Groundwork campaign labels",
    "description": "Labels created from a Groundwork campaign!",
    "label:description": "Labels for project 8032_tile_0",
    "label:type": "vector",
    "label:properties": [
      "default"
    ],
    "label:classes": [
      {
        "classes": [
          "Pavement Distress",
          "Non-Pavement Distress"
        ],
        "name": "default"
      }
    ],
    "label:tasks": [
      "detection"
    ],
    "datetime": "2025-04-28T08:56:51.415288Z"
  },
  "geometry": {
    "type": "Polygon",
    "coordinates": [
      [
        [
          8.505431932394627,
          47.36969530379128
        ],
        [
          8.505441147231181,
          47.370155767783125
        ],
        [
          8.50476334923973,
          47.37016202597295
        ],
        [
          8.504754140261326,
          47.36970156192756
        ],
        [
          8.505431932394627,
          47.36969530379128
        ]
      ]
    ]
  },
  "links": [
    {
      "rel": "source",
      "href": "../beca3b81-c592-479c-8144-d5b9696ef357/beca3b81-c592-479c-8144-d5b9696ef357.json",
      "type": "application/json"
    },
    {
      "rel": "root",
      "href": "../../catalog.json",
      "type": "application/json"
    },
    {
      "rel": "collection",
      "href": "../collection.json",
      "type": "application/json"
    },
    {
      "rel": "parent",
      "href": "../collection.json",
      "type": "application/json"
    }
  ],
  "assets": {
    "labels": {
      "href": "./labels.geojson",
      "type": "application/geo+json"
    }
  },
  "bbox": [
    8.504754140261326,
    47.36969530379128,
    8.505441147231181,
    47.37016202597295
  ],
  "stac_extensions": [
    "https://stac-extensions.github.io/label/v1.0.1/schema.json"
  ],
  "collection": "872f62de-3c62-49dc-a92d-c087ff1e8032"
}