{
  "type": "Collection",
  "id": "1d2aa577-729f-4a06-bd7c-a5dcb3a2bfee",
  "stac_version": "1.0.0",
  "description": "16559_tile_0",
  "links": [
    {
      "rel": "root",
      "href": "../catalog.json",
      "type": "application/json"
    },
    {
      "rel": "item",
      "href": "./e11450a3-3968-450d-b122-86ad9df6e9db/e11450a3-3968-450d-b122-86ad9df6e9db.json",
      "type": "application/json"
    },
    {
      "rel": "item",
      "href": "./ad66c73f-ee97-4151-8216-99815fac367b/ad66c73f-ee97-4151-8216-99815fac367b.json",
      "type": "application/json"
    },
    {
      "rel": "parent",
      "href": "../catalog.json",
      "type": "application/json"
    }
  ],
  "extent": {
    "spatial": {
      "bbox": [
        [
          8.498778979576638,
          47.37357234741545,
          8.499465985606276,
          47.374039034437295
        ]
      ]
    },
    "temporal": {
      "interval": [
        [
          "2025-04-02T11:49:33.704651Z",
          "2025-04-28T08:56:04.206366Z"
        ]
      ]
    }
  },
  "license": "proprietary"
}