{
  "type": "Feature",
  "stac_version": "1.0.0",
  "id": "2d344aa1-909f-48e7-97e8-9208f8c64ff1",
  "properties": {
    "title": "Groundwork campaign labels",
    "description": "Labels created from a Groundwork campaign!",
    "label:description": "Labels for project 15845_tile_3",
    "label:type": "vector",
    "label:properties": [
      "default"
    ],
    "label:classes": [
      {
        "classes": [
          "Pavement Distress",
          "Non-Pavement Distress"
        ],
        "name": "default"
      }
    ],
    "label:tasks": [
      "detection"
    ],
    "datetime": "2025-04-28T08:56:08.602043Z"
  },
  "geometry": {
    "type": "Polygon",
    "coordinates": [
      [
        [
          8.5197106889193,
          47.37178973244167
        ],
        [
          8.519720027559014,
          47.37225019498584
        ],
        [
          8.519042204613946,
          47.37225653702892
        ],
        [
          8.519032871832772,
          47.37179607443046
        ],
        [
          8.5197106889193,
          47.37178973244167
        ]
      ]
    ]
  },
  "links": [
    {
      "rel": "source",
      "href": "../02475151-cf29-4622-8503-c9def12d70db/02475151-cf29-4622-8503-c9def12d70db.json",
      "type": "application/json"
    },
    {
      "rel": "root",
      "href": "../../catalog.json",
      "type": "application/json"
    },
    {
      "rel": "collection",
      "href": "../collection.json",
      "type": "application/json"
    },
    {
      "rel": "parent",
      "href": "../collection.json",
      "type": "application/json"
    }
  ],
  "assets": {
    "labels": {
      "href": "./labels.geojson",
      "type": "application/geo+json"
    }
  },
  "bbox": [
    8.519032871832772,
    47.37178973244167,
    8.519720027559014,
    47.37225653702892
  ],
  "stac_extensions": [
    "https://stac-extensions.github.io/label/v1.0.1/schema.json"
  ],
  "collection": "aa9d93e3-18e2-46a1-b39d-e66a55edfd30"
}