{
  "type": "Collection",
  "id": "e76a98df-62cb-4e4b-9201-660e71703839",
  "stac_version": "1.0.0",
  "description": "13778_tile_0",
  "links": [
    {
      "rel": "root",
      "href": "../catalog.json",
      "type": "application/json"
    },
    {
      "rel": "item",
      "href": "./5d7e4ba1-9d53-4221-b322-60f035292eb7/5d7e4ba1-9d53-4221-b322-60f035292eb7.json",
      "type": "application/json"
    },
    {
      "rel": "item",
      "href": "./4693a7ff-094e-452c-9389-ee778b0147d2/4693a7ff-094e-452c-9389-ee778b0147d2.json",
      "type": "application/json"
    },
    {
      "rel": "parent",
      "href": "../catalog.json",
      "type": "application/json"
    }
  ],
  "extent": {
    "spatial": {
      "bbox": [
        [
          8.50168078654185,
          47.362646300701904,
          8.50236767639935,
          47.36311300607108
        ]
      ]
    },
    "temporal": {
      "interval": [
        [
          "2025-04-02T11:48:20.671973Z",
          "2025-04-28T08:56:17.755225Z"
        ]
      ]
    }
  },
  "license": "proprietary"
}