{
  "type": "Feature",
  "stac_version": "1.0.0",
  "id": "f88a78e2-e0ab-4c1e-a86f-a75fe63c2e5f",
  "properties": {
    "title": "Groundwork campaign labels",
    "description": "Labels created from a Groundwork campaign!",
    "label:description": "Labels for project 1530_tile_0",
    "label:type": "vector",
    "label:properties": [
      "default"
    ],
    "label:classes": [
      {
        "classes": [
          "Pavement_distress",
          "non_pavement_distress"
        ],
        "name": "default"
      }
    ],
    "label:tasks": [
      "detection"
    ],
    "datetime": "2025-05-07T19:02:39.859753Z"
  },
  "geometry": {
    "type": "Polygon",
    "coordinates": [
      [
        [
          8.514450097731991,
          47.35618012679015
        ],
        [
          8.51445938815578,
          47.356640591931445
        ],
        [
          8.513781763167,
          47.35664690309978
        ],
        [
          8.513772478598334,
          47.3561864379045
        ],
        [
          8.514450097731991,
          47.35618012679015
        ]
      ]
    ]
  },
  "links": [
    {
      "rel": "source",
      "href": "../0809fe6e-1a74-449d-8146-9c497ab43490/0809fe6e-1a74-449d-8146-9c497ab43490.json",
      "type": "application/json"
    },
    {
      "rel": "root",
      "href": "../../catalog.json",
      "type": "application/json"
    },
    {
      "rel": "collection",
      "href": "../collection.json",
      "type": "application/json"
    },
    {
      "rel": "parent",
      "href": "../collection.json",
      "type": "application/json"
    }
  ],
  "assets": {
    "labels": {
      "href": "./labels.geojson",
      "type": "application/geo+json"
    }
  },
  "bbox": [
    8.513772478598334,
    47.35618012679015,
    8.51445938815578,
    47.35664690309978
  ],
  "stac_extensions": [
    "https://stac-extensions.github.io/label/v1.0.1/schema.json"
  ],
  "collection": "0b0be0b6-8781-4e31-8c58-d502a5a0b99a"
}