{
  "type": "Collection",
  "id": "903dbaa4-e552-4d91-b7f7-c82053895ce3",
  "stac_version": "1.0.0",
  "description": "{CA7E86AD-D6AE-4C6C-8ED8-4616ED757368}_tile_0",
  "links": [
    {
      "rel": "root",
      "href": "../catalog.json",
      "type": "application/json"
    },
    {
      "rel": "item",
      "href": "./cbe848ba-226d-4b18-a701-93e7e01c5a63/cbe848ba-226d-4b18-a701-93e7e01c5a63.json",
      "type": "application/json"
    },
    {
      "rel": "item",
      "href": "./1e72d472-a1ad-458c-8e82-187848e13700/1e72d472-a1ad-458c-8e82-187848e13700.json",
      "type": "application/json"
    },
    {
      "rel": "parent",
      "href": "../catalog.json",
      "type": "application/json"
    }
  ],
  "extent": {
    "spatial": {
      "bbox": [
        [
          8.507177207717714,
          47.32471894507317,
          8.507242776330902,
          47.324757318123
        ]
      ]
    },
    "temporal": {
      "interval": [
        [
          "2025-01-31T23:46:38.460743Z",
          "2025-03-20T09:20:55.581253Z"
        ]
      ]
    }
  },
  "license": "proprietary"
}