{
  "type": "Feature",
  "stac_version": "1.0.0",
  "id": "155ecb37-f7c2-42d4-a227-59be949025b7",
  "properties": {
    "title": "Groundwork campaign labels",
    "description": "Labels created from a Groundwork campaign!",
    "label:description": "Labels for project 11642_tile_5",
    "label:type": "vector",
    "label:properties": [
      "default"
    ],
    "label:classes": [
      {
        "classes": [
          "Pavement_distress",
          "non_pavement_distress"
        ],
        "name": "default"
      }
    ],
    "label:tasks": [
      "detection"
    ],
    "datetime": "2025-05-07T19:01:41.333582Z"
  },
  "geometry": {
    "type": "Polygon",
    "coordinates": [
      [
        [
          8.47899674585788,
          47.36987616523582
        ],
        [
          8.479005732202689,
          47.37033663129916
        ],
        [
          8.478327928825165,
          47.3703427342401
        ],
        [
          8.478318948338678,
          47.36988226812447
        ],
        [
          8.47899674585788,
          47.36987616523582
        ]
      ]
    ]
  },
  "links": [
    {
      "rel": "source",
      "href": "../a27abd6a-a461-4cff-9e8a-d084f70ee4db/a27abd6a-a461-4cff-9e8a-d084f70ee4db.json",
      "type": "application/json"
    },
    {
      "rel": "root",
      "href": "../../catalog.json",
      "type": "application/json"
    },
    {
      "rel": "collection",
      "href": "../collection.json",
      "type": "application/json"
    },
    {
      "rel": "parent",
      "href": "../collection.json",
      "type": "application/json"
    }
  ],
  "assets": {
    "labels": {
      "href": "./labels.geojson",
      "type": "application/geo+json"
    }
  },
  "bbox": [
    8.478318948338678,
    47.36987616523582,
    8.479005732202689,
    47.3703427342401
  ],
  "stac_extensions": [
    "https://stac-extensions.github.io/label/v1.0.1/schema.json"
  ],
  "collection": "f373427d-36ff-40d9-a9e5-e0a4c227a327"
}