{
  "type": "Feature",
  "stac_version": "1.0.0",
  "id": "b6627c09-8da8-4810-b6bb-87f6c6701095",
  "properties": {
    "title": "Groundwork campaign labels",
    "description": "Labels created from a Groundwork campaign!",
    "label:description": "Labels for project 6710_tile_0",
    "label:type": "vector",
    "label:properties": [
      "default"
    ],
    "label:classes": [
      {
        "classes": [
          "Pavement Distress",
          "Non-Pavement Distress"
        ],
        "name": "default"
      }
    ],
    "label:tasks": [
      "detection"
    ],
    "datetime": "2025-04-28T08:56:58.463958Z"
  },
  "geometry": {
    "type": "Polygon",
    "coordinates": [
      [
        [
          8.523040051793082,
          47.41340747048444
        ],
        [
          8.523049426586175,
          47.41386792680495
        ],
        [
          8.522371074007005,
          47.41387428834824
        ],
        [
          8.522361705081634,
          47.41341383197329
        ],
        [
          8.523040051793082,
          47.41340747048444
        ]
      ]
    ]
  },
  "links": [
    {
      "rel": "source",
      "href": "../542e3111-3862-4b9f-9354-c7eee30979b8/542e3111-3862-4b9f-9354-c7eee30979b8.json",
      "type": "application/json"
    },
    {
      "rel": "root",
      "href": "../../catalog.json",
      "type": "application/json"
    },
    {
      "rel": "collection",
      "href": "../collection.json",
      "type": "application/json"
    },
    {
      "rel": "parent",
      "href": "../collection.json",
      "type": "application/json"
    }
  ],
  "assets": {
    "labels": {
      "href": "./labels.geojson",
      "type": "application/geo+json"
    }
  },
  "bbox": [
    8.522361705081634,
    47.41340747048444,
    8.523049426586175,
    47.41387428834824
  ],
  "stac_extensions": [
    "https://stac-extensions.github.io/label/v1.0.1/schema.json"
  ],
  "collection": "4b2aa5d8-4626-4b40-b21f-013b5baaeea3"
}