{
  "type": "Collection",
  "id": "b635b5ac-436a-47eb-a857-a6c8413bba13",
  "stac_version": "1.0.0",
  "description": "6929_tile_4",
  "links": [
    {
      "rel": "root",
      "href": "../catalog.json",
      "type": "application/json"
    },
    {
      "rel": "item",
      "href": "./929d3d57-76cd-40f4-9d82-8b94240dc997/929d3d57-76cd-40f4-9d82-8b94240dc997.json",
      "type": "application/json"
    },
    {
      "rel": "item",
      "href": "./1dde0e3c-dc42-4978-93af-cfccc6caf9c5/1dde0e3c-dc42-4978-93af-cfccc6caf9c5.json",
      "type": "application/json"
    },
    {
      "rel": "parent",
      "href": "../catalog.json",
      "type": "application/json"
    }
  ],
  "extent": {
    "spatial": {
      "bbox": [
        [
          8.521267187261344,
          47.348280660128076,
          8.521954058849612,
          47.348747480938016
        ]
      ]
    },
    "temporal": {
      "interval": [
        [
          "2025-05-06T07:09:32.449573Z",
          "2025-05-07T19:02:15.449075Z"
        ]
      ]
    }
  },
  "license": "proprietary"
}