{
  "type": "Collection",
  "id": "bd82035c-430e-4bcd-b421-51f270b1e762",
  "stac_version": "1.0.0",
  "description": "{EEAB64D9-384A-4E83-A0DE-647C70531818}_tile_1",
  "links": [
    {
      "rel": "root",
      "href": "../catalog.json",
      "type": "application/json"
    },
    {
      "rel": "item",
      "href": "./c51a2ee4-a0c2-45ca-8635-28b0e22c659e/c51a2ee4-a0c2-45ca-8635-28b0e22c659e.json",
      "type": "application/json"
    },
    {
      "rel": "item",
      "href": "./c844e6a8-18ec-4d6a-b163-e0f540735caf/c844e6a8-18ec-4d6a-b163-e0f540735caf.json",
      "type": "application/json"
    },
    {
      "rel": "parent",
      "href": "../catalog.json",
      "type": "application/json"
    }
  ],
  "extent": {
    "spatial": {
      "bbox": [
        [
          8.485982628422676,
          47.36314158251134,
          8.486366271383263,
          47.36360544662916
        ]
      ]
    },
    "temporal": {
      "interval": [
        [
          "2025-01-31T23:44:27.251218Z",
          "2025-03-20T09:21:25.610207Z"
        ]
      ]
    }
  },
  "license": "proprietary"
}