{
  "type": "Collection",
  "id": "44bec486-d846-4904-97df-8d22640e3e4a",
  "stac_version": "1.0.0",
  "description": "18093_tile_7",
  "links": [
    {
      "rel": "root",
      "href": "../catalog.json",
      "type": "application/json"
    },
    {
      "rel": "item",
      "href": "./3f130a10-a7fe-4cbe-bd76-44c61ccd9c5b/3f130a10-a7fe-4cbe-bd76-44c61ccd9c5b.json",
      "type": "application/json"
    },
    {
      "rel": "item",
      "href": "./5db11e3b-a85f-4736-9c63-bd75ff2779db/5db11e3b-a85f-4736-9c63-bd75ff2779db.json",
      "type": "application/json"
    },
    {
      "rel": "parent",
      "href": "../catalog.json",
      "type": "application/json"
    }
  ],
  "extent": {
    "spatial": {
      "bbox": [
        [
          8.521795066290597,
          47.34090684335012,
          8.52248184733573,
          47.341373668231
        ]
      ]
    },
    "temporal": {
      "interval": [
        [
          "2025-05-07T09:19:43.860869Z",
          "2025-05-07T19:01:01.532220Z"
        ]
      ]
    }
  },
  "license": "proprietary"
}