{
  "type": "Collection",
  "id": "f70b4259-1a34-4594-98ff-d56f26be7c02",
  "stac_version": "1.0.0",
  "description": "12918_tile_0",
  "links": [
    {
      "rel": "root",
      "href": "../catalog.json",
      "type": "application/json"
    },
    {
      "rel": "item",
      "href": "./4ac1c39e-57e5-46cf-bd3f-6e97550a6517/4ac1c39e-57e5-46cf-bd3f-6e97550a6517.json",
      "type": "application/json"
    },
    {
      "rel": "item",
      "href": "./07e39200-fd1f-4f0b-b037-bc72fb2fab73/07e39200-fd1f-4f0b-b037-bc72fb2fab73.json",
      "type": "application/json"
    },
    {
      "rel": "parent",
      "href": "../catalog.json",
      "type": "application/json"
    }
  ],
  "extent": {
    "spatial": {
      "bbox": [
        [
          8.548947716810908,
          47.36920310559372,
          8.549635094131581,
          47.369670083758976
        ]
      ]
    },
    "temporal": {
      "interval": [
        [
          "2025-04-02T11:47:51.635504Z",
          "2025-04-28T08:56:22.439875Z"
        ]
      ]
    }
  },
  "license": "proprietary"
}