{
  "type": "Collection",
  "id": "c9ec829d-ae1f-40ef-b7a9-8215053b8fa5",
  "stac_version": "1.0.0",
  "description": "{5E9C4C38-CDA9-4372-BA3A-343155A8BFC8}_tile_0",
  "links": [
    {
      "rel": "root",
      "href": "../catalog.json",
      "type": "application/json"
    },
    {
      "rel": "item",
      "href": "./eb1a4db4-2030-42fc-a853-e9bab5b84e02/eb1a4db4-2030-42fc-a853-e9bab5b84e02.json",
      "type": "application/json"
    },
    {
      "rel": "item",
      "href": "./0b3d7cf9-4e00-4e73-bb13-4a1d963be262/0b3d7cf9-4e00-4e73-bb13-4a1d963be262.json",
      "type": "application/json"
    },
    {
      "rel": "parent",
      "href": "../catalog.json",
      "type": "application/json"
    }
  ],
  "extent": {
    "spatial": {
      "bbox": [
        [
          8.579271987939055,
          47.35234178687395,
          8.579959405996394,
          47.35280894291112
        ]
      ]
    },
    "temporal": {
      "interval": [
        [
          "2025-01-31T23:44:22.700769Z",
          "2025-03-20T09:21:26.577516Z"
        ]
      ]
    }
  },
  "license": "proprietary"
}