{
  "type": "Feature",
  "stac_version": "1.0.0",
  "id": "152fdd66-96d6-4628-a7ed-51fe2d776cae",
  "properties": {
    "title": "Groundwork campaign labels",
    "description": "Labels created from a Groundwork campaign!",
    "label:description": "Labels for project {0EE5FC34-01CC-4DE8-BC30-9A245777BCF6}_tile_0",
    "label:type": "vector",
    "label:properties": [
      "default"
    ],
    "label:classes": [
      {
        "classes": [
          "Pavement_distress",
          "Shadows"
        ],
        "name": "default"
      }
    ],
    "label:tasks": [
      "detection"
    ],
    "datetime": "2025-03-20T09:21:19.338711Z"
  },
  "geometry": {
    "type": "Polygon",
    "coordinates": [
      [
        [
          8.527769386856686,
          47.41087408717014
        ],
        [
          8.527778802115355,
          47.411334543472655
        ],
        [
          8.527100482394808,
          47.411340932793145
        ],
        [
          8.527091073003279,
          47.410880476435906
        ],
        [
          8.527769386856686,
          47.41087408717014
        ]
      ]
    ]
  },
  "links": [
    {
      "rel": "source",
      "href": "../3f9b84ac-953e-42fc-8d08-4f96c2c4104e/3f9b84ac-953e-42fc-8d08-4f96c2c4104e.json",
      "type": "application/json"
    },
    {
      "rel": "root",
      "href": "../../catalog.json",
      "type": "application/json"
    },
    {
      "rel": "collection",
      "href": "../collection.json",
      "type": "application/json"
    },
    {
      "rel": "parent",
      "href": "../collection.json",
      "type": "application/json"
    }
  ],
  "assets": {
    "labels": {
      "href": "./labels.geojson",
      "type": "application/geo+json"
    }
  },
  "bbox": [
    8.527091073003279,
    47.41087408717014,
    8.527778802115355,
    47.411340932793145
  ],
  "stac_extensions": [
    "https://stac-extensions.github.io/label/v1.0.1/schema.json"
  ],
  "collection": "8dcb929a-552a-4c78-9859-2d830782b877"
}