{
  "type": "Feature",
  "stac_version": "1.0.0",
  "id": "74971832-3536-467e-afab-269d41b1ee0c",
  "properties": {
    "title": "Groundwork campaign labels",
    "description": "Labels created from a Groundwork campaign!",
    "label:description": "Labels for project {817E3DE7-3B18-4F8F-9BE3-C1F88A1795B3}_tile_0",
    "label:type": "vector",
    "label:properties": [
      "default"
    ],
    "label:classes": [
      {
        "classes": [
          "Pavement_distress",
          "Shadows"
        ],
        "name": "default"
      }
    ],
    "label:tasks": [
      "detection"
    ],
    "datetime": "2025-03-20T09:21:15.242569Z"
  },
  "geometry": {
    "type": "Polygon",
    "coordinates": [
      [
        [
          8.510805578890352,
          47.36669784888846
        ],
        [
          8.510810914663246,
          47.36696315528971
        ],
        [
          8.510669274109317,
          47.36696447007379
        ],
        [
          8.510663939041725,
          47.36669916366605
        ],
        [
          8.510805578890352,
          47.36669784888846
        ]
      ]
    ]
  },
  "links": [
    {
      "rel": "source",
      "href": "../497627a9-d59f-4cf9-819c-b609b804cdba/497627a9-d59f-4cf9-819c-b609b804cdba.json",
      "type": "application/json"
    },
    {
      "rel": "root",
      "href": "../../catalog.json",
      "type": "application/json"
    },
    {
      "rel": "collection",
      "href": "../collection.json",
      "type": "application/json"
    },
    {
      "rel": "parent",
      "href": "../collection.json",
      "type": "application/json"
    }
  ],
  "assets": {
    "labels": {
      "href": "./labels.geojson",
      "type": "application/geo+json"
    }
  },
  "bbox": [
    8.510663939041725,
    47.36669784888846,
    8.510810914663246,
    47.36696447007379
  ],
  "stac_extensions": [
    "https://stac-extensions.github.io/label/v1.0.1/schema.json"
  ],
  "collection": "7096b36f-12d8-4644-870e-8763bde0a80d"
}