{
  "type": "Collection",
  "id": "3797d5f0-b1bd-4865-9630-f24d52dd6ee9",
  "stac_version": "1.0.0",
  "description": "3946_tile_5",
  "links": [
    {
      "rel": "root",
      "href": "../catalog.json",
      "type": "application/json"
    },
    {
      "rel": "item",
      "href": "./47304964-4742-446b-854e-011dd073b783/47304964-4742-446b-854e-011dd073b783.json",
      "type": "application/json"
    },
    {
      "rel": "item",
      "href": "./b49d8226-78ce-45d0-931c-9a8f5a7c8486/b49d8226-78ce-45d0-931c-9a8f5a7c8486.json",
      "type": "application/json"
    },
    {
      "rel": "parent",
      "href": "../catalog.json",
      "type": "application/json"
    }
  ],
  "extent": {
    "spatial": {
      "bbox": [
        [
          8.588248403130192,
          47.37478670659644,
          8.588936187358652,
          47.37525391142547
        ]
      ]
    },
    "temporal": {
      "interval": [
        [
          "2025-04-02T11:44:54.390736Z",
          "2025-04-28T08:57:14.104214Z"
        ]
      ]
    }
  },
  "license": "proprietary"
}