{
  "type": "Collection",
  "id": "fd5c1de4-b0fc-41a7-a5be-09a92ca0f53f",
  "stac_version": "1.0.0",
  "description": "{98543288-E835-48C5-8A9D-D545C935A28E}_tile_0",
  "links": [
    {
      "rel": "root",
      "href": "../catalog.json",
      "type": "application/json"
    },
    {
      "rel": "item",
      "href": "./f9bffdc3-f58e-4c31-8c8e-2e13f3cc12ad/f9bffdc3-f58e-4c31-8c8e-2e13f3cc12ad.json",
      "type": "application/json"
    },
    {
      "rel": "item",
      "href": "./429d7661-fd1c-402f-9177-5ccc164c2ba6/429d7661-fd1c-402f-9177-5ccc164c2ba6.json",
      "type": "application/json"
    },
    {
      "rel": "parent",
      "href": "../catalog.json",
      "type": "application/json"
    }
  ],
  "extent": {
    "spatial": {
      "bbox": [
        [
          8.557352571827854,
          47.35701911948651,
          8.557546251262227,
          47.35710551674538
        ]
      ]
    },
    "temporal": {
      "interval": [
        [
          "2025-01-31T23:46:04.895704Z",
          "2025-03-20T09:21:03.293821Z"
        ]
      ]
    }
  },
  "license": "proprietary"
}