{
  "type": "Collection",
  "id": "89e38a4f-5600-4a27-821d-e2b8ff5ddc4d",
  "stac_version": "1.0.0",
  "description": "12656_tile_0",
  "links": [
    {
      "rel": "root",
      "href": "../catalog.json",
      "type": "application/json"
    },
    {
      "rel": "item",
      "href": "./d0f9b336-e4db-4fa5-9a1a-7987a5b9599f/d0f9b336-e4db-4fa5-9a1a-7987a5b9599f.json",
      "type": "application/json"
    },
    {
      "rel": "item",
      "href": "./4df4259f-5cef-4d3c-98d8-1b498936f972/4df4259f-5cef-4d3c-98d8-1b498936f972.json",
      "type": "application/json"
    },
    {
      "rel": "parent",
      "href": "../catalog.json",
      "type": "application/json"
    }
  ],
  "extent": {
    "spatial": {
      "bbox": [
        [
          8.52214831441976,
          47.36715502660157,
          8.522835436911231,
          47.36762184988446
        ]
      ]
    },
    "temporal": {
      "interval": [
        [
          "2025-05-06T07:12:17.741855Z",
          "2025-05-07T19:01:33.873250Z"
        ]
      ]
    }
  },
  "license": "proprietary"
}