{
  "type": "Feature",
  "stac_version": "1.0.0",
  "id": "4c057eb8-4491-4f2d-81a5-f4bf46dbf9eb",
  "properties": {
    "title": "Groundwork campaign labels",
    "description": "Labels created from a Groundwork campaign!",
    "label:description": "Labels for project 5672_tile_1",
    "label:type": "vector",
    "label:properties": [
      "default"
    ],
    "label:classes": [
      {
        "classes": [
          "Pavement_distress",
          "non_pavement_distress"
        ],
        "name": "default"
      }
    ],
    "label:tasks": [
      "detection"
    ],
    "datetime": "2025-05-07T19:02:21.636501Z"
  },
  "geometry": {
    "type": "Polygon",
    "coordinates": [
      [
        [
          8.504022822197431,
          47.40094993460921
        ],
        [
          8.504032030289292,
          47.40141039427655
        ],
        [
          8.503353834187685,
          47.4014166441524
        ],
        [
          8.503344631960884,
          47.40095618443151
        ],
        [
          8.504022822197431,
          47.40094993460921
        ]
      ]
    ]
  },
  "links": [
    {
      "rel": "source",
      "href": "../079877fb-71e1-4808-9656-a05b79d79cfe/079877fb-71e1-4808-9656-a05b79d79cfe.json",
      "type": "application/json"
    },
    {
      "rel": "root",
      "href": "../../catalog.json",
      "type": "application/json"
    },
    {
      "rel": "collection",
      "href": "../collection.json",
      "type": "application/json"
    },
    {
      "rel": "parent",
      "href": "../collection.json",
      "type": "application/json"
    }
  ],
  "assets": {
    "labels": {
      "href": "./labels.geojson",
      "type": "application/geo+json"
    }
  },
  "bbox": [
    8.503344631960884,
    47.40094993460921,
    8.504032030289292,
    47.4014166441524
  ],
  "stac_extensions": [
    "https://stac-extensions.github.io/label/v1.0.1/schema.json"
  ],
  "collection": "830bd574-c3ee-42da-97f7-d4312fe546a0"
}