{
  "type": "Collection",
  "id": "bfc5f190-d009-40e2-b844-fc6dc393846d",
  "stac_version": "1.0.0",
  "description": "14310_tile_3",
  "links": [
    {
      "rel": "root",
      "href": "../catalog.json",
      "type": "application/json"
    },
    {
      "rel": "item",
      "href": "./e792f8ac-b556-4390-88c0-30b23bac7919/e792f8ac-b556-4390-88c0-30b23bac7919.json",
      "type": "application/json"
    },
    {
      "rel": "item",
      "href": "./445450cc-1e98-4c19-8852-0914e6e52246/445450cc-1e98-4c19-8852-0914e6e52246.json",
      "type": "application/json"
    },
    {
      "rel": "parent",
      "href": "../catalog.json",
      "type": "application/json"
    }
  ],
  "extent": {
    "spatial": {
      "bbox": [
        [
          8.507779041715011,
          47.419113934795625,
          8.508466712536439,
          47.419580667361465
        ]
      ]
    },
    "temporal": {
      "interval": [
        [
          "2025-04-02T11:48:33.807864Z",
          "2025-04-28T08:56:16.297713Z"
        ]
      ]
    }
  },
  "license": "proprietary"
}