{
  "type": "Feature",
  "stac_version": "1.0.0",
  "id": "4a823516-8a0b-4c1d-b2f5-1e2fc54627cb",
  "properties": {
    "title": "Groundwork campaign labels",
    "description": "Labels created from a Groundwork campaign!",
    "label:description": "Labels for project {4E1AE312-1CCA-4553-A232-7AF013BD0FB1}_tile_1",
    "label:type": "vector",
    "label:properties": [
      "default"
    ],
    "label:classes": [
      {
        "classes": [
          "Pavement_distress",
          "Shadows"
        ],
        "name": "default"
      }
    ],
    "label:tasks": [
      "detection"
    ],
    "datetime": "2025-03-20T09:21:11.616345Z"
  },
  "geometry": {
    "type": "Polygon",
    "coordinates": [
      [
        [
          8.571703168564946,
          47.36006176838088
        ],
        [
          8.571712954502834,
          47.360522228225584
        ],
        [
          8.571035287144506,
          47.36052887562027
        ],
        [
          8.5710255070623,
          47.36006841571871
        ],
        [
          8.571703168564946,
          47.36006176838088
        ]
      ]
    ]
  },
  "links": [
    {
      "rel": "source",
      "href": "../0982605c-c9ae-44f6-9797-7bb8f7deca4b/0982605c-c9ae-44f6-9797-7bb8f7deca4b.json",
      "type": "application/json"
    },
    {
      "rel": "root",
      "href": "../../catalog.json",
      "type": "application/json"
    },
    {
      "rel": "collection",
      "href": "../collection.json",
      "type": "application/json"
    },
    {
      "rel": "parent",
      "href": "../collection.json",
      "type": "application/json"
    }
  ],
  "assets": {
    "labels": {
      "href": "./labels.geojson",
      "type": "application/geo+json"
    }
  },
  "bbox": [
    8.5710255070623,
    47.36006176838088,
    8.571712954502834,
    47.36052887562027
  ],
  "stac_extensions": [
    "https://stac-extensions.github.io/label/v1.0.1/schema.json"
  ],
  "collection": "2c66d04e-d86f-428b-b9d1-0a85e5891b2d"
}