{
  "type": "Feature",
  "stac_version": "1.0.0",
  "id": "f7d8e2f8-4963-4842-bf3a-9e5f9cbfabe7",
  "properties": {
    "title": "Groundwork campaign labels",
    "description": "Labels created from a Groundwork campaign!",
    "label:description": "Labels for project {53EEE4DF-A280-4D85-A144-879165317760}_tile_1",
    "label:type": "vector",
    "label:properties": [
      "default"
    ],
    "label:classes": [
      {
        "classes": [
          "Pavement_distress",
          "Shadows"
        ],
        "name": "default"
      }
    ],
    "label:tasks": [
      "detection"
    ],
    "datetime": "2025-03-20T09:21:05.615598Z"
  },
  "geometry": {
    "type": "Polygon",
    "coordinates": [
      [
        [
          8.54727088234214,
          47.372046614297304
        ],
        [
          8.547271724058737,
          47.372087084437844
        ],
        [
          8.546715701879966,
          47.37209241991691
        ],
        [
          8.54671486058575,
          47.37205194977233
        ],
        [
          8.54727088234214,
          47.372046614297304
        ]
      ]
    ]
  },
  "links": [
    {
      "rel": "source",
      "href": "../a8c1d438-27bc-4a64-bd1c-da4028ff938b/a8c1d438-27bc-4a64-bd1c-da4028ff938b.json",
      "type": "application/json"
    },
    {
      "rel": "root",
      "href": "../../catalog.json",
      "type": "application/json"
    },
    {
      "rel": "collection",
      "href": "../collection.json",
      "type": "application/json"
    },
    {
      "rel": "parent",
      "href": "../collection.json",
      "type": "application/json"
    }
  ],
  "assets": {
    "labels": {
      "href": "./labels.geojson",
      "type": "application/geo+json"
    }
  },
  "bbox": [
    8.54671486058575,
    47.372046614297304,
    8.547271724058737,
    47.37209241991691
  ],
  "stac_extensions": [
    "https://stac-extensions.github.io/label/v1.0.1/schema.json"
  ],
  "collection": "f1ee0ff8-b2e6-4d4f-835b-72816c9a5e85"
}