{
  "type": "Collection",
  "id": "4ee4d0f0-70a7-4090-96e0-9617b4e267cf",
  "stac_version": "1.0.0",
  "description": "15992_tile_1",
  "links": [
    {
      "rel": "root",
      "href": "../catalog.json",
      "type": "application/json"
    },
    {
      "rel": "item",
      "href": "./d2cd8caa-b084-4456-b1f6-3403bc3d942f/d2cd8caa-b084-4456-b1f6-3403bc3d942f.json",
      "type": "application/json"
    },
    {
      "rel": "item",
      "href": "./64ced537-311c-4bb0-be79-736603320eb3/64ced537-311c-4bb0-be79-736603320eb3.json",
      "type": "application/json"
    },
    {
      "rel": "parent",
      "href": "../catalog.json",
      "type": "application/json"
    }
  ],
  "extent": {
    "spatial": {
      "bbox": [
        [
          8.546629642554496,
          47.38973159728454,
          8.547317265147665,
          47.39019855910629
        ]
      ]
    },
    "temporal": {
      "interval": [
        [
          "2025-04-02T11:49:19.817965Z",
          "2025-04-28T08:56:07.923923Z"
        ]
      ]
    }
  },
  "license": "proprietary"
}