{
  "type": "Feature",
  "stac_version": "1.0.0",
  "id": "c5c6f7dc-5199-4e17-bb82-1c1f4b405eb3",
  "properties": {
    "title": "Groundwork campaign labels",
    "description": "Labels created from a Groundwork campaign!",
    "label:description": "Labels for project {34249E1F-5C57-4820-AD57-0A35B32E921B}_tile_2",
    "label:type": "vector",
    "label:properties": [
      "default"
    ],
    "label:classes": [
      {
        "classes": [
          "Pavement_distress",
          "Shadows"
        ],
        "name": "default"
      }
    ],
    "label:tasks": [
      "detection"
    ],
    "datetime": "2025-03-20T09:21:00.878266Z"
  },
  "geometry": {
    "type": "Polygon",
    "coordinates": [
      [
        [
          8.52043423234764,
          47.3504176851121
        ],
        [
          8.520441676043328,
          47.350784618521054
        ],
        [
          8.5200102673969,
          47.350788659794574
        ],
        [
          8.520002826671348,
          47.35042172635804
        ],
        [
          8.52043423234764,
          47.3504176851121
        ]
      ]
    ]
  },
  "links": [
    {
      "rel": "source",
      "href": "../67f76b42-3392-4788-aff7-380560fd60d6/67f76b42-3392-4788-aff7-380560fd60d6.json",
      "type": "application/json"
    },
    {
      "rel": "root",
      "href": "../../catalog.json",
      "type": "application/json"
    },
    {
      "rel": "collection",
      "href": "../collection.json",
      "type": "application/json"
    },
    {
      "rel": "parent",
      "href": "../collection.json",
      "type": "application/json"
    }
  ],
  "assets": {
    "labels": {
      "href": "./labels.geojson",
      "type": "application/geo+json"
    }
  },
  "bbox": [
    8.520002826671348,
    47.3504176851121,
    8.520441676043328,
    47.350788659794574
  ],
  "stac_extensions": [
    "https://stac-extensions.github.io/label/v1.0.1/schema.json"
  ],
  "collection": "770d62b7-9788-4695-8fce-984ff8423ddc"
}