{
  "type": "Collection",
  "id": "6e48f641-1155-4930-bc7d-29f465f012f3",
  "stac_version": "1.0.0",
  "description": "13561_tile_2",
  "links": [
    {
      "rel": "root",
      "href": "../catalog.json",
      "type": "application/json"
    },
    {
      "rel": "item",
      "href": "./9c9b99fa-09dd-4f6f-894e-47ec53b5ee76/9c9b99fa-09dd-4f6f-894e-47ec53b5ee76.json",
      "type": "application/json"
    },
    {
      "rel": "item",
      "href": "./b9404452-c76d-4bc9-9cb0-09a61a0140dd/b9404452-c76d-4bc9-9cb0-09a61a0140dd.json",
      "type": "application/json"
    },
    {
      "rel": "parent",
      "href": "../catalog.json",
      "type": "application/json"
    }
  ],
  "extent": {
    "spatial": {
      "bbox": [
        [
          8.47936501524121,
          47.38873382231152,
          8.480052051279158,
          47.389200394694704
        ]
      ]
    },
    "temporal": {
      "interval": [
        [
          "2025-04-02T11:48:04.432007Z",
          "2025-04-28T08:56:19.763687Z"
        ]
      ]
    }
  },
  "license": "proprietary"
}