{
  "type": "Feature",
  "stac_version": "1.0.0",
  "id": "8ef2f5f6-f25b-4bc5-9400-80311c4290ed",
  "properties": {
    "title": "Groundwork campaign labels",
    "description": "Labels created from a Groundwork campaign!",
    "label:description": "Labels for project {1D27CAAD-B707-4F5E-897A-F413E8AE45A1}_tile_2",
    "label:type": "vector",
    "label:properties": [
      "default"
    ],
    "label:classes": [
      {
        "classes": [
          "Pavement_distress",
          "Shadows"
        ],
        "name": "default"
      }
    ],
    "label:tasks": [
      "detection"
    ],
    "datetime": "2025-03-20T09:21:13.255456Z"
  },
  "geometry": {
    "type": "Polygon",
    "coordinates": [
      [
        [
          8.484583833624177,
          47.37073151061654
        ],
        [
          8.48458993914828,
          47.37104268457823
        ],
        [
          8.483965081477324,
          47.3710483411021
        ],
        [
          8.48395897960296,
          47.37073716710773
        ],
        [
          8.484583833624177,
          47.37073151061654
        ]
      ]
    ]
  },
  "links": [
    {
      "rel": "source",
      "href": "../4b09cb5c-079f-4b42-8ceb-65245e5e5d8f/4b09cb5c-079f-4b42-8ceb-65245e5e5d8f.json",
      "type": "application/json"
    },
    {
      "rel": "root",
      "href": "../../catalog.json",
      "type": "application/json"
    },
    {
      "rel": "collection",
      "href": "../collection.json",
      "type": "application/json"
    },
    {
      "rel": "parent",
      "href": "../collection.json",
      "type": "application/json"
    }
  ],
  "assets": {
    "labels": {
      "href": "./labels.geojson",
      "type": "application/geo+json"
    }
  },
  "bbox": [
    8.48395897960296,
    47.37073151061654,
    8.48458993914828,
    47.3710483411021
  ],
  "stac_extensions": [
    "https://stac-extensions.github.io/label/v1.0.1/schema.json"
  ],
  "collection": "41cdac6f-1f12-4cf7-af35-4c43f1318788"
}