{
  "type": "Feature",
  "stac_version": "1.0.0",
  "id": "ee4a3c31-a401-4b07-b579-31584a1f7c4c",
  "properties": {
    "title": "Groundwork campaign labels",
    "description": "Labels created from a Groundwork campaign!",
    "label:description": "Labels for project {55950D84-412A-4820-A2BA-FA57717BDCD6}_tile_0",
    "label:type": "vector",
    "label:properties": [
      "default"
    ],
    "label:classes": [
      {
        "classes": [
          "Pavement_distress",
          "Shadows"
        ],
        "name": "default"
      }
    ],
    "label:tasks": [
      "detection"
    ],
    "datetime": "2025-03-20T09:21:03.168409Z"
  },
  "geometry": {
    "type": "Polygon",
    "coordinates": [
      [
        [
          8.548007441865892,
          47.40317434458259
        ],
        [
          8.548011018972975,
          47.40334611616661
        ],
        [
          8.547893126063066,
          47.4033472477516
        ],
        [
          8.547889549336324,
          47.40317547616392
        ],
        [
          8.548007441865892,
          47.40317434458259
        ]
      ]
    ]
  },
  "links": [
    {
      "rel": "source",
      "href": "../e62cd0d2-dd88-4056-8e7b-383c4a70fc38/e62cd0d2-dd88-4056-8e7b-383c4a70fc38.json",
      "type": "application/json"
    },
    {
      "rel": "root",
      "href": "../../catalog.json",
      "type": "application/json"
    },
    {
      "rel": "collection",
      "href": "../collection.json",
      "type": "application/json"
    },
    {
      "rel": "parent",
      "href": "../collection.json",
      "type": "application/json"
    }
  ],
  "assets": {
    "labels": {
      "href": "./labels.geojson",
      "type": "application/geo+json"
    }
  },
  "bbox": [
    8.547889549336324,
    47.40317434458259,
    8.548011018972975,
    47.4033472477516
  ],
  "stac_extensions": [
    "https://stac-extensions.github.io/label/v1.0.1/schema.json"
  ],
  "collection": "aca22efe-d3f6-4a2d-b4e8-daa5668183c1"
}