{
  "type": "Feature",
  "stac_version": "1.0.0",
  "id": "78c8e64e-073f-4374-bf2b-057459d24c64",
  "properties": {
    "title": "Groundwork campaign labels",
    "description": "Labels created from a Groundwork campaign!",
    "label:description": "Labels for project {0AAD9530-FA2E-4441-A1B6-A055D6673346}_tile_0",
    "label:type": "vector",
    "label:properties": [
      "default"
    ],
    "label:classes": [
      {
        "classes": [
          "Pavement_distress",
          "Shadows"
        ],
        "name": "default"
      }
    ],
    "label:tasks": [
      "detection"
    ],
    "datetime": "2025-03-20T09:21:26.505361Z"
  },
  "geometry": {
    "type": "Polygon",
    "coordinates": [
      [
        [
          8.55440315055103,
          47.35777542971918
        ],
        [
          8.554412786551445,
          47.358235891344655
        ],
        [
          8.553954849871825,
          47.35824031530963
        ],
        [
          8.553945217828291,
          47.35777985364633
        ],
        [
          8.55440315055103,
          47.35777542971918
        ]
      ]
    ]
  },
  "links": [
    {
      "rel": "source",
      "href": "../e1354d6d-d2a9-4580-b1a6-1b5020434918/e1354d6d-d2a9-4580-b1a6-1b5020434918.json",
      "type": "application/json"
    },
    {
      "rel": "root",
      "href": "../../catalog.json",
      "type": "application/json"
    },
    {
      "rel": "collection",
      "href": "../collection.json",
      "type": "application/json"
    },
    {
      "rel": "parent",
      "href": "../collection.json",
      "type": "application/json"
    }
  ],
  "assets": {
    "labels": {
      "href": "./labels.geojson",
      "type": "application/geo+json"
    }
  },
  "bbox": [
    8.553945217828291,
    47.35777542971918,
    8.554412786551445,
    47.35824031530963
  ],
  "stac_extensions": [
    "https://stac-extensions.github.io/label/v1.0.1/schema.json"
  ],
  "collection": "41ca5336-7182-4770-9dfa-02ad519ecba2"
}