{
  "type": "Collection",
  "id": "48595411-35ee-495e-b991-d01410399b78",
  "stac_version": "1.0.0",
  "description": "7903_tile_1",
  "links": [
    {
      "rel": "root",
      "href": "../catalog.json",
      "type": "application/json"
    },
    {
      "rel": "item",
      "href": "./b7415a37-f6c6-4e14-99d0-4d5b08e46c4d/b7415a37-f6c6-4e14-99d0-4d5b08e46c4d.json",
      "type": "application/json"
    },
    {
      "rel": "item",
      "href": "./f120497f-601c-49ec-9338-3fdd7aa25114/f120497f-601c-49ec-9338-3fdd7aa25114.json",
      "type": "application/json"
    },
    {
      "rel": "parent",
      "href": "../catalog.json",
      "type": "application/json"
    }
  ],
  "extent": {
    "spatial": {
      "bbox": [
        [
          8.494646725151663,
          47.37279167065208,
          8.495333685871756,
          47.37325833384589
        ]
      ]
    },
    "temporal": {
      "interval": [
        [
          "2025-05-06T07:09:53.942083Z",
          "2025-05-07T19:02:10.505552Z"
        ]
      ]
    }
  },
  "license": "proprietary"
}