{
  "type": "Feature",
  "stac_version": "1.0.0",
  "id": "017d75e6-a793-4874-bd68-25b6ac562aa8",
  "properties": {
    "title": "Groundwork campaign labels",
    "description": "Labels created from a Groundwork campaign!",
    "label:description": "Labels for project 179_tile_3",
    "label:type": "vector",
    "label:properties": [
      "default"
    ],
    "label:classes": [
      {
        "classes": [
          "Pavement Distress",
          "Non-Pavement Distress"
        ],
        "name": "default"
      }
    ],
    "label:tasks": [
      "detection"
    ],
    "datetime": "2025-04-28T08:57:29.913285Z"
  },
  "geometry": {
    "type": "Polygon",
    "coordinates": [
      [
        [
          8.537092548182923,
          47.39281103508892
        ],
        [
          8.537102040856118,
          47.39327149323021
        ],
        [
          8.536423952393088,
          47.393277937325635
        ],
        [
          8.536414465582984,
          47.3928174791292
        ],
        [
          8.537092548182923,
          47.39281103508892
        ]
      ]
    ]
  },
  "links": [
    {
      "rel": "source",
      "href": "../e1148b3b-e181-480a-b644-6dd3abd1d972/e1148b3b-e181-480a-b644-6dd3abd1d972.json",
      "type": "application/json"
    },
    {
      "rel": "root",
      "href": "../../catalog.json",
      "type": "application/json"
    },
    {
      "rel": "collection",
      "href": "../collection.json",
      "type": "application/json"
    },
    {
      "rel": "parent",
      "href": "../collection.json",
      "type": "application/json"
    }
  ],
  "assets": {
    "labels": {
      "href": "./labels.geojson",
      "type": "application/geo+json"
    }
  },
  "bbox": [
    8.536414465582984,
    47.39281103508892,
    8.537102040856118,
    47.393277937325635
  ],
  "stac_extensions": [
    "https://stac-extensions.github.io/label/v1.0.1/schema.json"
  ],
  "collection": "b24e3a6d-558c-450c-a20d-5016e93516b8"
}