{
  "type": "Collection",
  "id": "bd4529d8-dbcd-4ac5-99ee-08e4916e9b48",
  "stac_version": "1.0.0",
  "description": "11013_tile_3",
  "links": [
    {
      "rel": "root",
      "href": "../catalog.json",
      "type": "application/json"
    },
    {
      "rel": "item",
      "href": "./01f2b572-dd5a-4087-b17f-109d2f1b3c80/01f2b572-dd5a-4087-b17f-109d2f1b3c80.json",
      "type": "application/json"
    },
    {
      "rel": "item",
      "href": "./b7f116aa-7aed-467c-8502-1f31157623ff/b7f116aa-7aed-467c-8502-1f31157623ff.json",
      "type": "application/json"
    },
    {
      "rel": "parent",
      "href": "../catalog.json",
      "type": "application/json"
    }
  ],
  "extent": {
    "spatial": {
      "bbox": [
        [
          8.523142453148125,
          47.340527180657254,
          8.523829240779952,
          47.34099401339306
        ]
      ]
    },
    "temporal": {
      "interval": [
        [
          "2025-04-02T11:47:16.111632Z",
          "2025-04-28T08:56:32.773181Z"
        ]
      ]
    }
  },
  "license": "proprietary"
}