{
  "type": "Collection",
  "id": "d0a659ce-1021-43f1-af6f-8517c4c17bb0",
  "stac_version": "1.0.0",
  "description": "5719_tile_2",
  "links": [
    {
      "rel": "root",
      "href": "../catalog.json",
      "type": "application/json"
    },
    {
      "rel": "item",
      "href": "./13dd9c90-7663-4ab9-b604-91e5bf9ee9c4/13dd9c90-7663-4ab9-b604-91e5bf9ee9c4.json",
      "type": "application/json"
    },
    {
      "rel": "item",
      "href": "./8d392d87-6cec-4e73-8da8-d24e0d130a1b/8d392d87-6cec-4e73-8da8-d24e0d130a1b.json",
      "type": "application/json"
    },
    {
      "rel": "parent",
      "href": "../catalog.json",
      "type": "application/json"
    }
  ],
  "extent": {
    "spatial": {
      "bbox": [
        [
          8.480539808246379,
          47.414134929323005,
          8.48122718224787,
          47.414601504821526
        ]
      ]
    },
    "temporal": {
      "interval": [
        [
          "2025-04-02T11:45:30.356437Z",
          "2025-04-28T08:57:03.453331Z"
        ]
      ]
    }
  },
  "license": "proprietary"
}