{
  "type": "Collection",
  "id": "5cd98305-dec5-40e4-8f67-3bc3e00c197f",
  "stac_version": "1.0.0",
  "description": "12148_tile_1",
  "links": [
    {
      "rel": "root",
      "href": "../catalog.json",
      "type": "application/json"
    },
    {
      "rel": "item",
      "href": "./aebc3136-71e7-4e36-a61e-399d27b9220e/aebc3136-71e7-4e36-a61e-399d27b9220e.json",
      "type": "application/json"
    },
    {
      "rel": "item",
      "href": "./e9fa46d0-2f19-4075-89ba-0f73b45c9ca8/e9fa46d0-2f19-4075-89ba-0f73b45c9ca8.json",
      "type": "application/json"
    },
    {
      "rel": "parent",
      "href": "../catalog.json",
      "type": "application/json"
    }
  ],
  "extent": {
    "spatial": {
      "bbox": [
        [
          8.537127687763121,
          47.400291753894294,
          8.537815365746486,
          47.400758659177335
        ]
      ]
    },
    "temporal": {
      "interval": [
        [
          "2025-04-02T11:47:40.241940Z",
          "2025-04-28T08:56:25.803972Z"
        ]
      ]
    }
  },
  "license": "proprietary"
}