{
  "type": "Feature",
  "stac_version": "1.0.0",
  "id": "422c53e4-fcb9-446c-90f2-d310b190bc44",
  "properties": {
    "title": "Groundwork campaign labels",
    "description": "Labels created from a Groundwork campaign!",
    "label:description": "Labels for project 9834_tile_2",
    "label:type": "vector",
    "label:properties": [
      "default"
    ],
    "label:classes": [
      {
        "classes": [
          "Pavement Distress",
          "Non-Pavement Distress"
        ],
        "name": "default"
      }
    ],
    "label:tasks": [
      "detection"
    ],
    "datetime": "2025-04-28T08:56:41.634712Z"
  },
  "geometry": {
    "type": "Polygon",
    "coordinates": [
      [
        [
          8.52807998473412,
          47.35006514496092
        ],
        [
          8.528089391866242,
          47.350525609832395
        ],
        [
          8.527411846273164,
          47.35053200105357
        ],
        [
          8.527402444994747,
          47.35007153612745
        ],
        [
          8.52807998473412,
          47.35006514496092
        ]
      ]
    ]
  },
  "links": [
    {
      "rel": "source",
      "href": "../1eb44e30-c9fb-4748-ba52-50fde264a645/1eb44e30-c9fb-4748-ba52-50fde264a645.json",
      "type": "application/json"
    },
    {
      "rel": "root",
      "href": "../../catalog.json",
      "type": "application/json"
    },
    {
      "rel": "collection",
      "href": "../collection.json",
      "type": "application/json"
    },
    {
      "rel": "parent",
      "href": "../collection.json",
      "type": "application/json"
    }
  ],
  "assets": {
    "labels": {
      "href": "./labels.geojson",
      "type": "application/geo+json"
    }
  },
  "bbox": [
    8.527402444994747,
    47.35006514496092,
    8.528089391866242,
    47.35053200105357
  ],
  "stac_extensions": [
    "https://stac-extensions.github.io/label/v1.0.1/schema.json"
  ],
  "collection": "88850d3a-0e3e-4577-bc2b-b87e64828e75"
}