{
  "type": "Collection",
  "id": "b1b23bf6-d601-4203-bc62-44ef5ae31452",
  "stac_version": "1.0.0",
  "description": "11707_tile_3",
  "links": [
    {
      "rel": "root",
      "href": "../catalog.json",
      "type": "application/json"
    },
    {
      "rel": "item",
      "href": "./f60797b1-2979-4096-a3d1-15c0fb534dfb/f60797b1-2979-4096-a3d1-15c0fb534dfb.json",
      "type": "application/json"
    },
    {
      "rel": "item",
      "href": "./364405a4-d776-4999-8341-6d2c24d02af8/364405a4-d776-4999-8341-6d2c24d02af8.json",
      "type": "application/json"
    },
    {
      "rel": "parent",
      "href": "../catalog.json",
      "type": "application/json"
    }
  ],
  "extent": {
    "spatial": {
      "bbox": [
        [
          8.499678565346288,
          47.38716731478786,
          8.500365754464761,
          47.38763400508443
        ]
      ]
    },
    "temporal": {
      "interval": [
        [
          "2025-05-06T07:11:53.323341Z",
          "2025-05-07T19:01:40.240023Z"
        ]
      ]
    }
  },
  "license": "proprietary"
}