{
  "type": "Collection",
  "id": "9dfe7c40-9ce8-4af2-bc2d-b3423d6bbb96",
  "stac_version": "1.0.0",
  "description": "{0B3B7B88-19E3-4CEB-9408-06BBB9F3F1F9}_tile_1",
  "links": [
    {
      "rel": "root",
      "href": "../catalog.json",
      "type": "application/json"
    },
    {
      "rel": "item",
      "href": "./991f6aca-b55b-4929-97f2-3443170be5f3/991f6aca-b55b-4929-97f2-3443170be5f3.json",
      "type": "application/json"
    },
    {
      "rel": "item",
      "href": "./da07b149-e6f9-493e-a236-844d56080ea2/da07b149-e6f9-493e-a236-844d56080ea2.json",
      "type": "application/json"
    },
    {
      "rel": "parent",
      "href": "../catalog.json",
      "type": "application/json"
    }
  ],
  "extent": {
    "spatial": {
      "bbox": [
        [
          8.512615634013073,
          47.398245645892814,
          8.513295457591045,
          47.398334688960894
        ]
      ]
    },
    "temporal": {
      "interval": [
        [
          "2025-01-31T23:45:08.750599Z",
          "2025-03-20T09:21:15.885641Z"
        ]
      ]
    }
  },
  "license": "proprietary"
}