{
  "type": "Feature",
  "stac_version": "1.0.0",
  "id": "4d0d353e-1c67-4e4a-9f6e-ce2fb70f47dd",
  "properties": {
    "title": "Groundwork campaign labels",
    "description": "Labels created from a Groundwork campaign!",
    "label:description": "Labels for project 3664_tile_0",
    "label:type": "vector",
    "label:properties": [
      "default"
    ],
    "label:classes": [
      {
        "classes": [
          "Pavement_distress",
          "non_pavement_distress"
        ],
        "name": "default"
      }
    ],
    "label:tasks": [
      "detection"
    ],
    "datetime": "2025-05-07T19:02:29.266170Z"
  },
  "geometry": {
    "type": "Polygon",
    "coordinates": [
      [
        [
          8.531733907521303,
          47.36108388623708
        ],
        [
          8.531743348191528,
          47.36154434928934
        ],
        [
          8.531065662905421,
          47.3615507619552
        ],
        [
          8.531056228091312,
          47.36109029884809
        ],
        [
          8.531733907521303,
          47.36108388623708
        ]
      ]
    ]
  },
  "links": [
    {
      "rel": "source",
      "href": "../e533e05b-9148-46b6-b28f-90dcf7c8f5a1/e533e05b-9148-46b6-b28f-90dcf7c8f5a1.json",
      "type": "application/json"
    },
    {
      "rel": "root",
      "href": "../../catalog.json",
      "type": "application/json"
    },
    {
      "rel": "collection",
      "href": "../collection.json",
      "type": "application/json"
    },
    {
      "rel": "parent",
      "href": "../collection.json",
      "type": "application/json"
    }
  ],
  "assets": {
    "labels": {
      "href": "./labels.geojson",
      "type": "application/geo+json"
    }
  },
  "bbox": [
    8.531056228091312,
    47.36108388623708,
    8.531743348191528,
    47.3615507619552
  ],
  "stac_extensions": [
    "https://stac-extensions.github.io/label/v1.0.1/schema.json"
  ],
  "collection": "fbd8ecdf-4ea7-41e4-9e80-f8bdb25becdf"
}