{
  "type": "Collection",
  "id": "3eab1a20-3544-479a-92b7-6165a3e0f6d5",
  "stac_version": "1.0.0",
  "description": "17083_tile_1",
  "links": [
    {
      "rel": "root",
      "href": "../catalog.json",
      "type": "application/json"
    },
    {
      "rel": "item",
      "href": "./851c38b4-22e6-4f17-b959-eb9a87dbd136/851c38b4-22e6-4f17-b959-eb9a87dbd136.json",
      "type": "application/json"
    },
    {
      "rel": "item",
      "href": "./631c7194-1920-4de1-87c8-1fe40727cd3a/631c7194-1920-4de1-87c8-1fe40727cd3a.json",
      "type": "application/json"
    },
    {
      "rel": "parent",
      "href": "../catalog.json",
      "type": "application/json"
    }
  ],
  "extent": {
    "spatial": {
      "bbox": [
        [
          8.49418289191626,
          47.402595558346114,
          8.494870233325313,
          47.40306221457733
        ]
      ]
    },
    "temporal": {
      "interval": [
        [
          "2025-05-06T07:14:21.898838Z",
          "2025-05-07T19:01:05.282149Z"
        ]
      ]
    }
  },
  "license": "proprietary"
}