{
  "type": "Collection",
  "id": "afcf7bdc-0421-486b-aaea-5ca025ece52f",
  "stac_version": "1.0.0",
  "description": "{F7025998-1297-4A91-B6CA-4183E07AD5E1}_tile_3",
  "links": [
    {
      "rel": "root",
      "href": "../catalog.json",
      "type": "application/json"
    },
    {
      "rel": "item",
      "href": "./cb40f04f-9671-431e-87f2-19b9debe3882/cb40f04f-9671-431e-87f2-19b9debe3882.json",
      "type": "application/json"
    },
    {
      "rel": "item",
      "href": "./b9126c9d-7ca5-430a-a510-7a0224b286f9/b9126c9d-7ca5-430a-a510-7a0224b286f9.json",
      "type": "application/json"
    },
    {
      "rel": "parent",
      "href": "../catalog.json",
      "type": "application/json"
    }
  ],
  "extent": {
    "spatial": {
      "bbox": [
        [
          8.539189338191152,
          47.36772956567375,
          8.539215178669247,
          47.367955501569696
        ]
      ]
    },
    "temporal": {
      "interval": [
        [
          "2025-01-31T23:46:45.639338Z",
          "2025-03-20T09:20:54.053792Z"
        ]
      ]
    }
  },
  "license": "proprietary"
}