{
  "type": "Collection",
  "id": "7ad57558-baf1-405c-a39f-b9603aa34ca6",
  "stac_version": "1.0.0",
  "description": "4421_tile_0",
  "links": [
    {
      "rel": "root",
      "href": "../catalog.json",
      "type": "application/json"
    },
    {
      "rel": "item",
      "href": "./890c930c-f67c-4936-9b0f-ddc199c25b89/890c930c-f67c-4936-9b0f-ddc199c25b89.json",
      "type": "application/json"
    },
    {
      "rel": "item",
      "href": "./9c75fece-c632-437b-86e3-bf7920bbce36/9c75fece-c632-437b-86e3-bf7920bbce36.json",
      "type": "application/json"
    },
    {
      "rel": "parent",
      "href": "../catalog.json",
      "type": "application/json"
    }
  ],
  "extent": {
    "spatial": {
      "bbox": [
        [
          8.534503830168838,
          47.34853889717662,
          8.535190817868093,
          47.34900579460068
        ]
      ]
    },
    "temporal": {
      "interval": [
        [
          "2025-04-02T11:45:01.636051Z",
          "2025-04-28T08:57:11.966124Z"
        ]
      ]
    }
  },
  "license": "proprietary"
}