{
  "type": "Collection",
  "id": "d9edfd26-36bd-466b-85e2-c951c2d7f163",
  "stac_version": "1.0.0",
  "description": "{5199FF71-44C3-44DE-956E-28C45B264674}_tile_5",
  "links": [
    {
      "rel": "root",
      "href": "../catalog.json",
      "type": "application/json"
    },
    {
      "rel": "item",
      "href": "./c2037555-ab86-482a-ba28-e114ed9a5c5d/c2037555-ab86-482a-ba28-e114ed9a5c5d.json",
      "type": "application/json"
    },
    {
      "rel": "item",
      "href": "./3ee98f75-512f-4a6c-8529-3b2a719a22e2/3ee98f75-512f-4a6c-8529-3b2a719a22e2.json",
      "type": "application/json"
    },
    {
      "rel": "parent",
      "href": "../catalog.json",
      "type": "application/json"
    }
  ],
  "extent": {
    "spatial": {
      "bbox": [
        [
          8.542746879535255,
          47.380317526208756,
          8.542871788024044,
          47.380404139986666
        ]
      ]
    },
    "temporal": {
      "interval": [
        [
          "2025-01-31T23:45:34.127098Z",
          "2025-03-20T09:21:10.327225Z"
        ]
      ]
    }
  },
  "license": "proprietary"
}