{
  "type": "Feature",
  "stac_version": "1.0.0",
  "id": "d3621852-d72e-4786-acfa-a305071ccaa6",
  "properties": {
    "title": "Groundwork campaign labels",
    "description": "Labels created from a Groundwork campaign!",
    "label:description": "Labels for project 4728_tile_0",
    "label:type": "vector",
    "label:properties": [
      "default"
    ],
    "label:classes": [
      {
        "classes": [
          "Pavement Distress",
          "Non-Pavement Distress"
        ],
        "name": "default"
      }
    ],
    "label:tasks": [
      "detection"
    ],
    "datetime": "2025-04-28T08:57:09.019028Z"
  },
  "geometry": {
    "type": "Polygon",
    "coordinates": [
      [
        [
          8.574075960380995,
          47.37257869698592
        ],
        [
          8.574085769144729,
          47.373039154882875
        ],
        [
          8.573407942833697,
          47.37304581619576
        ],
        [
          8.573398139928397,
          47.37258535824182
        ],
        [
          8.574075960380995,
          47.37257869698592
        ]
      ]
    ]
  },
  "links": [
    {
      "rel": "source",
      "href": "../6f937332-4719-4393-ab85-152067e60696/6f937332-4719-4393-ab85-152067e60696.json",
      "type": "application/json"
    },
    {
      "rel": "root",
      "href": "../../catalog.json",
      "type": "application/json"
    },
    {
      "rel": "collection",
      "href": "../collection.json",
      "type": "application/json"
    },
    {
      "rel": "parent",
      "href": "../collection.json",
      "type": "application/json"
    }
  ],
  "assets": {
    "labels": {
      "href": "./labels.geojson",
      "type": "application/geo+json"
    }
  },
  "bbox": [
    8.573398139928397,
    47.37257869698592,
    8.574085769144729,
    47.37304581619576
  ],
  "stac_extensions": [
    "https://stac-extensions.github.io/label/v1.0.1/schema.json"
  ],
  "collection": "85ceffae-b891-4b09-b8d0-361e8a5bb4f4"
}