{
  "type": "Feature",
  "stac_version": "1.0.0",
  "id": "6f4e0dbb-cb6f-4d50-bdb5-5fc67eb5cf6a",
  "properties": {
    "title": "Groundwork campaign labels",
    "description": "Labels created from a Groundwork campaign!",
    "label:description": "Labels for project 13420_tile_1",
    "label:type": "vector",
    "label:properties": [
      "default"
    ],
    "label:classes": [
      {
        "classes": [
          "Pavement_distress",
          "non_pavement_distress"
        ],
        "name": "default"
      }
    ],
    "label:tasks": [
      "detection"
    ],
    "datetime": "2025-05-07T19:01:26.229203Z"
  },
  "geometry": {
    "type": "Polygon",
    "coordinates": [
      [
        [
          8.549441884821215,
          47.39959581556998
        ],
        [
          8.549451485526026,
          47.40005627170977
        ],
        [
          8.548773312154818,
          47.40006278832023
        ],
        [
          8.548763717314543,
          47.39960233212466
        ],
        [
          8.549441884821215,
          47.39959581556998
        ]
      ]
    ]
  },
  "links": [
    {
      "rel": "source",
      "href": "../aa17e3b4-a0b6-439b-9d3f-044e959bcd77/aa17e3b4-a0b6-439b-9d3f-044e959bcd77.json",
      "type": "application/json"
    },
    {
      "rel": "root",
      "href": "../../catalog.json",
      "type": "application/json"
    },
    {
      "rel": "collection",
      "href": "../collection.json",
      "type": "application/json"
    },
    {
      "rel": "parent",
      "href": "../collection.json",
      "type": "application/json"
    }
  ],
  "assets": {
    "labels": {
      "href": "./labels.geojson",
      "type": "application/geo+json"
    }
  },
  "bbox": [
    8.548763717314543,
    47.39959581556998,
    8.549451485526026,
    47.40006278832023
  ],
  "stac_extensions": [
    "https://stac-extensions.github.io/label/v1.0.1/schema.json"
  ],
  "collection": "d9c42c03-a4bf-4901-8b35-c08664fd4229"
}