{
  "type": "Feature",
  "stac_version": "1.0.0",
  "id": "bfbf9690-50d1-4797-98d9-fd01f93045ff",
  "properties": {
    "title": "Groundwork campaign labels",
    "description": "Labels created from a Groundwork campaign!",
    "label:description": "Labels for project 16504_tile_3",
    "label:type": "vector",
    "label:properties": [
      "default"
    ],
    "label:classes": [
      {
        "classes": [
          "Pavement_distress",
          "non_pavement_distress"
        ],
        "name": "default"
      }
    ],
    "label:tasks": [
      "detection"
    ],
    "datetime": "2025-05-07T19:01:08.782333Z"
  },
  "geometry": {
    "type": "Polygon",
    "coordinates": [
      [
        [
          8.55491245639839,
          47.411755721228666
        ],
        [
          8.554922106638829,
          47.41221617514775
        ],
        [
          8.554243779002153,
          47.41222272386934
        ],
        [
          8.554234134628903,
          47.41176226989421
        ],
        [
          8.55491245639839,
          47.411755721228666
        ]
      ]
    ]
  },
  "links": [
    {
      "rel": "source",
      "href": "../8be87628-7161-4429-9e1b-8176cd21320d/8be87628-7161-4429-9e1b-8176cd21320d.json",
      "type": "application/json"
    },
    {
      "rel": "root",
      "href": "../../catalog.json",
      "type": "application/json"
    },
    {
      "rel": "collection",
      "href": "../collection.json",
      "type": "application/json"
    },
    {
      "rel": "parent",
      "href": "../collection.json",
      "type": "application/json"
    }
  ],
  "assets": {
    "labels": {
      "href": "./labels.geojson",
      "type": "application/geo+json"
    }
  },
  "bbox": [
    8.554234134628903,
    47.411755721228666,
    8.554922106638829,
    47.41222272386934
  ],
  "stac_extensions": [
    "https://stac-extensions.github.io/label/v1.0.1/schema.json"
  ],
  "collection": "e465d8b8-f3e8-4d7a-9f24-23e2e83a7d05"
}