{
  "type": "Collection",
  "id": "95c23f94-9507-41a3-9ed6-9d0fdcd897d0",
  "stac_version": "1.0.0",
  "description": "{9EC8E475-F728-4BAB-8BA0-8139A3A85FC8}_tile_1",
  "links": [
    {
      "rel": "root",
      "href": "../catalog.json",
      "type": "application/json"
    },
    {
      "rel": "item",
      "href": "./49643f5c-199f-4a2d-95be-4a9706136dcf/49643f5c-199f-4a2d-95be-4a9706136dcf.json",
      "type": "application/json"
    },
    {
      "rel": "item",
      "href": "./f985cf83-6661-4d89-afeb-18ff5bc950d3/f985cf83-6661-4d89-afeb-18ff5bc950d3.json",
      "type": "application/json"
    },
    {
      "rel": "parent",
      "href": "../catalog.json",
      "type": "application/json"
    }
  ],
  "extent": {
    "spatial": {
      "bbox": [
        [
          8.57120258933157,
          47.34721215851944,
          8.571605851846856,
          47.347449894758164
        ]
      ]
    },
    "temporal": {
      "interval": [
        [
          "2025-01-31T23:44:50.835245Z",
          "2025-03-20T09:21:19.687347Z"
        ]
      ]
    }
  },
  "license": "proprietary"
}