{
  "type": "Collection",
  "id": "e1eb1774-1452-4ebb-bd53-3cb779fd01fb",
  "stac_version": "1.0.0",
  "description": "11167_tile_2",
  "links": [
    {
      "rel": "root",
      "href": "../catalog.json",
      "type": "application/json"
    },
    {
      "rel": "item",
      "href": "./6305449b-5301-4de5-bced-7e189d181c7e/6305449b-5301-4de5-bced-7e189d181c7e.json",
      "type": "application/json"
    },
    {
      "rel": "item",
      "href": "./3fd4c443-66b6-4319-8d7d-8495ebc5de55/3fd4c443-66b6-4319-8d7d-8495ebc5de55.json",
      "type": "application/json"
    },
    {
      "rel": "parent",
      "href": "../catalog.json",
      "type": "application/json"
    }
  ],
  "extent": {
    "spatial": {
      "bbox": [
        [
          8.541610362226287,
          47.38170833471099,
          8.542297838429473,
          47.38217526862395
        ]
      ]
    },
    "temporal": {
      "interval": [
        [
          "2025-05-06T07:11:31.096773Z",
          "2025-05-07T19:01:45.810348Z"
        ]
      ]
    }
  },
  "license": "proprietary"
}