{
  "type": "Collection",
  "id": "fb468997-02b2-42b0-81b8-724ef24a86a3",
  "stac_version": "1.0.0",
  "description": "3389_tile_1",
  "links": [
    {
      "rel": "root",
      "href": "../catalog.json",
      "type": "application/json"
    },
    {
      "rel": "item",
      "href": "./3bd6bfd9-5c72-4f2c-b29b-972e838dbc56/3bd6bfd9-5c72-4f2c-b29b-972e838dbc56.json",
      "type": "application/json"
    },
    {
      "rel": "item",
      "href": "./0043c244-7bdb-47f3-b06c-d99c258a34fe/0043c244-7bdb-47f3-b06c-d99c258a34fe.json",
      "type": "application/json"
    },
    {
      "rel": "parent",
      "href": "../catalog.json",
      "type": "application/json"
    }
  ],
  "extent": {
    "spatial": {
      "bbox": [
        [
          8.515046651788259,
          47.375757832755035,
          8.515733824728128,
          47.37622461369431
        ]
      ]
    },
    "temporal": {
      "interval": [
        [
          "2025-05-06T07:08:22.654427Z",
          "2025-05-07T19:02:30.784516Z"
        ]
      ]
    }
  },
  "license": "proprietary"
}