{
  "type": "Collection",
  "id": "dbcfd2a0-3b9f-430d-affe-4b7b491a9709",
  "stac_version": "1.0.0",
  "description": "613_tile_6",
  "links": [
    {
      "rel": "root",
      "href": "../catalog.json",
      "type": "application/json"
    },
    {
      "rel": "item",
      "href": "./1e406796-b631-49e6-9828-2a52bfe5f2fe/1e406796-b631-49e6-9828-2a52bfe5f2fe.json",
      "type": "application/json"
    },
    {
      "rel": "item",
      "href": "./7b8bdb27-06ba-4082-8d83-036fff815cc3/7b8bdb27-06ba-4082-8d83-036fff815cc3.json",
      "type": "application/json"
    },
    {
      "rel": "parent",
      "href": "../catalog.json",
      "type": "application/json"
    }
  ],
  "extent": {
    "spatial": {
      "bbox": [
        [
          8.57282485542975,
          47.382787570764854,
          8.57351261159384,
          47.38325468520488
        ]
      ]
    },
    "temporal": {
      "interval": [
        [
          "2025-05-06T07:07:24.048395Z",
          "2025-05-07T19:02:43.780072Z"
        ]
      ]
    }
  },
  "license": "proprietary"
}