{
  "type": "Feature",
  "stac_version": "1.0.0",
  "id": "d40584b7-76b1-4801-8c2c-18ac16f9dd7b",
  "properties": {
    "title": "Groundwork campaign labels",
    "description": "Labels created from a Groundwork campaign!",
    "label:description": "Labels for project 5570_tile_1",
    "label:type": "vector",
    "label:properties": [
      "default"
    ],
    "label:classes": [
      {
        "classes": [
          "Pavement_distress",
          "non_pavement_distress"
        ],
        "name": "default"
      }
    ],
    "label:tasks": [
      "detection"
    ],
    "datetime": "2025-05-07T19:02:22.244158Z"
  },
  "geometry": {
    "type": "Polygon",
    "coordinates": [
      [
        [
          8.543719056940752,
          47.38466754578804
        ],
        [
          8.543728605452182,
          47.38512800453996
        ],
        [
          8.543050621496027,
          47.385134487561174
        ],
        [
          8.543041078845857,
          47.384674028753786
        ],
        [
          8.543719056940752,
          47.38466754578804
        ]
      ]
    ]
  },
  "links": [
    {
      "rel": "source",
      "href": "../79598751-aa8a-4e1b-8020-a31c34faa7bc/79598751-aa8a-4e1b-8020-a31c34faa7bc.json",
      "type": "application/json"
    },
    {
      "rel": "root",
      "href": "../../catalog.json",
      "type": "application/json"
    },
    {
      "rel": "collection",
      "href": "../collection.json",
      "type": "application/json"
    },
    {
      "rel": "parent",
      "href": "../collection.json",
      "type": "application/json"
    }
  ],
  "assets": {
    "labels": {
      "href": "./labels.geojson",
      "type": "application/geo+json"
    }
  },
  "bbox": [
    8.543041078845857,
    47.38466754578804,
    8.543728605452182,
    47.385134487561174
  ],
  "stac_extensions": [
    "https://stac-extensions.github.io/label/v1.0.1/schema.json"
  ],
  "collection": "9043b52b-e0ae-49c9-a2ff-a64f1114c004"
}