{
  "type": "Feature",
  "stac_version": "1.0.0",
  "id": "83091321-8f45-4e1c-8328-35f884f4ceda",
  "properties": {
    "title": "Groundwork campaign labels",
    "description": "Labels created from a Groundwork campaign!",
    "label:description": "Labels for project 5672_tile_2",
    "label:type": "vector",
    "label:properties": [
      "default"
    ],
    "label:classes": [
      {
        "classes": [
          "Pavement_distress",
          "non_pavement_distress"
        ],
        "name": "default"
      }
    ],
    "label:tasks": [
      "detection"
    ],
    "datetime": "2025-05-07T19:02:21.539462Z"
  },
  "geometry": {
    "type": "Polygon",
    "coordinates": [
      [
        [
          8.504024171029023,
          47.401017384759996
        ],
        [
          8.50403337914429,
          47.401477844417485
        ],
        [
          8.503355182183533,
          47.40148409430115
        ],
        [
          8.503345979933341,
          47.40102363459014
        ],
        [
          8.504024171029023,
          47.401017384759996
        ]
      ]
    ]
  },
  "links": [
    {
      "rel": "source",
      "href": "../75b9e228-dc01-4882-839d-57105e2320a8/75b9e228-dc01-4882-839d-57105e2320a8.json",
      "type": "application/json"
    },
    {
      "rel": "root",
      "href": "../../catalog.json",
      "type": "application/json"
    },
    {
      "rel": "collection",
      "href": "../collection.json",
      "type": "application/json"
    },
    {
      "rel": "parent",
      "href": "../collection.json",
      "type": "application/json"
    }
  ],
  "assets": {
    "labels": {
      "href": "./labels.geojson",
      "type": "application/geo+json"
    }
  },
  "bbox": [
    8.503345979933341,
    47.401017384759996,
    8.50403337914429,
    47.40148409430115
  ],
  "stac_extensions": [
    "https://stac-extensions.github.io/label/v1.0.1/schema.json"
  ],
  "collection": "ce944cdf-d81a-4bc9-8183-825feb8d75df"
}