{
  "type": "Collection",
  "id": "35440ddb-fe49-4885-8366-b32361ab2069",
  "stac_version": "1.0.0",
  "description": "{5AD86464-6907-4A5B-AECB-A58554AF5344}_tile_0",
  "links": [
    {
      "rel": "root",
      "href": "../catalog.json",
      "type": "application/json"
    },
    {
      "rel": "item",
      "href": "./1ed4e05f-ffa9-4283-b51e-8086d3dd45eb/1ed4e05f-ffa9-4283-b51e-8086d3dd45eb.json",
      "type": "application/json"
    },
    {
      "rel": "item",
      "href": "./b642de83-5632-44e5-9f4a-413f84ad882b/b642de83-5632-44e5-9f4a-413f84ad882b.json",
      "type": "application/json"
    },
    {
      "rel": "parent",
      "href": "../catalog.json",
      "type": "application/json"
    }
  ],
  "extent": {
    "spatial": {
      "bbox": [
        [
          8.548827848290616,
          47.370190375478685,
          8.549112275559105,
          47.370501520450674
        ]
      ]
    },
    "temporal": {
      "interval": [
        [
          "2025-01-31T23:45:04.610540Z",
          "2025-03-20T09:21:16.844304Z"
        ]
      ]
    }
  },
  "license": "proprietary"
}