{
  "type": "Collection",
  "id": "4dc240d2-c956-4562-ba69-7b266c02e574",
  "stac_version": "1.0.0",
  "description": "10618_tile_3",
  "links": [
    {
      "rel": "root",
      "href": "../catalog.json",
      "type": "application/json"
    },
    {
      "rel": "item",
      "href": "./1570af90-cce9-4df1-a326-23eb15f88efe/1570af90-cce9-4df1-a326-23eb15f88efe.json",
      "type": "application/json"
    },
    {
      "rel": "item",
      "href": "./a9790504-5c25-465b-ab76-307d6142d209/a9790504-5c25-465b-ab76-307d6142d209.json",
      "type": "application/json"
    },
    {
      "rel": "parent",
      "href": "../catalog.json",
      "type": "application/json"
    }
  ],
  "extent": {
    "spatial": {
      "bbox": [
        [
          8.480238701870386,
          47.398737374355726,
          8.480925874474826,
          47.39920395035818
        ]
      ]
    },
    "temporal": {
      "interval": [
        [
          "2025-04-02T11:47:05.644515Z",
          "2025-04-28T08:56:35.702923Z"
        ]
      ]
    }
  },
  "license": "proprietary"
}