{
  "type": "Collection",
  "id": "7e882bd8-0bb5-424a-8f39-377f08400660",
  "stac_version": "1.0.0",
  "description": "{3386827B-D79E-4E18-9446-8A2B911EB223}_tile_0",
  "links": [
    {
      "rel": "root",
      "href": "../catalog.json",
      "type": "application/json"
    },
    {
      "rel": "item",
      "href": "./1fd5429f-23be-4cb9-83ae-50534607fb60/1fd5429f-23be-4cb9-83ae-50534607fb60.json",
      "type": "application/json"
    },
    {
      "rel": "item",
      "href": "./cd4c9709-a85e-4677-a2f1-88e8a73f1061/cd4c9709-a85e-4677-a2f1-88e8a73f1061.json",
      "type": "application/json"
    },
    {
      "rel": "parent",
      "href": "../catalog.json",
      "type": "application/json"
    }
  ],
  "extent": {
    "spatial": {
      "bbox": [
        [
          8.565124785622016,
          47.37232331069648,
          8.565806692701942,
          47.372523280052725
        ]
      ]
    },
    "temporal": {
      "interval": [
        [
          "2025-01-31T23:45:11.116031Z",
          "2025-03-20T09:21:15.398191Z"
        ]
      ]
    }
  },
  "license": "proprietary"
}