{
  "type": "Feature",
  "stac_version": "1.0.0",
  "id": "9a3bcc7e-5ec7-458d-9e21-8adf82a38028",
  "properties": {
    "title": "Groundwork campaign labels",
    "description": "Labels created from a Groundwork campaign!",
    "label:description": "Labels for project 1235_tile_1",
    "label:type": "vector",
    "label:properties": [
      "default"
    ],
    "label:classes": [
      {
        "classes": [
          "Pavement_distress",
          "non_pavement_distress"
        ],
        "name": "default"
      }
    ],
    "label:tasks": [
      "detection"
    ],
    "datetime": "2025-05-07T19:02:40.575867Z"
  },
  "geometry": {
    "type": "Polygon",
    "coordinates": [
      [
        [
          8.519335996518485,
          47.38674758525097
        ],
        [
          8.519345334557416,
          47.387208045714225
        ],
        [
          8.518667321164175,
          47.38721438553809
        ],
        [
          8.518657988987092,
          47.38675392502054
        ],
        [
          8.519335996518485,
          47.38674758525097
        ]
      ]
    ]
  },
  "links": [
    {
      "rel": "source",
      "href": "../9031a956-d47e-4b1d-9075-cd4a865089a7/9031a956-d47e-4b1d-9075-cd4a865089a7.json",
      "type": "application/json"
    },
    {
      "rel": "root",
      "href": "../../catalog.json",
      "type": "application/json"
    },
    {
      "rel": "collection",
      "href": "../collection.json",
      "type": "application/json"
    },
    {
      "rel": "parent",
      "href": "../collection.json",
      "type": "application/json"
    }
  ],
  "assets": {
    "labels": {
      "href": "./labels.geojson",
      "type": "application/geo+json"
    }
  },
  "bbox": [
    8.518657988987092,
    47.38674758525097,
    8.519345334557416,
    47.38721438553809
  ],
  "stac_extensions": [
    "https://stac-extensions.github.io/label/v1.0.1/schema.json"
  ],
  "collection": "deb7082e-1bdc-4f37-a7a1-6956f9a800ac"
}