{
  "type": "Feature",
  "stac_version": "1.0.0",
  "id": "b642de83-5632-44e5-9f4a-413f84ad882b",
  "properties": {
    "title": "Groundwork campaign labels",
    "description": "Labels created from a Groundwork campaign!",
    "label:description": "Labels for project {5AD86464-6907-4A5B-AECB-A58554AF5344}_tile_0",
    "label:type": "vector",
    "label:properties": [
      "default"
    ],
    "label:classes": [
      {
        "classes": [
          "Pavement_distress",
          "Shadows"
        ],
        "name": "default"
      }
    ],
    "label:tasks": [
      "detection"
    ],
    "datetime": "2025-03-20T09:21:16.844304Z"
  },
  "geometry": {
    "type": "Polygon",
    "coordinates": [
      [
        [
          8.549105849374136,
          47.370190375478685
        ],
        [
          8.549112275559105,
          47.370498847942166
        ],
        [
          8.548834272865962,
          47.370501520450674
        ],
        [
          8.548827848290616,
          47.37019304797189
        ],
        [
          8.549105849374136,
          47.370190375478685
        ]
      ]
    ]
  },
  "links": [
    {
      "rel": "source",
      "href": "../1ed4e05f-ffa9-4283-b51e-8086d3dd45eb/1ed4e05f-ffa9-4283-b51e-8086d3dd45eb.json",
      "type": "application/json"
    },
    {
      "rel": "root",
      "href": "../../catalog.json",
      "type": "application/json"
    },
    {
      "rel": "collection",
      "href": "../collection.json",
      "type": "application/json"
    },
    {
      "rel": "parent",
      "href": "../collection.json",
      "type": "application/json"
    }
  ],
  "assets": {
    "labels": {
      "href": "./labels.geojson",
      "type": "application/geo+json"
    }
  },
  "bbox": [
    8.548827848290616,
    47.370190375478685,
    8.549112275559105,
    47.370501520450674
  ],
  "stac_extensions": [
    "https://stac-extensions.github.io/label/v1.0.1/schema.json"
  ],
  "collection": "35440ddb-fe49-4885-8366-b32361ab2069"
}