{
  "type": "Collection",
  "id": "5846c4b9-34c3-46d9-83a5-8b31e4b90310",
  "stac_version": "1.0.0",
  "description": "{F204F37D-4EDF-4D50-B0C2-6EC4EB6D8ECD}_tile_2",
  "links": [
    {
      "rel": "root",
      "href": "../catalog.json",
      "type": "application/json"
    },
    {
      "rel": "item",
      "href": "./32847c99-24f2-41a7-80a8-14be6c79fdbf/32847c99-24f2-41a7-80a8-14be6c79fdbf.json",
      "type": "application/json"
    },
    {
      "rel": "item",
      "href": "./5ac2e3ff-c3b2-4299-a11e-e5de0457da73/5ac2e3ff-c3b2-4299-a11e-e5de0457da73.json",
      "type": "application/json"
    },
    {
      "rel": "parent",
      "href": "../catalog.json",
      "type": "application/json"
    }
  ],
  "extent": {
    "spatial": {
      "bbox": [
        [
          8.48779538845926,
          47.38078328250331,
          8.488473766574083,
          47.38081192461978
        ]
      ]
    },
    "temporal": {
      "interval": [
        [
          "2025-01-31T23:46:46.905847Z",
          "2025-03-20T09:20:53.827702Z"
        ]
      ]
    }
  },
  "license": "proprietary"
}