{
  "type": "Collection",
  "id": "8f63dfd2-fa24-48d3-b9a4-8899ae442fb3",
  "stac_version": "1.0.0",
  "description": "13525_tile_1",
  "links": [
    {
      "rel": "root",
      "href": "../catalog.json",
      "type": "application/json"
    },
    {
      "rel": "item",
      "href": "./254b569a-01ef-4916-864f-6b996abf13db/254b569a-01ef-4916-864f-6b996abf13db.json",
      "type": "application/json"
    },
    {
      "rel": "item",
      "href": "./605ad8e1-92b1-4339-a79c-36cb096d2a77/605ad8e1-92b1-4339-a79c-36cb096d2a77.json",
      "type": "application/json"
    },
    {
      "rel": "parent",
      "href": "../catalog.json",
      "type": "application/json"
    }
  ],
  "extent": {
    "spatial": {
      "bbox": [
        [
          8.470054921641031,
          47.39270229201234,
          8.47074192944402,
          47.39316880987518
        ]
      ]
    },
    "temporal": {
      "interval": [
        [
          "2025-04-02T11:48:03.990095Z",
          "2025-04-28T08:56:20.136891Z"
        ]
      ]
    }
  },
  "license": "proprietary"
}