{
  "type": "Collection",
  "id": "d455f600-6243-4be3-ba56-060251050024",
  "stac_version": "1.0.0",
  "description": "{1B558BE4-065F-4C31-8A21-F39FA4BEF028}_tile_0",
  "links": [
    {
      "rel": "root",
      "href": "../catalog.json",
      "type": "application/json"
    },
    {
      "rel": "item",
      "href": "./15679500-ac8b-42fe-a188-67958356df78/15679500-ac8b-42fe-a188-67958356df78.json",
      "type": "application/json"
    },
    {
      "rel": "item",
      "href": "./1b0d83d7-d059-468c-a509-c9d5f4548807/1b0d83d7-d059-468c-a509-c9d5f4548807.json",
      "type": "application/json"
    },
    {
      "rel": "parent",
      "href": "../catalog.json",
      "type": "application/json"
    }
  ],
  "extent": {
    "spatial": {
      "bbox": [
        [
          8.598143618799597,
          47.3541902482347,
          8.598464111707614,
          47.35432564025484
        ]
      ]
    },
    "temporal": {
      "interval": [
        [
          "2025-01-31T23:45:30.391579Z",
          "2025-03-20T09:21:11.231672Z"
        ]
      ]
    }
  },
  "license": "proprietary"
}