{
  "type": "Feature",
  "stac_version": "1.0.0",
  "id": "58784354-9bd9-4ba2-bed8-93818a5a6f33",
  "properties": {
    "title": "Groundwork campaign labels",
    "description": "Labels created from a Groundwork campaign!",
    "label:description": "Labels for project 561_tile_1",
    "label:type": "vector",
    "label:properties": [
      "default"
    ],
    "label:classes": [
      {
        "classes": [
          "Pavement_distress",
          "non_pavement_distress"
        ],
        "name": "default"
      }
    ],
    "label:tasks": [
      "detection"
    ],
    "datetime": "2025-05-07T19:02:44.554653Z"
  },
  "geometry": {
    "type": "Polygon",
    "coordinates": [
      [
        [
          8.52652524374273,
          47.40672740334894
        ],
        [
          8.526534647500506,
          47.407187860355904
        ],
        [
          8.52585638047337,
          47.40719424237512
        ],
        [
          8.525846982581818,
          47.406733785313484
        ],
        [
          8.52652524374273,
          47.40672740334894
        ]
      ]
    ]
  },
  "links": [
    {
      "rel": "source",
      "href": "../92ca1e0c-6b90-4b69-b4ab-676c7a7cfea5/92ca1e0c-6b90-4b69-b4ab-676c7a7cfea5.json",
      "type": "application/json"
    },
    {
      "rel": "root",
      "href": "../../catalog.json",
      "type": "application/json"
    },
    {
      "rel": "collection",
      "href": "../collection.json",
      "type": "application/json"
    },
    {
      "rel": "parent",
      "href": "../collection.json",
      "type": "application/json"
    }
  ],
  "assets": {
    "labels": {
      "href": "./labels.geojson",
      "type": "application/geo+json"
    }
  },
  "bbox": [
    8.525846982581818,
    47.40672740334894,
    8.526534647500506,
    47.40719424237512
  ],
  "stac_extensions": [
    "https://stac-extensions.github.io/label/v1.0.1/schema.json"
  ],
  "collection": "5a9f11c8-3901-45e3-b261-1c23c0b998df"
}