{
  "type": "Feature",
  "stac_version": "1.0.0",
  "id": "c1e47481-b88d-4e29-bac2-cd73de849ca4",
  "properties": {
    "title": "Groundwork campaign labels",
    "description": "Labels created from a Groundwork campaign!",
    "label:description": "Labels for project {3A856F54-2514-4392-80D0-528F27F596E0}_tile_0",
    "label:type": "vector",
    "label:properties": [
      "default"
    ],
    "label:classes": [
      {
        "classes": [
          "Pavement_distress",
          "Shadows"
        ],
        "name": "default"
      }
    ],
    "label:tasks": [
      "detection"
    ],
    "datetime": "2025-03-20T09:21:21.532918Z"
  },
  "geometry": {
    "type": "Polygon",
    "coordinates": [
      [
        [
          8.575990294873222,
          47.37839414746851
        ],
        [
          8.575992252461216,
          47.3784858791248
        ],
        [
          8.575314357068853,
          47.37849255162653
        ],
        [
          8.575312400648212,
          47.37840081995889
        ],
        [
          8.575990294873222,
          47.37839414746851
        ]
      ]
    ]
  },
  "links": [
    {
      "rel": "source",
      "href": "../ff31610f-6493-4659-a0da-24ed9f7a5cbd/ff31610f-6493-4659-a0da-24ed9f7a5cbd.json",
      "type": "application/json"
    },
    {
      "rel": "root",
      "href": "../../catalog.json",
      "type": "application/json"
    },
    {
      "rel": "collection",
      "href": "../collection.json",
      "type": "application/json"
    },
    {
      "rel": "parent",
      "href": "../collection.json",
      "type": "application/json"
    }
  ],
  "assets": {
    "labels": {
      "href": "./labels.geojson",
      "type": "application/geo+json"
    }
  },
  "bbox": [
    8.575312400648212,
    47.37839414746851,
    8.575992252461216,
    47.37849255162653
  ],
  "stac_extensions": [
    "https://stac-extensions.github.io/label/v1.0.1/schema.json"
  ],
  "collection": "3f0f7306-9abb-48d6-8a2c-db4e7217e9ab"
}