{
  "type": "Collection",
  "id": "b58e896e-63de-46d0-ac72-db6d93bd45fa",
  "stac_version": "1.0.0",
  "description": "{7D74F8A3-A35E-4738-BA06-ECDC0818015F}_tile_0",
  "links": [
    {
      "rel": "root",
      "href": "../catalog.json",
      "type": "application/json"
    },
    {
      "rel": "item",
      "href": "./237e8537-70df-403c-9106-d209ae494517/237e8537-70df-403c-9106-d209ae494517.json",
      "type": "application/json"
    },
    {
      "rel": "item",
      "href": "./cddc4ff9-7f64-4d98-90c5-b714fca43135/cddc4ff9-7f64-4d98-90c5-b714fca43135.json",
      "type": "application/json"
    },
    {
      "rel": "parent",
      "href": "../catalog.json",
      "type": "application/json"
    }
  ],
  "extent": {
    "spatial": {
      "bbox": [
        [
          8.514058851034095,
          47.370383299544166,
          8.514275997809763,
          47.370584038819615
        ]
      ]
    },
    "temporal": {
      "interval": [
        [
          "2025-01-31T23:45:31.756529Z",
          "2025-03-20T09:21:10.863788Z"
        ]
      ]
    }
  },
  "license": "proprietary"
}