{
  "type": "Feature",
  "stac_version": "1.0.0",
  "id": "fba8581e-5c80-4a09-930f-1b31b95e97b6",
  "properties": {
    "datetime": "2025-01-31T23:46:06.902737Z"
  },
  "geometry": {
    "type": "Polygon",
    "coordinates": [
      [
        [
          8.510709059704821,
          47.35294428354483
        ],
        [
          8.510710903964963,
          47.35303601698884
        ],
        [
          8.510565330237627,
          47.35303736851094
        ],
        [
          8.510563486228058,
          47.35294563506469
        ],
        [
          8.510709059704821,
          47.35294428354483
        ]
      ]
    ]
  },
  "links": [
    {
      "rel": "root",
      "href": "../../catalog.json",
      "type": "application/json"
    },
    {
      "rel": "collection",
      "href": "../collection.json",
      "type": "application/json"
    },
    {
      "rel": "parent",
      "href": "../collection.json",
      "type": "application/json"
    }
  ],
  "assets": {
    "tile_server_url": {
      "href": "https://tiler.groundwork.element84.com/cog/tiles/WebMercatorQuad/{z}/{x}/{y}@1x?url=s3://groundwork-production-data-us-east-1/user-uploads/auth0|67045c3977ea93c8f9521feb/6cec6c48-94e0-4624-8b3e-5892240ff63c/cog.tif&bidx=1&bidx=2&bidx=3",
      "type": "image/png",
      "title": "Image layer",
      "description": "TMS tiles"
    },
    "signedURL": {
      "href": "https://groundwork-production-data-us-east-1.s3.amazonaws.com/user-uploads/auth0%7C67045c3977ea93c8f9521feb/6cec6c48-94e0-4624-8b3e-5892240ff63c/cog.tif?AWSAccessKeyId=ASIAY6ZH63CNZPF7QCTR&Signature=V4hPyxFcXcF3QHGiF6CROFo%2BSSk%3D&x-amz-security-token=IQoJb3JpZ2luX2VjEDIaCXVzLWVhc3QtMSJIMEYCIQCW%2Fcv0Xq%2FIRGHJq10uhzwlvoEQvLRGHGIxqDOSWeJFhQIhAJatchIuOK2n8X2S%2FuEpd9apUo0wE07HhuV2Wd69sBesKqgFCIr%2F%2F%2F%2F%2F%2F%2F%2F%2F%2FwEQBBoMNjE1ODc0NzQ2NTIzIgw6%2BaMIJ117fZJ4k8Yq%2FASlBohF0VmNuGoyL9wOtxFkGvCCMJcbYXqak0bLoVs6Fyr39138o2L5zvPrBKwWdKT%2Fy8z6cui5LgkTZOEsOUkjhmacoAr%2BqyXdp3rY6GTaqVOIshZE%2FIrD2SbARJVKlvuXDVz54JYobV0rT9%2FxO7ERITjejHeWATlFnCmZ9vR57tlNehKjOU%2FrNAYnUGJ39sr1cmLZRCVRYEJmNFs04vcQm1XfexqDPxL0HXhla0pry3Z57Bu14xQYPZRSusJ1Q9FeDR4OrkBPAEdDqsHFeAEal4piYSiJnFJCMZfyK%2FaHdmUqYjIklFuVHvDXoxVNg2gFLhiRdOtPr1tLmve7uTtBAkLnNdFdZymWgFsFtVR9r47tYcam%2FbqtSbevLfSlYM2IlD%2BqW7Zl%2FR%2F6Xwi1gkBMunTgvOORWDBkC9g9MLFItPwxkRybP5j3mFiY7r3V8ligITVhWTo740gtogJ8KGGpy%2Bh2oUjZIuxvi4ZXjEUvdCkA8KHKNNcjoqI2SnZ38HOOP25vtsg1NIq2eTxgUfNZpZ1x0mSzPLAt4SDiZQeQ9ENu2dIdhHL1u%2BfUomsWYX2oRBbKGRO6wefFtqbpxEuJQAkQ5s%2BJjRulMO3FPLTnwGtVoLnGE5KeTiwxwsceL1TVR6bgyNbsMNbLj%2F5n9UKJ2SrsKrYUyCjNfzah8qiWgyFHx5hjLxYHSByPT9Dg1%2B16W96JPWVzztEPqc7rZ3niNVwt1%2BXmjfGy6Fq%2FCjbuQH6ji8mA2%2BsvNkRd1yHiw2hWBsivmVnRbeyIj2SW2cNyzGd%2BaLvNQX9yoqbSIhq%2BFZcr42pkiBLwv6DTiJisrcLzwbxMXAq2n39ZCkww4rvvvgY6pgFnYlTJ3Fvet3uV5U7XzrdfyyDspEkCNx0fY5QNF4IIPkQnYKDFHFcSNTrjSy2Uyo6iDML7ORsjk80LWn5tJSZw%2BYRqSOOqahJcU8K%2F%2FxuA3n%2BGyIax1MDgBV0AHekLZiqXny22qjFBloYFP3E45B90ooWZCCGI73L4jSdrFraOOP2iyG2mqN5D8bwVTt7jElLnnJpxDa9PIbluDY8UWeZ4y8Ypc%2F5H&Expires=1742721662",
      "type": "image/tiff; application=geotiff; profile=cloud-optimized",
      "title": "Image download URL",
      "description": "Signed URL (expires 2025-03-23T09:21:02.824228)"
    }
  },
  "bbox": [
    8.510563486228058,
    47.35294428354483,
    8.510710903964963,
    47.35303736851094
  ],
  "stac_extensions": [],
  "collection": "7124b19c-4e05-4b6b-8f5e-6e9c33562b80"
}