{
  "type": "Feature",
  "stac_version": "1.0.0",
  "id": "20ada6a7-3ef1-45a0-b217-42ce9f8b2caa",
  "properties": {
    "title": "Groundwork campaign labels",
    "description": "Labels created from a Groundwork campaign!",
    "label:description": "Labels for project 11170_tile_2",
    "label:type": "vector",
    "label:properties": [
      "default"
    ],
    "label:classes": [
      {
        "classes": [
          "Pavement_distress",
          "non_pavement_distress"
        ],
        "name": "default"
      }
    ],
    "label:tasks": [
      "detection"
    ],
    "datetime": "2025-05-07T19:01:45.462234Z"
  },
  "geometry": {
    "type": "Polygon",
    "coordinates": [
      [
        [
          8.547014729598635,
          47.380741983262894
        ],
        [
          8.547024305897192,
          47.38120244229626
        ],
        [
          8.546346372321059,
          47.38120894467696
        ],
        [
          8.546336801882884,
          47.380748485587965
        ],
        [
          8.547014729598635,
          47.380741983262894
        ]
      ]
    ]
  },
  "links": [
    {
      "rel": "source",
      "href": "../9f6dbdbe-5e23-4e67-b75a-412c87ccacf2/9f6dbdbe-5e23-4e67-b75a-412c87ccacf2.json",
      "type": "application/json"
    },
    {
      "rel": "root",
      "href": "../../catalog.json",
      "type": "application/json"
    },
    {
      "rel": "collection",
      "href": "../collection.json",
      "type": "application/json"
    },
    {
      "rel": "parent",
      "href": "../collection.json",
      "type": "application/json"
    }
  ],
  "assets": {
    "labels": {
      "href": "./labels.geojson",
      "type": "application/geo+json"
    }
  },
  "bbox": [
    8.546336801882884,
    47.380741983262894,
    8.547024305897192,
    47.38120894467696
  ],
  "stac_extensions": [
    "https://stac-extensions.github.io/label/v1.0.1/schema.json"
  ],
  "collection": "eb10418e-3a56-4364-8878-df0d0580c9c0"
}