{
  "type": "Collection",
  "id": "bfb58f00-6381-42e8-b790-cf4344294245",
  "stac_version": "1.0.0",
  "description": "12474_tile_0",
  "links": [
    {
      "rel": "root",
      "href": "../catalog.json",
      "type": "application/json"
    },
    {
      "rel": "item",
      "href": "./f02d70cd-d261-4b4f-8e3c-0af6ba4f0e92/f02d70cd-d261-4b4f-8e3c-0af6ba4f0e92.json",
      "type": "application/json"
    },
    {
      "rel": "item",
      "href": "./65581c9e-ffff-403b-b61a-bd9cf18d5192/65581c9e-ffff-403b-b61a-bd9cf18d5192.json",
      "type": "application/json"
    },
    {
      "rel": "parent",
      "href": "../catalog.json",
      "type": "application/json"
    }
  ],
  "extent": {
    "spatial": {
      "bbox": [
        [
          8.50001834676441,
          47.36825025862478,
          8.500705294715958,
          47.36871695357723
        ]
      ]
    },
    "temporal": {
      "interval": [
        [
          "2025-05-06T07:12:08.686352Z",
          "2025-05-07T19:01:36.113716Z"
        ]
      ]
    }
  },
  "license": "proprietary"
}