{
  "type": "Collection",
  "id": "21b4e361-d735-42fc-b192-ad139fcb0874",
  "stac_version": "1.0.0",
  "description": "6733_tile_3",
  "links": [
    {
      "rel": "root",
      "href": "../catalog.json",
      "type": "application/json"
    },
    {
      "rel": "item",
      "href": "./b18fb5c5-80a3-4903-9c71-7a279e554779/b18fb5c5-80a3-4903-9c71-7a279e554779.json",
      "type": "application/json"
    },
    {
      "rel": "item",
      "href": "./e1a98dac-fab2-42c8-b2e7-9d9738e5abde/e1a98dac-fab2-42c8-b2e7-9d9738e5abde.json",
      "type": "application/json"
    },
    {
      "rel": "parent",
      "href": "../catalog.json",
      "type": "application/json"
    }
  ],
  "extent": {
    "spatial": {
      "bbox": [
        [
          8.495500888130035,
          47.38167907270829,
          8.49618797079,
          47.38214573958847
        ]
      ]
    },
    "temporal": {
      "interval": [
        [
          "2025-05-06T07:09:25.779943Z",
          "2025-05-07T19:02:17.046057Z"
        ]
      ]
    }
  },
  "license": "proprietary"
}