{
  "type": "Collection",
  "id": "5890cd66-040b-45e6-b71e-c9403f8e800e",
  "stac_version": "1.0.0",
  "description": "13420_tile_0",
  "links": [
    {
      "rel": "root",
      "href": "../catalog.json",
      "type": "application/json"
    },
    {
      "rel": "item",
      "href": "./4968c737-7409-475f-ac83-5b6c56327138/4968c737-7409-475f-ac83-5b6c56327138.json",
      "type": "application/json"
    },
    {
      "rel": "item",
      "href": "./13945bc4-befb-4b89-8250-f8eec54c59ab/13945bc4-befb-4b89-8250-f8eec54c59ab.json",
      "type": "application/json"
    },
    {
      "rel": "parent",
      "href": "../catalog.json",
      "type": "application/json"
    }
  ],
  "extent": {
    "spatial": {
      "bbox": [
        [
          8.548689542733394,
          47.399596528512106,
          8.549377310321663,
          47.40006350083287
        ]
      ]
    },
    "temporal": {
      "interval": [
        [
          "2025-05-06T07:12:47.584532Z",
          "2025-05-07T19:01:26.314677Z"
        ]
      ]
    }
  },
  "license": "proprietary"
}