{
  "type": "Feature",
  "stac_version": "1.0.0",
  "id": "cd5b0d93-ca76-4dc6-a83d-b3cc1e33f478",
  "properties": {
    "title": "Groundwork campaign labels",
    "description": "Labels created from a Groundwork campaign!",
    "label:description": "Labels for project {C79E1516-894B-457E-91CB-D0EFFD89E88D}_tile_5",
    "label:type": "vector",
    "label:properties": [
      "default"
    ],
    "label:classes": [
      {
        "classes": [
          "Pavement_distress",
          "Shadows"
        ],
        "name": "default"
      }
    ],
    "label:tasks": [
      "detection"
    ],
    "datetime": "2025-03-20T09:21:03.637268Z"
  },
  "geometry": {
    "type": "Polygon",
    "coordinates": [
      [
        [
          8.537856896768995,
          47.33572944013641
        ],
        [
          8.537859732346927,
          47.33586704033955
        ],
        [
          8.537677163194251,
          47.33586877883526
        ],
        [
          8.537674328087537,
          47.335731178627626
        ],
        [
          8.537856896768995,
          47.33572944013641
        ]
      ]
    ]
  },
  "links": [
    {
      "rel": "source",
      "href": "../ff38f8f5-d74d-40c2-8282-0b74e369281b/ff38f8f5-d74d-40c2-8282-0b74e369281b.json",
      "type": "application/json"
    },
    {
      "rel": "root",
      "href": "../../catalog.json",
      "type": "application/json"
    },
    {
      "rel": "collection",
      "href": "../collection.json",
      "type": "application/json"
    },
    {
      "rel": "parent",
      "href": "../collection.json",
      "type": "application/json"
    }
  ],
  "assets": {
    "labels": {
      "href": "./labels.geojson",
      "type": "application/geo+json"
    }
  },
  "bbox": [
    8.537674328087537,
    47.33572944013641,
    8.537859732346927,
    47.33586877883526
  ],
  "stac_extensions": [
    "https://stac-extensions.github.io/label/v1.0.1/schema.json"
  ],
  "collection": "08109e07-515f-482c-9ea4-d8779f3cce29"
}