{
  "type": "Feature",
  "stac_version": "1.0.0",
  "id": "a2076a5c-16a5-4a52-bd7b-622db683e6d3",
  "properties": {
    "title": "Groundwork campaign labels",
    "description": "Labels created from a Groundwork campaign!",
    "label:description": "Labels for project 5019_tile_0",
    "label:type": "vector",
    "label:properties": [
      "default"
    ],
    "label:classes": [
      {
        "classes": [
          "Pavement Distress",
          "Non-Pavement Distress"
        ],
        "name": "default"
      }
    ],
    "label:tasks": [
      "detection"
    ],
    "datetime": "2025-04-28T08:57:06.743971Z"
  },
  "geometry": {
    "type": "Polygon",
    "coordinates": [
      [
        [
          8.528854603872144,
          47.335320081636056
        ],
        [
          8.52886401507938,
          47.33578054845023
        ],
        [
          8.528186657013336,
          47.33578694423916
        ],
        [
          8.528177251656555,
          47.33532647737031
        ],
        [
          8.528854603872144,
          47.335320081636056
        ]
      ]
    ]
  },
  "links": [
    {
      "rel": "source",
      "href": "../442a88c6-1ba0-4065-8470-69c414f16e48/442a88c6-1ba0-4065-8470-69c414f16e48.json",
      "type": "application/json"
    },
    {
      "rel": "root",
      "href": "../../catalog.json",
      "type": "application/json"
    },
    {
      "rel": "collection",
      "href": "../collection.json",
      "type": "application/json"
    },
    {
      "rel": "parent",
      "href": "../collection.json",
      "type": "application/json"
    }
  ],
  "assets": {
    "labels": {
      "href": "./labels.geojson",
      "type": "application/geo+json"
    }
  },
  "bbox": [
    8.528177251656555,
    47.335320081636056,
    8.52886401507938,
    47.33578694423916
  ],
  "stac_extensions": [
    "https://stac-extensions.github.io/label/v1.0.1/schema.json"
  ],
  "collection": "ca1a9b00-e5ad-4bbf-a364-f46895b92ed0"
}