{
  "type": "Collection",
  "id": "906d7c29-248b-4f77-9d38-06dd67581d8d",
  "stac_version": "1.0.0",
  "description": "2301_tile_0",
  "links": [
    {
      "rel": "root",
      "href": "../catalog.json",
      "type": "application/json"
    },
    {
      "rel": "item",
      "href": "./624c63c6-e990-4f61-825f-3bc32ecaef77/624c63c6-e990-4f61-825f-3bc32ecaef77.json",
      "type": "application/json"
    },
    {
      "rel": "item",
      "href": "./c6ca3f0e-44fe-432a-8a0d-c91e3c631038/c6ca3f0e-44fe-432a-8a0d-c91e3c631038.json",
      "type": "application/json"
    },
    {
      "rel": "parent",
      "href": "../catalog.json",
      "type": "application/json"
    }
  ],
  "extent": {
    "spatial": {
      "bbox": [
        [
          8.589215192356258,
          47.40012640889127,
          8.589903312230518,
          47.40059361567416
        ]
      ]
    },
    "temporal": {
      "interval": [
        [
          "2025-05-06T07:07:53.885832Z",
          "2025-05-07T19:02:37.045455Z"
        ]
      ]
    }
  },
  "license": "proprietary"
}