{
  "type": "Collection",
  "id": "e2e2d51b-8f13-4e8b-a4d7-b7d243c40262",
  "stac_version": "1.0.0",
  "description": "14039_tile_0",
  "links": [
    {
      "rel": "root",
      "href": "../catalog.json",
      "type": "application/json"
    },
    {
      "rel": "item",
      "href": "./e3c71064-59ae-47aa-9507-d30d97e50251/e3c71064-59ae-47aa-9507-d30d97e50251.json",
      "type": "application/json"
    },
    {
      "rel": "item",
      "href": "./d102f002-3c4e-409d-88ae-9a03963055a3/d102f002-3c4e-409d-88ae-9a03963055a3.json",
      "type": "application/json"
    },
    {
      "rel": "parent",
      "href": "../catalog.json",
      "type": "application/json"
    }
  ],
  "extent": {
    "spatial": {
      "bbox": [
        [
          8.499483451019934,
          47.38069267016825,
          8.500170554919862,
          47.381159360260014
        ]
      ]
    },
    "temporal": {
      "interval": [
        [
          "2025-04-02T11:48:26.965825Z",
          "2025-04-28T08:56:16.925468Z"
        ]
      ]
    }
  },
  "license": "proprietary"
}