{
  "type": "Feature",
  "stac_version": "1.0.0",
  "id": "c7680502-a787-4920-8a2c-cc55753bd916",
  "properties": {
    "title": "Groundwork campaign labels",
    "description": "Labels created from a Groundwork campaign!",
    "label:description": "Labels for project {D6D91A1A-07AD-4AA1-B8B7-D06430F4BD66}_tile_0",
    "label:type": "vector",
    "label:properties": [
      "default"
    ],
    "label:classes": [
      {
        "classes": [
          "Pavement_distress",
          "Shadows"
        ],
        "name": "default"
      }
    ],
    "label:tasks": [
      "detection"
    ],
    "datetime": "2025-03-20T09:21:17.978692Z"
  },
  "geometry": {
    "type": "Polygon",
    "coordinates": [
      [
        [
          8.509477528437609,
          47.37572326230647
        ],
        [
          8.509483527025303,
          47.37602184367443
        ],
        [
          8.509009546113948,
          47.37602623653095
        ],
        [
          8.50900355018292,
          47.375727655138625
        ],
        [
          8.509477528437609,
          47.37572326230647
        ]
      ]
    ]
  },
  "links": [
    {
      "rel": "source",
      "href": "../101de2a2-0451-497a-8b3a-122bd17e400e/101de2a2-0451-497a-8b3a-122bd17e400e.json",
      "type": "application/json"
    },
    {
      "rel": "root",
      "href": "../../catalog.json",
      "type": "application/json"
    },
    {
      "rel": "collection",
      "href": "../collection.json",
      "type": "application/json"
    },
    {
      "rel": "parent",
      "href": "../collection.json",
      "type": "application/json"
    }
  ],
  "assets": {
    "labels": {
      "href": "./labels.geojson",
      "type": "application/geo+json"
    }
  },
  "bbox": [
    8.50900355018292,
    47.37572326230647,
    8.509483527025303,
    47.37602623653095
  ],
  "stac_extensions": [
    "https://stac-extensions.github.io/label/v1.0.1/schema.json"
  ],
  "collection": "14369d5f-4bed-4290-a5f5-d1492abb71a3"
}