{
  "type": "Feature",
  "stac_version": "1.0.0",
  "id": "fbb64cee-1bb7-45cb-8824-a4cf37dcc534",
  "properties": {
    "title": "Groundwork campaign labels",
    "description": "Labels created from a Groundwork campaign!",
    "label:description": "Labels for project 12086_tile_5",
    "label:type": "vector",
    "label:properties": [
      "default"
    ],
    "label:classes": [
      {
        "classes": [
          "Pavement Distress",
          "Non-Pavement Distress"
        ],
        "name": "default"
      }
    ],
    "label:tasks": [
      "detection"
    ],
    "datetime": "2025-04-28T08:56:25.947257Z"
  },
  "geometry": {
    "type": "Polygon",
    "coordinates": [
      [
        [
          8.542259696995444,
          47.380326956444456
        ],
        [
          8.542269232105854,
          47.38078741593253
        ],
        [
          8.541591303230204,
          47.38079389038891
        ],
        [
          8.541581773980106,
          47.38033343084544
        ],
        [
          8.542259696995444,
          47.380326956444456
        ]
      ]
    ]
  },
  "links": [
    {
      "rel": "source",
      "href": "../b62e2a5b-5d25-4a6c-bc3b-362c288728ce/b62e2a5b-5d25-4a6c-bc3b-362c288728ce.json",
      "type": "application/json"
    },
    {
      "rel": "root",
      "href": "../../catalog.json",
      "type": "application/json"
    },
    {
      "rel": "collection",
      "href": "../collection.json",
      "type": "application/json"
    },
    {
      "rel": "parent",
      "href": "../collection.json",
      "type": "application/json"
    }
  ],
  "assets": {
    "labels": {
      "href": "./labels.geojson",
      "type": "application/geo+json"
    }
  },
  "bbox": [
    8.541581773980106,
    47.380326956444456,
    8.542269232105854,
    47.38079389038891
  ],
  "stac_extensions": [
    "https://stac-extensions.github.io/label/v1.0.1/schema.json"
  ],
  "collection": "3b663707-80b2-4e98-956c-65e355097b95"
}