{
  "type": "Feature",
  "stac_version": "1.0.0",
  "id": "8e31ce66-a3cd-493f-86dd-ae3967bee36d",
  "properties": {
    "title": "Groundwork campaign labels",
    "description": "Labels created from a Groundwork campaign!",
    "label:description": "Labels for project 12048_tile_1",
    "label:type": "vector",
    "label:properties": [
      "default"
    ],
    "label:classes": [
      {
        "classes": [
          "Pavement_distress",
          "non_pavement_distress"
        ],
        "name": "default"
      }
    ],
    "label:tasks": [
      "detection"
    ],
    "datetime": "2025-05-07T19:01:37.532470Z"
  },
  "geometry": {
    "type": "Polygon",
    "coordinates": [
      [
        [
          8.503722054271073,
          47.41983497762047
        ],
        [
          8.50373126304981,
          47.420295434564544
        ],
        [
          8.50305282623311,
          47.420301682650695
        ],
        [
          8.503043623323615,
          47.41984122565312
        ],
        [
          8.503722054271073,
          47.41983497762047
        ]
      ]
    ]
  },
  "links": [
    {
      "rel": "source",
      "href": "../f753ecc8-3a74-4257-8379-9067b552afd3/f753ecc8-3a74-4257-8379-9067b552afd3.json",
      "type": "application/json"
    },
    {
      "rel": "root",
      "href": "../../catalog.json",
      "type": "application/json"
    },
    {
      "rel": "collection",
      "href": "../collection.json",
      "type": "application/json"
    },
    {
      "rel": "parent",
      "href": "../collection.json",
      "type": "application/json"
    }
  ],
  "assets": {
    "labels": {
      "href": "./labels.geojson",
      "type": "application/geo+json"
    }
  },
  "bbox": [
    8.503043623323615,
    47.41983497762047,
    8.50373126304981,
    47.420301682650695
  ],
  "stac_extensions": [
    "https://stac-extensions.github.io/label/v1.0.1/schema.json"
  ],
  "collection": "9478b4b1-fa04-4aed-aabe-561c17f2ef06"
}