{
  "type": "Feature",
  "stac_version": "1.0.0",
  "id": "56ec5b7d-e255-4eb5-9737-985b18cded04",
  "properties": {
    "title": "Groundwork campaign labels",
    "description": "Labels created from a Groundwork campaign!",
    "label:description": "Labels for project 15916_tile_0",
    "label:type": "vector",
    "label:properties": [
      "default"
    ],
    "label:classes": [
      {
        "classes": [
          "Pavement Distress",
          "Non-Pavement Distress"
        ],
        "name": "default"
      }
    ],
    "label:tasks": [
      "detection"
    ],
    "datetime": "2025-04-28T08:56:08.524682Z"
  },
  "geometry": {
    "type": "Polygon",
    "coordinates": [
      [
        [
          8.508225150381604,
          47.366830615406464
        ],
        [
          8.508234388864587,
          47.36729107957357
        ],
        [
          8.507556627654026,
          47.36729735417091
        ],
        [
          8.50754739502855,
          47.36683688995013
        ],
        [
          8.508225150381604,
          47.366830615406464
        ]
      ]
    ]
  },
  "links": [
    {
      "rel": "source",
      "href": "../4f594ca8-6e68-4301-b64a-fd286c8096a3/4f594ca8-6e68-4301-b64a-fd286c8096a3.json",
      "type": "application/json"
    },
    {
      "rel": "root",
      "href": "../../catalog.json",
      "type": "application/json"
    },
    {
      "rel": "collection",
      "href": "../collection.json",
      "type": "application/json"
    },
    {
      "rel": "parent",
      "href": "../collection.json",
      "type": "application/json"
    }
  ],
  "assets": {
    "labels": {
      "href": "./labels.geojson",
      "type": "application/geo+json"
    }
  },
  "bbox": [
    8.50754739502855,
    47.366830615406464,
    8.508234388864587,
    47.36729735417091
  ],
  "stac_extensions": [
    "https://stac-extensions.github.io/label/v1.0.1/schema.json"
  ],
  "collection": "311c054b-a159-4682-8eb1-841c01c2daed"
}