{
  "type": "Collection",
  "id": "8ad6f79d-7165-4a17-99ea-c9c8269edf7b",
  "stac_version": "1.0.0",
  "description": "2076_tile_1",
  "links": [
    {
      "rel": "root",
      "href": "../catalog.json",
      "type": "application/json"
    },
    {
      "rel": "item",
      "href": "./294600f7-f772-4ba2-b340-b8bb9db2f456/294600f7-f772-4ba2-b340-b8bb9db2f456.json",
      "type": "application/json"
    },
    {
      "rel": "item",
      "href": "./e9855263-edb1-4015-a53e-bd9323f31ee9/e9855263-edb1-4015-a53e-bd9323f31ee9.json",
      "type": "application/json"
    },
    {
      "rel": "parent",
      "href": "../catalog.json",
      "type": "application/json"
    }
  ],
  "extent": {
    "spatial": {
      "bbox": [
        [
          8.4806646013886,
          47.41231772523005,
          8.481351952983811,
          47.41278430171875
        ]
      ]
    },
    "temporal": {
      "interval": [
        [
          "2025-04-02T11:44:25.694793Z",
          "2025-04-28T08:57:22.653307Z"
        ]
      ]
    }
  },
  "license": "proprietary"
}