{
  "type": "Collection",
  "id": "8036317d-7359-4237-8336-bddcac4b8e6a",
  "stac_version": "1.0.0",
  "description": "15691_tile_1",
  "links": [
    {
      "rel": "root",
      "href": "../catalog.json",
      "type": "application/json"
    },
    {
      "rel": "item",
      "href": "./e5077c77-32d4-4e2c-8f92-b1991c5468d6/e5077c77-32d4-4e2c-8f92-b1991c5468d6.json",
      "type": "application/json"
    },
    {
      "rel": "item",
      "href": "./13365cfc-91f5-4b5d-919b-847f0e59a4b8/13365cfc-91f5-4b5d-919b-847f0e59a4b8.json",
      "type": "application/json"
    },
    {
      "rel": "parent",
      "href": "../catalog.json",
      "type": "application/json"
    }
  ],
  "extent": {
    "spatial": {
      "bbox": [
        [
          8.554603912455855,
          47.41934846945671,
          8.555291985787573,
          47.41981547311806
        ]
      ]
    },
    "temporal": {
      "interval": [
        [
          "2025-05-06T07:13:33.829378Z",
          "2025-05-07T19:01:14.875555Z"
        ]
      ]
    }
  },
  "license": "proprietary"
}