{
  "type": "Feature",
  "stac_version": "1.0.0",
  "id": "5f54c4f8-8aec-409b-9ad8-78b5ec0aa9d2",
  "properties": {
    "title": "Groundwork campaign labels",
    "description": "Labels created from a Groundwork campaign!",
    "label:description": "Labels for project 8173_tile_0",
    "label:type": "vector",
    "label:properties": [
      "default"
    ],
    "label:classes": [
      {
        "classes": [
          "Pavement Distress",
          "Non-Pavement Distress"
        ],
        "name": "default"
      }
    ],
    "label:tasks": [
      "detection"
    ],
    "datetime": "2025-04-28T08:56:50.707214Z"
  },
  "geometry": {
    "type": "Polygon",
    "coordinates": [
      [
        [
          8.488715464595106,
          47.37129489460087
        ],
        [
          8.4887245351982,
          47.371755359701
        ],
        [
          8.48804671489202,
          47.37176151971648
        ],
        [
          8.488037650147518,
          47.37130105456363
        ],
        [
          8.488715464595106,
          47.37129489460087
        ]
      ]
    ]
  },
  "links": [
    {
      "rel": "source",
      "href": "../983708f6-6265-4009-bc46-6af72428efa2/983708f6-6265-4009-bc46-6af72428efa2.json",
      "type": "application/json"
    },
    {
      "rel": "root",
      "href": "../../catalog.json",
      "type": "application/json"
    },
    {
      "rel": "collection",
      "href": "../collection.json",
      "type": "application/json"
    },
    {
      "rel": "parent",
      "href": "../collection.json",
      "type": "application/json"
    }
  ],
  "assets": {
    "labels": {
      "href": "./labels.geojson",
      "type": "application/geo+json"
    }
  },
  "bbox": [
    8.488037650147518,
    47.37129489460087,
    8.4887245351982,
    47.37176151971648
  ],
  "stac_extensions": [
    "https://stac-extensions.github.io/label/v1.0.1/schema.json"
  ],
  "collection": "1ba17374-ae58-4f56-9624-769ed28133be"
}