{
  "type": "Collection",
  "id": "3e279512-a85d-405f-bb32-85f3dcf79751",
  "stac_version": "1.0.0",
  "description": "{FDB0717F-552A-4A19-B165-CF44C63AC6F1}_tile_0",
  "links": [
    {
      "rel": "root",
      "href": "../catalog.json",
      "type": "application/json"
    },
    {
      "rel": "item",
      "href": "./ef8bae83-5f57-4e73-ac93-79e1d9b85e8e/ef8bae83-5f57-4e73-ac93-79e1d9b85e8e.json",
      "type": "application/json"
    },
    {
      "rel": "item",
      "href": "./1c184a44-971b-4423-a26c-81eeacf187a2/1c184a44-971b-4423-a26c-81eeacf187a2.json",
      "type": "application/json"
    },
    {
      "rel": "parent",
      "href": "../catalog.json",
      "type": "application/json"
    }
  ],
  "extent": {
    "spatial": {
      "bbox": [
        [
          8.510541104342378,
          47.362167079299674,
          8.510901222448823,
          47.362504017043975
        ]
      ]
    },
    "temporal": {
      "interval": [
        [
          "2025-01-31T23:43:52.238847Z",
          "2025-03-20T09:21:33.271149Z"
        ]
      ]
    }
  },
  "license": "proprietary"
}