{
  "type": "Collection",
  "id": "9043b52b-e0ae-49c9-a2ff-a64f1114c004",
  "stac_version": "1.0.0",
  "description": "5570_tile_1",
  "links": [
    {
      "rel": "root",
      "href": "../catalog.json",
      "type": "application/json"
    },
    {
      "rel": "item",
      "href": "./79598751-aa8a-4e1b-8020-a31c34faa7bc/79598751-aa8a-4e1b-8020-a31c34faa7bc.json",
      "type": "application/json"
    },
    {
      "rel": "item",
      "href": "./d40584b7-76b1-4801-8c2c-18ac16f9dd7b/d40584b7-76b1-4801-8c2c-18ac16f9dd7b.json",
      "type": "application/json"
    },
    {
      "rel": "parent",
      "href": "../catalog.json",
      "type": "application/json"
    }
  ],
  "extent": {
    "spatial": {
      "bbox": [
        [
          8.543041078845857,
          47.38466754578804,
          8.543728605452182,
          47.385134487561174
        ]
      ]
    },
    "temporal": {
      "interval": [
        [
          "2025-05-06T07:09:03.731180Z",
          "2025-05-07T19:02:22.244158Z"
        ]
      ]
    }
  },
  "license": "proprietary"
}