{
  "type": "Collection",
  "id": "1c90e866-47b7-49f6-88fa-d913cdb73cce",
  "stac_version": "1.0.0",
  "description": "12654_tile_1",
  "links": [
    {
      "rel": "root",
      "href": "../catalog.json",
      "type": "application/json"
    },
    {
      "rel": "item",
      "href": "./353a8024-8237-4125-af74-44b84122439b/353a8024-8237-4125-af74-44b84122439b.json",
      "type": "application/json"
    },
    {
      "rel": "item",
      "href": "./1caea14a-e04d-458d-b513-0c8ee4439f95/1caea14a-e04d-458d-b513-0c8ee4439f95.json",
      "type": "application/json"
    },
    {
      "rel": "parent",
      "href": "../catalog.json",
      "type": "application/json"
    }
  ],
  "extent": {
    "spatial": {
      "bbox": [
        [
          8.5150894280954,
          47.36679470534448,
          8.515776485765889,
          47.367261487797215
        ]
      ]
    },
    "temporal": {
      "interval": [
        [
          "2025-05-06T07:12:17.514049Z",
          "2025-05-07T19:01:34.028031Z"
        ]
      ]
    }
  },
  "license": "proprietary"
}