{
  "type": "Collection",
  "id": "e4bb5186-6f45-4d49-9394-a51d4d6f003f",
  "stac_version": "1.0.0",
  "description": "1135_tile_2",
  "links": [
    {
      "rel": "root",
      "href": "../catalog.json",
      "type": "application/json"
    },
    {
      "rel": "item",
      "href": "./3b6fdd52-1e7b-403b-b574-0581ebb086e0/3b6fdd52-1e7b-403b-b574-0581ebb086e0.json",
      "type": "application/json"
    },
    {
      "rel": "item",
      "href": "./930602de-f723-4c18-abd5-34e5efc094a0/930602de-f723-4c18-abd5-34e5efc094a0.json",
      "type": "application/json"
    },
    {
      "rel": "parent",
      "href": "../catalog.json",
      "type": "application/json"
    }
  ],
  "extent": {
    "spatial": {
      "bbox": [
        [
          8.54320393775717,
          47.379169965767545,
          8.543891394773551,
          47.379636909268385
        ]
      ]
    },
    "temporal": {
      "interval": [
        [
          "2025-05-06T07:07:36.051244Z",
          "2025-05-07T19:02:41.143682Z"
        ]
      ]
    }
  },
  "license": "proprietary"
}