{
  "type": "Collection",
  "id": "aa9d93e3-18e2-46a1-b39d-e66a55edfd30",
  "stac_version": "1.0.0",
  "description": "15845_tile_3",
  "links": [
    {
      "rel": "root",
      "href": "../catalog.json",
      "type": "application/json"
    },
    {
      "rel": "item",
      "href": "./02475151-cf29-4622-8503-c9def12d70db/02475151-cf29-4622-8503-c9def12d70db.json",
      "type": "application/json"
    },
    {
      "rel": "item",
      "href": "./2d344aa1-909f-48e7-97e8-9208f8c64ff1/2d344aa1-909f-48e7-97e8-9208f8c64ff1.json",
      "type": "application/json"
    },
    {
      "rel": "parent",
      "href": "../catalog.json",
      "type": "application/json"
    }
  ],
  "extent": {
    "spatial": {
      "bbox": [
        [
          8.519032871832772,
          47.37178973244167,
          8.519720027559014,
          47.37225653702892
        ]
      ]
    },
    "temporal": {
      "interval": [
        [
          "2025-04-02T11:49:17.641691Z",
          "2025-04-28T08:56:08.602043Z"
        ]
      ]
    }
  },
  "license": "proprietary"
}