{
  "type": "Collection",
  "id": "a7b3dd55-35f8-4b82-89bf-50518a0659f8",
  "stac_version": "1.0.0",
  "description": "9636_tile_0",
  "links": [
    {
      "rel": "root",
      "href": "../catalog.json",
      "type": "application/json"
    },
    {
      "rel": "item",
      "href": "./efb6318e-17ce-419f-9160-40a2923ce634/efb6318e-17ce-419f-9160-40a2923ce634.json",
      "type": "application/json"
    },
    {
      "rel": "item",
      "href": "./a56dd593-629b-4634-b17d-c0f416045f18/a56dd593-629b-4634-b17d-c0f416045f18.json",
      "type": "application/json"
    },
    {
      "rel": "parent",
      "href": "../catalog.json",
      "type": "application/json"
    }
  ],
  "extent": {
    "spatial": {
      "bbox": [
        [
          8.592037027850552,
          47.363653284587386,
          8.59272470059048,
          47.36412051290779
        ]
      ]
    },
    "temporal": {
      "interval": [
        [
          "2025-05-06T07:10:43.059958Z",
          "2025-05-07T19:01:57.301508Z"
        ]
      ]
    }
  },
  "license": "proprietary"
}