{
  "type": "Feature",
  "stac_version": "1.0.0",
  "id": "75d9cb8c-bf44-43e5-b8bd-bcfacb56833c",
  "properties": {
    "title": "Groundwork campaign labels",
    "description": "Labels created from a Groundwork campaign!",
    "label:description": "Labels for project 18148_tile_0",
    "label:type": "vector",
    "label:properties": [
      "default"
    ],
    "label:classes": [
      {
        "classes": [
          "Pavement Distress",
          "Non-Pavement Distress"
        ],
        "name": "default"
      }
    ],
    "label:tasks": [
      "detection"
    ],
    "datetime": "2025-04-28T08:55:54.404510Z"
  },
  "geometry": {
    "type": "Polygon",
    "coordinates": [
      [
        [
          8.543970596265238,
          47.432169813525526
        ],
        [
          8.543980155535369,
          47.432630265356394
        ],
        [
          8.5433015662729,
          47.43263674979418
        ],
        [
          8.543292012874538,
          47.43217629790774
        ],
        [
          8.543970596265238,
          47.432169813525526
        ]
      ]
    ]
  },
  "links": [
    {
      "rel": "source",
      "href": "../4bc94985-7c36-4bd2-9bcc-2e41ecf14b3c/4bc94985-7c36-4bd2-9bcc-2e41ecf14b3c.json",
      "type": "application/json"
    },
    {
      "rel": "root",
      "href": "../../catalog.json",
      "type": "application/json"
    },
    {
      "rel": "collection",
      "href": "../collection.json",
      "type": "application/json"
    },
    {
      "rel": "parent",
      "href": "../collection.json",
      "type": "application/json"
    }
  ],
  "assets": {
    "labels": {
      "href": "./labels.geojson",
      "type": "application/geo+json"
    }
  },
  "bbox": [
    8.543292012874538,
    47.432169813525526,
    8.543980155535369,
    47.43263674979418
  ],
  "stac_extensions": [
    "https://stac-extensions.github.io/label/v1.0.1/schema.json"
  ],
  "collection": "a7385d62-41a6-4a29-b2ea-9d1d2c7c3a05"
}