{
  "type": "Collection",
  "id": "ef1565ea-f202-48d6-98a5-ec38eaefe10e",
  "stac_version": "1.0.0",
  "description": "16504_tile_1",
  "links": [
    {
      "rel": "root",
      "href": "../catalog.json",
      "type": "application/json"
    },
    {
      "rel": "item",
      "href": "./d1935263-367d-46a5-a63b-ee14b2bb7fd9/d1935263-367d-46a5-a63b-ee14b2bb7fd9.json",
      "type": "application/json"
    },
    {
      "rel": "item",
      "href": "./04ce22d7-2a46-4d67-9ce2-87eb638f4115/04ce22d7-2a46-4d67-9ce2-87eb638f4115.json",
      "type": "application/json"
    },
    {
      "rel": "parent",
      "href": "../catalog.json",
      "type": "application/json"
    }
  ],
  "extent": {
    "spatial": {
      "bbox": [
        [
          8.554219611874922,
          47.41106234224979,
          8.554907574797602,
          47.411529344908246
        ]
      ]
    },
    "temporal": {
      "interval": [
        [
          "2025-05-06T07:13:57.750490Z",
          "2025-05-07T19:01:08.945243Z"
        ]
      ]
    }
  },
  "license": "proprietary"
}