{
  "type": "Feature",
  "stac_version": "1.0.0",
  "id": "1444e8f2-c6e1-4c9b-b4f9-30e25febb1b9",
  "properties": {
    "title": "Groundwork campaign labels",
    "description": "Labels created from a Groundwork campaign!",
    "label:description": "Labels for project 7932_tile_0",
    "label:type": "vector",
    "label:properties": [
      "default"
    ],
    "label:classes": [
      {
        "classes": [
          "Pavement Distress",
          "Non-Pavement Distress"
        ],
        "name": "default"
      }
    ],
    "label:tasks": [
      "detection"
    ],
    "datetime": "2025-04-28T08:56:52.311481Z"
  },
  "geometry": {
    "type": "Polygon",
    "coordinates": [
      [
        [
          8.504183127771565,
          47.376705909581446
        ],
        [
          8.504192333031531,
          47.37716637268998
        ],
        [
          8.503514445672492,
          47.37717262353723
        ],
        [
          8.50350524627223,
          47.37671216037513
        ],
        [
          8.504183127771565,
          47.376705909581446
        ]
      ]
    ]
  },
  "links": [
    {
      "rel": "source",
      "href": "../ebb2f9e4-61d4-4212-917d-2e577e51aa07/ebb2f9e4-61d4-4212-917d-2e577e51aa07.json",
      "type": "application/json"
    },
    {
      "rel": "root",
      "href": "../../catalog.json",
      "type": "application/json"
    },
    {
      "rel": "collection",
      "href": "../collection.json",
      "type": "application/json"
    },
    {
      "rel": "parent",
      "href": "../collection.json",
      "type": "application/json"
    }
  ],
  "assets": {
    "labels": {
      "href": "./labels.geojson",
      "type": "application/geo+json"
    }
  },
  "bbox": [
    8.50350524627223,
    47.376705909581446,
    8.504192333031531,
    47.37717262353723
  ],
  "stac_extensions": [
    "https://stac-extensions.github.io/label/v1.0.1/schema.json"
  ],
  "collection": "40ade550-17a6-45f8-b609-e6190350922d"
}