{
  "type": "Collection",
  "id": "e465d8b8-f3e8-4d7a-9f24-23e2e83a7d05",
  "stac_version": "1.0.0",
  "description": "16504_tile_3",
  "links": [
    {
      "rel": "root",
      "href": "../catalog.json",
      "type": "application/json"
    },
    {
      "rel": "item",
      "href": "./8be87628-7161-4429-9e1b-8176cd21320d/8be87628-7161-4429-9e1b-8176cd21320d.json",
      "type": "application/json"
    },
    {
      "rel": "item",
      "href": "./bfbf9690-50d1-4797-98d9-fd01f93045ff/bfbf9690-50d1-4797-98d9-fd01f93045ff.json",
      "type": "application/json"
    },
    {
      "rel": "parent",
      "href": "../catalog.json",
      "type": "application/json"
    }
  ],
  "extent": {
    "spatial": {
      "bbox": [
        [
          8.554234134628903,
          47.411755721228666,
          8.554922106638829,
          47.41222272386934
        ]
      ]
    },
    "temporal": {
      "interval": [
        [
          "2025-05-06T07:13:58.484272Z",
          "2025-05-07T19:01:08.782333Z"
        ]
      ]
    }
  },
  "license": "proprietary"
}