{
  "type": "Feature",
  "stac_version": "1.0.0",
  "id": "7be1fa0f-0172-40c0-9a42-7eee4f33d7b9",
  "properties": {
    "title": "Groundwork campaign labels",
    "description": "Labels created from a Groundwork campaign!",
    "label:description": "Labels for project {3AE42511-8B9C-43E8-B104-21787CDFF204}_tile_1",
    "label:type": "vector",
    "label:properties": [
      "default"
    ],
    "label:classes": [
      {
        "classes": [
          "Pavement_distress",
          "Shadows"
        ],
        "name": "default"
      }
    ],
    "label:tasks": [
      "detection"
    ],
    "datetime": "2025-03-20T09:20:58.561705Z"
  },
  "geometry": {
    "type": "Polygon",
    "coordinates": [
      [
        [
          8.52800824842198,
          47.41244596456443
        ],
        [
          8.528017666027084,
          47.41290642061833
        ],
        [
          8.527768588178226,
          47.41290876767408
        ],
        [
          8.527759172727588,
          47.4124483116001
        ],
        [
          8.52800824842198,
          47.41244596456443
        ]
      ]
    ]
  },
  "links": [
    {
      "rel": "source",
      "href": "../5880157d-de3c-40db-a588-e1420ba74899/5880157d-de3c-40db-a588-e1420ba74899.json",
      "type": "application/json"
    },
    {
      "rel": "root",
      "href": "../../catalog.json",
      "type": "application/json"
    },
    {
      "rel": "collection",
      "href": "../collection.json",
      "type": "application/json"
    },
    {
      "rel": "parent",
      "href": "../collection.json",
      "type": "application/json"
    }
  ],
  "assets": {
    "labels": {
      "href": "./labels.geojson",
      "type": "application/geo+json"
    }
  },
  "bbox": [
    8.527759172727588,
    47.41244596456443,
    8.528017666027084,
    47.41290876767408
  ],
  "stac_extensions": [
    "https://stac-extensions.github.io/label/v1.0.1/schema.json"
  ],
  "collection": "24b4c63f-7214-4239-80b4-e200ddb7a645"
}