{
  "type": "Feature",
  "stac_version": "1.0.0",
  "id": "0b774ca0-6b0b-4e05-903e-297028ef5d8c",
  "properties": {
    "title": "Groundwork campaign labels",
    "description": "Labels created from a Groundwork campaign!",
    "label:description": "Labels for project 17221_tile_8",
    "label:type": "vector",
    "label:properties": [
      "default"
    ],
    "label:classes": [
      {
        "classes": [
          "Pavement_distress",
          "non_pavement_distress"
        ],
        "name": "default"
      }
    ],
    "label:tasks": [
      "detection"
    ],
    "datetime": "2025-05-07T19:01:04.024546Z"
  },
  "geometry": {
    "type": "Polygon",
    "coordinates": [
      [
        [
          8.569181126108935,
          47.370855557156986
        ],
        [
          8.569190892239588,
          47.37131601571301
        ],
        [
          8.56851308724193,
          47.37132264828252
        ],
        [
          8.568503326969356,
          47.37086218966973
        ],
        [
          8.569181126108935,
          47.370855557156986
        ]
      ]
    ]
  },
  "links": [
    {
      "rel": "source",
      "href": "../bd11431f-ce23-4919-b4c1-eda94882bdb2/bd11431f-ce23-4919-b4c1-eda94882bdb2.json",
      "type": "application/json"
    },
    {
      "rel": "root",
      "href": "../../catalog.json",
      "type": "application/json"
    },
    {
      "rel": "collection",
      "href": "../collection.json",
      "type": "application/json"
    },
    {
      "rel": "parent",
      "href": "../collection.json",
      "type": "application/json"
    }
  ],
  "assets": {
    "labels": {
      "href": "./labels.geojson",
      "type": "application/geo+json"
    }
  },
  "bbox": [
    8.568503326969356,
    47.370855557156986,
    8.569190892239588,
    47.37132264828252
  ],
  "stac_extensions": [
    "https://stac-extensions.github.io/label/v1.0.1/schema.json"
  ],
  "collection": "32d1e5cb-51c5-4b9a-9bc3-01a926f0c790"
}