{
  "type": "Feature",
  "stac_version": "1.0.0",
  "id": "547cae5b-18d7-4f4a-a071-0799f72ec268",
  "properties": {
    "title": "Groundwork campaign labels",
    "description": "Labels created from a Groundwork campaign!",
    "label:description": "Labels for project 17377_tile_3",
    "label:type": "vector",
    "label:properties": [
      "default"
    ],
    "label:classes": [
      {
        "classes": [
          "Pavement_distress",
          "non_pavement_distress"
        ],
        "name": "default"
      }
    ],
    "label:tasks": [
      "detection"
    ],
    "datetime": "2025-05-07T19:01:02.519478Z"
  },
  "geometry": {
    "type": "Polygon",
    "coordinates": [
      [
        [
          8.520948311735653,
          47.39935436129597
        ],
        [
          8.520957665945494,
          47.399814819824115
        ],
        [
          8.520279492185823,
          47.39982116910085
        ],
        [
          8.520270143840609,
          47.39936071051835
        ],
        [
          8.520948311735653,
          47.39935436129597
        ]
      ]
    ]
  },
  "links": [
    {
      "rel": "source",
      "href": "../6638dff3-32bb-45b1-9c01-e6448b052045/6638dff3-32bb-45b1-9c01-e6448b052045.json",
      "type": "application/json"
    },
    {
      "rel": "root",
      "href": "../../catalog.json",
      "type": "application/json"
    },
    {
      "rel": "collection",
      "href": "../collection.json",
      "type": "application/json"
    },
    {
      "rel": "parent",
      "href": "../collection.json",
      "type": "application/json"
    }
  ],
  "assets": {
    "labels": {
      "href": "./labels.geojson",
      "type": "application/geo+json"
    }
  },
  "bbox": [
    8.520270143840609,
    47.39935436129597,
    8.520957665945494,
    47.39982116910085
  ],
  "stac_extensions": [
    "https://stac-extensions.github.io/label/v1.0.1/schema.json"
  ],
  "collection": "a605ce27-44d1-476b-a6ee-71b66d4629fe"
}