{
  "type": "Collection",
  "id": "8e8ff9e6-048e-481d-bd79-6e499cc8335b",
  "stac_version": "1.0.0",
  "description": "13147_tile_0",
  "links": [
    {
      "rel": "root",
      "href": "../catalog.json",
      "type": "application/json"
    },
    {
      "rel": "item",
      "href": "./eecedae1-fa0e-4a6c-90f4-9848d59e41a6/eecedae1-fa0e-4a6c-90f4-9848d59e41a6.json",
      "type": "application/json"
    },
    {
      "rel": "item",
      "href": "./fd7dc53d-affc-4286-91bf-04fa94414c78/fd7dc53d-affc-4286-91bf-04fa94414c78.json",
      "type": "application/json"
    },
    {
      "rel": "parent",
      "href": "../catalog.json",
      "type": "application/json"
    }
  ],
  "extent": {
    "spatial": {
      "bbox": [
        [
          8.533092981032746,
          47.39735988806853,
          8.533780586736174,
          47.397826770415854
        ]
      ]
    },
    "temporal": {
      "interval": [
        [
          "2025-04-02T11:47:55.311852Z",
          "2025-04-28T08:56:21.678097Z"
        ]
      ]
    }
  },
  "license": "proprietary"
}