{
  "type": "Collection",
  "id": "047da512-b8ab-4ca7-8637-a16b40aeb77a",
  "stac_version": "1.0.0",
  "description": "9055_tile_3",
  "links": [
    {
      "rel": "root",
      "href": "../catalog.json",
      "type": "application/json"
    },
    {
      "rel": "item",
      "href": "./896ce96f-3d5c-4e18-9e45-b155e6ab7974/896ce96f-3d5c-4e18-9e45-b155e6ab7974.json",
      "type": "application/json"
    },
    {
      "rel": "item",
      "href": "./411933cb-d426-4e7d-8922-c3c465a7dfd9/411933cb-d426-4e7d-8922-c3c465a7dfd9.json",
      "type": "application/json"
    },
    {
      "rel": "parent",
      "href": "../catalog.json",
      "type": "application/json"
    }
  ],
  "extent": {
    "spatial": {
      "bbox": [
        [
          8.53406185660699,
          47.41033415798069,
          8.534749638202527,
          47.41080104404634
        ]
      ]
    },
    "temporal": {
      "interval": [
        [
          "2025-05-06T07:10:11.405318Z",
          "2025-05-07T19:02:05.884189Z"
        ]
      ]
    }
  },
  "license": "proprietary"
}