{
  "type": "Collection",
  "id": "ffc92e58-c158-4cdf-9b5d-dc6b7d692362",
  "stac_version": "1.0.0",
  "description": "9744_tile_1",
  "links": [
    {
      "rel": "root",
      "href": "../catalog.json",
      "type": "application/json"
    },
    {
      "rel": "item",
      "href": "./4e9d9c84-512e-43b8-94d0-edc68cc1f769/4e9d9c84-512e-43b8-94d0-edc68cc1f769.json",
      "type": "application/json"
    },
    {
      "rel": "item",
      "href": "./69d8283a-ca77-4b60-a70a-3d5cdb45d2b1/69d8283a-ca77-4b60-a70a-3d5cdb45d2b1.json",
      "type": "application/json"
    },
    {
      "rel": "parent",
      "href": "../catalog.json",
      "type": "application/json"
    }
  ],
  "extent": {
    "spatial": {
      "bbox": [
        [
          8.56810389098888,
          47.415993452795746,
          8.568792036058571,
          47.416460535090415
        ]
      ]
    },
    "temporal": {
      "interval": [
        [
          "2025-05-06T07:10:45.313359Z",
          "2025-05-07T19:01:56.451550Z"
        ]
      ]
    }
  },
  "license": "proprietary"
}