{
  "type": "Collection",
  "id": "5a47ad30-73dd-4019-8a51-e41eda164247",
  "stac_version": "1.0.0",
  "description": "9402_tile_1",
  "links": [
    {
      "rel": "root",
      "href": "../catalog.json",
      "type": "application/json"
    },
    {
      "rel": "item",
      "href": "./a1e8b9da-2aba-43d6-9236-9b38f99b00f6/a1e8b9da-2aba-43d6-9236-9b38f99b00f6.json",
      "type": "application/json"
    },
    {
      "rel": "item",
      "href": "./f66fb505-114a-4086-b3bf-beeb59e8003e/f66fb505-114a-4086-b3bf-beeb59e8003e.json",
      "type": "application/json"
    },
    {
      "rel": "parent",
      "href": "../catalog.json",
      "type": "application/json"
    }
  ],
  "extent": {
    "spatial": {
      "bbox": [
        [
          8.541070916476201,
          47.42118924295825,
          8.54175889817906,
          47.42165616800419
        ]
      ]
    },
    "temporal": {
      "interval": [
        [
          "2025-04-02T11:46:34.684768Z",
          "2025-04-28T08:56:44.907939Z"
        ]
      ]
    }
  },
  "license": "proprietary"
}