{
  "type": "Feature",
  "stac_version": "1.0.0",
  "id": "fef52ac7-edb1-42fe-b47e-43d81ce56a73",
  "properties": {
    "title": "Groundwork campaign labels",
    "description": "Labels created from a Groundwork campaign!",
    "label:description": "Labels for project 9984_tile_0",
    "label:type": "vector",
    "label:properties": [
      "default"
    ],
    "label:classes": [
      {
        "classes": [
          "Pavement Distress",
          "Non-Pavement Distress"
        ],
        "name": "default"
      }
    ],
    "label:tasks": [
      "detection"
    ],
    "datetime": "2025-04-28T08:56:40.135201Z"
  },
  "geometry": {
    "type": "Polygon",
    "coordinates": [
      [
        [
          8.490131568311108,
          47.37327442015436
        ],
        [
          8.490140651495864,
          47.373734884865065
        ],
        [
          8.489462806162928,
          47.37374105319462
        ],
        [
          8.489453728837189,
          47.37328058843114
        ],
        [
          8.490131568311108,
          47.37327442015436
        ]
      ]
    ]
  },
  "links": [
    {
      "rel": "source",
      "href": "../1508fc09-4d13-4705-8098-4f7efe32b039/1508fc09-4d13-4705-8098-4f7efe32b039.json",
      "type": "application/json"
    },
    {
      "rel": "root",
      "href": "../../catalog.json",
      "type": "application/json"
    },
    {
      "rel": "collection",
      "href": "../collection.json",
      "type": "application/json"
    },
    {
      "rel": "parent",
      "href": "../collection.json",
      "type": "application/json"
    }
  ],
  "assets": {
    "labels": {
      "href": "./labels.geojson",
      "type": "application/geo+json"
    }
  },
  "bbox": [
    8.489453728837189,
    47.37327442015436,
    8.490140651495864,
    47.37374105319462
  ],
  "stac_extensions": [
    "https://stac-extensions.github.io/label/v1.0.1/schema.json"
  ],
  "collection": "6b73069d-9417-4eb1-8f79-453b907be77f"
}