{
  "type": "Feature",
  "stac_version": "1.0.0",
  "id": "d320ea2c-cb9b-475e-a84c-f673d5136d94",
  "properties": {
    "title": "Groundwork campaign labels",
    "description": "Labels created from a Groundwork campaign!",
    "label:description": "Labels for project 9328_tile_0",
    "label:type": "vector",
    "label:properties": [
      "default"
    ],
    "label:classes": [
      {
        "classes": [
          "Pavement Distress",
          "Non-Pavement Distress"
        ],
        "name": "default"
      }
    ],
    "label:tasks": [
      "detection"
    ],
    "datetime": "2025-04-28T08:56:45.778245Z"
  },
  "geometry": {
    "type": "Polygon",
    "coordinates": [
      [
        [
          8.54528820465632,
          47.368133842075665
        ],
        [
          8.545297763750032,
          47.36859430302469
        ],
        [
          8.54461999042426,
          47.36860079528221
        ],
        [
          8.544610437188155,
          47.368140334277655
        ],
        [
          8.54528820465632,
          47.368133842075665
        ]
      ]
    ]
  },
  "links": [
    {
      "rel": "source",
      "href": "../32b35fe0-cb52-43e6-be34-6cfa84d5e294/32b35fe0-cb52-43e6-be34-6cfa84d5e294.json",
      "type": "application/json"
    },
    {
      "rel": "root",
      "href": "../../catalog.json",
      "type": "application/json"
    },
    {
      "rel": "collection",
      "href": "../collection.json",
      "type": "application/json"
    },
    {
      "rel": "parent",
      "href": "../collection.json",
      "type": "application/json"
    }
  ],
  "assets": {
    "labels": {
      "href": "./labels.geojson",
      "type": "application/geo+json"
    }
  },
  "bbox": [
    8.544610437188155,
    47.368133842075665,
    8.545297763750032,
    47.36860079528221
  ],
  "stac_extensions": [
    "https://stac-extensions.github.io/label/v1.0.1/schema.json"
  ],
  "collection": "c9a629f0-f190-41f5-abb0-badc501b3989"
}