{
  "type": "Feature",
  "stac_version": "1.0.0",
  "id": "3d0cd2d9-f0e5-4bf1-ad7c-3a9f481b8bac",
  "properties": {
    "title": "Groundwork campaign labels",
    "description": "Labels created from a Groundwork campaign!",
    "label:description": "Labels for project 8885_tile_0",
    "label:type": "vector",
    "label:properties": [
      "default"
    ],
    "label:classes": [
      {
        "classes": [
          "Pavement_distress",
          "non_pavement_distress"
        ],
        "name": "default"
      }
    ],
    "label:tasks": [
      "detection"
    ],
    "datetime": "2025-05-07T19:02:06.513506Z"
  },
  "geometry": {
    "type": "Polygon",
    "coordinates": [
      [
        [
          8.558455021373506,
          47.37957382296263
        ],
        [
          8.558464696374315,
          47.38003428120127
        ],
        [
          8.5577867790807,
          47.38004085076866
        ],
        [
          8.557777109939952,
          47.37958039247379
        ],
        [
          8.558455021373506,
          47.37957382296263
        ]
      ]
    ]
  },
  "links": [
    {
      "rel": "source",
      "href": "../b3cf4227-7e5e-4c63-a2db-01cbcd1953b4/b3cf4227-7e5e-4c63-a2db-01cbcd1953b4.json",
      "type": "application/json"
    },
    {
      "rel": "root",
      "href": "../../catalog.json",
      "type": "application/json"
    },
    {
      "rel": "collection",
      "href": "../collection.json",
      "type": "application/json"
    },
    {
      "rel": "parent",
      "href": "../collection.json",
      "type": "application/json"
    }
  ],
  "assets": {
    "labels": {
      "href": "./labels.geojson",
      "type": "application/geo+json"
    }
  },
  "bbox": [
    8.557777109939952,
    47.37957382296263,
    8.558464696374315,
    47.38004085076866
  ],
  "stac_extensions": [
    "https://stac-extensions.github.io/label/v1.0.1/schema.json"
  ],
  "collection": "906bd32d-360d-4d76-bfe5-f882763b559c"
}