{
  "type": "Collection",
  "id": "f526b96d-4a68-4f63-b6d5-98c2e70b1cda",
  "stac_version": "1.0.0",
  "description": "16672_tile_2",
  "links": [
    {
      "rel": "root",
      "href": "../catalog.json",
      "type": "application/json"
    },
    {
      "rel": "item",
      "href": "./4c080e48-8384-46f7-baf4-017aa6af5261/4c080e48-8384-46f7-baf4-017aa6af5261.json",
      "type": "application/json"
    },
    {
      "rel": "item",
      "href": "./fe6e5170-f70d-4cb5-a6ac-2fa82563d151/fe6e5170-f70d-4cb5-a6ac-2fa82563d151.json",
      "type": "application/json"
    },
    {
      "rel": "parent",
      "href": "../catalog.json",
      "type": "application/json"
    }
  ],
  "extent": {
    "spatial": {
      "bbox": [
        [
          8.504277343038412,
          47.37975621118307,
          8.504964475739305,
          47.38022292917761
        ]
      ]
    },
    "temporal": {
      "interval": [
        [
          "2025-05-06T07:14:06.763728Z",
          "2025-05-07T19:01:07.790538Z"
        ]
      ]
    }
  },
  "license": "proprietary"
}