{
  "type": "Collection",
  "id": "66346fc0-b75e-4141-bff1-75a2483fb024",
  "stac_version": "1.0.0",
  "description": "15891_tile_0",
  "links": [
    {
      "rel": "root",
      "href": "../catalog.json",
      "type": "application/json"
    },
    {
      "rel": "item",
      "href": "./bf994ad7-6c97-48e0-8171-b713b909a969/bf994ad7-6c97-48e0-8171-b713b909a969.json",
      "type": "application/json"
    },
    {
      "rel": "item",
      "href": "./93854d40-d7f0-47cd-b100-281e76a8f6aa/93854d40-d7f0-47cd-b100-281e76a8f6aa.json",
      "type": "application/json"
    },
    {
      "rel": "parent",
      "href": "../catalog.json",
      "type": "application/json"
    }
  ],
  "extent": {
    "spatial": {
      "bbox": [
        [
          8.56914269529302,
          47.36348042195688,
          8.569830170814488,
          47.36394751782092
        ]
      ]
    },
    "temporal": {
      "interval": [
        [
          "2025-05-06T07:13:43.474894Z",
          "2025-05-07T19:01:12.360547Z"
        ]
      ]
    }
  },
  "license": "proprietary"
}