{
  "type": "Collection",
  "id": "ba0d57c0-3097-4693-beeb-371b4608b76b",
  "stac_version": "1.0.0",
  "description": "{95A595D5-DA48-41E4-8159-46608BB4C6EF}_tile_1",
  "links": [
    {
      "rel": "root",
      "href": "../catalog.json",
      "type": "application/json"
    },
    {
      "rel": "item",
      "href": "./2438eddb-f7b2-4649-bae8-c13b41e74051/2438eddb-f7b2-4649-bae8-c13b41e74051.json",
      "type": "application/json"
    },
    {
      "rel": "item",
      "href": "./93acfb0a-9b5d-4ec5-91fe-1f03a45f258c/93acfb0a-9b5d-4ec5-91fe-1f03a45f258c.json",
      "type": "application/json"
    },
    {
      "rel": "parent",
      "href": "../catalog.json",
      "type": "application/json"
    }
  ],
  "extent": {
    "spatial": {
      "bbox": [
        [
          8.534245832445633,
          47.4040169035057,
          8.534279146580856,
          47.40447758630273
        ]
      ]
    },
    "temporal": {
      "interval": [
        [
          "2025-01-31T23:46:47.968217Z",
          "2025-03-20T09:20:53.574107Z"
        ]
      ]
    }
  },
  "license": "proprietary"
}