{
  "type": "Collection",
  "id": "08109e07-515f-482c-9ea4-d8779f3cce29",
  "stac_version": "1.0.0",
  "description": "{C79E1516-894B-457E-91CB-D0EFFD89E88D}_tile_5",
  "links": [
    {
      "rel": "root",
      "href": "../catalog.json",
      "type": "application/json"
    },
    {
      "rel": "item",
      "href": "./ff38f8f5-d74d-40c2-8282-0b74e369281b/ff38f8f5-d74d-40c2-8282-0b74e369281b.json",
      "type": "application/json"
    },
    {
      "rel": "item",
      "href": "./cd5b0d93-ca76-4dc6-a83d-b3cc1e33f478/cd5b0d93-ca76-4dc6-a83d-b3cc1e33f478.json",
      "type": "application/json"
    },
    {
      "rel": "parent",
      "href": "../catalog.json",
      "type": "application/json"
    }
  ],
  "extent": {
    "spatial": {
      "bbox": [
        [
          8.537674328087537,
          47.33572944013641,
          8.537859732346927,
          47.33586877883526
        ]
      ]
    },
    "temporal": {
      "interval": [
        [
          "2025-01-31T23:46:03.477911Z",
          "2025-03-20T09:21:03.637268Z"
        ]
      ]
    }
  },
  "license": "proprietary"
}