{
  "type": "Collection",
  "id": "c9a629f0-f190-41f5-abb0-badc501b3989",
  "stac_version": "1.0.0",
  "description": "9328_tile_0",
  "links": [
    {
      "rel": "root",
      "href": "../catalog.json",
      "type": "application/json"
    },
    {
      "rel": "item",
      "href": "./32b35fe0-cb52-43e6-be34-6cfa84d5e294/32b35fe0-cb52-43e6-be34-6cfa84d5e294.json",
      "type": "application/json"
    },
    {
      "rel": "item",
      "href": "./d320ea2c-cb9b-475e-a84c-f673d5136d94/d320ea2c-cb9b-475e-a84c-f673d5136d94.json",
      "type": "application/json"
    },
    {
      "rel": "parent",
      "href": "../catalog.json",
      "type": "application/json"
    }
  ],
  "extent": {
    "spatial": {
      "bbox": [
        [
          8.544610437188155,
          47.368133842075665,
          8.545297763750032,
          47.36860079528221
        ]
      ]
    },
    "temporal": {
      "interval": [
        [
          "2025-04-02T11:46:31.896845Z",
          "2025-04-28T08:56:45.778245Z"
        ]
      ]
    }
  },
  "license": "proprietary"
}