{
  "type": "Collection",
  "id": "5ed3ba4a-cb88-40b5-953b-e3c481e37346",
  "stac_version": "1.0.0",
  "description": "2955_tile_0",
  "links": [
    {
      "rel": "root",
      "href": "../catalog.json",
      "type": "application/json"
    },
    {
      "rel": "item",
      "href": "./dec5fc75-3da3-4182-9c59-a862472295aa/dec5fc75-3da3-4182-9c59-a862472295aa.json",
      "type": "application/json"
    },
    {
      "rel": "item",
      "href": "./187724af-4e30-4e5f-a45e-7596248c3085/187724af-4e30-4e5f-a45e-7596248c3085.json",
      "type": "application/json"
    },
    {
      "rel": "parent",
      "href": "../catalog.json",
      "type": "application/json"
    }
  ],
  "extent": {
    "spatial": {
      "bbox": [
        [
          8.587378260873955,
          47.37232258236086,
          8.588066005869733,
          47.372789782504434
        ]
      ]
    },
    "temporal": {
      "interval": [
        [
          "2025-04-02T11:44:38.096546Z",
          "2025-04-28T08:57:18.933345Z"
        ]
      ]
    }
  },
  "license": "proprietary"
}