{
  "type": "Feature",
  "stac_version": "1.0.0",
  "id": "fd5b7467-4bb0-4d82-a50d-f2eb43d28960",
  "properties": {
    "title": "Groundwork campaign labels",
    "description": "Labels created from a Groundwork campaign!",
    "label:description": "Labels for project 9656_tile_0",
    "label:type": "vector",
    "label:properties": [
      "default"
    ],
    "label:classes": [
      {
        "classes": [
          "Pavement_distress",
          "non_pavement_distress"
        ],
        "name": "default"
      }
    ],
    "label:tasks": [
      "detection"
    ],
    "datetime": "2025-05-07T19:01:57.072492Z"
  },
  "geometry": {
    "type": "Polygon",
    "coordinates": [
      [
        [
          8.5770777741847,
          47.36036421864629
        ],
        [
          8.577087606630487,
          47.36082467798953
        ],
        [
          8.57640993610097,
          47.36083135694702
        ],
        [
          8.576400109510907,
          47.36037089754668
        ],
        [
          8.5770777741847,
          47.36036421864629
        ]
      ]
    ]
  },
  "links": [
    {
      "rel": "source",
      "href": "../b55d83b7-cb1b-40b3-9172-38b5af801c1d/b55d83b7-cb1b-40b3-9172-38b5af801c1d.json",
      "type": "application/json"
    },
    {
      "rel": "root",
      "href": "../../catalog.json",
      "type": "application/json"
    },
    {
      "rel": "collection",
      "href": "../collection.json",
      "type": "application/json"
    },
    {
      "rel": "parent",
      "href": "../collection.json",
      "type": "application/json"
    }
  ],
  "assets": {
    "labels": {
      "href": "./labels.geojson",
      "type": "application/geo+json"
    }
  },
  "bbox": [
    8.576400109510907,
    47.36036421864629,
    8.577087606630487,
    47.36083135694702
  ],
  "stac_extensions": [
    "https://stac-extensions.github.io/label/v1.0.1/schema.json"
  ],
  "collection": "16a4c716-234a-472f-b01b-d99e6fef3ff4"
}