{
  "type": "Feature",
  "stac_version": "1.0.0",
  "id": "f10cb311-08e4-4428-a30b-37424dcbeb2d",
  "properties": {
    "title": "Groundwork campaign labels",
    "description": "Labels created from a Groundwork campaign!",
    "label:description": "Labels for project 16340_tile_1",
    "label:type": "vector",
    "label:properties": [
      "default"
    ],
    "label:classes": [
      {
        "classes": [
          "Pavement Distress",
          "Non-Pavement Distress"
        ],
        "name": "default"
      }
    ],
    "label:tasks": [
      "detection"
    ],
    "datetime": "2025-04-28T08:56:05.196482Z"
  },
  "geometry": {
    "type": "Polygon",
    "coordinates": [
      [
        [
          8.528239797397022,
          47.3910526609152
        ],
        [
          8.528249213196082,
          47.3915131200373
        ],
        [
          8.527571146053052,
          47.39151951214536
        ],
        [
          8.527561736116743,
          47.39105905296851
        ],
        [
          8.528239797397022,
          47.3910526609152
        ]
      ]
    ]
  },
  "links": [
    {
      "rel": "source",
      "href": "../8053e46e-67dc-4058-83c3-46fa7dde57d7/8053e46e-67dc-4058-83c3-46fa7dde57d7.json",
      "type": "application/json"
    },
    {
      "rel": "root",
      "href": "../../catalog.json",
      "type": "application/json"
    },
    {
      "rel": "collection",
      "href": "../collection.json",
      "type": "application/json"
    },
    {
      "rel": "parent",
      "href": "../collection.json",
      "type": "application/json"
    }
  ],
  "assets": {
    "labels": {
      "href": "./labels.geojson",
      "type": "application/geo+json"
    }
  },
  "bbox": [
    8.527561736116743,
    47.3910526609152,
    8.528249213196082,
    47.39151951214536
  ],
  "stac_extensions": [
    "https://stac-extensions.github.io/label/v1.0.1/schema.json"
  ],
  "collection": "48d9a386-3381-485e-b9c9-a9d597270faf"
}