{
  "type": "Collection",
  "id": "aeebd2b0-b621-47f5-923b-79ee639875c1",
  "stac_version": "1.0.0",
  "description": "2931_tile_2",
  "links": [
    {
      "rel": "root",
      "href": "../catalog.json",
      "type": "application/json"
    },
    {
      "rel": "item",
      "href": "./b738f6ae-57e7-4777-b9c8-e583509699b0/b738f6ae-57e7-4777-b9c8-e583509699b0.json",
      "type": "application/json"
    },
    {
      "rel": "item",
      "href": "./854dd23c-5b90-4ea7-8ca5-1eac71ed0556/854dd23c-5b90-4ea7-8ca5-1eac71ed0556.json",
      "type": "application/json"
    },
    {
      "rel": "parent",
      "href": "../catalog.json",
      "type": "application/json"
    }
  ],
  "extent": {
    "spatial": {
      "bbox": [
        [
          8.591389074472765,
          47.363260368800525,
          8.592076736622705,
          47.363727593427164
        ]
      ]
    },
    "temporal": {
      "interval": [
        [
          "2025-05-06T07:08:14.853627Z",
          "2025-05-07T19:02:32.316874Z"
        ]
      ]
    }
  },
  "license": "proprietary"
}