{
  "type": "Collection",
  "id": "48d9a386-3381-485e-b9c9-a9d597270faf",
  "stac_version": "1.0.0",
  "description": "16340_tile_1",
  "links": [
    {
      "rel": "root",
      "href": "../catalog.json",
      "type": "application/json"
    },
    {
      "rel": "item",
      "href": "./8053e46e-67dc-4058-83c3-46fa7dde57d7/8053e46e-67dc-4058-83c3-46fa7dde57d7.json",
      "type": "application/json"
    },
    {
      "rel": "item",
      "href": "./f10cb311-08e4-4428-a30b-37424dcbeb2d/f10cb311-08e4-4428-a30b-37424dcbeb2d.json",
      "type": "application/json"
    },
    {
      "rel": "parent",
      "href": "../catalog.json",
      "type": "application/json"
    }
  ],
  "extent": {
    "spatial": {
      "bbox": [
        [
          8.527561736116743,
          47.3910526609152,
          8.528249213196082,
          47.39151951214536
        ]
      ]
    },
    "temporal": {
      "interval": [
        [
          "2025-04-02T11:49:30.278144Z",
          "2025-04-28T08:56:05.196482Z"
        ]
      ]
    }
  },
  "license": "proprietary"
}