{
  "type": "Feature",
  "stac_version": "1.0.0",
  "id": "70bcf8d0-2e67-4a13-9b4a-cdfeb90d9a06",
  "properties": {
    "title": "Groundwork campaign labels",
    "description": "Labels created from a Groundwork campaign!",
    "label:description": "Labels for project 12849_tile_0",
    "label:type": "vector",
    "label:properties": [
      "default"
    ],
    "label:classes": [
      {
        "classes": [
          "Pavement_distress",
          "non_pavement_distress"
        ],
        "name": "default"
      }
    ],
    "label:tasks": [
      "detection"
    ],
    "datetime": "2025-05-07T19:01:31.115718Z"
  },
  "geometry": {
    "type": "Polygon",
    "coordinates": [
      [
        [
          8.47419350832103,
          47.415497835214865
        ],
        [
          8.474202460859344,
          47.415958295130956
        ],
        [
          8.473524075892032,
          47.41596436980826
        ],
        [
          8.473515129222147,
          47.41550390984013
        ],
        [
          8.47419350832103,
          47.415497835214865
        ]
      ]
    ]
  },
  "links": [
    {
      "rel": "source",
      "href": "../b86ce2a1-b7ea-430d-a77b-c847b121567d/b86ce2a1-b7ea-430d-a77b-c847b121567d.json",
      "type": "application/json"
    },
    {
      "rel": "root",
      "href": "../../catalog.json",
      "type": "application/json"
    },
    {
      "rel": "collection",
      "href": "../collection.json",
      "type": "application/json"
    },
    {
      "rel": "parent",
      "href": "../collection.json",
      "type": "application/json"
    }
  ],
  "assets": {
    "labels": {
      "href": "./labels.geojson",
      "type": "application/geo+json"
    }
  },
  "bbox": [
    8.473515129222147,
    47.415497835214865,
    8.474202460859344,
    47.41596436980826
  ],
  "stac_extensions": [
    "https://stac-extensions.github.io/label/v1.0.1/schema.json"
  ],
  "collection": "f3aee09e-07b3-4902-94f0-bd5e1753c936"
}