{
  "type": "Collection",
  "id": "8e0d8963-64c5-4621-a443-13abe9d7e673",
  "stac_version": "1.0.0",
  "description": "{F070B61B-3B62-49DE-9B0F-4A74499E935B}_tile_0",
  "links": [
    {
      "rel": "root",
      "href": "../catalog.json",
      "type": "application/json"
    },
    {
      "rel": "item",
      "href": "./0fba12ee-121c-4887-9a35-992d20312548/0fba12ee-121c-4887-9a35-992d20312548.json",
      "type": "application/json"
    },
    {
      "rel": "item",
      "href": "./70b5c4ab-2c7b-4a46-83bb-c955ad287049/70b5c4ab-2c7b-4a46-83bb-c955ad287049.json",
      "type": "application/json"
    },
    {
      "rel": "parent",
      "href": "../catalog.json",
      "type": "application/json"
    }
  ],
  "extent": {
    "spatial": {
      "bbox": [
        [
          8.538891187038457,
          47.334551246199624,
          8.538971676046447,
          47.33460596374077
        ]
      ]
    },
    "temporal": {
      "interval": [
        [
          "2025-01-31T23:46:35.888676Z",
          "2025-03-20T09:20:56.174577Z"
        ]
      ]
    }
  },
  "license": "proprietary"
}