{
  "type": "Collection",
  "id": "3fb2b3f0-1ea3-473b-8b38-3791d4fb473d",
  "stac_version": "1.0.0",
  "description": "17200_tile_0",
  "links": [
    {
      "rel": "root",
      "href": "../catalog.json",
      "type": "application/json"
    },
    {
      "rel": "item",
      "href": "./03831234-9191-4aef-8e7f-18d09ae2d853/03831234-9191-4aef-8e7f-18d09ae2d853.json",
      "type": "application/json"
    },
    {
      "rel": "item",
      "href": "./b0062f46-2126-48a4-a9ac-a1a0afa0924b/b0062f46-2126-48a4-a9ac-a1a0afa0924b.json",
      "type": "application/json"
    },
    {
      "rel": "parent",
      "href": "../catalog.json",
      "type": "application/json"
    }
  ],
  "extent": {
    "spatial": {
      "bbox": [
        [
          8.51095831570575,
          47.39745419137814,
          8.511645733842911,
          47.39792094552856
        ]
      ]
    },
    "temporal": {
      "interval": [
        [
          "2025-04-02T11:49:46.607967Z",
          "2025-04-28T08:56:00.145968Z"
        ]
      ]
    }
  },
  "license": "proprietary"
}