{
  "type": "Collection",
  "id": "3707d36e-78a1-4030-a5d3-4938a23367e1",
  "stac_version": "1.0.0",
  "description": "2580_tile_0",
  "links": [
    {
      "rel": "root",
      "href": "../catalog.json",
      "type": "application/json"
    },
    {
      "rel": "item",
      "href": "./4a440122-5c36-46b2-b8ee-bd4be4d8a27f/4a440122-5c36-46b2-b8ee-bd4be4d8a27f.json",
      "type": "application/json"
    },
    {
      "rel": "item",
      "href": "./fd11c2cb-9147-4caa-af67-fbb8adfd0f4c/fd11c2cb-9147-4caa-af67-fbb8adfd0f4c.json",
      "type": "application/json"
    },
    {
      "rel": "parent",
      "href": "../catalog.json",
      "type": "application/json"
    }
  ],
  "extent": {
    "spatial": {
      "bbox": [
        [
          8.587048484482114,
          47.40698157983246,
          8.587736674519101,
          47.40744877307887
        ]
      ]
    },
    "temporal": {
      "interval": [
        [
          "2025-05-06T07:08:03.769858Z",
          "2025-05-07T19:02:35.036991Z"
        ]
      ]
    }
  },
  "license": "proprietary"
}