{
  "type": "Feature",
  "stac_version": "1.0.0",
  "id": "b1286de3-d6ee-45b5-b673-b09629416cc5",
  "properties": {
    "title": "Groundwork campaign labels",
    "description": "Labels created from a Groundwork campaign!",
    "label:description": "Labels for project {F58D6826-C006-4C3E-B4A7-8E6E07011362}_tile_0",
    "label:type": "vector",
    "label:properties": [
      "default"
    ],
    "label:classes": [
      {
        "classes": [
          "Pavement_distress",
          "Shadows"
        ],
        "name": "default"
      }
    ],
    "label:tasks": [
      "detection"
    ],
    "datetime": "2025-03-20T09:20:56.514086Z"
  },
  "geometry": {
    "type": "Polygon",
    "coordinates": [
      [
        [
          8.502166715551034,
          47.4209916547164
        ],
        [
          8.502168224180398,
          47.42106719843108
        ],
        [
          8.502095344156341,
          47.42106786881707
        ],
        [
          8.502093835630417,
          47.42099232510149
        ],
        [
          8.502166715551034,
          47.4209916547164
        ]
      ]
    ]
  },
  "links": [
    {
      "rel": "source",
      "href": "../d9b6aa90-0e4f-40af-9863-dfb846f83212/d9b6aa90-0e4f-40af-9863-dfb846f83212.json",
      "type": "application/json"
    },
    {
      "rel": "root",
      "href": "../../catalog.json",
      "type": "application/json"
    },
    {
      "rel": "collection",
      "href": "../collection.json",
      "type": "application/json"
    },
    {
      "rel": "parent",
      "href": "../collection.json",
      "type": "application/json"
    }
  ],
  "assets": {
    "labels": {
      "href": "./labels.geojson",
      "type": "application/geo+json"
    }
  },
  "bbox": [
    8.502093835630417,
    47.4209916547164,
    8.502168224180398,
    47.42106786881707
  ],
  "stac_extensions": [
    "https://stac-extensions.github.io/label/v1.0.1/schema.json"
  ],
  "collection": "93563e81-86a4-44ca-811a-1c8c2854debe"
}