{
  "type": "Collection",
  "id": "226e4e35-be98-4ea5-9281-3bf18f443df4",
  "stac_version": "1.0.0",
  "description": "9336_tile_3",
  "links": [
    {
      "rel": "root",
      "href": "../catalog.json",
      "type": "application/json"
    },
    {
      "rel": "item",
      "href": "./bb6431bc-1aae-44f9-9ddc-c0c27fe62b38/bb6431bc-1aae-44f9-9ddc-c0c27fe62b38.json",
      "type": "application/json"
    },
    {
      "rel": "item",
      "href": "./f51953fe-506e-4b33-9432-cfdcbfec47fd/f51953fe-506e-4b33-9432-cfdcbfec47fd.json",
      "type": "application/json"
    },
    {
      "rel": "parent",
      "href": "../catalog.json",
      "type": "application/json"
    }
  ],
  "extent": {
    "spatial": {
      "bbox": [
        [
          8.527316431009465,
          47.412240105776625,
          8.528004179696895,
          47.41270695250393
        ]
      ]
    },
    "temporal": {
      "interval": [
        [
          "2025-04-02T11:46:33.295358Z",
          "2025-04-28T08:56:45.374534Z"
        ]
      ]
    }
  },
  "license": "proprietary"
}