{
  "type": "Feature",
  "stac_version": "1.0.0",
  "id": "b85ac8ec-0fec-485c-8051-5ea3d6adf4eb",
  "properties": {
    "title": "Groundwork campaign labels",
    "description": "Labels created from a Groundwork campaign!",
    "label:description": "Labels for project 14946_tile_2",
    "label:type": "vector",
    "label:properties": [
      "default"
    ],
    "label:classes": [
      {
        "classes": [
          "Pavement_distress",
          "non_pavement_distress"
        ],
        "name": "default"
      }
    ],
    "label:tasks": [
      "detection"
    ],
    "datetime": "2025-05-07T19:01:19.793698Z"
  },
  "geometry": {
    "type": "Polygon",
    "coordinates": [
      [
        [
          8.509580419681113,
          47.3737262973335
        ],
        [
          8.509589671083935,
          47.37418676042678
        ],
        [
          8.508911822286352,
          47.374193042974774
        ],
        [
          8.50890257674255,
          47.373732579827724
        ],
        [
          8.509580419681113,
          47.3737262973335
        ]
      ]
    ]
  },
  "links": [
    {
      "rel": "source",
      "href": "../ab0fa4b5-d0e2-4409-bd2e-89f29569cae8/ab0fa4b5-d0e2-4409-bd2e-89f29569cae8.json",
      "type": "application/json"
    },
    {
      "rel": "root",
      "href": "../../catalog.json",
      "type": "application/json"
    },
    {
      "rel": "collection",
      "href": "../collection.json",
      "type": "application/json"
    },
    {
      "rel": "parent",
      "href": "../collection.json",
      "type": "application/json"
    }
  ],
  "assets": {
    "labels": {
      "href": "./labels.geojson",
      "type": "application/geo+json"
    }
  },
  "bbox": [
    8.50890257674255,
    47.3737262973335,
    8.509589671083935,
    47.374193042974774
  ],
  "stac_extensions": [
    "https://stac-extensions.github.io/label/v1.0.1/schema.json"
  ],
  "collection": "79c9f078-0f17-437e-b646-b7fe5076859b"
}