{
  "type": "Collection",
  "id": "209122ea-1dab-44b5-a210-ad4dfbe0ab5e",
  "stac_version": "1.0.0",
  "description": "4984_tile_1",
  "links": [
    {
      "rel": "root",
      "href": "../catalog.json",
      "type": "application/json"
    },
    {
      "rel": "item",
      "href": "./184bcf93-8f4a-43d1-9b1e-3537b17f723e/184bcf93-8f4a-43d1-9b1e-3537b17f723e.json",
      "type": "application/json"
    },
    {
      "rel": "item",
      "href": "./f2c9be0a-4466-4fbc-a7ba-ba3d28ef3eca/f2c9be0a-4466-4fbc-a7ba-ba3d28ef3eca.json",
      "type": "application/json"
    },
    {
      "rel": "parent",
      "href": "../catalog.json",
      "type": "application/json"
    }
  ],
  "extent": {
    "spatial": {
      "bbox": [
        [
          8.519677521896426,
          47.336718748107124,
          8.52036423093286,
          47.33718556129713
        ]
      ]
    },
    "temporal": {
      "interval": [
        [
          "2025-04-02T11:45:16.792505Z",
          "2025-04-28T08:57:07.205676Z"
        ]
      ]
    }
  },
  "license": "proprietary"
}