{
  "type": "Collection",
  "id": "2ae826c9-7616-449e-959d-22bf60cde7f2",
  "stac_version": "1.0.0",
  "description": "13517_tile_0",
  "links": [
    {
      "rel": "root",
      "href": "../catalog.json",
      "type": "application/json"
    },
    {
      "rel": "item",
      "href": "./b28cf03f-8943-454e-bcbc-f538caf9dc87/b28cf03f-8943-454e-bcbc-f538caf9dc87.json",
      "type": "application/json"
    },
    {
      "rel": "item",
      "href": "./2a210772-21fa-48b9-bcef-b776029abbcb/2a210772-21fa-48b9-bcef-b776029abbcb.json",
      "type": "application/json"
    },
    {
      "rel": "parent",
      "href": "../catalog.json",
      "type": "application/json"
    }
  ],
  "extent": {
    "spatial": {
      "bbox": [
        [
          8.468614392972265,
          47.38883021458023,
          8.46930133851904,
          47.38929672465186
        ]
      ]
    },
    "temporal": {
      "interval": [
        [
          "2025-05-06T07:12:49.160921Z",
          "2025-05-07T19:01:25.874973Z"
        ]
      ]
    }
  },
  "license": "proprietary"
}