{
  "type": "Collection",
  "id": "6e0c5643-f8f8-4570-a62c-ccb8f06eae90",
  "stac_version": "1.0.0",
  "description": "5494_tile_1",
  "links": [
    {
      "rel": "root",
      "href": "../catalog.json",
      "type": "application/json"
    },
    {
      "rel": "item",
      "href": "./71ff171b-ca75-443e-9acf-044abfc818a3/71ff171b-ca75-443e-9acf-044abfc818a3.json",
      "type": "application/json"
    },
    {
      "rel": "item",
      "href": "./037ffbfa-62c4-4adf-84fc-c342d1a46bc2/037ffbfa-62c4-4adf-84fc-c342d1a46bc2.json",
      "type": "application/json"
    },
    {
      "rel": "parent",
      "href": "../catalog.json",
      "type": "application/json"
    }
  ],
  "extent": {
    "spatial": {
      "bbox": [
        [
          8.471129250451531,
          47.38368150373601,
          8.47181615103284,
          47.38414802911883
        ]
      ]
    },
    "temporal": {
      "interval": [
        [
          "2025-04-02T11:45:25.065619Z",
          "2025-04-28T08:57:04.950126Z"
        ]
      ]
    }
  },
  "license": "proprietary"
}