{
  "type": "Collection",
  "id": "95cd266b-9a73-44b9-9469-6ad813ba3147",
  "stac_version": "1.0.0",
  "description": "{9E160ABC-BE89-414E-9355-A5BF16C829A5}_tile_0",
  "links": [
    {
      "rel": "root",
      "href": "../catalog.json",
      "type": "application/json"
    },
    {
      "rel": "item",
      "href": "./d7dce710-d0ad-4e2a-9ccd-fc3552253a2b/d7dce710-d0ad-4e2a-9ccd-fc3552253a2b.json",
      "type": "application/json"
    },
    {
      "rel": "item",
      "href": "./37cd41d4-f1fe-49c4-b19b-ba92822bea78/37cd41d4-f1fe-49c4-b19b-ba92822bea78.json",
      "type": "application/json"
    },
    {
      "rel": "parent",
      "href": "../catalog.json",
      "type": "application/json"
    }
  ],
  "extent": {
    "spatial": {
      "bbox": [
        [
          8.507228324509704,
          47.32468941158662,
          8.507908103578167,
          47.32482339278764
        ]
      ]
    },
    "temporal": {
      "interval": [
        [
          "2025-01-31T23:45:20.974837Z",
          "2025-03-20T09:21:13.325770Z"
        ]
      ]
    }
  },
  "license": "proprietary"
}