{
  "type": "Feature",
  "stac_version": "1.0.0",
  "id": "b2362882-c59d-4d8c-b14a-2c46a66a6ac4",
  "properties": {
    "title": "Groundwork campaign labels",
    "description": "Labels created from a Groundwork campaign!",
    "label:description": "Labels for project 15964_tile_3",
    "label:type": "vector",
    "label:properties": [
      "default"
    ],
    "label:classes": [
      {
        "classes": [
          "Pavement_distress",
          "non_pavement_distress"
        ],
        "name": "default"
      }
    ],
    "label:tasks": [
      "detection"
    ],
    "datetime": "2025-05-07T19:01:11.562595Z"
  },
  "geometry": {
    "type": "Polygon",
    "coordinates": [
      [
        [
          8.540363129680273,
          47.386983455556994
        ],
        [
          8.540372649589822,
          47.3874439142587
        ],
        [
          8.539694635736208,
          47.38745037756863
        ],
        [
          8.539685121688452,
          47.3869899188116
        ],
        [
          8.540363129680273,
          47.386983455556994
        ]
      ]
    ]
  },
  "links": [
    {
      "rel": "source",
      "href": "../7a14314e-bfb0-4b33-bd4c-817de22fd007/7a14314e-bfb0-4b33-bd4c-817de22fd007.json",
      "type": "application/json"
    },
    {
      "rel": "root",
      "href": "../../catalog.json",
      "type": "application/json"
    },
    {
      "rel": "collection",
      "href": "../collection.json",
      "type": "application/json"
    },
    {
      "rel": "parent",
      "href": "../collection.json",
      "type": "application/json"
    }
  ],
  "assets": {
    "labels": {
      "href": "./labels.geojson",
      "type": "application/geo+json"
    }
  },
  "bbox": [
    8.539685121688452,
    47.386983455556994,
    8.540372649589822,
    47.38745037756863
  ],
  "stac_extensions": [
    "https://stac-extensions.github.io/label/v1.0.1/schema.json"
  ],
  "collection": "3a2d7c09-463e-43d9-881f-741978252e55"
}