{
  "type": "Collection",
  "id": "eb91024d-166b-4eb3-8705-638762a06341",
  "stac_version": "1.0.0",
  "description": "11642_tile_4",
  "links": [
    {
      "rel": "root",
      "href": "../catalog.json",
      "type": "application/json"
    },
    {
      "rel": "item",
      "href": "./afbbfeb5-909e-4bb8-91f5-ff6a74334d8f/afbbfeb5-909e-4bb8-91f5-ff6a74334d8f.json",
      "type": "application/json"
    },
    {
      "rel": "item",
      "href": "./096c4162-46bc-42bd-a262-56e7f80bafe0/096c4162-46bc-42bd-a262-56e7f80bafe0.json",
      "type": "application/json"
    },
    {
      "rel": "parent",
      "href": "../catalog.json",
      "type": "application/json"
    }
  ],
  "extent": {
    "spatial": {
      "bbox": [
        [
          8.478318650161134,
          47.36986087632238,
          8.479005433825458,
          47.370327445327106
        ]
      ]
    },
    "temporal": {
      "interval": [
        [
          "2025-05-06T07:11:48.837274Z",
          "2025-05-07T19:01:41.544478Z"
        ]
      ]
    }
  },
  "license": "proprietary"
}