{
  "type": "Feature",
  "stac_version": "1.0.0",
  "id": "930602de-f723-4c18-abd5-34e5efc094a0",
  "properties": {
    "title": "Groundwork campaign labels",
    "description": "Labels created from a Groundwork campaign!",
    "label:description": "Labels for project 1135_tile_2",
    "label:type": "vector",
    "label:properties": [
      "default"
    ],
    "label:classes": [
      {
        "classes": [
          "Pavement_distress",
          "non_pavement_distress"
        ],
        "name": "default"
      }
    ],
    "label:tasks": [
      "detection"
    ],
    "datetime": "2025-05-07T19:02:41.143682Z"
  },
  "geometry": {
    "type": "Polygon",
    "coordinates": [
      [
        [
          8.543881845846402,
          47.379169965767545
        ],
        [
          8.543891394773551,
          47.37963042528412
        ],
        [
          8.54321348082427,
          47.379636909268385
        ],
        [
          8.54320393775717,
          47.37917644969634
        ],
        [
          8.543881845846402,
          47.379169965767545
        ]
      ]
    ]
  },
  "links": [
    {
      "rel": "source",
      "href": "../3b6fdd52-1e7b-403b-b574-0581ebb086e0/3b6fdd52-1e7b-403b-b574-0581ebb086e0.json",
      "type": "application/json"
    },
    {
      "rel": "root",
      "href": "../../catalog.json",
      "type": "application/json"
    },
    {
      "rel": "collection",
      "href": "../collection.json",
      "type": "application/json"
    },
    {
      "rel": "parent",
      "href": "../collection.json",
      "type": "application/json"
    }
  ],
  "assets": {
    "labels": {
      "href": "./labels.geojson",
      "type": "application/geo+json"
    }
  },
  "bbox": [
    8.54320393775717,
    47.379169965767545,
    8.543891394773551,
    47.379636909268385
  ],
  "stac_extensions": [
    "https://stac-extensions.github.io/label/v1.0.1/schema.json"
  ],
  "collection": "e4bb5186-6f45-4d49-9394-a51d4d6f003f"
}