{
  "type": "Collection",
  "id": "770d62b7-9788-4695-8fce-984ff8423ddc",
  "stac_version": "1.0.0",
  "description": "{34249E1F-5C57-4820-AD57-0A35B32E921B}_tile_2",
  "links": [
    {
      "rel": "root",
      "href": "../catalog.json",
      "type": "application/json"
    },
    {
      "rel": "item",
      "href": "./67f76b42-3392-4788-aff7-380560fd60d6/67f76b42-3392-4788-aff7-380560fd60d6.json",
      "type": "application/json"
    },
    {
      "rel": "item",
      "href": "./c5c6f7dc-5199-4e17-bb82-1c1f4b405eb3/c5c6f7dc-5199-4e17-bb82-1c1f4b405eb3.json",
      "type": "application/json"
    },
    {
      "rel": "parent",
      "href": "../catalog.json",
      "type": "application/json"
    }
  ],
  "extent": {
    "spatial": {
      "bbox": [
        [
          8.520002826671348,
          47.3504176851121,
          8.520441676043328,
          47.350788659794574
        ]
      ]
    },
    "temporal": {
      "interval": [
        [
          "2025-01-31T23:46:15.900966Z",
          "2025-03-20T09:21:00.878266Z"
        ]
      ]
    }
  },
  "license": "proprietary"
}