{
  "type": "Collection",
  "id": "f5a71cc3-8ea3-49cb-b3d6-81db83ca577d",
  "stac_version": "1.0.0",
  "description": "7971_tile_0",
  "links": [
    {
      "rel": "root",
      "href": "../catalog.json",
      "type": "application/json"
    },
    {
      "rel": "item",
      "href": "./4f6fb8d0-773e-4fa7-8100-2322b9ccfdc5/4f6fb8d0-773e-4fa7-8100-2322b9ccfdc5.json",
      "type": "application/json"
    },
    {
      "rel": "item",
      "href": "./4a623aeb-472f-4da7-bc0c-203bb199319e/4a623aeb-472f-4da7-bc0c-203bb199319e.json",
      "type": "application/json"
    },
    {
      "rel": "parent",
      "href": "../catalog.json",
      "type": "application/json"
    }
  ],
  "extent": {
    "spatial": {
      "bbox": [
        [
          8.506075831332812,
          47.36838689466091,
          8.506762832695308,
          47.3688536246827
        ]
      ]
    },
    "temporal": {
      "interval": [
        [
          "2025-04-02T11:46:09.687039Z",
          "2025-04-28T08:56:51.946187Z"
        ]
      ]
    }
  },
  "license": "proprietary"
}