{
  "type": "Collection",
  "id": "49f804cb-7c63-47b0-8652-39864c5379a4",
  "stac_version": "1.0.0",
  "description": "{A5C5EF36-01DF-40F0-BE8D-564152F0A29D}_tile_0",
  "links": [
    {
      "rel": "root",
      "href": "../catalog.json",
      "type": "application/json"
    },
    {
      "rel": "item",
      "href": "./3ad88286-f101-4f27-b916-a287706acbea/3ad88286-f101-4f27-b916-a287706acbea.json",
      "type": "application/json"
    },
    {
      "rel": "item",
      "href": "./cb916bf6-76ef-467a-8c35-f35b53f36242/cb916bf6-76ef-467a-8c35-f35b53f36242.json",
      "type": "application/json"
    },
    {
      "rel": "parent",
      "href": "../catalog.json",
      "type": "application/json"
    }
  ],
  "extent": {
    "spatial": {
      "bbox": [
        [
          8.509137696464897,
          47.37890618734233,
          8.509824859645235,
          47.37937293361043
        ]
      ]
    },
    "temporal": {
      "interval": [
        [
          "2025-01-31T23:44:16.047372Z",
          "2025-03-20T09:21:28.056369Z"
        ]
      ]
    }
  },
  "license": "proprietary"
}