{
  "type": "Collection",
  "id": "c8afc842-9c27-42a4-99ad-f2b63c028ba8",
  "stac_version": "1.0.0",
  "description": "{16884F5B-EB71-46E2-A5CD-F6A5BD3C297D}_tile_1",
  "links": [
    {
      "rel": "root",
      "href": "../catalog.json",
      "type": "application/json"
    },
    {
      "rel": "item",
      "href": "./c48e84d5-3ec5-466c-9acc-ebbd59be55e2/c48e84d5-3ec5-466c-9acc-ebbd59be55e2.json",
      "type": "application/json"
    },
    {
      "rel": "item",
      "href": "./18378f7d-473b-4a27-b849-d1b1cdc44acd/18378f7d-473b-4a27-b849-d1b1cdc44acd.json",
      "type": "application/json"
    },
    {
      "rel": "parent",
      "href": "../catalog.json",
      "type": "application/json"
    }
  ],
  "extent": {
    "spatial": {
      "bbox": [
        [
          8.544465179533807,
          47.37415835812109,
          8.544491995371928,
          47.37430248007617
        ]
      ]
    },
    "temporal": {
      "interval": [
        [
          "2025-01-31T23:46:43.355766Z",
          "2025-03-20T09:20:54.593086Z"
        ]
      ]
    }
  },
  "license": "proprietary"
}