{
  "type": "Feature",
  "stac_version": "1.0.0",
  "id": "a59d5246-747e-4068-a61a-6358595b5eea",
  "properties": {
    "title": "Groundwork campaign labels",
    "description": "Labels created from a Groundwork campaign!",
    "label:description": "Labels for project 4135_tile_1",
    "label:type": "vector",
    "label:properties": [
      "default"
    ],
    "label:classes": [
      {
        "classes": [
          "Pavement Distress",
          "Non-Pavement Distress"
        ],
        "name": "default"
      }
    ],
    "label:tasks": [
      "detection"
    ],
    "datetime": "2025-04-28T08:57:13.258866Z"
  },
  "geometry": {
    "type": "Polygon",
    "coordinates": [
      [
        [
          8.533007295725152,
          47.344952447758004
        ],
        [
          8.533016744524051,
          47.34541291292364
        ],
        [
          8.532339264528915,
          47.345419333088195
        ],
        [
          8.53232982158257,
          47.34495886786766
        ],
        [
          8.533007295725152,
          47.344952447758004
        ]
      ]
    ]
  },
  "links": [
    {
      "rel": "source",
      "href": "../8a5f47ec-d56f-41e4-b15a-f03fa5fb4c67/8a5f47ec-d56f-41e4-b15a-f03fa5fb4c67.json",
      "type": "application/json"
    },
    {
      "rel": "root",
      "href": "../../catalog.json",
      "type": "application/json"
    },
    {
      "rel": "collection",
      "href": "../collection.json",
      "type": "application/json"
    },
    {
      "rel": "parent",
      "href": "../collection.json",
      "type": "application/json"
    }
  ],
  "assets": {
    "labels": {
      "href": "./labels.geojson",
      "type": "application/geo+json"
    }
  },
  "bbox": [
    8.53232982158257,
    47.344952447758004,
    8.533016744524051,
    47.345419333088195
  ],
  "stac_extensions": [
    "https://stac-extensions.github.io/label/v1.0.1/schema.json"
  ],
  "collection": "ee243065-c95c-4aa6-a003-ef96fb32265b"
}