{
  "type": "Collection",
  "id": "e661d7d6-fdf0-4680-b293-40821f594b67",
  "stac_version": "1.0.0",
  "description": "3839_tile_0",
  "links": [
    {
      "rel": "root",
      "href": "../catalog.json",
      "type": "application/json"
    },
    {
      "rel": "item",
      "href": "./1c112f8e-ca9a-49ec-85b7-6c1f8b5f5103/1c112f8e-ca9a-49ec-85b7-6c1f8b5f5103.json",
      "type": "application/json"
    },
    {
      "rel": "item",
      "href": "./47ce4902-48b6-43b1-8f85-d91de4779c7b/47ce4902-48b6-43b1-8f85-d91de4779c7b.json",
      "type": "application/json"
    },
    {
      "rel": "parent",
      "href": "../catalog.json",
      "type": "application/json"
    }
  ],
  "extent": {
    "spatial": {
      "bbox": [
        [
          8.532938089356781,
          47.33254316210202,
          8.5336248575505,
          47.33301005265078
        ]
      ]
    },
    "temporal": {
      "interval": [
        [
          "2025-05-06T07:08:31.398676Z",
          "2025-05-07T19:02:29.019305Z"
        ]
      ]
    }
  },
  "license": "proprietary"
}