{
  "type": "Collection",
  "id": "2ee877b5-267f-4049-be89-3b8e87008d16",
  "stac_version": "1.0.0",
  "description": "1831_tile_0",
  "links": [
    {
      "rel": "root",
      "href": "../catalog.json",
      "type": "application/json"
    },
    {
      "rel": "item",
      "href": "./da229639-0d7d-4970-a975-519338fa2b83/da229639-0d7d-4970-a975-519338fa2b83.json",
      "type": "application/json"
    },
    {
      "rel": "item",
      "href": "./597753ad-9727-4207-be70-0d4a2487e96f/597753ad-9727-4207-be70-0d4a2487e96f.json",
      "type": "application/json"
    },
    {
      "rel": "parent",
      "href": "../catalog.json",
      "type": "application/json"
    }
  ],
  "extent": {
    "spatial": {
      "bbox": [
        [
          8.541108239806503,
          47.39783235164229,
          8.54179591996077,
          47.39829928032867
        ]
      ]
    },
    "temporal": {
      "interval": [
        [
          "2025-05-06T07:07:45.254434Z",
          "2025-05-07T19:02:38.746903Z"
        ]
      ]
    }
  },
  "license": "proprietary"
}