{
  "type": "Feature",
  "stac_version": "1.0.0",
  "id": "881e2ea0-a504-4569-b502-523c00f40cc6",
  "properties": {
    "title": "Groundwork campaign labels",
    "description": "Labels created from a Groundwork campaign!",
    "label:description": "Labels for project 7189_tile_2",
    "label:type": "vector",
    "label:properties": [
      "default"
    ],
    "label:classes": [
      {
        "classes": [
          "Pavement Distress",
          "Non-Pavement Distress"
        ],
        "name": "default"
      }
    ],
    "label:tasks": [
      "detection"
    ],
    "datetime": "2025-04-28T08:56:56.208014Z"
  },
  "geometry": {
    "type": "Polygon",
    "coordinates": [
      [
        [
          8.549055778637415,
          47.413614739399996
        ],
        [
          8.549065378547292,
          47.4140751935392
        ],
        [
          8.548387026493417,
          47.414081707864156
        ],
        [
          8.548377432451177,
          47.41362125366921
        ],
        [
          8.549055778637415,
          47.413614739399996
        ]
      ]
    ]
  },
  "links": [
    {
      "rel": "source",
      "href": "../4aeffb53-592d-4f9c-b036-e1250451d4ae/4aeffb53-592d-4f9c-b036-e1250451d4ae.json",
      "type": "application/json"
    },
    {
      "rel": "root",
      "href": "../../catalog.json",
      "type": "application/json"
    },
    {
      "rel": "collection",
      "href": "../collection.json",
      "type": "application/json"
    },
    {
      "rel": "parent",
      "href": "../collection.json",
      "type": "application/json"
    }
  ],
  "assets": {
    "labels": {
      "href": "./labels.geojson",
      "type": "application/geo+json"
    }
  },
  "bbox": [
    8.548377432451177,
    47.413614739399996,
    8.549065378547292,
    47.414081707864156
  ],
  "stac_extensions": [
    "https://stac-extensions.github.io/label/v1.0.1/schema.json"
  ],
  "collection": "803e2478-bcf6-419a-b694-8e090dab8dc4"
}