{
  "type": "Collection",
  "id": "8362eb64-059e-4362-9b59-57dd85546e6e",
  "stac_version": "1.0.0",
  "description": "2306_tile_0",
  "links": [
    {
      "rel": "root",
      "href": "../catalog.json",
      "type": "application/json"
    },
    {
      "rel": "item",
      "href": "./fefee5f1-9290-46b3-9227-73f8dd97d07a/fefee5f1-9290-46b3-9227-73f8dd97d07a.json",
      "type": "application/json"
    },
    {
      "rel": "item",
      "href": "./0b598a08-a572-4a07-9ddf-fd26a31674f1/0b598a08-a572-4a07-9ddf-fd26a31674f1.json",
      "type": "application/json"
    },
    {
      "rel": "parent",
      "href": "../catalog.json",
      "type": "application/json"
    }
  ],
  "extent": {
    "spatial": {
      "bbox": [
        [
          8.547812557329308,
          47.35836402914111,
          8.54849978512453,
          47.3588310022549
        ]
      ]
    },
    "temporal": {
      "interval": [
        [
          "2025-04-02T11:44:31.027672Z",
          "2025-04-28T08:57:21.118080Z"
        ]
      ]
    }
  },
  "license": "proprietary"
}