{
  "type": "Collection",
  "id": "b819c4c8-97e9-412c-aa14-bc169d1c7487",
  "stac_version": "1.0.0",
  "description": "7122_tile_0",
  "links": [
    {
      "rel": "root",
      "href": "../catalog.json",
      "type": "application/json"
    },
    {
      "rel": "item",
      "href": "./51f38961-2ba7-4a83-9e2b-55662245bdd0/51f38961-2ba7-4a83-9e2b-55662245bdd0.json",
      "type": "application/json"
    },
    {
      "rel": "item",
      "href": "./0f652997-18f5-499d-91d0-8f6b6fb0b8bc/0f652997-18f5-499d-91d0-8f6b6fb0b8bc.json",
      "type": "application/json"
    },
    {
      "rel": "parent",
      "href": "../catalog.json",
      "type": "application/json"
    }
  ],
  "extent": {
    "spatial": {
      "bbox": [
        [
          8.512449075520221,
          47.41587920771927,
          8.513136744390449,
          47.416345967811246
        ]
      ]
    },
    "temporal": {
      "interval": [
        [
          "2025-04-02T11:45:53.128966Z",
          "2025-04-28T08:56:56.752471Z"
        ]
      ]
    }
  },
  "license": "proprietary"
}