{
  "type": "Collection",
  "id": "cf218724-9db7-4145-a03f-f8d5ec7bbcc8",
  "stac_version": "1.0.0",
  "description": "6330_tile_0",
  "links": [
    {
      "rel": "root",
      "href": "../catalog.json",
      "type": "application/json"
    },
    {
      "rel": "item",
      "href": "./c3b24340-e584-4575-a9a0-fe59502f4347/c3b24340-e584-4575-a9a0-fe59502f4347.json",
      "type": "application/json"
    },
    {
      "rel": "item",
      "href": "./7f7bea4d-fd01-49bd-a1c6-2e1cab0b263e/7f7bea4d-fd01-49bd-a1c6-2e1cab0b263e.json",
      "type": "application/json"
    },
    {
      "rel": "parent",
      "href": "../catalog.json",
      "type": "application/json"
    }
  ],
  "extent": {
    "spatial": {
      "bbox": [
        [
          8.546511560111908,
          47.3763434815654,
          8.547199008832541,
          47.37681044461711
        ]
      ]
    },
    "temporal": {
      "interval": [
        [
          "2025-04-02T11:45:41.534104Z",
          "2025-04-28T08:57:00.217901Z"
        ]
      ]
    }
  },
  "license": "proprietary"
}