{
  "type": "Feature",
  "stac_version": "1.0.0",
  "id": "5a826504-d355-46e4-bf7b-b43957719a92",
  "properties": {
    "title": "Groundwork campaign labels",
    "description": "Labels created from a Groundwork campaign!",
    "label:description": "Labels for project {FAA2ED13-7832-4F9F-A04A-31E2B7679F8B}_tile_0",
    "label:type": "vector",
    "label:properties": [
      "default"
    ],
    "label:classes": [
      {
        "classes": [
          "Pavement_distress",
          "Shadows"
        ],
        "name": "default"
      }
    ],
    "label:tasks": [
      "detection"
    ],
    "datetime": "2025-03-20T09:21:23.251919Z"
  },
  "geometry": {
    "type": "Polygon",
    "coordinates": [
      [
        [
          8.52942794894825,
          47.423922792378335
        ],
        [
          8.52942986479685,
          47.424016322154415
        ],
        [
          8.528751383612958,
          47.42402272115496
        ],
        [
          8.528749468956699,
          47.423929191367755
        ],
        [
          8.52942794894825,
          47.423922792378335
        ]
      ]
    ]
  },
  "links": [
    {
      "rel": "source",
      "href": "../00fb52d7-9da4-4cb0-8dae-cc2a24c1de60/00fb52d7-9da4-4cb0-8dae-cc2a24c1de60.json",
      "type": "application/json"
    },
    {
      "rel": "root",
      "href": "../../catalog.json",
      "type": "application/json"
    },
    {
      "rel": "collection",
      "href": "../collection.json",
      "type": "application/json"
    },
    {
      "rel": "parent",
      "href": "../collection.json",
      "type": "application/json"
    }
  ],
  "assets": {
    "labels": {
      "href": "./labels.geojson",
      "type": "application/geo+json"
    }
  },
  "bbox": [
    8.528749468956699,
    47.423922792378335,
    8.52942986479685,
    47.42402272115496
  ],
  "stac_extensions": [
    "https://stac-extensions.github.io/label/v1.0.1/schema.json"
  ],
  "collection": "907d2740-e8a2-4da4-86fc-4da42c276f25"
}