{
  "type": "Feature",
  "stac_version": "1.0.0",
  "id": "3f9560d0-9803-43f4-965d-ae8018d72851",
  "properties": {
    "title": "Groundwork campaign labels",
    "description": "Labels created from a Groundwork campaign!",
    "label:description": "Labels for project 16339_tile_1",
    "label:type": "vector",
    "label:properties": [
      "default"
    ],
    "label:classes": [
      {
        "classes": [
          "Pavement_distress",
          "non_pavement_distress"
        ],
        "name": "default"
      }
    ],
    "label:tasks": [
      "detection"
    ],
    "datetime": "2025-05-07T19:01:09.687949Z"
  },
  "geometry": {
    "type": "Polygon",
    "coordinates": [
      [
        [
          8.552002999859715,
          47.39174722983773
        ],
        [
          8.552012621288938,
          47.39220768688915
        ],
        [
          8.55133454820191,
          47.39221421855029
        ],
        [
          8.551324932635469,
          47.39175376144296
        ],
        [
          8.552002999859715,
          47.39174722983773
        ]
      ]
    ]
  },
  "links": [
    {
      "rel": "source",
      "href": "../cec3bba4-78e8-41ba-bdf2-36733d03188e/cec3bba4-78e8-41ba-bdf2-36733d03188e.json",
      "type": "application/json"
    },
    {
      "rel": "root",
      "href": "../../catalog.json",
      "type": "application/json"
    },
    {
      "rel": "collection",
      "href": "../collection.json",
      "type": "application/json"
    },
    {
      "rel": "parent",
      "href": "../collection.json",
      "type": "application/json"
    }
  ],
  "assets": {
    "labels": {
      "href": "./labels.geojson",
      "type": "application/geo+json"
    }
  },
  "bbox": [
    8.551324932635469,
    47.39174722983773,
    8.552012621288938,
    47.39221421855029
  ],
  "stac_extensions": [
    "https://stac-extensions.github.io/label/v1.0.1/schema.json"
  ],
  "collection": "6c17529a-158d-43dc-96bc-0481d373a69a"
}