{
  "type": "Feature",
  "stac_version": "1.0.0",
  "id": "a9790504-5c25-465b-ab76-307d6142d209",
  "properties": {
    "title": "Groundwork campaign labels",
    "description": "Labels created from a Groundwork campaign!",
    "label:description": "Labels for project 10618_tile_3",
    "label:type": "vector",
    "label:properties": [
      "default"
    ],
    "label:classes": [
      {
        "classes": [
          "Pavement Distress",
          "Non-Pavement Distress"
        ],
        "name": "default"
      }
    ],
    "label:tasks": [
      "detection"
    ],
    "datetime": "2025-04-28T08:56:35.702923Z"
  },
  "geometry": {
    "type": "Polygon",
    "coordinates": [
      [
        [
          8.480916866620298,
          47.398737374355726
        ],
        [
          8.480925874474826,
          47.399197836175745
        ],
        [
          8.48024770386023,
          47.39920395035818
        ],
        [
          8.480238701870386,
          47.39874348848583
        ],
        [
          8.480916866620298,
          47.398737374355726
        ]
      ]
    ]
  },
  "links": [
    {
      "rel": "source",
      "href": "../1570af90-cce9-4df1-a326-23eb15f88efe/1570af90-cce9-4df1-a326-23eb15f88efe.json",
      "type": "application/json"
    },
    {
      "rel": "root",
      "href": "../../catalog.json",
      "type": "application/json"
    },
    {
      "rel": "collection",
      "href": "../collection.json",
      "type": "application/json"
    },
    {
      "rel": "parent",
      "href": "../collection.json",
      "type": "application/json"
    }
  ],
  "assets": {
    "labels": {
      "href": "./labels.geojson",
      "type": "application/geo+json"
    }
  },
  "bbox": [
    8.480238701870386,
    47.398737374355726,
    8.480925874474826,
    47.39920395035818
  ],
  "stac_extensions": [
    "https://stac-extensions.github.io/label/v1.0.1/schema.json"
  ],
  "collection": "4dc240d2-c956-4562-ba69-7b266c02e574"
}