{
  "type": "Feature",
  "stac_version": "1.0.0",
  "id": "dfe5efeb-0a7a-45aa-9ef6-f1edd05a517e",
  "properties": {
    "title": "Groundwork campaign labels",
    "description": "Labels created from a Groundwork campaign!",
    "label:description": "Labels for project {183D55E3-8D56-448B-819B-AE470E87FDBF}_tile_0",
    "label:type": "vector",
    "label:properties": [
      "default"
    ],
    "label:classes": [
      {
        "classes": [
          "Pavement_distress",
          "Shadows"
        ],
        "name": "default"
      }
    ],
    "label:tasks": [
      "detection"
    ],
    "datetime": "2025-03-20T09:20:57.173626Z"
  },
  "geometry": {
    "type": "Polygon",
    "coordinates": [
      [
        [
          8.535798459551206,
          47.369077120356756
        ],
        [
          8.53579936654471,
          47.36912118797407
        ],
        [
          8.535726558026418,
          47.369121879583226
        ],
        [
          8.535725651093134,
          47.36907781196534
        ],
        [
          8.535798459551206,
          47.369077120356756
        ]
      ]
    ]
  },
  "links": [
    {
      "rel": "source",
      "href": "../cfc830b6-bcd1-49d2-b6fa-4324a6f4e971/cfc830b6-bcd1-49d2-b6fa-4324a6f4e971.json",
      "type": "application/json"
    },
    {
      "rel": "root",
      "href": "../../catalog.json",
      "type": "application/json"
    },
    {
      "rel": "collection",
      "href": "../collection.json",
      "type": "application/json"
    },
    {
      "rel": "parent",
      "href": "../collection.json",
      "type": "application/json"
    }
  ],
  "assets": {
    "labels": {
      "href": "./labels.geojson",
      "type": "application/geo+json"
    }
  },
  "bbox": [
    8.535725651093134,
    47.369077120356756,
    8.53579936654471,
    47.369121879583226
  ],
  "stac_extensions": [
    "https://stac-extensions.github.io/label/v1.0.1/schema.json"
  ],
  "collection": "46d7af48-fcd2-49d9-b954-73b010ec5d90"
}