{
  "type": "Feature",
  "stac_version": "1.0.0",
  "id": "c4387822-c6b0-4317-a00d-fa0e9eeac12f",
  "properties": {
    "title": "Groundwork campaign labels",
    "description": "Labels created from a Groundwork campaign!",
    "label:description": "Labels for project 17391_tile_1",
    "label:type": "vector",
    "label:properties": [
      "default"
    ],
    "label:classes": [
      {
        "classes": [
          "Pavement Distress",
          "Non-Pavement Distress"
        ],
        "name": "default"
      }
    ],
    "label:tasks": [
      "detection"
    ],
    "datetime": "2025-04-28T08:55:58.637751Z"
  },
  "geometry": {
    "type": "Polygon",
    "coordinates": [
      [
        [
          8.524378787338163,
          47.334699321792705
        ],
        [
          8.524388159769424,
          47.335159789057116
        ],
        [
          8.523710809053243,
          47.33516615856137
        ],
        [
          8.523701442472323,
          47.334705691242505
        ],
        [
          8.524378787338163,
          47.334699321792705
        ]
      ]
    ]
  },
  "links": [
    {
      "rel": "source",
      "href": "../554b58a6-02bc-4692-be30-f3b88b893ab0/554b58a6-02bc-4692-be30-f3b88b893ab0.json",
      "type": "application/json"
    },
    {
      "rel": "root",
      "href": "../../catalog.json",
      "type": "application/json"
    },
    {
      "rel": "collection",
      "href": "../collection.json",
      "type": "application/json"
    },
    {
      "rel": "parent",
      "href": "../collection.json",
      "type": "application/json"
    }
  ],
  "assets": {
    "labels": {
      "href": "./labels.geojson",
      "type": "application/geo+json"
    }
  },
  "bbox": [
    8.523701442472323,
    47.334699321792705,
    8.524388159769424,
    47.33516615856137
  ],
  "stac_extensions": [
    "https://stac-extensions.github.io/label/v1.0.1/schema.json"
  ],
  "collection": "1c2fba10-21a2-4091-a4cd-1e06f7f922a7"
}