{
  "type": "Feature",
  "stac_version": "1.0.0",
  "id": "1ebe2215-6900-4b70-888d-72293bf0f066",
  "properties": {
    "title": "Groundwork campaign labels",
    "description": "Labels created from a Groundwork campaign!",
    "label:description": "Labels for project {2AA259B6-938D-45F9-82FD-611DEBAE24F6}_tile_3",
    "label:type": "vector",
    "label:properties": [
      "default"
    ],
    "label:classes": [
      {
        "classes": [
          "Pavement_distress",
          "Shadows"
        ],
        "name": "default"
      }
    ],
    "label:tasks": [
      "detection"
    ],
    "datetime": "2025-03-20T09:21:08.788518Z"
  },
  "geometry": {
    "type": "Polygon",
    "coordinates": [
      [
        [
          8.506103372512323,
          47.38233169089852
        ],
        [
          8.506112595354393,
          47.38279215305862
        ],
        [
          8.50546774006695,
          47.38279810950108
        ],
        [
          8.505458522799637,
          47.38233764728995
        ],
        [
          8.506103372512323,
          47.38233169089852
        ]
      ]
    ]
  },
  "links": [
    {
      "rel": "source",
      "href": "../02f535f5-89c5-489e-beb8-71f0859167e0/02f535f5-89c5-489e-beb8-71f0859167e0.json",
      "type": "application/json"
    },
    {
      "rel": "root",
      "href": "../../catalog.json",
      "type": "application/json"
    },
    {
      "rel": "collection",
      "href": "../collection.json",
      "type": "application/json"
    },
    {
      "rel": "parent",
      "href": "../collection.json",
      "type": "application/json"
    }
  ],
  "assets": {
    "labels": {
      "href": "./labels.geojson",
      "type": "application/geo+json"
    }
  },
  "bbox": [
    8.505458522799637,
    47.38233169089852,
    8.506112595354393,
    47.38279810950108
  ],
  "stac_extensions": [
    "https://stac-extensions.github.io/label/v1.0.1/schema.json"
  ],
  "collection": "ee55389f-130c-425c-9153-fe11985587fc"
}