{
  "type": "Collection",
  "id": "cc3830a7-90bd-4615-b015-12566999f1e0",
  "stac_version": "1.0.0",
  "description": "1404_tile_1",
  "links": [
    {
      "rel": "root",
      "href": "../catalog.json",
      "type": "application/json"
    },
    {
      "rel": "item",
      "href": "./233fca2c-b7fb-4a0f-96f6-bc56b61b2301/233fca2c-b7fb-4a0f-96f6-bc56b61b2301.json",
      "type": "application/json"
    },
    {
      "rel": "item",
      "href": "./08a2b5aa-b395-4f77-a1c2-5e1de93bc6be/08a2b5aa-b395-4f77-a1c2-5e1de93bc6be.json",
      "type": "application/json"
    },
    {
      "rel": "parent",
      "href": "../catalog.json",
      "type": "application/json"
    }
  ],
  "extent": {
    "spatial": {
      "bbox": [
        [
          8.508429204828866,
          47.37969802495814,
          8.509116372185435,
          47.3801647670099
        ]
      ]
    },
    "temporal": {
      "interval": [
        [
          "2025-05-06T07:07:38.610811Z",
          "2025-05-07T19:02:40.324174Z"
        ]
      ]
    }
  },
  "license": "proprietary"
}