{
  "type": "Feature",
  "stac_version": "1.0.0",
  "id": "527b7cbe-833c-40bb-afcd-6a18d2d3fac6",
  "properties": {
    "title": "Groundwork campaign labels",
    "description": "Labels created from a Groundwork campaign!",
    "label:description": "Labels for project {E34E2C38-3600-4E3D-9741-BC93AD0403DC}_tile_0",
    "label:type": "vector",
    "label:properties": [
      "default"
    ],
    "label:classes": [
      {
        "classes": [
          "Pavement_distress",
          "Shadows"
        ],
        "name": "default"
      }
    ],
    "label:tasks": [
      "detection"
    ],
    "datetime": "2025-03-20T09:21:36.088994Z"
  },
  "geometry": {
    "type": "Polygon",
    "coordinates": [
      [
        [
          8.5064009583742,
          47.40710036097522
        ],
        [
          8.506407898687588,
          47.40744660425493
        ],
        [
          8.505729625957589,
          47.40745286807605
        ],
        [
          8.505722690055459,
          47.407106624755976
        ],
        [
          8.5064009583742,
          47.40710036097522
        ]
      ]
    ]
  },
  "links": [
    {
      "rel": "source",
      "href": "../7fc73840-3343-41a3-8b36-a45c3bcd4516/7fc73840-3343-41a3-8b36-a45c3bcd4516.json",
      "type": "application/json"
    },
    {
      "rel": "root",
      "href": "../../catalog.json",
      "type": "application/json"
    },
    {
      "rel": "collection",
      "href": "../collection.json",
      "type": "application/json"
    },
    {
      "rel": "parent",
      "href": "../collection.json",
      "type": "application/json"
    }
  ],
  "assets": {
    "labels": {
      "href": "./labels.geojson",
      "type": "application/geo+json"
    }
  },
  "bbox": [
    8.505722690055459,
    47.40710036097522,
    8.506407898687588,
    47.40745286807605
  ],
  "stac_extensions": [
    "https://stac-extensions.github.io/label/v1.0.1/schema.json"
  ],
  "collection": "29e833dc-3ad2-4638-b557-b45156c857ea"
}