{
  "type": "Feature",
  "stac_version": "1.0.0",
  "id": "ea38a576-18b6-4b50-aadb-a723c1a166c7",
  "properties": {
    "title": "Groundwork campaign labels",
    "description": "Labels created from a Groundwork campaign!",
    "label:description": "Labels for project {78C6FCB2-283E-4150-8EC5-EF595A0EE908}_tile_4",
    "label:type": "vector",
    "label:properties": [
      "default"
    ],
    "label:classes": [
      {
        "classes": [
          "Pavement_distress",
          "Shadows"
        ],
        "name": "default"
      }
    ],
    "label:tasks": [
      "detection"
    ],
    "datetime": "2025-03-20T09:20:53.229752Z"
  },
  "geometry": {
    "type": "Polygon",
    "coordinates": [
      [
        [
          8.529627932715272,
          47.3947383370759
        ],
        [
          8.529628153692942,
          47.39474912907234
        ],
        [
          8.528950045503514,
          47.39475552927433
        ],
        [
          8.528949824663268,
          47.394744737276625
        ],
        [
          8.529627932715272,
          47.3947383370759
        ]
      ]
    ]
  },
  "links": [
    {
      "rel": "source",
      "href": "../dfaca373-ca7d-4397-9490-ec98dcf9d53c/dfaca373-ca7d-4397-9490-ec98dcf9d53c.json",
      "type": "application/json"
    },
    {
      "rel": "root",
      "href": "../../catalog.json",
      "type": "application/json"
    },
    {
      "rel": "collection",
      "href": "../collection.json",
      "type": "application/json"
    },
    {
      "rel": "parent",
      "href": "../collection.json",
      "type": "application/json"
    }
  ],
  "assets": {
    "labels": {
      "href": "./labels.geojson",
      "type": "application/geo+json"
    }
  },
  "bbox": [
    8.528949824663268,
    47.3947383370759,
    8.529628153692942,
    47.39475552927433
  ],
  "stac_extensions": [
    "https://stac-extensions.github.io/label/v1.0.1/schema.json"
  ],
  "collection": "ca2f59cd-44b3-4ae7-977a-f40ddd0bf307"
}