{
  "type": "Collection",
  "id": "f42adca5-990e-4f61-81b4-17d629c71fde",
  "stac_version": "1.0.0",
  "description": "2248_tile_1",
  "links": [
    {
      "rel": "root",
      "href": "../catalog.json",
      "type": "application/json"
    },
    {
      "rel": "item",
      "href": "./e9ba091f-b312-42ab-a1bc-e91f923b50c4/e9ba091f-b312-42ab-a1bc-e91f923b50c4.json",
      "type": "application/json"
    },
    {
      "rel": "item",
      "href": "./89d2332f-f608-465f-b7bd-63046e686707/89d2332f-f608-465f-b7bd-63046e686707.json",
      "type": "application/json"
    },
    {
      "rel": "parent",
      "href": "../catalog.json",
      "type": "application/json"
    }
  ],
  "extent": {
    "spatial": {
      "bbox": [
        [
          8.515215558509748,
          47.381563488389844,
          8.515902807810287,
          47.38203026948156
        ]
      ]
    },
    "temporal": {
      "interval": [
        [
          "2025-04-02T11:44:30.557328Z",
          "2025-04-28T08:57:21.261415Z"
        ]
      ]
    }
  },
  "license": "proprietary"
}