{
  "type": "Feature",
  "stac_version": "1.0.0",
  "id": "a768c0fe-603e-4cb0-8870-65ad78397751",
  "properties": {
    "title": "Groundwork campaign labels",
    "description": "Labels created from a Groundwork campaign!",
    "label:description": "Labels for project {6CB01FB1-105A-4DA4-946D-DD01BEA0DE99}_tile_1",
    "label:type": "vector",
    "label:properties": [
      "default"
    ],
    "label:classes": [
      {
        "classes": [
          "Pavement_distress",
          "Shadows"
        ],
        "name": "default"
      }
    ],
    "label:tasks": [
      "detection"
    ],
    "datetime": "2025-03-20T09:21:01.906856Z"
  },
  "geometry": {
    "type": "Polygon",
    "coordinates": [
      [
        [
          8.488725254718467,
          47.396258728357694
        ],
        [
          8.488726885365026,
          47.39634146754935
        ],
        [
          8.488338812993295,
          47.39634499319258
        ],
        [
          8.488337182949731,
          47.39626225399553
        ],
        [
          8.488725254718467,
          47.396258728357694
        ]
      ]
    ]
  },
  "links": [
    {
      "rel": "source",
      "href": "../4d9644ab-aff0-420f-8db0-320b74059020/4d9644ab-aff0-420f-8db0-320b74059020.json",
      "type": "application/json"
    },
    {
      "rel": "root",
      "href": "../../catalog.json",
      "type": "application/json"
    },
    {
      "rel": "collection",
      "href": "../collection.json",
      "type": "application/json"
    },
    {
      "rel": "parent",
      "href": "../collection.json",
      "type": "application/json"
    }
  ],
  "assets": {
    "labels": {
      "href": "./labels.geojson",
      "type": "application/geo+json"
    }
  },
  "bbox": [
    8.488337182949731,
    47.396258728357694,
    8.488726885365026,
    47.39634499319258
  ],
  "stac_extensions": [
    "https://stac-extensions.github.io/label/v1.0.1/schema.json"
  ],
  "collection": "226d9538-1a60-49e8-9a78-d2a48b69b749"
}