{
  "type": "Collection",
  "id": "ca1a9b00-e5ad-4bbf-a364-f46895b92ed0",
  "stac_version": "1.0.0",
  "description": "5019_tile_0",
  "links": [
    {
      "rel": "root",
      "href": "../catalog.json",
      "type": "application/json"
    },
    {
      "rel": "item",
      "href": "./442a88c6-1ba0-4065-8470-69c414f16e48/442a88c6-1ba0-4065-8470-69c414f16e48.json",
      "type": "application/json"
    },
    {
      "rel": "item",
      "href": "./a2076a5c-16a5-4a52-bd7b-622db683e6d3/a2076a5c-16a5-4a52-bd7b-622db683e6d3.json",
      "type": "application/json"
    },
    {
      "rel": "parent",
      "href": "../catalog.json",
      "type": "application/json"
    }
  ],
  "extent": {
    "spatial": {
      "bbox": [
        [
          8.528177251656555,
          47.335320081636056,
          8.52886401507938,
          47.33578694423916
        ]
      ]
    },
    "temporal": {
      "interval": [
        [
          "2025-04-02T11:45:18.402729Z",
          "2025-04-28T08:57:06.743971Z"
        ]
      ]
    }
  },
  "license": "proprietary"
}