{
  "type": "Feature",
  "stac_version": "1.0.0",
  "id": "3a51bbfa-f137-42cd-be21-de6ff79b3acf",
  "properties": {
    "title": "Groundwork campaign labels",
    "description": "Labels created from a Groundwork campaign!",
    "label:description": "Labels for project 17410_tile_0",
    "label:type": "vector",
    "label:properties": [
      "default"
    ],
    "label:classes": [
      {
        "classes": [
          "Pavement Distress",
          "Non-Pavement Distress"
        ],
        "name": "default"
      }
    ],
    "label:tasks": [
      "detection"
    ],
    "datetime": "2025-04-28T08:55:58.416579Z"
  },
  "geometry": {
    "type": "Polygon",
    "coordinates": [
      [
        [
          8.568486298610694,
          47.36855958482992
        ],
        [
          8.568496058311633,
          47.36902004376626
        ],
        [
          8.567818282442056,
          47.369026672258265
        ],
        [
          8.567808528598693,
          47.36856621326519
        ],
        [
          8.568486298610694,
          47.36855958482992
        ]
      ]
    ]
  },
  "links": [
    {
      "rel": "source",
      "href": "../e7bb998e-2bb2-4d07-812b-301facc7435a/e7bb998e-2bb2-4d07-812b-301facc7435a.json",
      "type": "application/json"
    },
    {
      "rel": "root",
      "href": "../../catalog.json",
      "type": "application/json"
    },
    {
      "rel": "collection",
      "href": "../collection.json",
      "type": "application/json"
    },
    {
      "rel": "parent",
      "href": "../collection.json",
      "type": "application/json"
    }
  ],
  "assets": {
    "labels": {
      "href": "./labels.geojson",
      "type": "application/geo+json"
    }
  },
  "bbox": [
    8.567808528598693,
    47.36855958482992,
    8.568496058311633,
    47.369026672258265
  ],
  "stac_extensions": [
    "https://stac-extensions.github.io/label/v1.0.1/schema.json"
  ],
  "collection": "36bd5822-3b4f-4d89-9951-64b0e007647a"
}