{
  "type": "Feature",
  "stac_version": "1.0.0",
  "id": "3bca7a55-bc67-4645-b40b-d4502a9cbbc3",
  "properties": {
    "title": "Groundwork campaign labels",
    "description": "Labels created from a Groundwork campaign!",
    "label:description": "Labels for project 6291_tile_0",
    "label:type": "vector",
    "label:properties": [
      "default"
    ],
    "label:classes": [
      {
        "classes": [
          "Pavement Distress",
          "Non-Pavement Distress"
        ],
        "name": "default"
      }
    ],
    "label:tasks": [
      "detection"
    ],
    "datetime": "2025-04-28T08:57:00.449814Z"
  },
  "geometry": {
    "type": "Polygon",
    "coordinates": [
      [
        [
          8.5936389880658,
          47.39824682424009
        ],
        [
          8.593648970789646,
          47.39870727680223
        ],
        [
          8.592970820154735,
          47.398714052967335
        ],
        [
          8.59296084329489,
          47.39825360034717
        ],
        [
          8.5936389880658,
          47.39824682424009
        ]
      ]
    ]
  },
  "links": [
    {
      "rel": "source",
      "href": "../0822339a-136d-42cc-8280-d7447fabac93/0822339a-136d-42cc-8280-d7447fabac93.json",
      "type": "application/json"
    },
    {
      "rel": "root",
      "href": "../../catalog.json",
      "type": "application/json"
    },
    {
      "rel": "collection",
      "href": "../collection.json",
      "type": "application/json"
    },
    {
      "rel": "parent",
      "href": "../collection.json",
      "type": "application/json"
    }
  ],
  "assets": {
    "labels": {
      "href": "./labels.geojson",
      "type": "application/geo+json"
    }
  },
  "bbox": [
    8.59296084329489,
    47.39824682424009,
    8.593648970789646,
    47.398714052967335
  ],
  "stac_extensions": [
    "https://stac-extensions.github.io/label/v1.0.1/schema.json"
  ],
  "collection": "6e9e1815-2fc4-4581-9f5b-77c102696d6a"
}