{
  "type": "Collection",
  "id": "4d68d459-31a5-413d-b9fa-ba2d812c3c9e",
  "stac_version": "1.0.0",
  "description": "10190_tile_4",
  "links": [
    {
      "rel": "root",
      "href": "../catalog.json",
      "type": "application/json"
    },
    {
      "rel": "item",
      "href": "./3d005503-584e-4e0b-acb1-bc5466b2aa09/3d005503-584e-4e0b-acb1-bc5466b2aa09.json",
      "type": "application/json"
    },
    {
      "rel": "item",
      "href": "./c4c93d2b-a99c-4696-86f6-4a510757a9ab/c4c93d2b-a99c-4696-86f6-4a510757a9ab.json",
      "type": "application/json"
    },
    {
      "rel": "parent",
      "href": "../catalog.json",
      "type": "application/json"
    }
  ],
  "extent": {
    "spatial": {
      "bbox": [
        [
          8.513796244906473,
          47.41466944582683,
          8.514483909638637,
          47.41513621389948
        ]
      ]
    },
    "temporal": {
      "interval": [
        [
          "2025-05-06T07:11:02.873821Z",
          "2025-05-07T19:01:52.510247Z"
        ]
      ]
    }
  },
  "license": "proprietary"
}