{
  "type": "Feature",
  "stac_version": "1.0.0",
  "id": "01b77fe3-a3a0-412b-abf0-d1d8ca003f69",
  "properties": {
    "title": "Groundwork campaign labels",
    "description": "Labels created from a Groundwork campaign!",
    "label:description": "Labels for project 2715_tile_1",
    "label:type": "vector",
    "label:properties": [
      "default"
    ],
    "label:classes": [
      {
        "classes": [
          "Pavement Distress",
          "Non-Pavement Distress"
        ],
        "name": "default"
      }
    ],
    "label:tasks": [
      "detection"
    ],
    "datetime": "2025-04-28T08:57:19.083846Z"
  },
  "geometry": {
    "type": "Polygon",
    "coordinates": [
      [
        [
          8.552028431639938,
          47.36107800193735
        ],
        [
          8.552038047716366,
          47.36153846330486
        ],
        [
          8.551360364984337,
          47.36154499515479
        ],
        [
          8.551350754763925,
          47.36108453373135
        ],
        [
          8.552028431639938,
          47.36107800193735
        ]
      ]
    ]
  },
  "links": [
    {
      "rel": "source",
      "href": "../ee7d22f6-10e3-474d-9665-e6d205ad2058/ee7d22f6-10e3-474d-9665-e6d205ad2058.json",
      "type": "application/json"
    },
    {
      "rel": "root",
      "href": "../../catalog.json",
      "type": "application/json"
    },
    {
      "rel": "collection",
      "href": "../collection.json",
      "type": "application/json"
    },
    {
      "rel": "parent",
      "href": "../collection.json",
      "type": "application/json"
    }
  ],
  "assets": {
    "labels": {
      "href": "./labels.geojson",
      "type": "application/geo+json"
    }
  },
  "bbox": [
    8.551350754763925,
    47.36107800193735,
    8.552038047716366,
    47.36154499515479
  ],
  "stac_extensions": [
    "https://stac-extensions.github.io/label/v1.0.1/schema.json"
  ],
  "collection": "c948fb82-8ab7-4250-b8b2-0727744770b8"
}