{
  "type": "Collection",
  "id": "cfd03712-8eae-4e72-8e1a-b21118286937",
  "stac_version": "1.0.0",
  "description": "{F9D2F1EC-DD03-48A0-A408-1DF0C33FD7BB}_tile_1",
  "links": [
    {
      "rel": "root",
      "href": "../catalog.json",
      "type": "application/json"
    },
    {
      "rel": "item",
      "href": "./4a7996ef-a4f7-4413-bc1a-4d60af26da68/4a7996ef-a4f7-4413-bc1a-4d60af26da68.json",
      "type": "application/json"
    },
    {
      "rel": "item",
      "href": "./05abd8f1-3603-4933-8e90-d29fbc4b7845/05abd8f1-3603-4933-8e90-d29fbc4b7845.json",
      "type": "application/json"
    },
    {
      "rel": "parent",
      "href": "../catalog.json",
      "type": "application/json"
    }
  ],
  "extent": {
    "spatial": {
      "bbox": [
        [
          8.556639338428347,
          47.37130008065005,
          8.556787897294887,
          47.37156766785611
        ]
      ]
    },
    "temporal": {
      "interval": [
        [
          "2025-01-31T23:46:07.913897Z",
          "2025-03-20T09:21:02.671623Z"
        ]
      ]
    }
  },
  "license": "proprietary"
}