{
  "type": "Feature",
  "stac_version": "1.0.0",
  "id": "ffdb61d5-15c6-4d47-aba0-6147e97c49e2",
  "properties": {
    "title": "Groundwork campaign labels",
    "description": "Labels created from a Groundwork campaign!",
    "label:description": "Labels for project {11B4E3C0-8A08-4199-8DE5-B6BC4DB9D57D}_tile_5",
    "label:type": "vector",
    "label:properties": [
      "default"
    ],
    "label:classes": [
      {
        "classes": [
          "Pavement_distress",
          "Shadows"
        ],
        "name": "default"
      }
    ],
    "label:tasks": [
      "detection"
    ],
    "datetime": "2025-03-20T09:21:24.248914Z"
  },
  "geometry": {
    "type": "Polygon",
    "coordinates": [
      [
        [
          8.538299022453213,
          47.33920368760377
        ],
        [
          8.538308515945351,
          47.33966415311424
        ],
        [
          8.537944674702866,
          47.33966761863503
        ],
        [
          8.537935184353499,
          47.33920715309492
        ],
        [
          8.538299022453213,
          47.33920368760377
        ]
      ]
    ]
  },
  "links": [
    {
      "rel": "source",
      "href": "../29df8584-1cda-4987-9dea-357d6a839bb2/29df8584-1cda-4987-9dea-357d6a839bb2.json",
      "type": "application/json"
    },
    {
      "rel": "root",
      "href": "../../catalog.json",
      "type": "application/json"
    },
    {
      "rel": "collection",
      "href": "../collection.json",
      "type": "application/json"
    },
    {
      "rel": "parent",
      "href": "../collection.json",
      "type": "application/json"
    }
  ],
  "assets": {
    "labels": {
      "href": "./labels.geojson",
      "type": "application/geo+json"
    }
  },
  "bbox": [
    8.537935184353499,
    47.33920368760377,
    8.538308515945351,
    47.33966761863503
  ],
  "stac_extensions": [
    "https://stac-extensions.github.io/label/v1.0.1/schema.json"
  ],
  "collection": "ae58d4e7-5b85-4a93-acb6-85a66f9744af"
}