{
  "type": "Feature",
  "stac_version": "1.0.0",
  "id": "a87988b3-e868-42d3-b6cb-186661dbfc90",
  "properties": {
    "title": "Groundwork campaign labels",
    "description": "Labels created from a Groundwork campaign!",
    "label:description": "Labels for project {926D72A3-0645-4812-824B-630D62A8E340}_tile_2",
    "label:type": "vector",
    "label:properties": [
      "default"
    ],
    "label:classes": [
      {
        "classes": [
          "Pavement_distress",
          "Shadows"
        ],
        "name": "default"
      }
    ],
    "label:tasks": [
      "detection"
    ],
    "datetime": "2025-03-20T09:21:18.240906Z"
  },
  "geometry": {
    "type": "Polygon",
    "coordinates": [
      [
        [
          8.536976718465606,
          47.37408251388838
        ],
        [
          8.536979739141218,
          47.37422910590985
        ],
        [
          8.53630189309561,
          47.37423554931124
        ],
        [
          8.536298874285245,
          47.37408895727219
        ],
        [
          8.536976718465606,
          47.37408251388838
        ]
      ]
    ]
  },
  "links": [
    {
      "rel": "source",
      "href": "../6f92552b-8a55-427b-9df4-a95d215f3a62/6f92552b-8a55-427b-9df4-a95d215f3a62.json",
      "type": "application/json"
    },
    {
      "rel": "root",
      "href": "../../catalog.json",
      "type": "application/json"
    },
    {
      "rel": "collection",
      "href": "../collection.json",
      "type": "application/json"
    },
    {
      "rel": "parent",
      "href": "../collection.json",
      "type": "application/json"
    }
  ],
  "assets": {
    "labels": {
      "href": "./labels.geojson",
      "type": "application/geo+json"
    }
  },
  "bbox": [
    8.536298874285245,
    47.37408251388838,
    8.536979739141218,
    47.37423554931124
  ],
  "stac_extensions": [
    "https://stac-extensions.github.io/label/v1.0.1/schema.json"
  ],
  "collection": "06ee9088-8256-4c06-904d-03fb32242464"
}