{
  "type": "Feature",
  "stac_version": "1.0.0",
  "id": "83f3bbf8-294f-4ff7-9be5-ed341cbd5da3",
  "properties": {
    "title": "Groundwork campaign labels",
    "description": "Labels created from a Groundwork campaign!",
    "label:description": "Labels for project {0D9F7866-5009-4604-AA82-A1E72D0C7348}_tile_0",
    "label:type": "vector",
    "label:properties": [
      "default"
    ],
    "label:classes": [
      {
        "classes": [
          "Pavement_distress",
          "Shadows"
        ],
        "name": "default"
      }
    ],
    "label:tasks": [
      "detection"
    ],
    "datetime": "2025-03-20T09:21:19.019149Z"
  },
  "geometry": {
    "type": "Polygon",
    "coordinates": [
      [
        [
          8.534707578054357,
          47.422080159222666
        ],
        [
          8.534712668376045,
          47.42232747344029
        ],
        [
          8.534199848788285,
          47.42233233400382
        ],
        [
          8.534194760849518,
          47.42208501976385
        ],
        [
          8.534707578054357,
          47.422080159222666
        ]
      ]
    ]
  },
  "links": [
    {
      "rel": "source",
      "href": "../576d34c4-7906-4ebe-a7eb-7eaffea0f539/576d34c4-7906-4ebe-a7eb-7eaffea0f539.json",
      "type": "application/json"
    },
    {
      "rel": "root",
      "href": "../../catalog.json",
      "type": "application/json"
    },
    {
      "rel": "collection",
      "href": "../collection.json",
      "type": "application/json"
    },
    {
      "rel": "parent",
      "href": "../collection.json",
      "type": "application/json"
    }
  ],
  "assets": {
    "labels": {
      "href": "./labels.geojson",
      "type": "application/geo+json"
    }
  },
  "bbox": [
    8.534194760849518,
    47.422080159222666,
    8.534712668376045,
    47.42233233400382
  ],
  "stac_extensions": [
    "https://stac-extensions.github.io/label/v1.0.1/schema.json"
  ],
  "collection": "fb8dfcf3-219d-4004-88bf-8a298bfeaa4f"
}