{
  "type": "Feature",
  "stac_version": "1.0.0",
  "id": "5f47f309-916d-4c97-b2e8-e0b7606d1398",
  "properties": {
    "title": "Groundwork campaign labels",
    "description": "Labels created from a Groundwork campaign!",
    "label:description": "Labels for project 3569_tile_2",
    "label:type": "vector",
    "label:properties": [
      "default"
    ],
    "label:classes": [
      {
        "classes": [
          "Pavement Distress",
          "Non-Pavement Distress"
        ],
        "name": "default"
      }
    ],
    "label:tasks": [
      "detection"
    ],
    "datetime": "2025-04-28T08:57:15.768259Z"
  },
  "geometry": {
    "type": "Polygon",
    "coordinates": [
      [
        [
          8.579300921907873,
          47.40023144756914
        ],
        [
          8.579310780991326,
          47.40069190108523
        ],
        [
          8.578632603249957,
          47.40069859304609
        ],
        [
          8.57862275003102,
          47.400238139472705
        ],
        [
          8.579300921907873,
          47.40023144756914
        ]
      ]
    ]
  },
  "links": [
    {
      "rel": "source",
      "href": "../32f57686-9c42-4700-b5db-1278e145fed7/32f57686-9c42-4700-b5db-1278e145fed7.json",
      "type": "application/json"
    },
    {
      "rel": "root",
      "href": "../../catalog.json",
      "type": "application/json"
    },
    {
      "rel": "collection",
      "href": "../collection.json",
      "type": "application/json"
    },
    {
      "rel": "parent",
      "href": "../collection.json",
      "type": "application/json"
    }
  ],
  "assets": {
    "labels": {
      "href": "./labels.geojson",
      "type": "application/geo+json"
    }
  },
  "bbox": [
    8.57862275003102,
    47.40023144756914,
    8.579310780991326,
    47.40069859304609
  ],
  "stac_extensions": [
    "https://stac-extensions.github.io/label/v1.0.1/schema.json"
  ],
  "collection": "57f98c23-0dd3-47c7-a834-d122e9581a36"
}