{
  "type": "Feature",
  "stac_version": "1.0.0",
  "id": "43f5db9f-3996-4670-bbac-4300b1c9a560",
  "properties": {
    "title": "Groundwork campaign labels",
    "description": "Labels created from a Groundwork campaign!",
    "label:description": "Labels for project 10113_tile_2",
    "label:type": "vector",
    "label:properties": [
      "default"
    ],
    "label:classes": [
      {
        "classes": [
          "Pavement_distress",
          "non_pavement_distress"
        ],
        "name": "default"
      }
    ],
    "label:tasks": [
      "detection"
    ],
    "datetime": "2025-05-07T19:01:53.345827Z"
  },
  "geometry": {
    "type": "Polygon",
    "coordinates": [
      [
        [
          8.555412876300775,
          47.36085732159722
        ],
        [
          8.555422521588936,
          47.36131778271124
        ],
        [
          8.55474484208193,
          47.36132433443727
        ],
        [
          8.55473520264972,
          47.36086387326719
        ],
        [
          8.555412876300775,
          47.36085732159722
        ]
      ]
    ]
  },
  "links": [
    {
      "rel": "source",
      "href": "../9a7bc18e-56d2-4288-8593-986583d90b82/9a7bc18e-56d2-4288-8593-986583d90b82.json",
      "type": "application/json"
    },
    {
      "rel": "root",
      "href": "../../catalog.json",
      "type": "application/json"
    },
    {
      "rel": "collection",
      "href": "../collection.json",
      "type": "application/json"
    },
    {
      "rel": "parent",
      "href": "../collection.json",
      "type": "application/json"
    }
  ],
  "assets": {
    "labels": {
      "href": "./labels.geojson",
      "type": "application/geo+json"
    }
  },
  "bbox": [
    8.55473520264972,
    47.36085732159722,
    8.555422521588936,
    47.36132433443727
  ],
  "stac_extensions": [
    "https://stac-extensions.github.io/label/v1.0.1/schema.json"
  ],
  "collection": "16cc4a3b-9224-4af1-9a4b-9994b7ee5d28"
}