{
  "type": "Feature",
  "stac_version": "1.0.0",
  "id": "605ad8e1-92b1-4339-a79c-36cb096d2a77",
  "properties": {
    "title": "Groundwork campaign labels",
    "description": "Labels created from a Groundwork campaign!",
    "label:description": "Labels for project 13525_tile_1",
    "label:type": "vector",
    "label:properties": [
      "default"
    ],
    "label:classes": [
      {
        "classes": [
          "Pavement Distress",
          "Non-Pavement Distress"
        ],
        "name": "default"
      }
    ],
    "label:tasks": [
      "detection"
    ],
    "datetime": "2025-04-28T08:56:20.136891Z"
  },
  "geometry": {
    "type": "Polygon",
    "coordinates": [
      [
        [
          8.470733010691461,
          47.39270229201234
        ],
        [
          8.47074192944402,
          47.393162755493314
        ],
        [
          8.470063834530185,
          47.39316880987518
        ],
        [
          8.470054921641031,
          47.39270834634239
        ],
        [
          8.470733010691461,
          47.39270229201234
        ]
      ]
    ]
  },
  "links": [
    {
      "rel": "source",
      "href": "../254b569a-01ef-4916-864f-6b996abf13db/254b569a-01ef-4916-864f-6b996abf13db.json",
      "type": "application/json"
    },
    {
      "rel": "root",
      "href": "../../catalog.json",
      "type": "application/json"
    },
    {
      "rel": "collection",
      "href": "../collection.json",
      "type": "application/json"
    },
    {
      "rel": "parent",
      "href": "../collection.json",
      "type": "application/json"
    }
  ],
  "assets": {
    "labels": {
      "href": "./labels.geojson",
      "type": "application/geo+json"
    }
  },
  "bbox": [
    8.470054921641031,
    47.39270229201234,
    8.47074192944402,
    47.39316880987518
  ],
  "stac_extensions": [
    "https://stac-extensions.github.io/label/v1.0.1/schema.json"
  ],
  "collection": "8f63dfd2-fa24-48d3-b9a4-8899ae442fb3"
}