{
  "type": "Collection",
  "id": "9478b4b1-fa04-4aed-aabe-561c17f2ef06",
  "stac_version": "1.0.0",
  "description": "12048_tile_1",
  "links": [
    {
      "rel": "root",
      "href": "../catalog.json",
      "type": "application/json"
    },
    {
      "rel": "item",
      "href": "./f753ecc8-3a74-4257-8379-9067b552afd3/f753ecc8-3a74-4257-8379-9067b552afd3.json",
      "type": "application/json"
    },
    {
      "rel": "item",
      "href": "./8e31ce66-a3cd-493f-86dd-ae3967bee36d/8e31ce66-a3cd-493f-86dd-ae3967bee36d.json",
      "type": "application/json"
    },
    {
      "rel": "parent",
      "href": "../catalog.json",
      "type": "application/json"
    }
  ],
  "extent": {
    "spatial": {
      "bbox": [
        [
          8.503043623323615,
          47.41983497762047,
          8.50373126304981,
          47.420301682650695
        ]
      ]
    },
    "temporal": {
      "interval": [
        [
          "2025-05-06T07:12:03.124513Z",
          "2025-05-07T19:01:37.532470Z"
        ]
      ]
    }
  },
  "license": "proprietary"
}