{
  "type": "Feature",
  "stac_version": "1.0.0",
  "id": "631c7194-1920-4de1-87c8-1fe40727cd3a",
  "properties": {
    "title": "Groundwork campaign labels",
    "description": "Labels created from a Groundwork campaign!",
    "label:description": "Labels for project 17083_tile_1",
    "label:type": "vector",
    "label:properties": [
      "default"
    ],
    "label:classes": [
      {
        "classes": [
          "Pavement_distress",
          "non_pavement_distress"
        ],
        "name": "default"
      }
    ],
    "label:tasks": [
      "detection"
    ],
    "datetime": "2025-05-07T19:01:05.282149Z"
  },
  "geometry": {
    "type": "Polygon",
    "coordinates": [
      [
        [
          8.494861104195738,
          47.402595558346114
        ],
        [
          8.494870233325313,
          47.403056018508124
        ],
        [
          8.494192015180367,
          47.40306221457733
        ],
        [
          8.49418289191626,
          47.402601754362294
        ],
        [
          8.494861104195738,
          47.402595558346114
        ]
      ]
    ]
  },
  "links": [
    {
      "rel": "source",
      "href": "../851c38b4-22e6-4f17-b959-eb9a87dbd136/851c38b4-22e6-4f17-b959-eb9a87dbd136.json",
      "type": "application/json"
    },
    {
      "rel": "root",
      "href": "../../catalog.json",
      "type": "application/json"
    },
    {
      "rel": "collection",
      "href": "../collection.json",
      "type": "application/json"
    },
    {
      "rel": "parent",
      "href": "../collection.json",
      "type": "application/json"
    }
  ],
  "assets": {
    "labels": {
      "href": "./labels.geojson",
      "type": "application/geo+json"
    }
  },
  "bbox": [
    8.49418289191626,
    47.402595558346114,
    8.494870233325313,
    47.40306221457733
  ],
  "stac_extensions": [
    "https://stac-extensions.github.io/label/v1.0.1/schema.json"
  ],
  "collection": "3eab1a20-3544-479a-92b7-6165a3e0f6d5"
}