{
  "type": "Feature",
  "stac_version": "1.0.0",
  "id": "23fcf3c2-a7f2-4971-ac92-5cfff82bd68d",
  "properties": {
    "title": "Groundwork campaign labels",
    "description": "Labels created from a Groundwork campaign!",
    "label:description": "Labels for project {DFC7344C-4D46-4F4A-9ED2-ED887E34C28B}_tile_2",
    "label:type": "vector",
    "label:properties": [
      "default"
    ],
    "label:classes": [
      {
        "classes": [
          "Pavement_distress",
          "Shadows"
        ],
        "name": "default"
      }
    ],
    "label:tasks": [
      "detection"
    ],
    "datetime": "2025-03-20T09:21:08.559281Z"
  },
  "geometry": {
    "type": "Polygon",
    "coordinates": [
      [
        [
          8.565962999845286,
          47.367135114926064
        ],
        [
          8.565965776573279,
          47.36726641779412
        ],
        [
          8.565753978505922,
          47.367268484982596
        ],
        [
          8.565751202299873,
          47.36713718210949
        ],
        [
          8.565962999845286,
          47.367135114926064
        ]
      ]
    ]
  },
  "links": [
    {
      "rel": "source",
      "href": "../79c8f123-7fee-4280-ae7e-fc06f7f083e4/79c8f123-7fee-4280-ae7e-fc06f7f083e4.json",
      "type": "application/json"
    },
    {
      "rel": "root",
      "href": "../../catalog.json",
      "type": "application/json"
    },
    {
      "rel": "collection",
      "href": "../collection.json",
      "type": "application/json"
    },
    {
      "rel": "parent",
      "href": "../collection.json",
      "type": "application/json"
    }
  ],
  "assets": {
    "labels": {
      "href": "./labels.geojson",
      "type": "application/geo+json"
    }
  },
  "bbox": [
    8.565751202299873,
    47.367135114926064,
    8.565965776573279,
    47.367268484982596
  ],
  "stac_extensions": [
    "https://stac-extensions.github.io/label/v1.0.1/schema.json"
  ],
  "collection": "137aba51-3c36-477c-a21b-63262653c00c"
}