{
  "type": "Collection",
  "id": "e7fbf980-48b3-49c5-b037-daeee4b95195",
  "stac_version": "1.0.0",
  "description": "{BCAE6812-CA69-4F5A-B57A-2B4D2BC0AC00}_tile_0",
  "links": [
    {
      "rel": "root",
      "href": "../catalog.json",
      "type": "application/json"
    },
    {
      "rel": "item",
      "href": "./28ff72a5-8261-4c28-a26e-a3bf78eb1646/28ff72a5-8261-4c28-a26e-a3bf78eb1646.json",
      "type": "application/json"
    },
    {
      "rel": "item",
      "href": "./5eb1a04a-b1ef-404f-9135-6c329258b7fc/5eb1a04a-b1ef-404f-9135-6c329258b7fc.json",
      "type": "application/json"
    },
    {
      "rel": "parent",
      "href": "../catalog.json",
      "type": "application/json"
    }
  ],
  "extent": {
    "spatial": {
      "bbox": [
        [
          8.492780191760822,
          47.38506989043915,
          8.493466440526001,
          47.38549337268523
        ]
      ]
    },
    "temporal": {
      "interval": [
        [
          "2025-01-31T23:44:14.669334Z",
          "2025-03-20T09:21:28.328927Z"
        ]
      ]
    }
  },
  "license": "proprietary"
}