{
  "type": "Collection",
  "id": "69222543-6aff-4557-a2b5-5365d226ce7a",
  "stac_version": "1.0.0",
  "description": "11170_tile_1",
  "links": [
    {
      "rel": "root",
      "href": "../catalog.json",
      "type": "application/json"
    },
    {
      "rel": "item",
      "href": "./c77e7f97-da7d-4c5e-ab4a-af64d7aa4aca/c77e7f97-da7d-4c5e-ab4a-af64d7aa4aca.json",
      "type": "application/json"
    },
    {
      "rel": "item",
      "href": "./775b10a7-aac5-44dd-8b2f-10e26c7ec5a2/775b10a7-aac5-44dd-8b2f-10e26c7ec5a2.json",
      "type": "application/json"
    },
    {
      "rel": "parent",
      "href": "../catalog.json",
      "type": "application/json"
    }
  ],
  "extent": {
    "spatial": {
      "bbox": [
        [
          8.546327231610709,
          47.380281524163635,
          8.547014729598635,
          47.380748485587965
        ]
      ]
    },
    "temporal": {
      "interval": [
        [
          "2025-05-06T07:11:33.449433Z",
          "2025-05-07T19:01:45.378452Z"
        ]
      ]
    }
  },
  "license": "proprietary"
}