{
  "type": "Feature",
  "stac_version": "1.0.0",
  "id": "17b2d988-1ecc-4e2c-9c77-4203daf899a0",
  "properties": {
    "title": "Groundwork campaign labels",
    "description": "Labels created from a Groundwork campaign!",
    "label:description": "Labels for project {FC7C222A-9359-4640-9931-56D9B152789D}_tile_0",
    "label:type": "vector",
    "label:properties": [
      "default"
    ],
    "label:classes": [
      {
        "classes": [
          "Pavement_distress",
          "Shadows"
        ],
        "name": "default"
      }
    ],
    "label:tasks": [
      "detection"
    ],
    "datetime": "2025-03-20T09:21:14.919023Z"
  },
  "geometry": {
    "type": "Polygon",
    "coordinates": [
      [
        [
          8.578311448300362,
          47.401602173166324
        ],
        [
          8.578318009055023,
          47.401908842335004
        ],
        [
          8.577937849901803,
          47.40191259071434
        ],
        [
          8.577931291336668,
          47.4016059215243
        ],
        [
          8.578311448300362,
          47.401602173166324
        ]
      ]
    ]
  },
  "links": [
    {
      "rel": "source",
      "href": "../6e75c1eb-889c-439b-96f6-7d5fc1136a00/6e75c1eb-889c-439b-96f6-7d5fc1136a00.json",
      "type": "application/json"
    },
    {
      "rel": "root",
      "href": "../../catalog.json",
      "type": "application/json"
    },
    {
      "rel": "collection",
      "href": "../collection.json",
      "type": "application/json"
    },
    {
      "rel": "parent",
      "href": "../collection.json",
      "type": "application/json"
    }
  ],
  "assets": {
    "labels": {
      "href": "./labels.geojson",
      "type": "application/geo+json"
    }
  },
  "bbox": [
    8.577931291336668,
    47.401602173166324,
    8.578318009055023,
    47.40191259071434
  ],
  "stac_extensions": [
    "https://stac-extensions.github.io/label/v1.0.1/schema.json"
  ],
  "collection": "4ae58e34-be62-4eb7-91ac-1aaf5275f44d"
}