{
  "type": "Collection",
  "id": "f3ee2db4-4f5f-4278-a765-02e4bd9c82e6",
  "stac_version": "1.0.0",
  "description": "9718_tile_0",
  "links": [
    {
      "rel": "root",
      "href": "../catalog.json",
      "type": "application/json"
    },
    {
      "rel": "item",
      "href": "./0a139bef-b457-4d61-86bf-eced882dc51d/0a139bef-b457-4d61-86bf-eced882dc51d.json",
      "type": "application/json"
    },
    {
      "rel": "item",
      "href": "./678b1efa-3614-4b6d-a140-96032ac33e94/678b1efa-3614-4b6d-a140-96032ac33e94.json",
      "type": "application/json"
    },
    {
      "rel": "parent",
      "href": "../catalog.json",
      "type": "application/json"
    }
  ],
  "extent": {
    "spatial": {
      "bbox": [
        [
          8.54053948016162,
          47.379876358564076,
          8.541226923585858,
          47.38034328653826
        ]
      ]
    },
    "temporal": {
      "interval": [
        [
          "2025-04-02T11:46:39.194209Z",
          "2025-04-28T08:56:43.671602Z"
        ]
      ]
    }
  },
  "license": "proprietary"
}