{
  "type": "Feature",
  "stac_version": "1.0.0",
  "id": "0ccfcafd-23d8-4605-942e-964d9276c5c8",
  "properties": {
    "title": "Groundwork campaign labels",
    "description": "Labels created from a Groundwork campaign!",
    "label:description": "Labels for project 7909_tile_1",
    "label:type": "vector",
    "label:properties": [
      "default"
    ],
    "label:classes": [
      {
        "classes": [
          "Pavement Distress",
          "Non-Pavement Distress"
        ],
        "name": "default"
      }
    ],
    "label:tasks": [
      "detection"
    ],
    "datetime": "2025-04-28T08:56:52.381499Z"
  },
  "geometry": {
    "type": "Polygon",
    "coordinates": [
      [
        [
          8.49737304177341,
          47.37352760015524
        ],
        [
          8.497382187605968,
          47.3739880642551
        ],
        [
          8.496704339897244,
          47.373994275112096
        ],
        [
          8.496695199923721,
          47.37353381095907
        ],
        [
          8.49737304177341,
          47.37352760015524
        ]
      ]
    ]
  },
  "links": [
    {
      "rel": "source",
      "href": "../25539eec-8871-4de2-9b02-4b9202d2a5f3/25539eec-8871-4de2-9b02-4b9202d2a5f3.json",
      "type": "application/json"
    },
    {
      "rel": "root",
      "href": "../../catalog.json",
      "type": "application/json"
    },
    {
      "rel": "collection",
      "href": "../collection.json",
      "type": "application/json"
    },
    {
      "rel": "parent",
      "href": "../collection.json",
      "type": "application/json"
    }
  ],
  "assets": {
    "labels": {
      "href": "./labels.geojson",
      "type": "application/geo+json"
    }
  },
  "bbox": [
    8.496695199923721,
    47.37352760015524,
    8.497382187605968,
    47.373994275112096
  ],
  "stac_extensions": [
    "https://stac-extensions.github.io/label/v1.0.1/schema.json"
  ],
  "collection": "224cb2b9-2ba4-47af-b782-43d0aa3b600e"
}