{
  "type": "Collection",
  "id": "cbb93fae-702c-4054-a22b-05fdb4aae37b",
  "stac_version": "1.0.0",
  "description": "{DFCCE886-372C-4FB8-A6AF-ED9303DF1DE6}_tile_3",
  "links": [
    {
      "rel": "root",
      "href": "../catalog.json",
      "type": "application/json"
    },
    {
      "rel": "item",
      "href": "./a55ba13a-32ae-4290-bcee-a035eb24fb65/a55ba13a-32ae-4290-bcee-a035eb24fb65.json",
      "type": "application/json"
    },
    {
      "rel": "item",
      "href": "./901604d4-7715-43ef-9920-a4e49393db8b/901604d4-7715-43ef-9920-a4e49393db8b.json",
      "type": "application/json"
    },
    {
      "rel": "parent",
      "href": "../catalog.json",
      "type": "application/json"
    }
  ],
  "extent": {
    "spatial": {
      "bbox": [
        [
          8.542234087625994,
          47.387528660660706,
          8.542623686076857,
          47.38799274998624
        ]
      ]
    },
    "temporal": {
      "interval": [
        [
          "2025-01-31T23:46:09.936096Z",
          "2025-03-20T09:21:02.327881Z"
        ]
      ]
    }
  },
  "license": "proprietary"
}