{
  "type": "Collection",
  "id": "46d7af48-fcd2-49d9-b954-73b010ec5d90",
  "stac_version": "1.0.0",
  "description": "{183D55E3-8D56-448B-819B-AE470E87FDBF}_tile_0",
  "links": [
    {
      "rel": "root",
      "href": "../catalog.json",
      "type": "application/json"
    },
    {
      "rel": "item",
      "href": "./cfc830b6-bcd1-49d2-b6fa-4324a6f4e971/cfc830b6-bcd1-49d2-b6fa-4324a6f4e971.json",
      "type": "application/json"
    },
    {
      "rel": "item",
      "href": "./dfe5efeb-0a7a-45aa-9ef6-f1edd05a517e/dfe5efeb-0a7a-45aa-9ef6-f1edd05a517e.json",
      "type": "application/json"
    },
    {
      "rel": "parent",
      "href": "../catalog.json",
      "type": "application/json"
    }
  ],
  "extent": {
    "spatial": {
      "bbox": [
        [
          8.535725651093134,
          47.369077120356756,
          8.53579936654471,
          47.369121879583226
        ]
      ]
    },
    "temporal": {
      "interval": [
        [
          "2025-01-31T23:46:31.353820Z",
          "2025-03-20T09:20:57.173626Z"
        ]
      ]
    }
  },
  "license": "proprietary"
}