{
  "type": "Feature",
  "stac_version": "1.0.0",
  "id": "cddc4ff9-7f64-4d98-90c5-b714fca43135",
  "properties": {
    "title": "Groundwork campaign labels",
    "description": "Labels created from a Groundwork campaign!",
    "label:description": "Labels for project {7D74F8A3-A35E-4738-BA06-ECDC0818015F}_tile_0",
    "label:type": "vector",
    "label:properties": [
      "default"
    ],
    "label:classes": [
      {
        "classes": [
          "Pavement_distress",
          "Shadows"
        ],
        "name": "default"
      }
    ],
    "label:tasks": [
      "detection"
    ],
    "datetime": "2025-03-20T09:21:10.863788Z"
  },
  "geometry": {
    "type": "Polygon",
    "coordinates": [
      [
        [
          8.514271987294245,
          47.370383299544166
        ],
        [
          8.514275997809763,
          47.37058205416811
        ],
        [
          8.514062860754473,
          47.370584038819615
        ],
        [
          8.514058851034095,
          47.37038528418835
        ],
        [
          8.514271987294245,
          47.370383299544166
        ]
      ]
    ]
  },
  "links": [
    {
      "rel": "source",
      "href": "../237e8537-70df-403c-9106-d209ae494517/237e8537-70df-403c-9106-d209ae494517.json",
      "type": "application/json"
    },
    {
      "rel": "root",
      "href": "../../catalog.json",
      "type": "application/json"
    },
    {
      "rel": "collection",
      "href": "../collection.json",
      "type": "application/json"
    },
    {
      "rel": "parent",
      "href": "../collection.json",
      "type": "application/json"
    }
  ],
  "assets": {
    "labels": {
      "href": "./labels.geojson",
      "type": "application/geo+json"
    }
  },
  "bbox": [
    8.514058851034095,
    47.370383299544166,
    8.514275997809763,
    47.370584038819615
  ],
  "stac_extensions": [
    "https://stac-extensions.github.io/label/v1.0.1/schema.json"
  ],
  "collection": "b58e896e-63de-46d0-ac72-db6d93bd45fa"
}