{
  "type": "Feature",
  "stac_version": "1.0.0",
  "id": "1d6ff314-69c0-463b-b337-cfb7c12ac652",
  "properties": {
    "title": "Groundwork campaign labels",
    "description": "Labels created from a Groundwork campaign!",
    "label:description": "Labels for project 12709_tile_4",
    "label:type": "vector",
    "label:properties": [
      "default"
    ],
    "label:classes": [
      {
        "classes": [
          "Pavement_distress",
          "non_pavement_distress"
        ],
        "name": "default"
      }
    ],
    "label:tasks": [
      "detection"
    ],
    "datetime": "2025-05-07T19:01:32.949761Z"
  },
  "geometry": {
    "type": "Polygon",
    "coordinates": [
      [
        [
          8.532809289425781,
          47.415418448602516
        ],
        [
          8.532818749099023,
          47.41587890382751
        ],
        [
          8.532140372067824,
          47.41588532273999
        ],
        [
          8.532130918262704,
          47.41542486746004
        ],
        [
          8.532809289425781,
          47.415418448602516
        ]
      ]
    ]
  },
  "links": [
    {
      "rel": "source",
      "href": "../103e5cf9-2641-4281-8472-678ece6a35bd/103e5cf9-2641-4281-8472-678ece6a35bd.json",
      "type": "application/json"
    },
    {
      "rel": "root",
      "href": "../../catalog.json",
      "type": "application/json"
    },
    {
      "rel": "collection",
      "href": "../collection.json",
      "type": "application/json"
    },
    {
      "rel": "parent",
      "href": "../collection.json",
      "type": "application/json"
    }
  ],
  "assets": {
    "labels": {
      "href": "./labels.geojson",
      "type": "application/geo+json"
    }
  },
  "bbox": [
    8.532130918262704,
    47.415418448602516,
    8.532818749099023,
    47.41588532273999
  ],
  "stac_extensions": [
    "https://stac-extensions.github.io/label/v1.0.1/schema.json"
  ],
  "collection": "2e971d4c-9a64-401c-807a-9be8d285a71a"
}