{
  "type": "Feature",
  "stac_version": "1.0.0",
  "id": "594ec14a-ea4a-4e06-982d-d45518f729f9",
  "properties": {
    "title": "Groundwork campaign labels",
    "description": "Labels created from a Groundwork campaign!",
    "label:description": "Labels for project 9226_tile_0",
    "label:type": "vector",
    "label:properties": [
      "default"
    ],
    "label:classes": [
      {
        "classes": [
          "Pavement_distress",
          "non_pavement_distress"
        ],
        "name": "default"
      }
    ],
    "label:tasks": [
      "detection"
    ],
    "datetime": "2025-05-07T19:02:05.128621Z"
  },
  "geometry": {
    "type": "Polygon",
    "coordinates": [
      [
        [
          8.55403820355767,
          47.371463339744324
        ],
        [
          8.554047838894094,
          47.37192379949566
        ],
        [
          8.553370024278555,
          47.37193034313501
        ],
        [
          8.553360394800428,
          47.371469883327656
        ],
        [
          8.55403820355767,
          47.371463339744324
        ]
      ]
    ]
  },
  "links": [
    {
      "rel": "source",
      "href": "../6fd97d1f-bc88-4518-8e7d-3f8675b2dd19/6fd97d1f-bc88-4518-8e7d-3f8675b2dd19.json",
      "type": "application/json"
    },
    {
      "rel": "root",
      "href": "../../catalog.json",
      "type": "application/json"
    },
    {
      "rel": "collection",
      "href": "../collection.json",
      "type": "application/json"
    },
    {
      "rel": "parent",
      "href": "../collection.json",
      "type": "application/json"
    }
  ],
  "assets": {
    "labels": {
      "href": "./labels.geojson",
      "type": "application/geo+json"
    }
  },
  "bbox": [
    8.553360394800428,
    47.371463339744324,
    8.554047838894094,
    47.37193034313501
  ],
  "stac_extensions": [
    "https://stac-extensions.github.io/label/v1.0.1/schema.json"
  ],
  "collection": "0d69a6e2-dab8-46f8-9e8c-c79152777241"
}