{
  "type": "Collection",
  "id": "e80fa61e-0186-4a29-8b95-7c442b6279a9",
  "stac_version": "1.0.0",
  "description": "2550_tile_1",
  "links": [
    {
      "rel": "root",
      "href": "../catalog.json",
      "type": "application/json"
    },
    {
      "rel": "item",
      "href": "./07732da7-45dd-41a1-be2b-e454a8f75f4c/07732da7-45dd-41a1-be2b-e454a8f75f4c.json",
      "type": "application/json"
    },
    {
      "rel": "item",
      "href": "./3badd52d-87c4-4685-81b9-a653b63ae904/3badd52d-87c4-4685-81b9-a653b63ae904.json",
      "type": "application/json"
    },
    {
      "rel": "parent",
      "href": "../catalog.json",
      "type": "application/json"
    }
  ],
  "extent": {
    "spatial": {
      "bbox": [
        [
          8.544082303334731,
          47.37012053567019,
          8.544769651033592,
          47.37058748553905
        ]
      ]
    },
    "temporal": {
      "interval": [
        [
          "2025-04-02T11:44:35.396233Z",
          "2025-04-28T08:57:19.736419Z"
        ]
      ]
    }
  },
  "license": "proprietary"
}