{
  "type": "Collection",
  "id": "be4679ea-5f5e-4a40-811c-70397b23904d",
  "stac_version": "1.0.0",
  "description": "13525_tile_0",
  "links": [
    {
      "rel": "root",
      "href": "../catalog.json",
      "type": "application/json"
    },
    {
      "rel": "item",
      "href": "./b2775447-8c70-40a8-afac-43a2bd7e8281/b2775447-8c70-40a8-afac-43a2bd7e8281.json",
      "type": "application/json"
    },
    {
      "rel": "item",
      "href": "./3c4afcbd-0668-4410-ab2d-584986215951/3c4afcbd-0668-4410-ab2d-584986215951.json",
      "type": "application/json"
    },
    {
      "rel": "parent",
      "href": "../catalog.json",
      "type": "application/json"
    }
  ],
  "extent": {
    "spatial": {
      "bbox": [
        [
          8.470051039708359,
          47.392501738561336,
          8.470738044890192,
          47.39296825643059
        ]
      ]
    },
    "temporal": {
      "interval": [
        [
          "2025-04-02T11:48:02.856858Z",
          "2025-04-28T08:56:20.278895Z"
        ]
      ]
    }
  },
  "license": "proprietary"
}