{
  "type": "Collection",
  "id": "6bef184f-389c-47a3-9f25-085e4e0c11d5",
  "stac_version": "1.0.0",
  "description": "6829_tile_0",
  "links": [
    {
      "rel": "root",
      "href": "../catalog.json",
      "type": "application/json"
    },
    {
      "rel": "item",
      "href": "./f7a2abf5-e48f-41c6-9815-d0430c7b48f6/f7a2abf5-e48f-41c6-9815-d0430c7b48f6.json",
      "type": "application/json"
    },
    {
      "rel": "item",
      "href": "./49e5feed-8e8c-45b1-b30d-75a56881cf5a/49e5feed-8e8c-45b1-b30d-75a56881cf5a.json",
      "type": "application/json"
    },
    {
      "rel": "parent",
      "href": "../catalog.json",
      "type": "application/json"
    }
  ],
  "extent": {
    "spatial": {
      "bbox": [
        [
          8.53872267901861,
          47.368784686605224,
          8.539409963803196,
          47.3692516056322
        ]
      ]
    },
    "temporal": {
      "interval": [
        [
          "2025-04-02T11:45:48.260128Z",
          "2025-04-28T08:56:58.237904Z"
        ]
      ]
    }
  },
  "license": "proprietary"
}