{
  "type": "Collection",
  "id": "8d57ec18-cd4b-46f3-a6b6-e2c3b094965d",
  "stac_version": "1.0.0",
  "description": "16056_tile_4",
  "links": [
    {
      "rel": "root",
      "href": "../catalog.json",
      "type": "application/json"
    },
    {
      "rel": "item",
      "href": "./e26ec597-6d2a-4c94-8c98-84d9b8048c11/e26ec597-6d2a-4c94-8c98-84d9b8048c11.json",
      "type": "application/json"
    },
    {
      "rel": "item",
      "href": "./b06c7b92-0ff9-4afa-8fe9-68cd288e8cbc/b06c7b92-0ff9-4afa-8fe9-68cd288e8cbc.json",
      "type": "application/json"
    },
    {
      "rel": "parent",
      "href": "../catalog.json",
      "type": "application/json"
    }
  ],
  "extent": {
    "spatial": {
      "bbox": [
        [
          8.473913873523088,
          47.387401191290294,
          8.474600845853516,
          47.38786773227752
        ]
      ]
    },
    "temporal": {
      "interval": [
        [
          "2025-05-06T07:13:49.415363Z",
          "2025-05-07T19:01:10.935648Z"
        ]
      ]
    }
  },
  "license": "proprietary"
}