{
  "type": "Collection",
  "id": "90179c7e-e49a-4a7f-971e-40a47f75ec51",
  "stac_version": "1.0.0",
  "description": "{11B4E3C0-8A08-4199-8DE5-B6BC4DB9D57D}_tile_6",
  "links": [
    {
      "rel": "root",
      "href": "../catalog.json",
      "type": "application/json"
    },
    {
      "rel": "item",
      "href": "./29ed08ba-cdcc-4933-970c-1b964fe663e7/29ed08ba-cdcc-4933-970c-1b964fe663e7.json",
      "type": "application/json"
    },
    {
      "rel": "item",
      "href": "./17f9ba0f-d982-4c5f-8fa4-87c48df767af/17f9ba0f-d982-4c5f-8fa4-87c48df767af.json",
      "type": "application/json"
    },
    {
      "rel": "parent",
      "href": "../catalog.json",
      "type": "application/json"
    }
  ],
  "extent": {
    "spatial": {
      "bbox": [
        [
          8.537249058985685,
          47.33878356071602,
          8.537935184353499,
          47.339213602151865
        ]
      ]
    },
    "temporal": {
      "interval": [
        [
          "2025-01-31T23:46:00.151086Z",
          "2025-03-20T09:21:04.487605Z"
        ]
      ]
    }
  },
  "license": "proprietary"
}