{
  "type": "Feature",
  "stac_version": "1.0.0",
  "id": "658e8845-0717-49fe-9ad1-2e07c2c9bcff",
  "properties": {
    "title": "Groundwork campaign labels",
    "description": "Labels created from a Groundwork campaign!",
    "label:description": "Labels for project {667023C3-EE9A-438B-A712-F2CA9D2AD785}_tile_1",
    "label:type": "vector",
    "label:properties": [
      "default"
    ],
    "label:classes": [
      {
        "classes": [
          "Pavement_distress",
          "Shadows"
        ],
        "name": "default"
      }
    ],
    "label:tasks": [
      "detection"
    ],
    "datetime": "2025-03-20T09:21:07.712447Z"
  },
  "geometry": {
    "type": "Polygon",
    "coordinates": [
      [
        [
          8.52567927721484,
          47.373452683685095
        ],
        [
          8.525681423083872,
          47.373557906412294
        ],
        [
          8.525226000110248,
          47.373562191432136
        ],
        [
          8.525223855140746,
          47.373456968696544
        ],
        [
          8.52567927721484,
          47.373452683685095
        ]
      ]
    ]
  },
  "links": [
    {
      "rel": "source",
      "href": "../221bbb6e-dcb9-49dc-866e-f9b0a54343f3/221bbb6e-dcb9-49dc-866e-f9b0a54343f3.json",
      "type": "application/json"
    },
    {
      "rel": "root",
      "href": "../../catalog.json",
      "type": "application/json"
    },
    {
      "rel": "collection",
      "href": "../collection.json",
      "type": "application/json"
    },
    {
      "rel": "parent",
      "href": "../collection.json",
      "type": "application/json"
    }
  ],
  "assets": {
    "labels": {
      "href": "./labels.geojson",
      "type": "application/geo+json"
    }
  },
  "bbox": [
    8.525223855140746,
    47.373452683685095,
    8.525681423083872,
    47.373562191432136
  ],
  "stac_extensions": [
    "https://stac-extensions.github.io/label/v1.0.1/schema.json"
  ],
  "collection": "14d36959-cefc-4666-98a3-29b0e1bf6874"
}