{
  "type": "Feature",
  "stac_version": "1.0.0",
  "id": "e8694454-2c74-4cf2-98dd-d087df655cbc",
  "properties": {
    "title": "Groundwork campaign labels",
    "description": "Labels created from a Groundwork campaign!",
    "label:description": "Labels for project 6830_tile_0",
    "label:type": "vector",
    "label:properties": [
      "default"
    ],
    "label:classes": [
      {
        "classes": [
          "Pavement Distress",
          "Non-Pavement Distress"
        ],
        "name": "default"
      }
    ],
    "label:tasks": [
      "detection"
    ],
    "datetime": "2025-04-28T08:56:58.087899Z"
  },
  "geometry": {
    "type": "Polygon",
    "coordinates": [
      [
        [
          8.529529679013336,
          47.37538181871599
        ],
        [
          8.529539103176452,
          47.37584227995303
        ],
        [
          8.52886123569774,
          47.37584867965592
        ],
        [
          8.528851817393905,
          47.37538821836415
        ],
        [
          8.529529679013336,
          47.37538181871599
        ]
      ]
    ]
  },
  "links": [
    {
      "rel": "source",
      "href": "../2a72b002-b699-4b6e-82b1-8615d00f2a22/2a72b002-b699-4b6e-82b1-8615d00f2a22.json",
      "type": "application/json"
    },
    {
      "rel": "root",
      "href": "../../catalog.json",
      "type": "application/json"
    },
    {
      "rel": "collection",
      "href": "../collection.json",
      "type": "application/json"
    },
    {
      "rel": "parent",
      "href": "../collection.json",
      "type": "application/json"
    }
  ],
  "assets": {
    "labels": {
      "href": "./labels.geojson",
      "type": "application/geo+json"
    }
  },
  "bbox": [
    8.528851817393905,
    47.37538181871599,
    8.529539103176452,
    47.37584867965592
  ],
  "stac_extensions": [
    "https://stac-extensions.github.io/label/v1.0.1/schema.json"
  ],
  "collection": "ad1359ba-f10a-4170-959b-9553c326a946"
}