{
  "type": "Feature",
  "stac_version": "1.0.0",
  "id": "9660e0c6-4f2c-4372-81d3-adc5aefa1915",
  "properties": {
    "title": "Groundwork campaign labels",
    "description": "Labels created from a Groundwork campaign!",
    "label:description": "Labels for project {EEAB64D9-384A-4E83-A0DE-647C70531818}_tile_0",
    "label:type": "vector",
    "label:properties": [
      "default"
    ],
    "label:classes": [
      {
        "classes": [
          "Pavement_distress",
          "Shadows"
        ],
        "name": "default"
      }
    ],
    "label:tasks": [
      "detection"
    ],
    "datetime": "2025-03-20T09:21:21.736146Z"
  },
  "geometry": {
    "type": "Polygon",
    "coordinates": [
      [
        [
          8.485982628422676,
          47.36314498017692
        ],
        [
          8.485991674008444,
          47.36360544662916
        ],
        [
          8.485313957081376,
          47.363611590605124
        ],
        [
          8.485304917352405,
          47.36315112410033
        ],
        [
          8.485982628422676,
          47.36314498017692
        ]
      ]
    ]
  },
  "links": [
    {
      "rel": "source",
      "href": "../eef03f6c-e06a-4c12-aad2-3587b4e505ae/eef03f6c-e06a-4c12-aad2-3587b4e505ae.json",
      "type": "application/json"
    },
    {
      "rel": "root",
      "href": "../../catalog.json",
      "type": "application/json"
    },
    {
      "rel": "collection",
      "href": "../collection.json",
      "type": "application/json"
    },
    {
      "rel": "parent",
      "href": "../collection.json",
      "type": "application/json"
    }
  ],
  "assets": {
    "labels": {
      "href": "./labels.geojson",
      "type": "application/geo+json"
    }
  },
  "bbox": [
    8.485304917352405,
    47.36314498017692,
    8.485991674008444,
    47.363611590605124
  ],
  "stac_extensions": [
    "https://stac-extensions.github.io/label/v1.0.1/schema.json"
  ],
  "collection": "0a2abe73-027b-4179-9fbf-e25cf9f21e0e"
}