{
  "type": "Collection",
  "id": "fe4bbb9b-683c-4584-af9b-8729373190ce",
  "stac_version": "1.0.0",
  "description": "{667023C3-EE9A-438B-A712-F2CA9D2AD785}_tile_0",
  "links": [
    {
      "rel": "root",
      "href": "../catalog.json",
      "type": "application/json"
    },
    {
      "rel": "item",
      "href": "./bbb506e5-17f2-490b-95e3-fe711fe77e6a/bbb506e5-17f2-490b-95e3-fe711fe77e6a.json",
      "type": "application/json"
    },
    {
      "rel": "item",
      "href": "./35f8baf5-8bb0-40c7-802a-e1c48c80f494/35f8baf5-8bb0-40c7-802a-e1c48c80f494.json",
      "type": "application/json"
    },
    {
      "rel": "parent",
      "href": "../catalog.json",
      "type": "application/json"
    }
  ],
  "extent": {
    "spatial": {
      "bbox": [
        [
          8.525226000110248,
          47.373557906412294,
          8.52569081365352,
          47.37402265327765
        ]
      ]
    },
    "temporal": {
      "interval": [
        [
          "2025-01-31T23:47:12.260625Z",
          "2025-03-20T09:20:47.046999Z"
        ]
      ]
    }
  },
  "license": "proprietary"
}