{
  "type": "Feature",
  "stac_version": "1.0.0",
  "id": "41da5d4a-64af-47c2-a4ea-0ae4aa51adf2",
  "properties": {
    "title": "Groundwork campaign labels",
    "description": "Labels created from a Groundwork campaign!",
    "label:description": "Labels for project {0EE5FC34-01CC-4DE8-BC30-9A245777BCF6}_tile_2",
    "label:type": "vector",
    "label:properties": [
      "default"
    ],
    "label:classes": [
      {
        "classes": [
          "Pavement_distress",
          "Shadows"
        ],
        "name": "default"
      }
    ],
    "label:tasks": [
      "detection"
    ],
    "datetime": "2025-03-20T09:21:25.804359Z"
  },
  "geometry": {
    "type": "Polygon",
    "coordinates": [
      [
        [
          8.52776186580069,
          47.41050626167666
        ],
        [
          8.527769386856686,
          47.41087408717014
        ],
        [
          8.527091073003279,
          47.410880476435906
        ],
        [
          8.527083556634041,
          47.41051265089872
        ],
        [
          8.52776186580069,
          47.41050626167666
        ]
      ]
    ]
  },
  "links": [
    {
      "rel": "source",
      "href": "../84861930-5abf-4dde-b016-d830b98a8cc7/84861930-5abf-4dde-b016-d830b98a8cc7.json",
      "type": "application/json"
    },
    {
      "rel": "root",
      "href": "../../catalog.json",
      "type": "application/json"
    },
    {
      "rel": "collection",
      "href": "../collection.json",
      "type": "application/json"
    },
    {
      "rel": "parent",
      "href": "../collection.json",
      "type": "application/json"
    }
  ],
  "assets": {
    "labels": {
      "href": "./labels.geojson",
      "type": "application/geo+json"
    }
  },
  "bbox": [
    8.527083556634041,
    47.41050626167666,
    8.527769386856686,
    47.410880476435906
  ],
  "stac_extensions": [
    "https://stac-extensions.github.io/label/v1.0.1/schema.json"
  ],
  "collection": "b423463a-c766-48a4-b084-b1ecbd0f05a8"
}