{
  "type": "Collection",
  "id": "5bc8e7d7-fe22-4e01-9574-65a7ce8b662e",
  "stac_version": "1.0.0",
  "description": "{4D72DF24-093B-469D-95B8-AF327DE33A85}_tile_0",
  "links": [
    {
      "rel": "root",
      "href": "../catalog.json",
      "type": "application/json"
    },
    {
      "rel": "item",
      "href": "./0c4b2284-888e-4865-864f-1d225ef6b21d/0c4b2284-888e-4865-864f-1d225ef6b21d.json",
      "type": "application/json"
    },
    {
      "rel": "item",
      "href": "./c6096122-c832-49d4-864f-8f779433204b/c6096122-c832-49d4-864f-8f779433204b.json",
      "type": "application/json"
    },
    {
      "rel": "parent",
      "href": "../catalog.json",
      "type": "application/json"
    }
  ],
  "extent": {
    "spatial": {
      "bbox": [
        [
          8.564774106483675,
          47.37979776943431,
          8.564844097322302,
          47.37985240052879
        ]
      ]
    },
    "temporal": {
      "interval": [
        [
          "2025-01-31T23:46:27.444395Z",
          "2025-03-20T09:20:58.113410Z"
        ]
      ]
    }
  },
  "license": "proprietary"
}