{
  "type": "Feature",
  "stac_version": "1.0.0",
  "id": "c34f68dd-721a-4798-8ef0-70ac546b40c6",
  "properties": {
    "title": "Groundwork campaign labels",
    "description": "Labels created from a Groundwork campaign!",
    "label:description": "Labels for project 6619_tile_1",
    "label:type": "vector",
    "label:properties": [
      "default"
    ],
    "label:classes": [
      {
        "classes": [
          "Pavement_distress",
          "non_pavement_distress"
        ],
        "name": "default"
      }
    ],
    "label:tasks": [
      "detection"
    ],
    "datetime": "2025-05-07T19:02:18.254148Z"
  },
  "geometry": {
    "type": "Polygon",
    "coordinates": [
      [
        [
          8.49561047123695,
          47.38721082932984
        ],
        [
          8.495619604192287,
          47.38767129163693
        ],
        [
          8.494941582090187,
          47.38767749212592
        ],
        [
          8.494932454996912,
          47.38721702976575
        ],
        [
          8.49561047123695,
          47.38721082932984
        ]
      ]
    ]
  },
  "links": [
    {
      "rel": "source",
      "href": "../0d4bd7d4-739b-4bed-b503-69c17d323d8e/0d4bd7d4-739b-4bed-b503-69c17d323d8e.json",
      "type": "application/json"
    },
    {
      "rel": "root",
      "href": "../../catalog.json",
      "type": "application/json"
    },
    {
      "rel": "collection",
      "href": "../collection.json",
      "type": "application/json"
    },
    {
      "rel": "parent",
      "href": "../collection.json",
      "type": "application/json"
    }
  ],
  "assets": {
    "labels": {
      "href": "./labels.geojson",
      "type": "application/geo+json"
    }
  },
  "bbox": [
    8.494932454996912,
    47.38721082932984,
    8.495619604192287,
    47.38767749212592
  ],
  "stac_extensions": [
    "https://stac-extensions.github.io/label/v1.0.1/schema.json"
  ],
  "collection": "030719d0-c3ff-4b50-9b9a-53fdbafaca0f"
}