{
  "type": "Feature",
  "stac_version": "1.0.0",
  "id": "013f86c4-f7b2-4eca-88a6-9020b0098919",
  "properties": {
    "title": "Groundwork campaign labels",
    "description": "Labels created from a Groundwork campaign!",
    "label:description": "Labels for project 15815_tile_0",
    "label:type": "vector",
    "label:properties": [
      "default"
    ],
    "label:classes": [
      {
        "classes": [
          "Pavement Distress",
          "Non-Pavement Distress"
        ],
        "name": "default"
      }
    ],
    "label:tasks": [
      "detection"
    ],
    "datetime": "2025-04-28T08:56:09.419882Z"
  },
  "geometry": {
    "type": "Polygon",
    "coordinates": [
      [
        [
          8.527601590294157,
          47.37401836060873
        ],
        [
          8.527610997545786,
          47.3744788221956
        ],
        [
          8.526933147187101,
          47.37448521057709
        ],
        [
          8.526923745794466,
          47.37402474893554
        ],
        [
          8.527601590294157,
          47.37401836060873
        ]
      ]
    ]
  },
  "links": [
    {
      "rel": "source",
      "href": "../561e60e0-944b-4f0e-8002-5f6444f0f9a5/561e60e0-944b-4f0e-8002-5f6444f0f9a5.json",
      "type": "application/json"
    },
    {
      "rel": "root",
      "href": "../../catalog.json",
      "type": "application/json"
    },
    {
      "rel": "collection",
      "href": "../collection.json",
      "type": "application/json"
    },
    {
      "rel": "parent",
      "href": "../collection.json",
      "type": "application/json"
    }
  ],
  "assets": {
    "labels": {
      "href": "./labels.geojson",
      "type": "application/geo+json"
    }
  },
  "bbox": [
    8.526923745794466,
    47.37401836060873,
    8.527610997545786,
    47.37448521057709
  ],
  "stac_extensions": [
    "https://stac-extensions.github.io/label/v1.0.1/schema.json"
  ],
  "collection": "5a358b72-b76f-47e4-b61b-32537728de9d"
}