{
  "type": "Feature",
  "stac_version": "1.0.0",
  "id": "a870fb47-f788-4393-af37-94ce1cd4c889",
  "properties": {
    "title": "Groundwork campaign labels",
    "description": "Labels created from a Groundwork campaign!",
    "label:description": "Labels for project 9917_tile_1",
    "label:type": "vector",
    "label:properties": [
      "default"
    ],
    "label:classes": [
      {
        "classes": [
          "Pavement_distress",
          "non_pavement_distress"
        ],
        "name": "default"
      }
    ],
    "label:tasks": [
      "detection"
    ],
    "datetime": "2025-05-07T19:01:53.603557Z"
  },
  "geometry": {
    "type": "Polygon",
    "coordinates": [
      [
        [
          8.515678890412412,
          47.32572533931687
        ],
        [
          8.515688186113284,
          47.326185808494394
        ],
        [
          8.515010948376688,
          47.326192126917185
        ],
        [
          8.515001658524229,
          47.325731657685616
        ],
        [
          8.515678890412412,
          47.32572533931687
        ]
      ]
    ]
  },
  "links": [
    {
      "rel": "source",
      "href": "../ef5cdadc-cb25-47cd-b2ae-b34276e91ab1/ef5cdadc-cb25-47cd-b2ae-b34276e91ab1.json",
      "type": "application/json"
    },
    {
      "rel": "root",
      "href": "../../catalog.json",
      "type": "application/json"
    },
    {
      "rel": "collection",
      "href": "../collection.json",
      "type": "application/json"
    },
    {
      "rel": "parent",
      "href": "../collection.json",
      "type": "application/json"
    }
  ],
  "assets": {
    "labels": {
      "href": "./labels.geojson",
      "type": "application/geo+json"
    }
  },
  "bbox": [
    8.515001658524229,
    47.32572533931687,
    8.515688186113284,
    47.326192126917185
  ],
  "stac_extensions": [
    "https://stac-extensions.github.io/label/v1.0.1/schema.json"
  ],
  "collection": "b6d87a2f-8bcb-49ba-8f69-9902290d6597"
}