{
  "type": "Feature",
  "stac_version": "1.0.0",
  "id": "b06c7b92-0ff9-4afa-8fe9-68cd288e8cbc",
  "properties": {
    "title": "Groundwork campaign labels",
    "description": "Labels created from a Groundwork campaign!",
    "label:description": "Labels for project 16056_tile_4",
    "label:type": "vector",
    "label:properties": [
      "default"
    ],
    "label:classes": [
      {
        "classes": [
          "Pavement_distress",
          "non_pavement_distress"
        ],
        "name": "default"
      }
    ],
    "label:tasks": [
      "detection"
    ],
    "datetime": "2025-05-07T19:01:10.935648Z"
  },
  "geometry": {
    "type": "Polygon",
    "coordinates": [
      [
        [
          8.474591894624414,
          47.387401191290294
        ],
        [
          8.474600845853516,
          47.38786165522672
        ],
        [
          8.473922818889983,
          47.38786773227752
        ],
        [
          8.473913873523088,
          47.38740726828904
        ],
        [
          8.474591894624414,
          47.387401191290294
        ]
      ]
    ]
  },
  "links": [
    {
      "rel": "source",
      "href": "../e26ec597-6d2a-4c94-8c98-84d9b8048c11/e26ec597-6d2a-4c94-8c98-84d9b8048c11.json",
      "type": "application/json"
    },
    {
      "rel": "root",
      "href": "../../catalog.json",
      "type": "application/json"
    },
    {
      "rel": "collection",
      "href": "../collection.json",
      "type": "application/json"
    },
    {
      "rel": "parent",
      "href": "../collection.json",
      "type": "application/json"
    }
  ],
  "assets": {
    "labels": {
      "href": "./labels.geojson",
      "type": "application/geo+json"
    }
  },
  "bbox": [
    8.473913873523088,
    47.387401191290294,
    8.474600845853516,
    47.38786773227752
  ],
  "stac_extensions": [
    "https://stac-extensions.github.io/label/v1.0.1/schema.json"
  ],
  "collection": "8d57ec18-cd4b-46f3-a6b6-e2c3b094965d"
}