{
  "type": "Collection",
  "id": "2561e1c0-c85d-4e28-92f8-e4dba2539588",
  "stac_version": "1.0.0",
  "description": "{44B53EFB-3C09-47C3-AC27-4101F7F8F977}_tile_0",
  "links": [
    {
      "rel": "root",
      "href": "../catalog.json",
      "type": "application/json"
    },
    {
      "rel": "item",
      "href": "./80b9e69c-f5ed-4d37-bf37-c966759628ad/80b9e69c-f5ed-4d37-bf37-c966759628ad.json",
      "type": "application/json"
    },
    {
      "rel": "item",
      "href": "./089fe878-8fd5-4d34-bca0-868873888af1/089fe878-8fd5-4d34-bca0-868873888af1.json",
      "type": "application/json"
    },
    {
      "rel": "parent",
      "href": "../catalog.json",
      "type": "application/json"
    }
  ],
  "extent": {
    "spatial": {
      "bbox": [
        [
          8.595393735315334,
          47.357760914088395,
          8.595999650015555,
          47.35787757950946
        ]
      ]
    },
    "temporal": {
      "interval": [
        [
          "2025-01-31T23:45:09.676545Z",
          "2025-03-20T09:21:15.714678Z"
        ]
      ]
    }
  },
  "license": "proprietary"
}