{
  "type": "Feature",
  "stac_version": "1.0.0",
  "id": "55c4f5dd-a313-40d9-929e-8cdf7f205529",
  "properties": {
    "title": "Groundwork campaign labels",
    "description": "Labels created from a Groundwork campaign!",
    "label:description": "Labels for project {17C12A46-DC5F-4884-8864-F4759DA6DB42}_tile_2",
    "label:type": "vector",
    "label:properties": [
      "default"
    ],
    "label:classes": [
      {
        "classes": [
          "Pavement_distress",
          "Shadows"
        ],
        "name": "default"
      }
    ],
    "label:tasks": [
      "detection"
    ],
    "datetime": "2025-03-20T09:21:03.946415Z"
  },
  "geometry": {
    "type": "Polygon",
    "coordinates": [
      [
        [
          8.531023736924418,
          47.3883215529399
        ],
        [
          8.531030779576842,
          47.38866509873929
        ],
        [
          8.530352749037693,
          47.38867150718609
        ],
        [
          8.530345710758965,
          47.388327961345816
        ],
        [
          8.531023736924418,
          47.3883215529399
        ]
      ]
    ]
  },
  "links": [
    {
      "rel": "source",
      "href": "../a6bfd26d-568a-46c3-aa6f-6ec5da4d526e/a6bfd26d-568a-46c3-aa6f-6ec5da4d526e.json",
      "type": "application/json"
    },
    {
      "rel": "root",
      "href": "../../catalog.json",
      "type": "application/json"
    },
    {
      "rel": "collection",
      "href": "../collection.json",
      "type": "application/json"
    },
    {
      "rel": "parent",
      "href": "../collection.json",
      "type": "application/json"
    }
  ],
  "assets": {
    "labels": {
      "href": "./labels.geojson",
      "type": "application/geo+json"
    }
  },
  "bbox": [
    8.530345710758965,
    47.3883215529399,
    8.531030779576842,
    47.38867150718609
  ],
  "stac_extensions": [
    "https://stac-extensions.github.io/label/v1.0.1/schema.json"
  ],
  "collection": "12105e96-594f-496e-8f86-fbd1e33c7206"
}