{
  "type": "Collection",
  "id": "ee243065-c95c-4aa6-a003-ef96fb32265b",
  "stac_version": "1.0.0",
  "description": "4135_tile_1",
  "links": [
    {
      "rel": "root",
      "href": "../catalog.json",
      "type": "application/json"
    },
    {
      "rel": "item",
      "href": "./8a5f47ec-d56f-41e4-b15a-f03fa5fb4c67/8a5f47ec-d56f-41e4-b15a-f03fa5fb4c67.json",
      "type": "application/json"
    },
    {
      "rel": "item",
      "href": "./a59d5246-747e-4068-a61a-6358595b5eea/a59d5246-747e-4068-a61a-6358595b5eea.json",
      "type": "application/json"
    },
    {
      "rel": "parent",
      "href": "../catalog.json",
      "type": "application/json"
    }
  ],
  "extent": {
    "spatial": {
      "bbox": [
        [
          8.53232982158257,
          47.344952447758004,
          8.533016744524051,
          47.345419333088195
        ]
      ]
    },
    "temporal": {
      "interval": [
        [
          "2025-04-02T11:44:57.079875Z",
          "2025-04-28T08:57:13.258866Z"
        ]
      ]
    }
  },
  "license": "proprietary"
}