{
  "type": "Feature",
  "stac_version": "1.0.0",
  "id": "0dcc2606-980c-40c2-8eea-28db84a72f38",
  "properties": {
    "title": "Groundwork campaign labels",
    "description": "Labels created from a Groundwork campaign!",
    "label:description": "Labels for project 10111_tile_0",
    "label:type": "vector",
    "label:properties": [
      "default"
    ],
    "label:classes": [
      {
        "classes": [
          "Pavement Distress",
          "Non-Pavement Distress"
        ],
        "name": "default"
      }
    ],
    "label:tasks": [
      "detection"
    ],
    "datetime": "2025-04-28T08:56:39.654548Z"
  },
  "geometry": {
    "type": "Polygon",
    "coordinates": [
      [
        [
          8.550088104034081,
          47.36090869361443
        ],
        [
          8.550097703309463,
          47.36136915516792
        ],
        [
          8.549420022492086,
          47.36137567562307
        ],
        [
          8.549410429072692,
          47.360915214013794
        ],
        [
          8.550088104034081,
          47.36090869361443
        ]
      ]
    ]
  },
  "links": [
    {
      "rel": "source",
      "href": "../902884c8-ad94-4be9-a1b0-93f079d555a6/902884c8-ad94-4be9-a1b0-93f079d555a6.json",
      "type": "application/json"
    },
    {
      "rel": "root",
      "href": "../../catalog.json",
      "type": "application/json"
    },
    {
      "rel": "collection",
      "href": "../collection.json",
      "type": "application/json"
    },
    {
      "rel": "parent",
      "href": "../collection.json",
      "type": "application/json"
    }
  ],
  "assets": {
    "labels": {
      "href": "./labels.geojson",
      "type": "application/geo+json"
    }
  },
  "bbox": [
    8.549410429072692,
    47.36090869361443,
    8.550097703309463,
    47.36137567562307
  ],
  "stac_extensions": [
    "https://stac-extensions.github.io/label/v1.0.1/schema.json"
  ],
  "collection": "50b37936-b1b0-484b-8403-9d8ef61e38ed"
}