{
  "type": "Feature",
  "stac_version": "1.0.0",
  "id": "8b693b7f-17bf-43d4-9f54-a54c372c9472",
  "properties": {
    "title": "Groundwork campaign labels",
    "description": "Labels created from a Groundwork campaign!",
    "label:description": "Labels for project 12902_tile_0",
    "label:type": "vector",
    "label:properties": [
      "default"
    ],
    "label:classes": [
      {
        "classes": [
          "Pavement_distress",
          "non_pavement_distress"
        ],
        "name": "default"
      }
    ],
    "label:tasks": [
      "detection"
    ],
    "datetime": "2025-05-07T19:01:30.451508Z"
  },
  "geometry": {
    "type": "Polygon",
    "coordinates": [
      [
        [
          8.535594467874262,
          47.383614287590675
        ],
        [
          8.535603945944198,
          47.38407474716565
        ],
        [
          8.534925974406384,
          47.384081182474965
        ],
        [
          8.534916502197522,
          47.38362072284491
        ],
        [
          8.535594467874262,
          47.383614287590675
        ]
      ]
    ]
  },
  "links": [
    {
      "rel": "source",
      "href": "../dfca5d1d-d979-49a4-bf47-908d1be91457/dfca5d1d-d979-49a4-bf47-908d1be91457.json",
      "type": "application/json"
    },
    {
      "rel": "root",
      "href": "../../catalog.json",
      "type": "application/json"
    },
    {
      "rel": "collection",
      "href": "../collection.json",
      "type": "application/json"
    },
    {
      "rel": "parent",
      "href": "../collection.json",
      "type": "application/json"
    }
  ],
  "assets": {
    "labels": {
      "href": "./labels.geojson",
      "type": "application/geo+json"
    }
  },
  "bbox": [
    8.534916502197522,
    47.383614287590675,
    8.535603945944198,
    47.384081182474965
  ],
  "stac_extensions": [
    "https://stac-extensions.github.io/label/v1.0.1/schema.json"
  ],
  "collection": "4dffd66c-9cac-4f50-b111-a8ca761b4068"
}