{
  "type": "Collection",
  "id": "eceec3a7-696f-4426-9b67-33d6c17042ec",
  "stac_version": "1.0.0",
  "description": "15338_tile_2",
  "links": [
    {
      "rel": "root",
      "href": "../catalog.json",
      "type": "application/json"
    },
    {
      "rel": "item",
      "href": "./fe23fede-5229-4c82-a8e8-e7acb6b8ee11/fe23fede-5229-4c82-a8e8-e7acb6b8ee11.json",
      "type": "application/json"
    },
    {
      "rel": "item",
      "href": "./b85f9085-2217-49bc-813d-60c739e6f8d7/b85f9085-2217-49bc-813d-60c739e6f8d7.json",
      "type": "application/json"
    },
    {
      "rel": "parent",
      "href": "../catalog.json",
      "type": "application/json"
    }
  ],
  "extent": {
    "spatial": {
      "bbox": [
        [
          8.496905352275483,
          47.38411286181804,
          8.49759247832,
          47.38457953648692
        ]
      ]
    },
    "temporal": {
      "interval": [
        [
          "2025-04-02T11:49:05.522501Z",
          "2025-04-28T08:56:12.208334Z"
        ]
      ]
    }
  },
  "license": "proprietary"
}