{
  "type": "Collection",
  "id": "81e3037a-4198-4095-b8d6-f9b88e88716e",
  "stac_version": "1.0.0",
  "description": "{5F24D8BC-1E86-45CC-9532-C7D921DAAFC3}_tile_0",
  "links": [
    {
      "rel": "root",
      "href": "../catalog.json",
      "type": "application/json"
    },
    {
      "rel": "item",
      "href": "./3ebcdbf8-7918-46cb-8d50-f1664cdbe642/3ebcdbf8-7918-46cb-8d50-f1664cdbe642.json",
      "type": "application/json"
    },
    {
      "rel": "item",
      "href": "./796a9ce3-4319-4118-a38d-94d9a54d6f98/796a9ce3-4319-4118-a38d-94d9a54d6f98.json",
      "type": "application/json"
    },
    {
      "rel": "parent",
      "href": "../catalog.json",
      "type": "application/json"
    }
  ],
  "extent": {
    "spatial": {
      "bbox": [
        [
          8.512231882546521,
          47.37315866453419,
          8.512298983136846,
          47.37320424688177
        ]
      ]
    },
    "temporal": {
      "interval": [
        [
          "2025-01-31T23:46:36.900869Z",
          "2025-03-20T09:20:55.900935Z"
        ]
      ]
    }
  },
  "license": "proprietary"
}