{
  "type": "Collection",
  "id": "682ddbed-1351-4429-a59a-b1ef0007ca0e",
  "stac_version": "1.0.0",
  "description": "12643_tile_3",
  "links": [
    {
      "rel": "root",
      "href": "../catalog.json",
      "type": "application/json"
    },
    {
      "rel": "item",
      "href": "./f14b89ab-9e9f-43a5-8d20-eef9193aac8c/f14b89ab-9e9f-43a5-8d20-eef9193aac8c.json",
      "type": "application/json"
    },
    {
      "rel": "item",
      "href": "./c6df4ec7-a2e1-442c-bd64-89b5c7af420e/c6df4ec7-a2e1-442c-bd64-89b5c7af420e.json",
      "type": "application/json"
    },
    {
      "rel": "parent",
      "href": "../catalog.json",
      "type": "application/json"
    }
  ],
  "extent": {
    "spatial": {
      "bbox": [
        [
          8.512134142174956,
          47.36586694716532,
          8.512821162685313,
          47.36633371263196
        ]
      ]
    },
    "temporal": {
      "interval": [
        [
          "2025-05-06T07:12:14.787778Z",
          "2025-05-07T19:01:34.498453Z"
        ]
      ]
    }
  },
  "license": "proprietary"
}