{
  "type": "Collection",
  "id": "b8c8ab21-81e0-4360-8e83-88c1f65377aa",
  "stac_version": "1.0.0",
  "description": "{926D72A3-0645-4812-824B-630D62A8E340}_tile_1",
  "links": [
    {
      "rel": "root",
      "href": "../catalog.json",
      "type": "application/json"
    },
    {
      "rel": "item",
      "href": "./82830ce7-f45a-4b14-8675-8d0617857c67/82830ce7-f45a-4b14-8675-8d0617857c67.json",
      "type": "application/json"
    },
    {
      "rel": "item",
      "href": "./c89afd87-12ed-4a67-b7e4-2976ddc9b820/c89afd87-12ed-4a67-b7e4-2976ddc9b820.json",
      "type": "application/json"
    },
    {
      "rel": "parent",
      "href": "../catalog.json",
      "type": "application/json"
    }
  ],
  "extent": {
    "spatial": {
      "bbox": [
        [
          8.536979739141218,
          47.37422651232455,
          8.53726195693764,
          47.374689566694826
        ]
      ]
    },
    "temporal": {
      "interval": [
        [
          "2025-01-31T23:45:03.609654Z",
          "2025-03-20T09:21:16.985784Z"
        ]
      ]
    }
  },
  "license": "proprietary"
}