{
  "type": "Feature",
  "stac_version": "1.0.0",
  "id": "3a8fb2a4-3c78-4216-84fa-f0d28250b362",
  "properties": {
    "title": "Groundwork campaign labels",
    "description": "Labels created from a Groundwork campaign!",
    "label:description": "Labels for project 4135_tile_0",
    "label:type": "vector",
    "label:properties": [
      "default"
    ],
    "label:classes": [
      {
        "classes": [
          "Pavement Distress",
          "Non-Pavement Distress"
        ],
        "name": "default"
      }
    ],
    "label:tasks": [
      "detection"
    ],
    "datetime": "2025-04-28T08:57:13.354144Z"
  },
  "geometry": {
    "type": "Polygon",
    "coordinates": [
      [
        [
          8.532997847089991,
          47.34449198252883
        ],
        [
          8.533007295725152,
          47.344952447758004
        ],
        [
          8.53232982158257,
          47.34495886786766
        ],
        [
          8.532320378799858,
          47.34449840258353
        ],
        [
          8.532997847089991,
          47.34449198252883
        ]
      ]
    ]
  },
  "links": [
    {
      "rel": "source",
      "href": "../a340174e-2c5a-4d2a-b0d7-4056dee8ba9f/a340174e-2c5a-4d2a-b0d7-4056dee8ba9f.json",
      "type": "application/json"
    },
    {
      "rel": "root",
      "href": "../../catalog.json",
      "type": "application/json"
    },
    {
      "rel": "collection",
      "href": "../collection.json",
      "type": "application/json"
    },
    {
      "rel": "parent",
      "href": "../collection.json",
      "type": "application/json"
    }
  ],
  "assets": {
    "labels": {
      "href": "./labels.geojson",
      "type": "application/geo+json"
    }
  },
  "bbox": [
    8.532320378799858,
    47.34449198252883,
    8.533007295725152,
    47.34495886786766
  ],
  "stac_extensions": [
    "https://stac-extensions.github.io/label/v1.0.1/schema.json"
  ],
  "collection": "c3bab2a7-c254-40ca-89a1-f2005f68656c"
}