{
  "type": "Feature",
  "stac_version": "1.0.0",
  "id": "3fca78cd-7184-4990-84c1-2c5aada488ad",
  "properties": {
    "title": "Groundwork campaign labels",
    "description": "Labels created from a Groundwork campaign!",
    "label:description": "Labels for project 13768_tile_3",
    "label:type": "vector",
    "label:properties": [
      "default"
    ],
    "label:classes": [
      {
        "classes": [
          "Pavement Distress",
          "Non-Pavement Distress"
        ],
        "name": "default"
      }
    ],
    "label:tasks": [
      "detection"
    ],
    "datetime": "2025-04-28T08:56:17.906212Z"
  },
  "geometry": {
    "type": "Polygon",
    "coordinates": [
      [
        [
          8.509841851764081,
          47.3529991068759
        ],
        [
          8.509851101806296,
          47.35345957282758
        ],
        [
          8.50917351672428,
          47.353465856936666
        ],
        [
          8.509164272536513,
          47.35300539093122
        ],
        [
          8.509841851764081,
          47.3529991068759
        ]
      ]
    ]
  },
  "links": [
    {
      "rel": "source",
      "href": "../dd595442-42aa-405b-8708-2f5bb8f7c871/dd595442-42aa-405b-8708-2f5bb8f7c871.json",
      "type": "application/json"
    },
    {
      "rel": "root",
      "href": "../../catalog.json",
      "type": "application/json"
    },
    {
      "rel": "collection",
      "href": "../collection.json",
      "type": "application/json"
    },
    {
      "rel": "parent",
      "href": "../collection.json",
      "type": "application/json"
    }
  ],
  "assets": {
    "labels": {
      "href": "./labels.geojson",
      "type": "application/geo+json"
    }
  },
  "bbox": [
    8.509164272536513,
    47.3529991068759,
    8.509851101806296,
    47.353465856936666
  ],
  "stac_extensions": [
    "https://stac-extensions.github.io/label/v1.0.1/schema.json"
  ],
  "collection": "1a3efe14-394b-4592-a118-ec14e195f751"
}