{
  "type": "Feature",
  "stac_version": "1.0.0",
  "id": "c2b7b70b-1976-4235-9b04-bf26368f9a70",
  "properties": {
    "title": "Groundwork campaign labels",
    "description": "Labels created from a Groundwork campaign!",
    "label:description": "Labels for project 16288_tile_2",
    "label:type": "vector",
    "label:properties": [
      "default"
    ],
    "label:classes": [
      {
        "classes": [
          "Pavement Distress",
          "Non-Pavement Distress"
        ],
        "name": "default"
      }
    ],
    "label:tasks": [
      "detection"
    ],
    "datetime": "2025-04-28T08:56:05.417966Z"
  },
  "geometry": {
    "type": "Polygon",
    "coordinates": [
      [
        [
          8.539823909350739,
          47.39370613488037
        ],
        [
          8.539833425806513,
          47.39416659266726
        ],
        [
          8.539155326276493,
          47.39417305280201
        ],
        [
          8.539145815683993,
          47.393712594959794
        ],
        [
          8.539823909350739,
          47.39370613488037
        ]
      ]
    ]
  },
  "links": [
    {
      "rel": "source",
      "href": "../38332949-7378-4964-a924-db8688bd90c0/38332949-7378-4964-a924-db8688bd90c0.json",
      "type": "application/json"
    },
    {
      "rel": "root",
      "href": "../../catalog.json",
      "type": "application/json"
    },
    {
      "rel": "collection",
      "href": "../collection.json",
      "type": "application/json"
    },
    {
      "rel": "parent",
      "href": "../collection.json",
      "type": "application/json"
    }
  ],
  "assets": {
    "labels": {
      "href": "./labels.geojson",
      "type": "application/geo+json"
    }
  },
  "bbox": [
    8.539145815683993,
    47.39370613488037,
    8.539833425806513,
    47.39417305280201
  ],
  "stac_extensions": [
    "https://stac-extensions.github.io/label/v1.0.1/schema.json"
  ],
  "collection": "61f7560c-1789-436a-8efe-ab0ec72d11c5"
}