{
  "type": "Collection",
  "id": "4dc86851-4f04-48d2-be1b-5701c570e1a6",
  "stac_version": "1.0.0",
  "description": "12549_tile_0",
  "links": [
    {
      "rel": "root",
      "href": "../catalog.json",
      "type": "application/json"
    },
    {
      "rel": "item",
      "href": "./058f4d60-1410-4e87-8ded-e4d20d66e587/058f4d60-1410-4e87-8ded-e4d20d66e587.json",
      "type": "application/json"
    },
    {
      "rel": "item",
      "href": "./80aac143-bbd4-4b17-9177-2733c42c09bb/80aac143-bbd4-4b17-9177-2733c42c09bb.json",
      "type": "application/json"
    },
    {
      "rel": "parent",
      "href": "../catalog.json",
      "type": "application/json"
    }
  ],
  "extent": {
    "spatial": {
      "bbox": [
        [
          8.529458881698371,
          47.326557398146846,
          8.5301455431442,
          47.327024269359825
        ]
      ]
    },
    "temporal": {
      "interval": [
        [
          "2025-05-06T07:12:09.798285Z",
          "2025-05-07T19:01:35.679173Z"
        ]
      ]
    }
  },
  "license": "proprietary"
}