{
  "type": "Collection",
  "id": "ddd7c8b0-b6ec-4870-93c7-e3bfdd42c0c8",
  "stac_version": "1.0.0",
  "description": "13135_tile_4",
  "links": [
    {
      "rel": "root",
      "href": "../catalog.json",
      "type": "application/json"
    },
    {
      "rel": "item",
      "href": "./cfe11d4c-4a7b-4656-83c9-6d228747c6a0/cfe11d4c-4a7b-4656-83c9-6d228747c6a0.json",
      "type": "application/json"
    },
    {
      "rel": "item",
      "href": "./461fe4d6-c46a-4f89-af3e-eb2687ba788c/461fe4d6-c46a-4f89-af3e-eb2687ba788c.json",
      "type": "application/json"
    },
    {
      "rel": "parent",
      "href": "../catalog.json",
      "type": "application/json"
    }
  ],
  "extent": {
    "spatial": {
      "bbox": [
        [
          8.560175959897707,
          47.36172568623101,
          8.560863336391744,
          47.3621927304429
        ]
      ]
    },
    "temporal": {
      "interval": [
        [
          "2025-05-06T07:12:40.492709Z",
          "2025-05-07T19:01:28.169698Z"
        ]
      ]
    }
  },
  "license": "proprietary"
}