{
  "type": "Feature",
  "stac_version": "1.0.0",
  "id": "79459a88-5c3d-45be-800a-b89d19f6dd4e",
  "properties": {
    "title": "Groundwork campaign labels",
    "description": "Labels created from a Groundwork campaign!",
    "label:description": "Labels for project 12849_tile_2",
    "label:type": "vector",
    "label:properties": [
      "default"
    ],
    "label:classes": [
      {
        "classes": [
          "Pavement_distress",
          "non_pavement_distress"
        ],
        "name": "default"
      }
    ],
    "label:tasks": [
      "detection"
    ],
    "datetime": "2025-05-07T19:01:30.927892Z"
  },
  "geometry": {
    "type": "Polygon",
    "coordinates": [
      [
        [
          8.474450870386569,
          47.41503498939723
        ],
        [
          8.474459825073225,
          47.41549544936086
        ],
        [
          8.473781446035352,
          47.41550152555017
        ],
        [
          8.473772497217015,
          47.41504106553446
        ],
        [
          8.474450870386569,
          47.41503498939723
        ]
      ]
    ]
  },
  "links": [
    {
      "rel": "source",
      "href": "../f82ddf42-c3fc-4104-b6f8-795dcaa75ce5/f82ddf42-c3fc-4104-b6f8-795dcaa75ce5.json",
      "type": "application/json"
    },
    {
      "rel": "root",
      "href": "../../catalog.json",
      "type": "application/json"
    },
    {
      "rel": "collection",
      "href": "../collection.json",
      "type": "application/json"
    },
    {
      "rel": "parent",
      "href": "../collection.json",
      "type": "application/json"
    }
  ],
  "assets": {
    "labels": {
      "href": "./labels.geojson",
      "type": "application/geo+json"
    }
  },
  "bbox": [
    8.473772497217015,
    47.41503498939723,
    8.474459825073225,
    47.41550152555017
  ],
  "stac_extensions": [
    "https://stac-extensions.github.io/label/v1.0.1/schema.json"
  ],
  "collection": "66bff32b-8604-4ea0-82ea-38871688dd58"
}