{
  "type": "Feature",
  "stac_version": "1.0.0",
  "id": "334de287-be4d-4543-8387-630d5960db50",
  "properties": {
    "title": "Groundwork campaign labels",
    "description": "Labels created from a Groundwork campaign!",
    "label:description": "Labels for project {2AA259B6-938D-45F9-82FD-611DEBAE24F6}_tile_5",
    "label:type": "vector",
    "label:properties": [
      "default"
    ],
    "label:classes": [
      {
        "classes": [
          "Pavement_distress",
          "Shadows"
        ],
        "name": "default"
      }
    ],
    "label:tasks": [
      "detection"
    ],
    "datetime": "2025-03-20T09:20:56.981657Z"
  },
  "geometry": {
    "type": "Polygon",
    "coordinates": [
      [
        [
          8.506101102853062,
          47.38221837402868
        ],
        [
          8.506103372512323,
          47.38233169089852
        ],
        [
          8.505458522799637,
          47.38233764728995
        ],
        [
          8.505456254512277,
          47.382224330407595
        ],
        [
          8.506101102853062,
          47.38221837402868
        ]
      ]
    ]
  },
  "links": [
    {
      "rel": "source",
      "href": "../06fc2930-413d-4d36-b641-dbde8de8c4d2/06fc2930-413d-4d36-b641-dbde8de8c4d2.json",
      "type": "application/json"
    },
    {
      "rel": "root",
      "href": "../../catalog.json",
      "type": "application/json"
    },
    {
      "rel": "collection",
      "href": "../collection.json",
      "type": "application/json"
    },
    {
      "rel": "parent",
      "href": "../collection.json",
      "type": "application/json"
    }
  ],
  "assets": {
    "labels": {
      "href": "./labels.geojson",
      "type": "application/geo+json"
    }
  },
  "bbox": [
    8.505456254512277,
    47.38221837402868,
    8.506103372512323,
    47.38233764728995
  ],
  "stac_extensions": [
    "https://stac-extensions.github.io/label/v1.0.1/schema.json"
  ],
  "collection": "7f35dc2b-0ec0-447e-a2d3-2e46d43ac342"
}