{
  "type": "Feature",
  "stac_version": "1.0.0",
  "id": "a4b308ab-29a6-4516-afa1-b25a294c4b69",
  "properties": {
    "title": "Groundwork campaign labels",
    "description": "Labels created from a Groundwork campaign!",
    "label:description": "Labels for project {71F1C719-6F89-42EE-9B92-9B248FA4554B}_tile_1",
    "label:type": "vector",
    "label:properties": [
      "default"
    ],
    "label:classes": [
      {
        "classes": [
          "Pavement_distress",
          "Shadows"
        ],
        "name": "default"
      }
    ],
    "label:tasks": [
      "detection"
    ],
    "datetime": "2025-03-20T09:20:51.951214Z"
  },
  "geometry": {
    "type": "Polygon",
    "coordinates": [
      [
        [
          8.545334503524302,
          47.391346245460475
        ],
        [
          8.545344067211383,
          47.391806703126704
        ],
        [
          8.54504211471894,
          47.39180959480981
        ],
        [
          8.545032553642605,
          47.39134913711883
        ],
        [
          8.545334503524302,
          47.391346245460475
        ]
      ]
    ]
  },
  "links": [
    {
      "rel": "source",
      "href": "../8980a463-1c22-4e63-9c3d-d92e499be16a/8980a463-1c22-4e63-9c3d-d92e499be16a.json",
      "type": "application/json"
    },
    {
      "rel": "root",
      "href": "../../catalog.json",
      "type": "application/json"
    },
    {
      "rel": "collection",
      "href": "../collection.json",
      "type": "application/json"
    },
    {
      "rel": "parent",
      "href": "../collection.json",
      "type": "application/json"
    }
  ],
  "assets": {
    "labels": {
      "href": "./labels.geojson",
      "type": "application/geo+json"
    }
  },
  "bbox": [
    8.545032553642605,
    47.391346245460475,
    8.545344067211383,
    47.39180959480981
  ],
  "stac_extensions": [
    "https://stac-extensions.github.io/label/v1.0.1/schema.json"
  ],
  "collection": "a3a14c6d-89c1-4544-9d49-da4513ea6087"
}