{
  "type": "Collection",
  "id": "776e8cb8-c687-417e-b1c8-9ef86277079d",
  "stac_version": "1.0.0",
  "description": "{6D3A67BC-25CB-4BC9-99FF-BAA5581FB505}_tile_5",
  "links": [
    {
      "rel": "root",
      "href": "../catalog.json",
      "type": "application/json"
    },
    {
      "rel": "item",
      "href": "./488e17d7-5a93-4824-97e5-f02c7e07ed19/488e17d7-5a93-4824-97e5-f02c7e07ed19.json",
      "type": "application/json"
    },
    {
      "rel": "item",
      "href": "./c8f04c86-31f9-40eb-850d-79c0c50e7319/c8f04c86-31f9-40eb-850d-79c0c50e7319.json",
      "type": "application/json"
    },
    {
      "rel": "parent",
      "href": "../catalog.json",
      "type": "application/json"
    }
  ],
  "extent": {
    "spatial": {
      "bbox": [
        [
          8.56483073837334,
          47.366809000990955,
          8.565005217462009,
          47.36711191765864
        ]
      ]
    },
    "temporal": {
      "interval": [
        [
          "2025-01-31T23:44:41.973155Z",
          "2025-03-20T09:21:22.012963Z"
        ]
      ]
    }
  },
  "license": "proprietary"
}