{
  "type": "Collection",
  "id": "180daacb-ac7b-4c64-a804-f5cadbb2bd92",
  "stac_version": "1.0.0",
  "description": "{2D5B6E78-8333-46A5-9EDF-97152A583806}_tile_0",
  "links": [
    {
      "rel": "root",
      "href": "../catalog.json",
      "type": "application/json"
    },
    {
      "rel": "item",
      "href": "./797f7883-1eb5-48c4-b6c1-dc9b38292306/797f7883-1eb5-48c4-b6c1-dc9b38292306.json",
      "type": "application/json"
    },
    {
      "rel": "item",
      "href": "./d8ca702a-862f-4fea-aca1-5b6c3a85f9bf/d8ca702a-862f-4fea-aca1-5b6c3a85f9bf.json",
      "type": "application/json"
    },
    {
      "rel": "parent",
      "href": "../catalog.json",
      "type": "application/json"
    }
  ],
  "extent": {
    "spatial": {
      "bbox": [
        [
          8.55751644678661,
          47.38047342671519,
          8.557614251000192,
          47.38065510309233
        ]
      ]
    },
    "temporal": {
      "interval": [
        [
          "2025-01-31T23:46:10.717909Z",
          "2025-03-20T09:21:02.200636Z"
        ]
      ]
    }
  },
  "license": "proprietary"
}