{
  "type": "Collection",
  "id": "a5fe17ad-e08b-481e-a781-5e87e436a090",
  "stac_version": "1.0.0",
  "description": "16353_tile_0",
  "links": [
    {
      "rel": "root",
      "href": "../catalog.json",
      "type": "application/json"
    },
    {
      "rel": "item",
      "href": "./ee4b6bbf-63e0-4a7b-83ec-99010a23a1b4/ee4b6bbf-63e0-4a7b-83ec-99010a23a1b4.json",
      "type": "application/json"
    },
    {
      "rel": "item",
      "href": "./2fa3b061-e742-49f0-b85c-736432f0647b/2fa3b061-e742-49f0-b85c-736432f0647b.json",
      "type": "application/json"
    },
    {
      "rel": "parent",
      "href": "../catalog.json",
      "type": "application/json"
    }
  ],
  "extent": {
    "spatial": {
      "bbox": [
        [
          8.519035726268893,
          47.42889739110459,
          8.51972361962554,
          47.42936418741188
        ]
      ]
    },
    "temporal": {
      "interval": [
        [
          "2025-05-06T07:13:54.925226Z",
          "2025-05-07T19:01:09.515686Z"
        ]
      ]
    }
  },
  "license": "proprietary"
}