{
  "type": "Collection",
  "id": "85a67bdd-816a-473f-941c-10ae0ba58ea2",
  "stac_version": "1.0.0",
  "description": "11089_tile_3",
  "links": [
    {
      "rel": "root",
      "href": "../catalog.json",
      "type": "application/json"
    },
    {
      "rel": "item",
      "href": "./f7927332-0161-4f9c-9985-4369830a25c5/f7927332-0161-4f9c-9985-4369830a25c5.json",
      "type": "application/json"
    },
    {
      "rel": "item",
      "href": "./9bdeb784-4a87-4692-8114-1df49dc7ab27/9bdeb784-4a87-4692-8114-1df49dc7ab27.json",
      "type": "application/json"
    },
    {
      "rel": "parent",
      "href": "../catalog.json",
      "type": "application/json"
    }
  ],
  "extent": {
    "spatial": {
      "bbox": [
        [
          8.534657129158067,
          47.373320933284575,
          8.535344437829485,
          47.373787828131405
        ]
      ]
    },
    "temporal": {
      "interval": [
        [
          "2025-04-02T11:47:18.768421Z",
          "2025-04-28T08:56:32.027924Z"
        ]
      ]
    }
  },
  "license": "proprietary"
}