{
  "type": "Feature",
  "stac_version": "1.0.0",
  "id": "8d392d87-6cec-4e73-8da8-d24e0d130a1b",
  "properties": {
    "title": "Groundwork campaign labels",
    "description": "Labels created from a Groundwork campaign!",
    "label:description": "Labels for project 5719_tile_2",
    "label:type": "vector",
    "label:properties": [
      "default"
    ],
    "label:classes": [
      {
        "classes": [
          "Pavement Distress",
          "Non-Pavement Distress"
        ],
        "name": "default"
      }
    ],
    "label:tasks": [
      "detection"
    ],
    "datetime": "2025-04-28T08:57:03.453331Z"
  },
  "geometry": {
    "type": "Polygon",
    "coordinates": [
      [
        [
          8.481218169163391,
          47.414134929323005
        ],
        [
          8.48122718224787,
          47.414595388888266
        ],
        [
          8.480548815462768,
          47.414601504821526
        ],
        [
          8.480539808246379,
          47.41414104520389
        ],
        [
          8.481218169163391,
          47.414134929323005
        ]
      ]
    ]
  },
  "links": [
    {
      "rel": "source",
      "href": "../13dd9c90-7663-4ab9-b604-91e5bf9ee9c4/13dd9c90-7663-4ab9-b604-91e5bf9ee9c4.json",
      "type": "application/json"
    },
    {
      "rel": "root",
      "href": "../../catalog.json",
      "type": "application/json"
    },
    {
      "rel": "collection",
      "href": "../collection.json",
      "type": "application/json"
    },
    {
      "rel": "parent",
      "href": "../collection.json",
      "type": "application/json"
    }
  ],
  "assets": {
    "labels": {
      "href": "./labels.geojson",
      "type": "application/geo+json"
    }
  },
  "bbox": [
    8.480539808246379,
    47.414134929323005,
    8.48122718224787,
    47.414601504821526
  ],
  "stac_extensions": [
    "https://stac-extensions.github.io/label/v1.0.1/schema.json"
  ],
  "collection": "d0a659ce-1021-43f1-af6f-8517c4c17bb0"
}