{
  "type": "Feature",
  "stac_version": "1.0.0",
  "id": "3284baa9-f1d3-476c-a163-fb821a9c48f2",
  "properties": {
    "title": "Groundwork campaign labels",
    "description": "Labels created from a Groundwork campaign!",
    "label:description": "Labels for project 17802_tile_0",
    "label:type": "vector",
    "label:properties": [
      "default"
    ],
    "label:classes": [
      {
        "classes": [
          "Pavement_distress",
          "non_pavement_distress"
        ],
        "name": "default"
      }
    ],
    "label:tasks": [
      "detection"
    ],
    "datetime": "2025-05-07T19:01:00.646111Z"
  },
  "geometry": {
    "type": "Polygon",
    "coordinates": [
      [
        [
          8.528429768594643,
          47.38460319147698
        ],
        [
          8.528439184888846,
          47.38506365150162
        ],
        [
          8.527761199892584,
          47.38507004473345
        ],
        [
          8.527751789459705,
          47.38460958465407
        ],
        [
          8.528429768594643,
          47.38460319147698
        ]
      ]
    ]
  },
  "links": [
    {
      "rel": "source",
      "href": "../de3140a2-bbe1-4706-881d-cf80fb6ef490/de3140a2-bbe1-4706-881d-cf80fb6ef490.json",
      "type": "application/json"
    },
    {
      "rel": "root",
      "href": "../../catalog.json",
      "type": "application/json"
    },
    {
      "rel": "collection",
      "href": "../collection.json",
      "type": "application/json"
    },
    {
      "rel": "parent",
      "href": "../collection.json",
      "type": "application/json"
    }
  ],
  "assets": {
    "labels": {
      "href": "./labels.geojson",
      "type": "application/geo+json"
    }
  },
  "bbox": [
    8.527751789459705,
    47.38460319147698,
    8.528439184888846,
    47.38507004473345
  ],
  "stac_extensions": [
    "https://stac-extensions.github.io/label/v1.0.1/schema.json"
  ],
  "collection": "e5d1bb7c-6d10-4c00-bf8e-6518ca23174e"
}