{
  "type": "Feature",
  "stac_version": "1.0.0",
  "id": "60e7e778-4775-4d81-9c0d-c0c95d1b5b16",
  "properties": {
    "title": "Groundwork campaign labels",
    "description": "Labels created from a Groundwork campaign!",
    "label:description": "Labels for project 17176_tile_1",
    "label:type": "vector",
    "label:properties": [
      "default"
    ],
    "label:classes": [
      {
        "classes": [
          "Pavement Distress",
          "Non-Pavement Distress"
        ],
        "name": "default"
      }
    ],
    "label:tasks": [
      "detection"
    ],
    "datetime": "2025-04-28T08:56:00.491666Z"
  },
  "geometry": {
    "type": "Polygon",
    "coordinates": [
      [
        [
          8.581460458958778,
          47.374419149669926
        ],
        [
          8.581470331903649,
          47.37487960667497
        ],
        [
          8.58079248310242,
          47.37488631135191
        ],
        [
          8.58078261601635,
          47.37442585428948
        ],
        [
          8.581460458958778,
          47.374419149669926
        ]
      ]
    ]
  },
  "links": [
    {
      "rel": "source",
      "href": "../ed2d83bf-11ba-4eae-b148-58ad4f699c0b/ed2d83bf-11ba-4eae-b148-58ad4f699c0b.json",
      "type": "application/json"
    },
    {
      "rel": "root",
      "href": "../../catalog.json",
      "type": "application/json"
    },
    {
      "rel": "collection",
      "href": "../collection.json",
      "type": "application/json"
    },
    {
      "rel": "parent",
      "href": "../collection.json",
      "type": "application/json"
    }
  ],
  "assets": {
    "labels": {
      "href": "./labels.geojson",
      "type": "application/geo+json"
    }
  },
  "bbox": [
    8.58078261601635,
    47.374419149669926,
    8.581470331903649,
    47.37488631135191
  ],
  "stac_extensions": [
    "https://stac-extensions.github.io/label/v1.0.1/schema.json"
  ],
  "collection": "d246f4bb-7f1c-4a4e-9ed0-b14fa595bd19"
}