{
  "type": "Collection",
  "id": "b5311411-277d-418d-8e4e-63302341eea9",
  "stac_version": "1.0.0",
  "description": "2119_tile_0",
  "links": [
    {
      "rel": "root",
      "href": "../catalog.json",
      "type": "application/json"
    },
    {
      "rel": "item",
      "href": "./035a8278-c2fd-4fff-bf7b-9ffdabffe70c/035a8278-c2fd-4fff-bf7b-9ffdabffe70c.json",
      "type": "application/json"
    },
    {
      "rel": "item",
      "href": "./c7be5dac-1fdb-4d24-a4b1-15ada1d4a044/c7be5dac-1fdb-4d24-a4b1-15ada1d4a044.json",
      "type": "application/json"
    },
    {
      "rel": "parent",
      "href": "../catalog.json",
      "type": "application/json"
    }
  ],
  "extent": {
    "spatial": {
      "bbox": [
        [
          8.522004079893993,
          47.38540115814682,
          8.522691436616046,
          47.38586797800485
        ]
      ]
    },
    "temporal": {
      "interval": [
        [
          "2025-04-02T11:44:27.387301Z",
          "2025-04-28T08:57:22.082531Z"
        ]
      ]
    }
  },
  "license": "proprietary"
}