{
  "type": "Feature",
  "stac_version": "1.0.0",
  "id": "de9b3ce0-5d09-4a92-8088-357d61ab4f8b",
  "properties": {
    "title": "Groundwork campaign labels",
    "description": "Labels created from a Groundwork campaign!",
    "label:description": "Labels for project {F8FFE73D-4E57-4238-A8BC-063D145643C0}_tile_0",
    "label:type": "vector",
    "label:properties": [
      "default"
    ],
    "label:classes": [
      {
        "classes": [
          "Pavement_distress",
          "Shadows"
        ],
        "name": "default"
      }
    ],
    "label:tasks": [
      "detection"
    ],
    "datetime": "2025-03-20T09:21:18.360651Z"
  },
  "geometry": {
    "type": "Polygon",
    "coordinates": [
      [
        [
          8.540249866528988,
          47.41418022827726
        ],
        [
          8.540252656695243,
          47.41431512714869
        ],
        [
          8.539574300501938,
          47.414321589719734
        ],
        [
          8.539571512054755,
          47.41418669083212
        ],
        [
          8.540249866528988,
          47.41418022827726
        ]
      ]
    ]
  },
  "links": [
    {
      "rel": "source",
      "href": "../96281052-256a-4df1-884c-32749b696c03/96281052-256a-4df1-884c-32749b696c03.json",
      "type": "application/json"
    },
    {
      "rel": "root",
      "href": "../../catalog.json",
      "type": "application/json"
    },
    {
      "rel": "collection",
      "href": "../collection.json",
      "type": "application/json"
    },
    {
      "rel": "parent",
      "href": "../collection.json",
      "type": "application/json"
    }
  ],
  "assets": {
    "labels": {
      "href": "./labels.geojson",
      "type": "application/geo+json"
    }
  },
  "bbox": [
    8.539571512054755,
    47.41418022827726,
    8.540252656695243,
    47.414321589719734
  ],
  "stac_extensions": [
    "https://stac-extensions.github.io/label/v1.0.1/schema.json"
  ],
  "collection": "3900e287-b6fb-4b00-822d-2da52747e41c"
}