{
  "type": "Collection",
  "id": "d8edbc40-d0aa-4c04-bfde-d21afa784b29",
  "stac_version": "1.0.0",
  "description": "16340_tile_0",
  "links": [
    {
      "rel": "root",
      "href": "../catalog.json",
      "type": "application/json"
    },
    {
      "rel": "item",
      "href": "./12654397-d078-4a06-8ae2-ed2f844a3f2f/12654397-d078-4a06-8ae2-ed2f844a3f2f.json",
      "type": "application/json"
    },
    {
      "rel": "item",
      "href": "./8e8ccd01-0295-417f-b833-7ea822d12941/8e8ccd01-0295-417f-b833-7ea822d12941.json",
      "type": "application/json"
    },
    {
      "rel": "parent",
      "href": "../catalog.json",
      "type": "application/json"
    }
  ],
  "extent": {
    "spatial": {
      "bbox": [
        [
          8.527335362022106,
          47.391253586540714,
          8.528022839765615,
          47.39172043643103
        ]
      ]
    },
    "temporal": {
      "interval": [
        [
          "2025-04-02T11:49:30.063501Z",
          "2025-04-28T08:56:05.273476Z"
        ]
      ]
    }
  },
  "license": "proprietary"
}