{
  "type": "Feature",
  "stac_version": "1.0.0",
  "id": "c9788854-a959-4b9a-bac5-34a521b40c7e",
  "properties": {
    "title": "Groundwork campaign labels",
    "description": "Labels created from a Groundwork campaign!",
    "label:description": "Labels for project 6587_tile_2",
    "label:type": "vector",
    "label:properties": [
      "default"
    ],
    "label:classes": [
      {
        "classes": [
          "Pavement_distress",
          "non_pavement_distress"
        ],
        "name": "default"
      }
    ],
    "label:tasks": [
      "detection"
    ],
    "datetime": "2025-05-07T19:02:18.607358Z"
  },
  "geometry": {
    "type": "Polygon",
    "coordinates": [
      [
        [
          8.526376694393651,
          47.43267485875634
        ],
        [
          8.526386101483165,
          47.43313531196618
        ],
        [
          8.525707503637282,
          47.433141693080344
        ],
        [
          8.52569810241974,
          47.43268123981586
        ],
        [
          8.526376694393651,
          47.43267485875634
        ]
      ]
    ]
  },
  "links": [
    {
      "rel": "source",
      "href": "../e01da1b6-486d-406d-8d56-dea832951da6/e01da1b6-486d-406d-8d56-dea832951da6.json",
      "type": "application/json"
    },
    {
      "rel": "root",
      "href": "../../catalog.json",
      "type": "application/json"
    },
    {
      "rel": "collection",
      "href": "../collection.json",
      "type": "application/json"
    },
    {
      "rel": "parent",
      "href": "../collection.json",
      "type": "application/json"
    }
  ],
  "assets": {
    "labels": {
      "href": "./labels.geojson",
      "type": "application/geo+json"
    }
  },
  "bbox": [
    8.52569810241974,
    47.43267485875634,
    8.526386101483165,
    47.433141693080344
  ],
  "stac_extensions": [
    "https://stac-extensions.github.io/label/v1.0.1/schema.json"
  ],
  "collection": "30c0c041-7c26-4d8e-ab81-c4cb482fd776"
}