{
  "type": "Feature",
  "stac_version": "1.0.0",
  "id": "043ef1e9-d7a7-4114-a4a7-62e6eb790f3b",
  "properties": {
    "title": "Groundwork campaign labels",
    "description": "Labels created from a Groundwork campaign!",
    "label:description": "Labels for project 11744_tile_1",
    "label:type": "vector",
    "label:properties": [
      "default"
    ],
    "label:classes": [
      {
        "classes": [
          "Pavement_distress",
          "non_pavement_distress"
        ],
        "name": "default"
      }
    ],
    "label:tasks": [
      "detection"
    ],
    "datetime": "2025-05-07T19:01:39.459311Z"
  },
  "geometry": {
    "type": "Polygon",
    "coordinates": [
      [
        [
          8.485202941236448,
          47.37522163390043
        ],
        [
          8.485211982144605,
          47.375682098726976
        ],
        [
          8.484534111456727,
          47.37568823810925
        ],
        [
          8.48452507640804,
          47.37522777323017
        ],
        [
          8.485202941236448,
          47.37522163390043
        ]
      ]
    ]
  },
  "links": [
    {
      "rel": "source",
      "href": "../ad2e061e-aba3-4cd8-ab7e-b1d3f4c7b643/ad2e061e-aba3-4cd8-ab7e-b1d3f4c7b643.json",
      "type": "application/json"
    },
    {
      "rel": "root",
      "href": "../../catalog.json",
      "type": "application/json"
    },
    {
      "rel": "collection",
      "href": "../collection.json",
      "type": "application/json"
    },
    {
      "rel": "parent",
      "href": "../collection.json",
      "type": "application/json"
    }
  ],
  "assets": {
    "labels": {
      "href": "./labels.geojson",
      "type": "application/geo+json"
    }
  },
  "bbox": [
    8.48452507640804,
    47.37522163390043,
    8.485211982144605,
    47.37568823810925
  ],
  "stac_extensions": [
    "https://stac-extensions.github.io/label/v1.0.1/schema.json"
  ],
  "collection": "7b3df705-cb52-409c-b6ed-71b66a4bd887"
}