{
  "type": "Collection",
  "id": "12105e96-594f-496e-8f86-fbd1e33c7206",
  "stac_version": "1.0.0",
  "description": "{17C12A46-DC5F-4884-8864-F4759DA6DB42}_tile_2",
  "links": [
    {
      "rel": "root",
      "href": "../catalog.json",
      "type": "application/json"
    },
    {
      "rel": "item",
      "href": "./a6bfd26d-568a-46c3-aa6f-6ec5da4d526e/a6bfd26d-568a-46c3-aa6f-6ec5da4d526e.json",
      "type": "application/json"
    },
    {
      "rel": "item",
      "href": "./55c4f5dd-a313-40d9-929e-8cdf7f205529/55c4f5dd-a313-40d9-929e-8cdf7f205529.json",
      "type": "application/json"
    },
    {
      "rel": "parent",
      "href": "../catalog.json",
      "type": "application/json"
    }
  ],
  "extent": {
    "spatial": {
      "bbox": [
        [
          8.530345710758965,
          47.3883215529399,
          8.531030779576842,
          47.38867150718609
        ]
      ]
    },
    "temporal": {
      "interval": [
        [
          "2025-01-31T23:46:02.519943Z",
          "2025-03-20T09:21:03.946415Z"
        ]
      ]
    }
  },
  "license": "proprietary"
}