{
  "type": "Feature",
  "stac_version": "1.0.0",
  "id": "4a623aeb-472f-4da7-bc0c-203bb199319e",
  "properties": {
    "title": "Groundwork campaign labels",
    "description": "Labels created from a Groundwork campaign!",
    "label:description": "Labels for project 7971_tile_0",
    "label:type": "vector",
    "label:properties": [
      "default"
    ],
    "label:classes": [
      {
        "classes": [
          "Pavement Distress",
          "Non-Pavement Distress"
        ],
        "name": "default"
      }
    ],
    "label:tasks": [
      "detection"
    ],
    "datetime": "2025-04-28T08:56:51.946187Z"
  },
  "geometry": {
    "type": "Polygon",
    "coordinates": [
      [
        [
          8.50675360666139,
          47.36838689466091
        ],
        [
          8.506762832695308,
          47.36884735872932
        ],
        [
          8.506085051508872,
          47.3688536246827
        ],
        [
          8.506075831332812,
          47.36839316056066
        ],
        [
          8.50675360666139,
          47.36838689466091
        ]
      ]
    ]
  },
  "links": [
    {
      "rel": "source",
      "href": "../4f6fb8d0-773e-4fa7-8100-2322b9ccfdc5/4f6fb8d0-773e-4fa7-8100-2322b9ccfdc5.json",
      "type": "application/json"
    },
    {
      "rel": "root",
      "href": "../../catalog.json",
      "type": "application/json"
    },
    {
      "rel": "collection",
      "href": "../collection.json",
      "type": "application/json"
    },
    {
      "rel": "parent",
      "href": "../collection.json",
      "type": "application/json"
    }
  ],
  "assets": {
    "labels": {
      "href": "./labels.geojson",
      "type": "application/geo+json"
    }
  },
  "bbox": [
    8.506075831332812,
    47.36838689466091,
    8.506762832695308,
    47.3688536246827
  ],
  "stac_extensions": [
    "https://stac-extensions.github.io/label/v1.0.1/schema.json"
  ],
  "collection": "f5a71cc3-8ea3-49cb-b3d6-81db83ca577d"
}