{
  "type": "Feature",
  "stac_version": "1.0.0",
  "id": "6ac91199-0917-4c91-9d40-673274a748c6",
  "properties": {
    "title": "Groundwork campaign labels",
    "description": "Labels created from a Groundwork campaign!",
    "label:description": "Labels for project 15102_tile_0",
    "label:type": "vector",
    "label:properties": [
      "default"
    ],
    "label:classes": [
      {
        "classes": [
          "Pavement Distress",
          "Non-Pavement Distress"
        ],
        "name": "default"
      }
    ],
    "label:tasks": [
      "detection"
    ],
    "datetime": "2025-04-28T08:56:13.137109Z"
  },
  "geometry": {
    "type": "Polygon",
    "coordinates": [
      [
        [
          8.4822536077749,
          47.36357002309357
        ],
        [
          8.482262621200904,
          47.36403048978027
        ],
        [
          8.481584898434853,
          47.36403661185577
        ],
        [
          8.481575890865763,
          47.363576145116724
        ],
        [
          8.4822536077749,
          47.36357002309357
        ]
      ]
    ]
  },
  "links": [
    {
      "rel": "source",
      "href": "../2322b447-e050-4841-a5cd-b3b3667f282b/2322b447-e050-4841-a5cd-b3b3667f282b.json",
      "type": "application/json"
    },
    {
      "rel": "root",
      "href": "../../catalog.json",
      "type": "application/json"
    },
    {
      "rel": "collection",
      "href": "../collection.json",
      "type": "application/json"
    },
    {
      "rel": "parent",
      "href": "../collection.json",
      "type": "application/json"
    }
  ],
  "assets": {
    "labels": {
      "href": "./labels.geojson",
      "type": "application/geo+json"
    }
  },
  "bbox": [
    8.481575890865763,
    47.36357002309357,
    8.482262621200904,
    47.36403661185577
  ],
  "stac_extensions": [
    "https://stac-extensions.github.io/label/v1.0.1/schema.json"
  ],
  "collection": "86549479-9186-4f88-b499-d22f905baff0"
}