{
  "type": "Collection",
  "id": "4a1650ab-5e70-40ff-b8c3-cdc5c41caf42",
  "stac_version": "1.0.0",
  "description": "15577_tile_0",
  "links": [
    {
      "rel": "root",
      "href": "../catalog.json",
      "type": "application/json"
    },
    {
      "rel": "item",
      "href": "./24b9e900-8ef9-4297-919b-f7b027c0107e/24b9e900-8ef9-4297-919b-f7b027c0107e.json",
      "type": "application/json"
    },
    {
      "rel": "item",
      "href": "./86bed9e8-c923-490e-a89a-f71b853820cd/86bed9e8-c923-490e-a89a-f71b853820cd.json",
      "type": "application/json"
    },
    {
      "rel": "parent",
      "href": "../catalog.json",
      "type": "application/json"
    }
  ],
  "extent": {
    "spatial": {
      "bbox": [
        [
          8.490557368422728,
          47.39001404099183,
          8.491244516473458,
          47.390480678039026
        ]
      ]
    },
    "temporal": {
      "interval": [
        [
          "2025-04-02T11:49:08.512662Z",
          "2025-04-28T08:56:11.246702Z"
        ]
      ]
    }
  },
  "license": "proprietary"
}