{
  "type": "Collection",
  "id": "cffeb505-a8df-4d1a-892c-d9a8d0ccdc32",
  "stac_version": "1.0.0",
  "description": "16339_tile_2",
  "links": [
    {
      "rel": "root",
      "href": "../catalog.json",
      "type": "application/json"
    },
    {
      "rel": "item",
      "href": "./a2277eb5-561b-4ea6-b479-b4e6cd614236/a2277eb5-561b-4ea6-b479-b4e6cd614236.json",
      "type": "application/json"
    },
    {
      "rel": "item",
      "href": "./560345a2-5acd-4b16-a05b-2841e55d85a4/560345a2-5acd-4b16-a05b-2841e55d85a4.json",
      "type": "application/json"
    },
    {
      "rel": "parent",
      "href": "../catalog.json",
      "type": "application/json"
    }
  ],
  "extent": {
    "spatial": {
      "bbox": [
        [
          8.551327298950795,
          47.39186054544644,
          8.552014989088134,
          47.392327534156344
        ]
      ]
    },
    "temporal": {
      "interval": [
        [
          "2025-05-06T07:13:54.563075Z",
          "2025-05-07T19:01:09.595430Z"
        ]
      ]
    }
  },
  "license": "proprietary"
}