{
  "type": "Feature",
  "stac_version": "1.0.0",
  "id": "1c73c1ce-9181-4ea0-9c17-8e490fbc92aa",
  "properties": {
    "title": "Groundwork campaign labels",
    "description": "Labels created from a Groundwork campaign!",
    "label:description": "Labels for project {CF53A244-3049-451E-BB1B-F74FB5691D54}_tile_2",
    "label:type": "vector",
    "label:properties": [
      "default"
    ],
    "label:classes": [
      {
        "classes": [
          "Pavement_distress",
          "Shadows"
        ],
        "name": "default"
      }
    ],
    "label:tasks": [
      "detection"
    ],
    "datetime": "2025-03-20T09:21:18.857942Z"
  },
  "geometry": {
    "type": "Polygon",
    "coordinates": [
      [
        [
          8.515783916713149,
          47.39121262267815
        ],
        [
          8.515791606798809,
          47.39159304188
        ],
        [
          8.515528060213118,
          47.39159549835067
        ],
        [
          8.515520372010071,
          47.3912150791314
        ],
        [
          8.515783916713149,
          47.39121262267815
        ]
      ]
    ]
  },
  "links": [
    {
      "rel": "source",
      "href": "../ef1c7595-99b0-41d0-9a8e-abe840374dbe/ef1c7595-99b0-41d0-9a8e-abe840374dbe.json",
      "type": "application/json"
    },
    {
      "rel": "root",
      "href": "../../catalog.json",
      "type": "application/json"
    },
    {
      "rel": "collection",
      "href": "../collection.json",
      "type": "application/json"
    },
    {
      "rel": "parent",
      "href": "../collection.json",
      "type": "application/json"
    }
  ],
  "assets": {
    "labels": {
      "href": "./labels.geojson",
      "type": "application/geo+json"
    }
  },
  "bbox": [
    8.515520372010071,
    47.39121262267815,
    8.515791606798809,
    47.39159549835067
  ],
  "stac_extensions": [
    "https://stac-extensions.github.io/label/v1.0.1/schema.json"
  ],
  "collection": "6707cbc8-c084-49a2-ac26-c00934af38bb"
}