{
  "type": "Feature",
  "stac_version": "1.0.0",
  "id": "d9028a4d-3825-43f6-a59f-d8b7f5431dd4",
  "properties": {
    "title": "Groundwork campaign labels",
    "description": "Labels created from a Groundwork campaign!",
    "label:description": "Labels for project {838D6E03-73D1-4BB2-8763-4BD84682EE80}_tile_1",
    "label:type": "vector",
    "label:properties": [
      "default"
    ],
    "label:classes": [
      {
        "classes": [
          "Pavement_distress",
          "Shadows"
        ],
        "name": "default"
      }
    ],
    "label:tasks": [
      "detection"
    ],
    "datetime": "2025-03-20T09:20:54.471798Z"
  },
  "geometry": {
    "type": "Polygon",
    "coordinates": [
      [
        [
          8.511094377140887,
          47.372103027610116
        ],
        [
          8.51109493805512,
          47.37213090721968
        ],
        [
          8.510421087215809,
          47.37213716175824
        ],
        [
          8.51042052665422,
          47.37210928214537
        ],
        [
          8.511094377140887,
          47.372103027610116
        ]
      ]
    ]
  },
  "links": [
    {
      "rel": "source",
      "href": "../5c4e98bd-9bc0-41b2-be37-486f00227a58/5c4e98bd-9bc0-41b2-be37-486f00227a58.json",
      "type": "application/json"
    },
    {
      "rel": "root",
      "href": "../../catalog.json",
      "type": "application/json"
    },
    {
      "rel": "collection",
      "href": "../collection.json",
      "type": "application/json"
    },
    {
      "rel": "parent",
      "href": "../collection.json",
      "type": "application/json"
    }
  ],
  "assets": {
    "labels": {
      "href": "./labels.geojson",
      "type": "application/geo+json"
    }
  },
  "bbox": [
    8.51042052665422,
    47.372103027610116,
    8.51109493805512,
    47.37213716175824
  ],
  "stac_extensions": [
    "https://stac-extensions.github.io/label/v1.0.1/schema.json"
  ],
  "collection": "4b1a8cf9-3df4-4209-abdd-9ebec5b47583"
}