{
  "type": "Feature",
  "stac_version": "1.0.0",
  "id": "413cd4b7-daf6-40e6-ba57-e8d4e843d500",
  "properties": {
    "title": "Groundwork campaign labels",
    "description": "Labels created from a Groundwork campaign!",
    "label:description": "Labels for project {BC0DAF75-1B5D-4F54-93EB-330ABC48A0DF}_tile_0",
    "label:type": "vector",
    "label:properties": [
      "default"
    ],
    "label:classes": [
      {
        "classes": [
          "Pavement_distress",
          "Shadows"
        ],
        "name": "default"
      }
    ],
    "label:tasks": [
      "detection"
    ],
    "datetime": "2025-03-20T09:21:16.184736Z"
  },
  "geometry": {
    "type": "Polygon",
    "coordinates": [
      [
        [
          8.476880641152439,
          47.41575167709621
        ],
        [
          8.47688204361575,
          47.415823623923984
        ],
        [
          8.476203660673294,
          47.41582971433792
        ],
        [
          8.476202259126923,
          47.415757767501994
        ],
        [
          8.476880641152439,
          47.41575167709621
        ]
      ]
    ]
  },
  "links": [
    {
      "rel": "source",
      "href": "../138b44f5-22cb-4ad8-bc22-e2fc2b749676/138b44f5-22cb-4ad8-bc22-e2fc2b749676.json",
      "type": "application/json"
    },
    {
      "rel": "root",
      "href": "../../catalog.json",
      "type": "application/json"
    },
    {
      "rel": "collection",
      "href": "../collection.json",
      "type": "application/json"
    },
    {
      "rel": "parent",
      "href": "../collection.json",
      "type": "application/json"
    }
  ],
  "assets": {
    "labels": {
      "href": "./labels.geojson",
      "type": "application/geo+json"
    }
  },
  "bbox": [
    8.476202259126923,
    47.41575167709621,
    8.47688204361575,
    47.41582971433792
  ],
  "stac_extensions": [
    "https://stac-extensions.github.io/label/v1.0.1/schema.json"
  ],
  "collection": "9ca84b58-6ac2-4b22-9afa-5f6f8094fef2"
}