{
  "type": "Collection",
  "id": "b100bce1-f031-48a3-b13d-a7571ae0db5e",
  "stac_version": "1.0.0",
  "description": "14387_tile_0",
  "links": [
    {
      "rel": "root",
      "href": "../catalog.json",
      "type": "application/json"
    },
    {
      "rel": "item",
      "href": "./96c4fdd8-a6eb-40d8-bd57-8d09281b3d31/96c4fdd8-a6eb-40d8-bd57-8d09281b3d31.json",
      "type": "application/json"
    },
    {
      "rel": "item",
      "href": "./442ca89e-b172-45c7-83a0-58b6ada02dc2/442ca89e-b172-45c7-83a0-58b6ada02dc2.json",
      "type": "application/json"
    },
    {
      "rel": "parent",
      "href": "../catalog.json",
      "type": "application/json"
    }
  ],
  "extent": {
    "spatial": {
      "bbox": [
        [
          8.505885293386942,
          47.40390743223975,
          8.506572751586909,
          47.404374156069025
        ]
      ]
    },
    "temporal": {
      "interval": [
        [
          "2025-05-06T07:13:04.649614Z",
          "2025-05-07T19:01:22.344128Z"
        ]
      ]
    }
  },
  "license": "proprietary"
}