{
  "type": "Feature",
  "stac_version": "1.0.0",
  "id": "7de31455-1680-47de-b100-e1b6d9520444",
  "properties": {
    "title": "Groundwork campaign labels",
    "description": "Labels created from a Groundwork campaign!",
    "label:description": "Labels for project {78C6FCB2-283E-4150-8EC5-EF595A0EE908}_tile_3",
    "label:type": "vector",
    "label:properties": [
      "default"
    ],
    "label:classes": [
      {
        "classes": [
          "Pavement_distress",
          "Shadows"
        ],
        "name": "default"
      }
    ],
    "label:tasks": [
      "detection"
    ],
    "datetime": "2025-03-20T09:20:53.299205Z"
  },
  "geometry": {
    "type": "Polygon",
    "coordinates": [
      [
        [
          8.528949824663268,
          47.394744737276625
        ],
        [
          8.528950045503514,
          47.39475552927433
        ],
        [
          8.528271937150581,
          47.39476192549402
        ],
        [
          8.528271716447765,
          47.39475113349506
        ],
        [
          8.528949824663268,
          47.394744737276625
        ]
      ]
    ]
  },
  "links": [
    {
      "rel": "source",
      "href": "../8b43b91f-12e6-474f-af7c-30db50e6188d/8b43b91f-12e6-474f-af7c-30db50e6188d.json",
      "type": "application/json"
    },
    {
      "rel": "root",
      "href": "../../catalog.json",
      "type": "application/json"
    },
    {
      "rel": "collection",
      "href": "../collection.json",
      "type": "application/json"
    },
    {
      "rel": "parent",
      "href": "../collection.json",
      "type": "application/json"
    }
  ],
  "assets": {
    "labels": {
      "href": "./labels.geojson",
      "type": "application/geo+json"
    }
  },
  "bbox": [
    8.528271716447765,
    47.394744737276625,
    8.528950045503514,
    47.39476192549402
  ],
  "stac_extensions": [
    "https://stac-extensions.github.io/label/v1.0.1/schema.json"
  ],
  "collection": "5a67a3bb-29b1-406b-b026-24e5e1ddaa37"
}