{
  "type": "Collection",
  "id": "942a7c59-12ed-4ef0-beb9-51832527563b",
  "stac_version": "1.0.0",
  "description": "15815_tile_3",
  "links": [
    {
      "rel": "root",
      "href": "../catalog.json",
      "type": "application/json"
    },
    {
      "rel": "item",
      "href": "./5a9395f3-2233-40bb-b4f9-9b8b3fdfc2dc/5a9395f3-2233-40bb-b4f9-9b8b3fdfc2dc.json",
      "type": "application/json"
    },
    {
      "rel": "item",
      "href": "./49263727-82c4-436b-8561-397c4886bd9e/49263727-82c4-436b-8561-397c4886bd9e.json",
      "type": "application/json"
    },
    {
      "rel": "parent",
      "href": "../catalog.json",
      "type": "application/json"
    }
  ],
  "extent": {
    "spatial": {
      "bbox": [
        [
          8.527220130003652,
          47.37433129487917,
          8.527907388319774,
          47.374798146519566
        ]
      ]
    },
    "temporal": {
      "interval": [
        [
          "2025-04-02T11:49:15.685468Z",
          "2025-04-28T08:56:09.200537Z"
        ]
      ]
    }
  },
  "license": "proprietary"
}