{
  "type": "Feature",
  "stac_version": "1.0.0",
  "id": "037ffbfa-62c4-4adf-84fc-c342d1a46bc2",
  "properties": {
    "title": "Groundwork campaign labels",
    "description": "Labels created from a Groundwork campaign!",
    "label:description": "Labels for project 5494_tile_1",
    "label:type": "vector",
    "label:properties": [
      "default"
    ],
    "label:classes": [
      {
        "classes": [
          "Pavement Distress",
          "Non-Pavement Distress"
        ],
        "name": "default"
      }
    ],
    "label:tasks": [
      "detection"
    ],
    "datetime": "2025-04-28T08:57:04.950126Z"
  },
  "geometry": {
    "type": "Polygon",
    "coordinates": [
      [
        [
          8.47180722451181,
          47.38368150373601
        ],
        [
          8.47181615103284,
          47.38414196841746
        ],
        [
          8.471138171111155,
          47.38414802911883
        ],
        [
          8.471129250451531,
          47.383687564385504
        ],
        [
          8.47180722451181,
          47.38368150373601
        ]
      ]
    ]
  },
  "links": [
    {
      "rel": "source",
      "href": "../71ff171b-ca75-443e-9acf-044abfc818a3/71ff171b-ca75-443e-9acf-044abfc818a3.json",
      "type": "application/json"
    },
    {
      "rel": "root",
      "href": "../../catalog.json",
      "type": "application/json"
    },
    {
      "rel": "collection",
      "href": "../collection.json",
      "type": "application/json"
    },
    {
      "rel": "parent",
      "href": "../collection.json",
      "type": "application/json"
    }
  ],
  "assets": {
    "labels": {
      "href": "./labels.geojson",
      "type": "application/geo+json"
    }
  },
  "bbox": [
    8.471129250451531,
    47.38368150373601,
    8.47181615103284,
    47.38414802911883
  ],
  "stac_extensions": [
    "https://stac-extensions.github.io/label/v1.0.1/schema.json"
  ],
  "collection": "6e0c5643-f8f8-4570-a62c-ccb8f06eae90"
}