{
  "type": "Feature",
  "stac_version": "1.0.0",
  "id": "c20e7649-4b91-4045-9998-cf1ad8e0ac66",
  "properties": {
    "title": "Groundwork campaign labels",
    "description": "Labels created from a Groundwork campaign!",
    "label:description": "Labels for project 2515_tile_1",
    "label:type": "vector",
    "label:properties": [
      "default"
    ],
    "label:classes": [
      {
        "classes": [
          "Pavement_distress",
          "non_pavement_distress"
        ],
        "name": "default"
      }
    ],
    "label:tasks": [
      "detection"
    ],
    "datetime": "2025-05-07T19:02:35.919635Z"
  },
  "geometry": {
    "type": "Polygon",
    "coordinates": [
      [
        [
          8.557661293124731,
          47.37109997078103
        ],
        [
          8.557670959715473,
          47.371560430278514
        ],
        [
          8.556993150172294,
          47.37156699519552
        ],
        [
          8.556983489439753,
          47.37110653564192
        ],
        [
          8.557661293124731,
          47.37109997078103
        ]
      ]
    ]
  },
  "links": [
    {
      "rel": "source",
      "href": "../3da7fbc2-0646-4dbe-9236-f6a56df93507/3da7fbc2-0646-4dbe-9236-f6a56df93507.json",
      "type": "application/json"
    },
    {
      "rel": "root",
      "href": "../../catalog.json",
      "type": "application/json"
    },
    {
      "rel": "collection",
      "href": "../collection.json",
      "type": "application/json"
    },
    {
      "rel": "parent",
      "href": "../collection.json",
      "type": "application/json"
    }
  ],
  "assets": {
    "labels": {
      "href": "./labels.geojson",
      "type": "application/geo+json"
    }
  },
  "bbox": [
    8.556983489439753,
    47.37109997078103,
    8.557670959715473,
    47.37156699519552
  ],
  "stac_extensions": [
    "https://stac-extensions.github.io/label/v1.0.1/schema.json"
  ],
  "collection": "64cde8c2-3ad0-49cb-a04d-1cb2f24b87c6"
}