{
  "type": "Feature",
  "stac_version": "1.0.0",
  "id": "3e1954c5-26b5-4ece-bb7a-0e6ea0314f72",
  "properties": {
    "title": "Groundwork campaign labels",
    "description": "Labels created from a Groundwork campaign!",
    "label:description": "Labels for project 1802_tile_3",
    "label:type": "vector",
    "label:properties": [
      "default"
    ],
    "label:classes": [
      {
        "classes": [
          "Pavement Distress",
          "Non-Pavement Distress"
        ],
        "name": "default"
      }
    ],
    "label:tasks": [
      "detection"
    ],
    "datetime": "2025-04-28T08:57:24.275144Z"
  },
  "geometry": {
    "type": "Polygon",
    "coordinates": [
      [
        [
          8.536442292662782,
          47.42708560625027
        ],
        [
          8.53645178586406,
          47.427546059459715
        ],
        [
          8.535773260523209,
          47.42755249969285
        ],
        [
          8.535763773192611,
          47.427092046428264
        ],
        [
          8.536442292662782,
          47.42708560625027
        ]
      ]
    ]
  },
  "links": [
    {
      "rel": "source",
      "href": "../9f5c1379-04ac-4a81-8010-f66713942494/9f5c1379-04ac-4a81-8010-f66713942494.json",
      "type": "application/json"
    },
    {
      "rel": "root",
      "href": "../../catalog.json",
      "type": "application/json"
    },
    {
      "rel": "collection",
      "href": "../collection.json",
      "type": "application/json"
    },
    {
      "rel": "parent",
      "href": "../collection.json",
      "type": "application/json"
    }
  ],
  "assets": {
    "labels": {
      "href": "./labels.geojson",
      "type": "application/geo+json"
    }
  },
  "bbox": [
    8.535763773192611,
    47.42708560625027,
    8.53645178586406,
    47.42755249969285
  ],
  "stac_extensions": [
    "https://stac-extensions.github.io/label/v1.0.1/schema.json"
  ],
  "collection": "9c02656a-f53b-4868-8305-6e6656a0cf12"
}