{
  "type": "Feature",
  "stac_version": "1.0.0",
  "id": "becd87cd-5d4a-471c-86db-a9969f906727",
  "properties": {
    "title": "Groundwork campaign labels",
    "description": "Labels created from a Groundwork campaign!",
    "label:description": "Labels for project {3AE42511-8B9C-43E8-B104-21787CDFF204}_tile_2",
    "label:type": "vector",
    "label:properties": [
      "default"
    ],
    "label:classes": [
      {
        "classes": [
          "Pavement_distress",
          "Shadows"
        ],
        "name": "default"
      }
    ],
    "label:tasks": [
      "detection"
    ],
    "datetime": "2025-03-20T09:21:09.393472Z"
  },
  "geometry": {
    "type": "Polygon",
    "coordinates": [
      [
        [
          8.527749757440407,
          47.41198785545821
        ],
        [
          8.527759172727588,
          47.4124483116001
        ],
        [
          8.527080838809853,
          47.41245470080387
        ],
        [
          8.527071429390055,
          47.41199424460728
        ],
        [
          8.527749757440407,
          47.41198785545821
        ]
      ]
    ]
  },
  "links": [
    {
      "rel": "source",
      "href": "../5c599fd2-16cc-4486-bbd8-4fa3be07479d/5c599fd2-16cc-4486-bbd8-4fa3be07479d.json",
      "type": "application/json"
    },
    {
      "rel": "root",
      "href": "../../catalog.json",
      "type": "application/json"
    },
    {
      "rel": "collection",
      "href": "../collection.json",
      "type": "application/json"
    },
    {
      "rel": "parent",
      "href": "../collection.json",
      "type": "application/json"
    }
  ],
  "assets": {
    "labels": {
      "href": "./labels.geojson",
      "type": "application/geo+json"
    }
  },
  "bbox": [
    8.527071429390055,
    47.41198785545821,
    8.527759172727588,
    47.41245470080387
  ],
  "stac_extensions": [
    "https://stac-extensions.github.io/label/v1.0.1/schema.json"
  ],
  "collection": "86685e13-558b-410f-b123-d96d41ece8a0"
}