{
  "type": "Feature",
  "stac_version": "1.0.0",
  "id": "5eb1a04a-b1ef-404f-9135-6c329258b7fc",
  "properties": {
    "title": "Groundwork campaign labels",
    "description": "Labels created from a Groundwork campaign!",
    "label:description": "Labels for project {BCAE6812-CA69-4F5A-B57A-2B4D2BC0AC00}_tile_0",
    "label:type": "vector",
    "label:properties": [
      "default"
    ],
    "label:classes": [
      {
        "classes": [
          "Pavement_distress",
          "Shadows"
        ],
        "name": "default"
      }
    ],
    "label:tasks": [
      "detection"
    ],
    "datetime": "2025-03-20T09:21:28.328927Z"
  },
  "geometry": {
    "type": "Polygon",
    "coordinates": [
      [
        [
          8.49345818099313,
          47.38506989043915
        ],
        [
          8.493466440526001,
          47.38548718483855
        ],
        [
          8.49278844598162,
          47.38549337268523
        ],
        [
          8.492780191760822,
          47.38507607823784
        ],
        [
          8.49345818099313,
          47.38506989043915
        ]
      ]
    ]
  },
  "links": [
    {
      "rel": "source",
      "href": "../28ff72a5-8261-4c28-a26e-a3bf78eb1646/28ff72a5-8261-4c28-a26e-a3bf78eb1646.json",
      "type": "application/json"
    },
    {
      "rel": "root",
      "href": "../../catalog.json",
      "type": "application/json"
    },
    {
      "rel": "collection",
      "href": "../collection.json",
      "type": "application/json"
    },
    {
      "rel": "parent",
      "href": "../collection.json",
      "type": "application/json"
    }
  ],
  "assets": {
    "labels": {
      "href": "./labels.geojson",
      "type": "application/geo+json"
    }
  },
  "bbox": [
    8.492780191760822,
    47.38506989043915,
    8.493466440526001,
    47.38549337268523
  ],
  "stac_extensions": [
    "https://stac-extensions.github.io/label/v1.0.1/schema.json"
  ],
  "collection": "e7fbf980-48b3-49c5-b037-daeee4b95195"
}