{
  "type": "Feature",
  "stac_version": "1.0.0",
  "id": "7bb77bd9-c91a-440d-8895-c98522c749a2",
  "properties": {
    "title": "Groundwork campaign labels",
    "description": "Labels created from a Groundwork campaign!",
    "label:description": "Labels for project 5832_tile_2",
    "label:type": "vector",
    "label:properties": [
      "default"
    ],
    "label:classes": [
      {
        "classes": [
          "Pavement_distress",
          "non_pavement_distress"
        ],
        "name": "default"
      }
    ],
    "label:tasks": [
      "detection"
    ],
    "datetime": "2025-05-07T19:02:20.670271Z"
  },
  "geometry": {
    "type": "Polygon",
    "coordinates": [
      [
        [
          8.535437431532124,
          47.41124863523052
        ],
        [
          8.53544691319617,
          47.41170909084711
        ],
        [
          8.53476858963176,
          47.411715525199114
        ],
        [
          8.534759113834895,
          47.41125506952747
        ],
        [
          8.535437431532124,
          47.41124863523052
        ]
      ]
    ]
  },
  "links": [
    {
      "rel": "source",
      "href": "../84d2f8a8-ff16-41b4-909f-6fed2a621bdc/84d2f8a8-ff16-41b4-909f-6fed2a621bdc.json",
      "type": "application/json"
    },
    {
      "rel": "root",
      "href": "../../catalog.json",
      "type": "application/json"
    },
    {
      "rel": "collection",
      "href": "../collection.json",
      "type": "application/json"
    },
    {
      "rel": "parent",
      "href": "../collection.json",
      "type": "application/json"
    }
  ],
  "assets": {
    "labels": {
      "href": "./labels.geojson",
      "type": "application/geo+json"
    }
  },
  "bbox": [
    8.534759113834895,
    47.41124863523052,
    8.53544691319617,
    47.411715525199114
  ],
  "stac_extensions": [
    "https://stac-extensions.github.io/label/v1.0.1/schema.json"
  ],
  "collection": "b8e1b85f-1823-4cf0-b638-1527f918210b"
}