{
  "type": "Collection",
  "id": "411f5d33-345d-4015-ab9e-5fcf20cbb918",
  "stac_version": "1.0.0",
  "description": "10198_tile_1",
  "links": [
    {
      "rel": "root",
      "href": "../catalog.json",
      "type": "application/json"
    },
    {
      "rel": "item",
      "href": "./f2264c46-41e0-4765-97f5-b8ad4ed54dff/f2264c46-41e0-4765-97f5-b8ad4ed54dff.json",
      "type": "application/json"
    },
    {
      "rel": "item",
      "href": "./c0c58b7d-4259-43b9-baa5-66f1adb79716/c0c58b7d-4259-43b9-baa5-66f1adb79716.json",
      "type": "application/json"
    },
    {
      "rel": "parent",
      "href": "../catalog.json",
      "type": "application/json"
    }
  ],
  "extent": {
    "spatial": {
      "bbox": [
        [
          8.543219831295653,
          47.410479923878476,
          8.543907692884114,
          47.41094686294506
        ]
      ]
    },
    "temporal": {
      "interval": [
        [
          "2025-04-02T11:46:54.980149Z",
          "2025-04-28T08:56:38.863849Z"
        ]
      ]
    }
  },
  "license": "proprietary"
}