{
  "type": "Feature",
  "stac_version": "1.0.0",
  "id": "0b598a08-a572-4a07-9ddf-fd26a31674f1",
  "properties": {
    "title": "Groundwork campaign labels",
    "description": "Labels created from a Groundwork campaign!",
    "label:description": "Labels for project 2306_tile_0",
    "label:type": "vector",
    "label:properties": [
      "default"
    ],
    "label:classes": [
      {
        "classes": [
          "Pavement Distress",
          "Non-Pavement Distress"
        ],
        "name": "default"
      }
    ],
    "label:tasks": [
      "detection"
    ],
    "datetime": "2025-04-28T08:57:21.118080Z"
  },
  "geometry": {
    "type": "Polygon",
    "coordinates": [
      [
        [
          8.548490200120375,
          47.35836402914111
        ],
        [
          8.54849978512453,
          47.358824491180506
        ],
        [
          8.547822136478036,
          47.3588310022549
        ],
        [
          8.547812557329308,
          47.35837054015981
        ],
        [
          8.548490200120375,
          47.35836402914111
        ]
      ]
    ]
  },
  "links": [
    {
      "rel": "source",
      "href": "../fefee5f1-9290-46b3-9227-73f8dd97d07a/fefee5f1-9290-46b3-9227-73f8dd97d07a.json",
      "type": "application/json"
    },
    {
      "rel": "root",
      "href": "../../catalog.json",
      "type": "application/json"
    },
    {
      "rel": "collection",
      "href": "../collection.json",
      "type": "application/json"
    },
    {
      "rel": "parent",
      "href": "../collection.json",
      "type": "application/json"
    }
  ],
  "assets": {
    "labels": {
      "href": "./labels.geojson",
      "type": "application/geo+json"
    }
  },
  "bbox": [
    8.547812557329308,
    47.35836402914111,
    8.54849978512453,
    47.3588310022549
  ],
  "stac_extensions": [
    "https://stac-extensions.github.io/label/v1.0.1/schema.json"
  ],
  "collection": "8362eb64-059e-4362-9b59-57dd85546e6e"
}