{
  "type": "Collection",
  "id": "030719d0-c3ff-4b50-9b9a-53fdbafaca0f",
  "stac_version": "1.0.0",
  "description": "6619_tile_1",
  "links": [
    {
      "rel": "root",
      "href": "../catalog.json",
      "type": "application/json"
    },
    {
      "rel": "item",
      "href": "./0d4bd7d4-739b-4bed-b503-69c17d323d8e/0d4bd7d4-739b-4bed-b503-69c17d323d8e.json",
      "type": "application/json"
    },
    {
      "rel": "item",
      "href": "./c34f68dd-721a-4798-8ef0-70ac546b40c6/c34f68dd-721a-4798-8ef0-70ac546b40c6.json",
      "type": "application/json"
    },
    {
      "rel": "parent",
      "href": "../catalog.json",
      "type": "application/json"
    }
  ],
  "extent": {
    "spatial": {
      "bbox": [
        [
          8.494932454996912,
          47.38721082932984,
          8.495619604192287,
          47.38767749212592
        ]
      ]
    },
    "temporal": {
      "interval": [
        [
          "2025-05-06T07:09:20.103553Z",
          "2025-05-07T19:02:18.254148Z"
        ]
      ]
    }
  },
  "license": "proprietary"
}