{
  "type": "Collection",
  "id": "58308413-cb54-40df-a2f7-a2b399e59605",
  "stac_version": "1.0.0",
  "description": "16340_tile_3",
  "links": [
    {
      "rel": "root",
      "href": "../catalog.json",
      "type": "application/json"
    },
    {
      "rel": "item",
      "href": "./e61846f0-7871-4118-a858-229858ac393d/e61846f0-7871-4118-a858-229858ac393d.json",
      "type": "application/json"
    },
    {
      "rel": "item",
      "href": "./dd3f1300-f888-48d2-9c77-341af85c8f0e/dd3f1300-f888-48d2-9c77-341af85c8f0e.json",
      "type": "application/json"
    },
    {
      "rel": "parent",
      "href": "../catalog.json",
      "type": "application/json"
    }
  ],
  "extent": {
    "spatial": {
      "bbox": [
        [
          8.528239797397022,
          47.39104626487984,
          8.528927280175738,
          47.3915131200373
        ]
      ]
    },
    "temporal": {
      "interval": [
        [
          "2025-04-02T11:49:30.753985Z",
          "2025-04-28T08:56:05.073359Z"
        ]
      ]
    }
  },
  "license": "proprietary"
}