{
  "type": "Collection",
  "id": "3372ab88-4473-48fa-8b54-106dce1dd52f",
  "stac_version": "1.0.0",
  "description": "1869_tile_0",
  "links": [
    {
      "rel": "root",
      "href": "../catalog.json",
      "type": "application/json"
    },
    {
      "rel": "item",
      "href": "./9d96d1cc-07e3-400d-aee1-8d4bba1417a4/9d96d1cc-07e3-400d-aee1-8d4bba1417a4.json",
      "type": "application/json"
    },
    {
      "rel": "item",
      "href": "./b7c1f25b-3fdf-4412-b423-269238c8440f/b7c1f25b-3fdf-4412-b423-269238c8440f.json",
      "type": "application/json"
    },
    {
      "rel": "parent",
      "href": "../catalog.json",
      "type": "application/json"
    }
  ],
  "extent": {
    "spatial": {
      "bbox": [
        [
          8.535198778563347,
          47.41677100493076,
          8.535886653053577,
          47.417237896631974
        ]
      ]
    },
    "temporal": {
      "interval": [
        [
          "2025-04-02T11:44:21.508717Z",
          "2025-04-28T08:57:24.149429Z"
        ]
      ]
    }
  },
  "license": "proprietary"
}