{
  "type": "Collection",
  "id": "101c7b01-83f2-4fe8-99f5-43f27895368f",
  "stac_version": "1.0.0",
  "description": "11980_tile_0",
  "links": [
    {
      "rel": "root",
      "href": "../catalog.json",
      "type": "application/json"
    },
    {
      "rel": "item",
      "href": "./74c3c96f-6816-4ebd-b880-bbe5e3d220e5/74c3c96f-6816-4ebd-b880-bbe5e3d220e5.json",
      "type": "application/json"
    },
    {
      "rel": "item",
      "href": "./e11d7b38-6254-45bb-9e43-61a0f5a5fcac/e11d7b38-6254-45bb-9e43-61a0f5a5fcac.json",
      "type": "application/json"
    },
    {
      "rel": "parent",
      "href": "../catalog.json",
      "type": "application/json"
    }
  ],
  "extent": {
    "spatial": {
      "bbox": [
        [
          8.541721090776091,
          47.33439798079783,
          8.542407957675664,
          47.33486492194823
        ]
      ]
    },
    "temporal": {
      "interval": [
        [
          "2025-04-02T11:47:37.314482Z",
          "2025-04-28T08:56:26.664476Z"
        ]
      ]
    }
  },
  "license": "proprietary"
}