{
  "type": "Feature",
  "stac_version": "1.0.0",
  "id": "50f48f1b-340d-493e-a309-a875ed9e84c0",
  "properties": {
    "title": "Groundwork campaign labels",
    "description": "Labels created from a Groundwork campaign!",
    "label:description": "Labels for project 3415_tile_4",
    "label:type": "vector",
    "label:properties": [
      "default"
    ],
    "label:classes": [
      {
        "classes": [
          "Pavement_distress",
          "non_pavement_distress"
        ],
        "name": "default"
      }
    ],
    "label:tasks": [
      "detection"
    ],
    "datetime": "2025-05-07T19:02:30.297240Z"
  },
  "geometry": {
    "type": "Polygon",
    "coordinates": [
      [
        [
          8.52311850794788,
          47.372678887267746
        ],
        [
          8.523127876205145,
          47.373139349409456
        ],
        [
          8.5224500423535,
          47.37314571146465
        ],
        [
          8.522440679954954,
          47.3726852492685
        ],
        [
          8.52311850794788,
          47.372678887267746
        ]
      ]
    ]
  },
  "links": [
    {
      "rel": "source",
      "href": "../eb9db8d0-04e4-427d-922c-1dee364c31e2/eb9db8d0-04e4-427d-922c-1dee364c31e2.json",
      "type": "application/json"
    },
    {
      "rel": "root",
      "href": "../../catalog.json",
      "type": "application/json"
    },
    {
      "rel": "collection",
      "href": "../collection.json",
      "type": "application/json"
    },
    {
      "rel": "parent",
      "href": "../collection.json",
      "type": "application/json"
    }
  ],
  "assets": {
    "labels": {
      "href": "./labels.geojson",
      "type": "application/geo+json"
    }
  },
  "bbox": [
    8.522440679954954,
    47.372678887267746,
    8.523127876205145,
    47.37314571146465
  ],
  "stac_extensions": [
    "https://stac-extensions.github.io/label/v1.0.1/schema.json"
  ],
  "collection": "436383f3-16f2-4fdf-a363-a4f0fdc6c2c5"
}