{
  "type": "Collection",
  "id": "7605cf99-c1b4-4fb7-b07c-1ef6e370c0dd",
  "stac_version": "1.0.0",
  "description": "{AA2E0CBE-15F4-41FD-A460-5EB2842B135D}_tile_0",
  "links": [
    {
      "rel": "root",
      "href": "../catalog.json",
      "type": "application/json"
    },
    {
      "rel": "item",
      "href": "./3621c75e-bc77-416f-a5fd-f31be2e343af/3621c75e-bc77-416f-a5fd-f31be2e343af.json",
      "type": "application/json"
    },
    {
      "rel": "item",
      "href": "./a92902b3-a847-4390-b886-6b9745512ea4/a92902b3-a847-4390-b886-6b9745512ea4.json",
      "type": "application/json"
    },
    {
      "rel": "parent",
      "href": "../catalog.json",
      "type": "application/json"
    }
  ],
  "extent": {
    "spatial": {
      "bbox": [
        [
          8.584437418744995,
          47.35785058493147,
          8.585124951871808,
          47.35831777009226
        ]
      ]
    },
    "temporal": {
      "interval": [
        [
          "2025-01-31T23:44:43.029184Z",
          "2025-03-20T09:21:21.864837Z"
        ]
      ]
    }
  },
  "license": "proprietary"
}