{
  "type": "Collection",
  "id": "779afe71-c5cf-47be-a712-edb43412cd7e",
  "stac_version": "1.0.0",
  "description": "477_tile_0",
  "links": [
    {
      "rel": "root",
      "href": "../catalog.json",
      "type": "application/json"
    },
    {
      "rel": "item",
      "href": "./1902eea0-60d5-4df1-877b-bbcc0f36bd29/1902eea0-60d5-4df1-877b-bbcc0f36bd29.json",
      "type": "application/json"
    },
    {
      "rel": "item",
      "href": "./d03d5581-20f0-401f-b91a-cd676654832d/d03d5581-20f0-401f-b91a-cd676654832d.json",
      "type": "application/json"
    },
    {
      "rel": "parent",
      "href": "../catalog.json",
      "type": "application/json"
    }
  ],
  "extent": {
    "spatial": {
      "bbox": [
        [
          8.57241798134207,
          47.412903661709755,
          8.573106123239468,
          47.41337076942666
        ]
      ]
    },
    "temporal": {
      "interval": [
        [
          "2025-04-02T11:44:04.665582Z",
          "2025-04-28T08:57:29.268080Z"
        ]
      ]
    }
  },
  "license": "proprietary"
}