{
  "type": "Feature",
  "stac_version": "1.0.0",
  "id": "0571354a-a4ac-4d78-bd37-4e053b4a5f45",
  "properties": {
    "title": "Groundwork campaign labels",
    "description": "Labels created from a Groundwork campaign!",
    "label:description": "Labels for project {279979D8-FB2E-4F81-B312-0F213D7C8CB4}_tile_0",
    "label:type": "vector",
    "label:properties": [
      "default"
    ],
    "label:classes": [
      {
        "classes": [
          "Pavement_distress",
          "Shadows"
        ],
        "name": "default"
      }
    ],
    "label:tasks": [
      "detection"
    ],
    "datetime": "2025-03-20T09:21:01.760973Z"
  },
  "geometry": {
    "type": "Polygon",
    "coordinates": [
      [
        [
          8.553722347854356,
          47.387569506723324
        ],
        [
          8.553724022769758,
          47.387649547192524
        ],
        [
          8.55357305854433,
          47.38765100409136
        ],
        [
          8.553571383855804,
          47.38757096362001
        ],
        [
          8.553722347854356,
          47.387569506723324
        ]
      ]
    ]
  },
  "links": [
    {
      "rel": "source",
      "href": "../c795da61-6e6d-4124-a334-f8033309ea6a/c795da61-6e6d-4124-a334-f8033309ea6a.json",
      "type": "application/json"
    },
    {
      "rel": "root",
      "href": "../../catalog.json",
      "type": "application/json"
    },
    {
      "rel": "collection",
      "href": "../collection.json",
      "type": "application/json"
    },
    {
      "rel": "parent",
      "href": "../collection.json",
      "type": "application/json"
    }
  ],
  "assets": {
    "labels": {
      "href": "./labels.geojson",
      "type": "application/geo+json"
    }
  },
  "bbox": [
    8.553571383855804,
    47.387569506723324,
    8.553724022769758,
    47.38765100409136
  ],
  "stac_extensions": [
    "https://stac-extensions.github.io/label/v1.0.1/schema.json"
  ],
  "collection": "00aac8eb-41ea-4d8d-b5f6-3ba2c146db35"
}