{
  "type": "Collection",
  "id": "ff668721-9172-4ca2-86c0-ba470744e2dc",
  "stac_version": "1.0.0",
  "description": "5657_tile_1",
  "links": [
    {
      "rel": "root",
      "href": "../catalog.json",
      "type": "application/json"
    },
    {
      "rel": "item",
      "href": "./e41cc8ff-fe19-417a-bf30-9662b562a0f4/e41cc8ff-fe19-417a-bf30-9662b562a0f4.json",
      "type": "application/json"
    },
    {
      "rel": "item",
      "href": "./eace2203-d48f-4046-a47f-b33a61a734bd/eace2203-d48f-4046-a47f-b33a61a734bd.json",
      "type": "application/json"
    },
    {
      "rel": "parent",
      "href": "../catalog.json",
      "type": "application/json"
    }
  ],
  "extent": {
    "spatial": {
      "bbox": [
        [
          8.510109236561846,
          47.393242500250466,
          8.510796593074122,
          47.39370925009187
        ]
      ]
    },
    "temporal": {
      "interval": [
        [
          "2025-04-02T11:45:29.011224Z",
          "2025-04-28T08:57:03.792933Z"
        ]
      ]
    }
  },
  "license": "proprietary"
}