{
  "type": "Collection",
  "id": "b9385c1d-b649-4ad2-8523-626579dca6f9",
  "stac_version": "1.0.0",
  "description": "6619_tile_0",
  "links": [
    {
      "rel": "root",
      "href": "../catalog.json",
      "type": "application/json"
    },
    {
      "rel": "item",
      "href": "./9a8f57f9-dbf1-4219-a505-5225e3e70062/9a8f57f9-dbf1-4219-a505-5225e3e70062.json",
      "type": "application/json"
    },
    {
      "rel": "item",
      "href": "./ddb746fc-c0e2-4b82-b22f-5e961adaf7ec/ddb746fc-c0e2-4b82-b22f-5e961adaf7ec.json",
      "type": "application/json"
    },
    {
      "rel": "parent",
      "href": "../catalog.json",
      "type": "application/json"
    }
  ],
  "extent": {
    "spatial": {
      "bbox": [
        [
          8.494519669540319,
          47.387367520306654,
          8.495206817236689,
          47.38783418068894
        ]
      ]
    },
    "temporal": {
      "interval": [
        [
          "2025-05-06T07:09:19.890376Z",
          "2025-05-07T19:02:18.349203Z"
        ]
      ]
    }
  },
  "license": "proprietary"
}