{
  "type": "Collection",
  "id": "d34c1279-f882-4355-a380-22f507e2305c",
  "stac_version": "1.0.0",
  "description": "{B5E0463E-EA70-4FB8-9E0F-CF918434ED00}_tile_0",
  "links": [
    {
      "rel": "root",
      "href": "../catalog.json",
      "type": "application/json"
    },
    {
      "rel": "item",
      "href": "./4d19dc7e-4d6a-4d20-b992-8d5f66cca7b3/4d19dc7e-4d6a-4d20-b992-8d5f66cca7b3.json",
      "type": "application/json"
    },
    {
      "rel": "item",
      "href": "./8251c9f0-f1eb-4742-9f3a-17b9cf9ef6ef/8251c9f0-f1eb-4742-9f3a-17b9cf9ef6ef.json",
      "type": "application/json"
    },
    {
      "rel": "parent",
      "href": "../catalog.json",
      "type": "application/json"
    }
  ],
  "extent": {
    "spatial": {
      "bbox": [
        [
          8.553274606279569,
          47.387690127387884,
          8.553629869859513,
          47.38815391984038
        ]
      ]
    },
    "temporal": {
      "interval": [
        [
          "2025-01-31T23:44:39.665375Z",
          "2025-03-20T09:21:22.758982Z"
        ]
      ]
    }
  },
  "license": "proprietary"
}