{
  "type": "Feature",
  "stac_version": "1.0.0",
  "id": "7b8bdb27-06ba-4082-8d83-036fff815cc3",
  "properties": {
    "title": "Groundwork campaign labels",
    "description": "Labels created from a Groundwork campaign!",
    "label:description": "Labels for project 613_tile_6",
    "label:type": "vector",
    "label:properties": [
      "default"
    ],
    "label:classes": [
      {
        "classes": [
          "Pavement_distress",
          "non_pavement_distress"
        ],
        "name": "default"
      }
    ],
    "label:tasks": [
      "detection"
    ],
    "datetime": "2025-05-07T19:02:43.780072Z"
  },
  "geometry": {
    "type": "Polygon",
    "coordinates": [
      [
        [
          8.573502805893995,
          47.382787570764854
        ],
        [
          8.57351261159384,
          47.38324802727128
        ],
        [
          8.572834655268903,
          47.38325468520488
        ],
        [
          8.57282485542975,
          47.38279422864148
        ],
        [
          8.573502805893995,
          47.382787570764854
        ]
      ]
    ]
  },
  "links": [
    {
      "rel": "source",
      "href": "../1e406796-b631-49e6-9828-2a52bfe5f2fe/1e406796-b631-49e6-9828-2a52bfe5f2fe.json",
      "type": "application/json"
    },
    {
      "rel": "root",
      "href": "../../catalog.json",
      "type": "application/json"
    },
    {
      "rel": "collection",
      "href": "../collection.json",
      "type": "application/json"
    },
    {
      "rel": "parent",
      "href": "../collection.json",
      "type": "application/json"
    }
  ],
  "assets": {
    "labels": {
      "href": "./labels.geojson",
      "type": "application/geo+json"
    }
  },
  "bbox": [
    8.57282485542975,
    47.382787570764854,
    8.57351261159384,
    47.38325468520488
  ],
  "stac_extensions": [
    "https://stac-extensions.github.io/label/v1.0.1/schema.json"
  ],
  "collection": "dbcfd2a0-3b9f-430d-affe-4b7b491a9709"
}