{
  "type": "Feature",
  "stac_version": "1.0.0",
  "id": "80aac143-bbd4-4b17-9177-2733c42c09bb",
  "properties": {
    "title": "Groundwork campaign labels",
    "description": "Labels created from a Groundwork campaign!",
    "label:description": "Labels for project 12549_tile_0",
    "label:type": "vector",
    "label:properties": [
      "default"
    ],
    "label:classes": [
      {
        "classes": [
          "Pavement_distress",
          "non_pavement_distress"
        ],
        "name": "default"
      }
    ],
    "label:tasks": [
      "detection"
    ],
    "datetime": "2025-05-07T19:01:35.679173Z"
  },
  "geometry": {
    "type": "Polygon",
    "coordinates": [
      [
        [
          8.530136122423066,
          47.326557398146846
        ],
        [
          8.5301455431442,
          47.32701786603372
        ],
        [
          8.529468296570986,
          47.327024269359825
        ],
        [
          8.529458881698371,
          47.326563801418175
        ],
        [
          8.530136122423066,
          47.326557398146846
        ]
      ]
    ]
  },
  "links": [
    {
      "rel": "source",
      "href": "../058f4d60-1410-4e87-8ded-e4d20d66e587/058f4d60-1410-4e87-8ded-e4d20d66e587.json",
      "type": "application/json"
    },
    {
      "rel": "root",
      "href": "../../catalog.json",
      "type": "application/json"
    },
    {
      "rel": "collection",
      "href": "../collection.json",
      "type": "application/json"
    },
    {
      "rel": "parent",
      "href": "../collection.json",
      "type": "application/json"
    }
  ],
  "assets": {
    "labels": {
      "href": "./labels.geojson",
      "type": "application/geo+json"
    }
  },
  "bbox": [
    8.529458881698371,
    47.326557398146846,
    8.5301455431442,
    47.327024269359825
  ],
  "stac_extensions": [
    "https://stac-extensions.github.io/label/v1.0.1/schema.json"
  ],
  "collection": "4dc86851-4f04-48d2-be1b-5701c570e1a6"
}