{
  "type": "Collection",
  "id": "f1ee0ff8-b2e6-4d4f-835b-72816c9a5e85",
  "stac_version": "1.0.0",
  "description": "{53EEE4DF-A280-4D85-A144-879165317760}_tile_1",
  "links": [
    {
      "rel": "root",
      "href": "../catalog.json",
      "type": "application/json"
    },
    {
      "rel": "item",
      "href": "./a8c1d438-27bc-4a64-bd1c-da4028ff938b/a8c1d438-27bc-4a64-bd1c-da4028ff938b.json",
      "type": "application/json"
    },
    {
      "rel": "item",
      "href": "./f7d8e2f8-4963-4842-bf3a-9e5f9cbfabe7/f7d8e2f8-4963-4842-bf3a-9e5f9cbfabe7.json",
      "type": "application/json"
    },
    {
      "rel": "parent",
      "href": "../catalog.json",
      "type": "application/json"
    }
  ],
  "extent": {
    "spatial": {
      "bbox": [
        [
          8.54671486058575,
          47.372046614297304,
          8.547271724058737,
          47.37209241991691
        ]
      ]
    },
    "temporal": {
      "interval": [
        [
          "2025-01-31T23:45:55.302683Z",
          "2025-03-20T09:21:05.615598Z"
        ]
      ]
    }
  },
  "license": "proprietary"
}