{
  "type": "Collection",
  "id": "8754b557-3e17-4788-865f-24b6f3f84f80",
  "stac_version": "1.0.0",
  "description": "5506_tile_1",
  "links": [
    {
      "rel": "root",
      "href": "../catalog.json",
      "type": "application/json"
    },
    {
      "rel": "item",
      "href": "./cbe2595d-9004-40d1-abae-258678e3b69e/cbe2595d-9004-40d1-abae-258678e3b69e.json",
      "type": "application/json"
    },
    {
      "rel": "item",
      "href": "./ed8b4afb-c1cd-46a1-9cc9-9870e05f220c/ed8b4afb-c1cd-46a1-9cc9-9870e05f220c.json",
      "type": "application/json"
    },
    {
      "rel": "parent",
      "href": "../catalog.json",
      "type": "application/json"
    }
  ],
  "extent": {
    "spatial": {
      "bbox": [
        [
          8.530260678378147,
          47.37958001919125,
          8.530948030354908,
          47.38004688769269
        ]
      ]
    },
    "temporal": {
      "interval": [
        [
          "2025-05-06T07:09:00.464702Z",
          "2025-05-07T19:02:22.898509Z"
        ]
      ]
    }
  },
  "license": "proprietary"
}