{
  "type": "Collection",
  "id": "b0a987a5-584a-4ec8-89c9-b4571096da16",
  "stac_version": "1.0.0",
  "description": "14268_tile_0",
  "links": [
    {
      "rel": "root",
      "href": "../catalog.json",
      "type": "application/json"
    },
    {
      "rel": "item",
      "href": "./f998e35b-2f47-4bab-a65d-9920d20002eb/f998e35b-2f47-4bab-a65d-9920d20002eb.json",
      "type": "application/json"
    },
    {
      "rel": "item",
      "href": "./102023a8-1776-4ce0-9427-9a9698b88f53/102023a8-1776-4ce0-9427-9a9698b88f53.json",
      "type": "application/json"
    },
    {
      "rel": "parent",
      "href": "../catalog.json",
      "type": "application/json"
    }
  ],
  "extent": {
    "spatial": {
      "bbox": [
        [
          8.514870554286002,
          47.41143563694247,
          8.515558186398517,
          47.41190241171261
        ]
      ]
    },
    "temporal": {
      "interval": [
        [
          "2025-04-02T11:48:31.642830Z",
          "2025-04-28T08:56:16.638859Z"
        ]
      ]
    }
  },
  "license": "proprietary"
}