{
  "type": "Feature",
  "stac_version": "1.0.0",
  "id": "8e8ccd01-0295-417f-b833-7ea822d12941",
  "properties": {
    "title": "Groundwork campaign labels",
    "description": "Labels created from a Groundwork campaign!",
    "label:description": "Labels for project 16340_tile_0",
    "label:type": "vector",
    "label:properties": [
      "default"
    ],
    "label:classes": [
      {
        "classes": [
          "Pavement Distress",
          "Non-Pavement Distress"
        ],
        "name": "default"
      }
    ],
    "label:tasks": [
      "detection"
    ],
    "datetime": "2025-04-28T08:56:05.273476Z"
  },
  "geometry": {
    "type": "Polygon",
    "coordinates": [
      [
        [
          8.528013425888473,
          47.391253586540714
        ],
        [
          8.528022839765615,
          47.39171404565267
        ],
        [
          8.527344770036452,
          47.39172043643103
        ],
        [
          8.527335362022106,
          47.39125997726438
        ],
        [
          8.528013425888473,
          47.391253586540714
        ]
      ]
    ]
  },
  "links": [
    {
      "rel": "source",
      "href": "../12654397-d078-4a06-8ae2-ed2f844a3f2f/12654397-d078-4a06-8ae2-ed2f844a3f2f.json",
      "type": "application/json"
    },
    {
      "rel": "root",
      "href": "../../catalog.json",
      "type": "application/json"
    },
    {
      "rel": "collection",
      "href": "../collection.json",
      "type": "application/json"
    },
    {
      "rel": "parent",
      "href": "../collection.json",
      "type": "application/json"
    }
  ],
  "assets": {
    "labels": {
      "href": "./labels.geojson",
      "type": "application/geo+json"
    }
  },
  "bbox": [
    8.527335362022106,
    47.391253586540714,
    8.528022839765615,
    47.39172043643103
  ],
  "stac_extensions": [
    "https://stac-extensions.github.io/label/v1.0.1/schema.json"
  ],
  "collection": "d8edbc40-d0aa-4c04-bfde-d21afa784b29"
}