{
  "type": "Collection",
  "id": "436383f3-16f2-4fdf-a363-a4f0fdc6c2c5",
  "stac_version": "1.0.0",
  "description": "3415_tile_4",
  "links": [
    {
      "rel": "root",
      "href": "../catalog.json",
      "type": "application/json"
    },
    {
      "rel": "item",
      "href": "./eb9db8d0-04e4-427d-922c-1dee364c31e2/eb9db8d0-04e4-427d-922c-1dee364c31e2.json",
      "type": "application/json"
    },
    {
      "rel": "item",
      "href": "./50f48f1b-340d-493e-a309-a875ed9e84c0/50f48f1b-340d-493e-a309-a875ed9e84c0.json",
      "type": "application/json"
    },
    {
      "rel": "parent",
      "href": "../catalog.json",
      "type": "application/json"
    }
  ],
  "extent": {
    "spatial": {
      "bbox": [
        [
          8.522440679954954,
          47.372678887267746,
          8.523127876205145,
          47.37314571146465
        ]
      ]
    },
    "temporal": {
      "interval": [
        [
          "2025-05-06T07:08:25.214995Z",
          "2025-05-07T19:02:30.297240Z"
        ]
      ]
    }
  },
  "license": "proprietary"
}