{
  "type": "Collection",
  "id": "0815fb3d-11ca-46ab-a221-e78551d17c4a",
  "stac_version": "1.0.0",
  "description": "{4595E4D4-4C14-4D34-B85A-5259525DE09E}_tile_1",
  "links": [
    {
      "rel": "root",
      "href": "../catalog.json",
      "type": "application/json"
    },
    {
      "rel": "item",
      "href": "./a952bf0a-80f3-4b38-a59f-17db21f19e2b/a952bf0a-80f3-4b38-a59f-17db21f19e2b.json",
      "type": "application/json"
    },
    {
      "rel": "item",
      "href": "./3f9e372d-8985-4136-ae98-0da19277596f/3f9e372d-8985-4136-ae98-0da19277596f.json",
      "type": "application/json"
    },
    {
      "rel": "parent",
      "href": "../catalog.json",
      "type": "application/json"
    }
  ],
  "extent": {
    "spatial": {
      "bbox": [
        [
          8.550137349836955,
          47.41133692639102,
          8.550496718887526,
          47.41180074452452
        ]
      ]
    },
    "temporal": {
      "interval": [
        [
          "2025-01-31T23:44:31.822237Z",
          "2025-03-20T09:21:24.611189Z"
        ]
      ]
    }
  },
  "license": "proprietary"
}