{
  "type": "Collection",
  "id": "5a423cb8-78fb-4624-9da3-b38675eb3b06",
  "stac_version": "1.0.0",
  "description": "4625_tile_0",
  "links": [
    {
      "rel": "root",
      "href": "../catalog.json",
      "type": "application/json"
    },
    {
      "rel": "item",
      "href": "./a52cb0c5-8daa-4c4e-a951-d826a0a86e03/a52cb0c5-8daa-4c4e-a951-d826a0a86e03.json",
      "type": "application/json"
    },
    {
      "rel": "item",
      "href": "./2d6088f6-49fc-43f9-b35f-11a4c9a849da/2d6088f6-49fc-43f9-b35f-11a4c9a849da.json",
      "type": "application/json"
    },
    {
      "rel": "parent",
      "href": "../catalog.json",
      "type": "application/json"
    }
  ],
  "extent": {
    "spatial": {
      "bbox": [
        [
          8.532149284124737,
          47.35641493516022,
          8.532836353321581,
          47.35688181785886
        ]
      ]
    },
    "temporal": {
      "interval": [
        [
          "2025-04-02T11:45:06.689864Z",
          "2025-04-28T08:57:10.295018Z"
        ]
      ]
    }
  },
  "license": "proprietary"
}