{
  "type": "Collection",
  "id": "b8e1b85f-1823-4cf0-b638-1527f918210b",
  "stac_version": "1.0.0",
  "description": "5832_tile_2",
  "links": [
    {
      "rel": "root",
      "href": "../catalog.json",
      "type": "application/json"
    },
    {
      "rel": "item",
      "href": "./84d2f8a8-ff16-41b4-909f-6fed2a621bdc/84d2f8a8-ff16-41b4-909f-6fed2a621bdc.json",
      "type": "application/json"
    },
    {
      "rel": "item",
      "href": "./7bb77bd9-c91a-440d-8895-c98522c749a2/7bb77bd9-c91a-440d-8895-c98522c749a2.json",
      "type": "application/json"
    },
    {
      "rel": "parent",
      "href": "../catalog.json",
      "type": "application/json"
    }
  ],
  "extent": {
    "spatial": {
      "bbox": [
        [
          8.534759113834895,
          47.41124863523052,
          8.53544691319617,
          47.411715525199114
        ]
      ]
    },
    "temporal": {
      "interval": [
        [
          "2025-05-06T07:09:10.261449Z",
          "2025-05-07T19:02:20.670271Z"
        ]
      ]
    }
  },
  "license": "proprietary"
}