{
  "type": "Collection",
  "id": "de6c07c9-7bdb-4642-855e-d1035d6ef153",
  "stac_version": "1.0.0",
  "description": "4212_tile_0",
  "links": [
    {
      "rel": "root",
      "href": "../catalog.json",
      "type": "application/json"
    },
    {
      "rel": "item",
      "href": "./1879f711-dcf0-4874-82c6-bb97ff2ace89/1879f711-dcf0-4874-82c6-bb97ff2ace89.json",
      "type": "application/json"
    },
    {
      "rel": "item",
      "href": "./b75021df-0be5-49ad-a9e8-9cab83af87bd/b75021df-0be5-49ad-a9e8-9cab83af87bd.json",
      "type": "application/json"
    },
    {
      "rel": "parent",
      "href": "../catalog.json",
      "type": "application/json"
    }
  ],
  "extent": {
    "spatial": {
      "bbox": [
        [
          8.524660181101224,
          47.340975256810225,
          8.525346987438144,
          47.34144209827394
        ]
      ]
    },
    "temporal": {
      "interval": [
        [
          "2025-04-02T11:44:58.683824Z",
          "2025-04-28T08:57:12.767728Z"
        ]
      ]
    }
  },
  "license": "proprietary"
}