{
  "type": "Collection",
  "id": "b4769ed5-3000-4e5d-adc3-fbf0fd47b8a4",
  "stac_version": "1.0.0",
  "description": "3081_tile_2",
  "links": [
    {
      "rel": "root",
      "href": "../catalog.json",
      "type": "application/json"
    },
    {
      "rel": "item",
      "href": "./3c7413ef-4aba-4dfd-8205-23fc529548a8/3c7413ef-4aba-4dfd-8205-23fc529548a8.json",
      "type": "application/json"
    },
    {
      "rel": "item",
      "href": "./01899ad6-09d7-4eac-ab25-b5e6de3bb424/01899ad6-09d7-4eac-ab25-b5e6de3bb424.json",
      "type": "application/json"
    },
    {
      "rel": "parent",
      "href": "../catalog.json",
      "type": "application/json"
    }
  ],
  "extent": {
    "spatial": {
      "bbox": [
        [
          8.468829471310642,
          47.369945954507585,
          8.469516175129016,
          47.37041246851172
        ]
      ]
    },
    "temporal": {
      "interval": [
        [
          "2025-05-06T07:08:17.196725Z",
          "2025-05-07T19:02:31.797718Z"
        ]
      ]
    }
  },
  "license": "proprietary"
}