{
  "type": "Feature",
  "stac_version": "1.0.0",
  "id": "b45a2e00-8471-4882-8be1-0dee87fb3fb5",
  "properties": {
    "title": "Groundwork campaign labels",
    "description": "Labels created from a Groundwork campaign!",
    "label:description": "Labels for project 14427_tile_0",
    "label:type": "vector",
    "label:properties": [
      "default"
    ],
    "label:classes": [
      {
        "classes": [
          "Pavement Distress",
          "Non-Pavement Distress"
        ],
        "name": "default"
      }
    ],
    "label:tasks": [
      "detection"
    ],
    "datetime": "2025-04-28T08:56:16.034817Z"
  },
  "geometry": {
    "type": "Polygon",
    "coordinates": [
      [
        [
          8.510080871292017,
          47.42530272517695
        ],
        [
          8.510090136050698,
          47.425763180804395
        ],
        [
          8.509411630272076,
          47.425769466227344
        ],
        [
          8.509402371383812,
          47.42530901054606
        ],
        [
          8.510080871292017,
          47.42530272517695
        ]
      ]
    ]
  },
  "links": [
    {
      "rel": "source",
      "href": "../67cfb0e3-615e-4edd-acac-ba99e4249723/67cfb0e3-615e-4edd-acac-ba99e4249723.json",
      "type": "application/json"
    },
    {
      "rel": "root",
      "href": "../../catalog.json",
      "type": "application/json"
    },
    {
      "rel": "collection",
      "href": "../collection.json",
      "type": "application/json"
    },
    {
      "rel": "parent",
      "href": "../collection.json",
      "type": "application/json"
    }
  ],
  "assets": {
    "labels": {
      "href": "./labels.geojson",
      "type": "application/geo+json"
    }
  },
  "bbox": [
    8.509402371383812,
    47.42530272517695,
    8.510090136050698,
    47.425769466227344
  ],
  "stac_extensions": [
    "https://stac-extensions.github.io/label/v1.0.1/schema.json"
  ],
  "collection": "4c38c6e7-b4dc-46f8-b005-4f16097d3b16"
}