{
  "type": "Collection",
  "id": "41cdac6f-1f12-4cf7-af35-4c43f1318788",
  "stac_version": "1.0.0",
  "description": "{1D27CAAD-B707-4F5E-897A-F413E8AE45A1}_tile_2",
  "links": [
    {
      "rel": "root",
      "href": "../catalog.json",
      "type": "application/json"
    },
    {
      "rel": "item",
      "href": "./4b09cb5c-079f-4b42-8ceb-65245e5e5d8f/4b09cb5c-079f-4b42-8ceb-65245e5e5d8f.json",
      "type": "application/json"
    },
    {
      "rel": "item",
      "href": "./8ef2f5f6-f25b-4bc5-9400-80311c4290ed/8ef2f5f6-f25b-4bc5-9400-80311c4290ed.json",
      "type": "application/json"
    },
    {
      "rel": "parent",
      "href": "../catalog.json",
      "type": "application/json"
    }
  ],
  "extent": {
    "spatial": {
      "bbox": [
        [
          8.48395897960296,
          47.37073151061654,
          8.48458993914828,
          47.3710483411021
        ]
      ]
    },
    "temporal": {
      "interval": [
        [
          "2025-01-31T23:45:21.045570Z",
          "2025-03-20T09:21:13.255456Z"
        ]
      ]
    }
  },
  "license": "proprietary"
}