{
  "type": "Collection",
  "id": "9aa68c3c-5012-404b-a6f8-63b39ef2a3f0",
  "stac_version": "1.0.0",
  "description": "{2AA259B6-938D-45F9-82FD-611DEBAE24F6}_tile_0",
  "links": [
    {
      "rel": "root",
      "href": "../catalog.json",
      "type": "application/json"
    },
    {
      "rel": "item",
      "href": "./ebbd6cc7-bd52-413a-8bc8-37526ea34ca4/ebbd6cc7-bd52-413a-8bc8-37526ea34ca4.json",
      "type": "application/json"
    },
    {
      "rel": "item",
      "href": "./65a5f77e-249b-4aac-ab7b-26dcee23346a/65a5f77e-249b-4aac-ab7b-26dcee23346a.json",
      "type": "application/json"
    },
    {
      "rel": "parent",
      "href": "../catalog.json",
      "type": "application/json"
    }
  ],
  "extent": {
    "spatial": {
      "bbox": [
        [
          8.504789781169343,
          47.38279810950108,
          8.50547695749415,
          47.3832648300302
        ]
      ]
    },
    "temporal": {
      "interval": [
        [
          "2025-01-31T23:45:57.701718Z",
          "2025-03-20T09:21:05.078457Z"
        ]
      ]
    }
  },
  "license": "proprietary"
}