{
  "type": "Collection",
  "id": "62b9662e-0689-4d91-a09f-23958c4c4f5c",
  "stac_version": "1.0.0",
  "description": "16056_tile_1",
  "links": [
    {
      "rel": "root",
      "href": "../catalog.json",
      "type": "application/json"
    },
    {
      "rel": "item",
      "href": "./b7318f08-c96a-4917-94d3-a12731546dc7/b7318f08-c96a-4917-94d3-a12731546dc7.json",
      "type": "application/json"
    },
    {
      "rel": "item",
      "href": "./27a21215-bf68-4098-86d4-47e3db85a7f0/27a21215-bf68-4098-86d4-47e3db85a7f0.json",
      "type": "application/json"
    },
    {
      "rel": "parent",
      "href": "../catalog.json",
      "type": "application/json"
    }
  ],
  "extent": {
    "spatial": {
      "bbox": [
        [
          8.47257442452132,
          47.38826861723458,
          8.47326139661437,
          47.3887351503355
        ]
      ]
    },
    "temporal": {
      "interval": [
        [
          "2025-05-06T07:13:48.415031Z",
          "2025-05-07T19:01:11.263872Z"
        ]
      ]
    }
  },
  "license": "proprietary"
}