{
  "type": "Collection",
  "id": "86685e13-558b-410f-b123-d96d41ece8a0",
  "stac_version": "1.0.0",
  "description": "{3AE42511-8B9C-43E8-B104-21787CDFF204}_tile_2",
  "links": [
    {
      "rel": "root",
      "href": "../catalog.json",
      "type": "application/json"
    },
    {
      "rel": "item",
      "href": "./5c599fd2-16cc-4486-bbd8-4fa3be07479d/5c599fd2-16cc-4486-bbd8-4fa3be07479d.json",
      "type": "application/json"
    },
    {
      "rel": "item",
      "href": "./becd87cd-5d4a-471c-86db-a9969f906727/becd87cd-5d4a-471c-86db-a9969f906727.json",
      "type": "application/json"
    },
    {
      "rel": "parent",
      "href": "../catalog.json",
      "type": "application/json"
    }
  ],
  "extent": {
    "spatial": {
      "bbox": [
        [
          8.527071429390055,
          47.41198785545821,
          8.527759172727588,
          47.41245470080387
        ]
      ]
    },
    "temporal": {
      "interval": [
        [
          "2025-01-31T23:45:39.001300Z",
          "2025-03-20T09:21:09.393472Z"
        ]
      ]
    }
  },
  "license": "proprietary"
}