{
  "type": "Collection",
  "id": "33dab51f-cf5e-4361-8c50-6229d10e99d4",
  "stac_version": "1.0.0",
  "description": "15598_tile_2",
  "links": [
    {
      "rel": "root",
      "href": "../catalog.json",
      "type": "application/json"
    },
    {
      "rel": "item",
      "href": "./fd077393-ae54-4836-acc1-039937585c26/fd077393-ae54-4836-acc1-039937585c26.json",
      "type": "application/json"
    },
    {
      "rel": "item",
      "href": "./f85fdd47-eac0-4c96-af8e-7f6fb122be95/f85fdd47-eac0-4c96-af8e-7f6fb122be95.json",
      "type": "application/json"
    },
    {
      "rel": "parent",
      "href": "../catalog.json",
      "type": "application/json"
    }
  ],
  "extent": {
    "spatial": {
      "bbox": [
        [
          8.486929213805443,
          47.394044417187985,
          8.487616382921946,
          47.394511032634355
        ]
      ]
    },
    "temporal": {
      "interval": [
        [
          "2025-05-06T07:13:30.819255Z",
          "2025-05-07T19:01:15.509359Z"
        ]
      ]
    }
  },
  "license": "proprietary"
}