{
  "type": "Feature",
  "stac_version": "1.0.0",
  "id": "c6096122-c832-49d4-864f-8f779433204b",
  "properties": {
    "title": "Groundwork campaign labels",
    "description": "Labels created from a Groundwork campaign!",
    "label:description": "Labels for project {4D72DF24-093B-469D-95B8-AF327DE33A85}_tile_0",
    "label:type": "vector",
    "label:properties": [
      "default"
    ],
    "label:classes": [
      {
        "classes": [
          "Pavement_distress",
          "Shadows"
        ],
        "name": "default"
      }
    ],
    "label:tasks": [
      "detection"
    ],
    "datetime": "2025-03-20T09:20:58.113410Z"
  },
  "geometry": {
    "type": "Polygon",
    "coordinates": [
      [
        [
          8.564842957064739,
          47.37979776943431
        ],
        [
          8.564844097322302,
          47.379851729320535
        ],
        [
          8.564775246671493,
          47.37985240052879
        ],
        [
          8.564774106483675,
          47.37979844064191
        ],
        [
          8.564842957064739,
          47.37979776943431
        ]
      ]
    ]
  },
  "links": [
    {
      "rel": "source",
      "href": "../0c4b2284-888e-4865-864f-1d225ef6b21d/0c4b2284-888e-4865-864f-1d225ef6b21d.json",
      "type": "application/json"
    },
    {
      "rel": "root",
      "href": "../../catalog.json",
      "type": "application/json"
    },
    {
      "rel": "collection",
      "href": "../collection.json",
      "type": "application/json"
    },
    {
      "rel": "parent",
      "href": "../collection.json",
      "type": "application/json"
    }
  ],
  "assets": {
    "labels": {
      "href": "./labels.geojson",
      "type": "application/geo+json"
    }
  },
  "bbox": [
    8.564774106483675,
    47.37979776943431,
    8.564844097322302,
    47.37985240052879
  ],
  "stac_extensions": [
    "https://stac-extensions.github.io/label/v1.0.1/schema.json"
  ],
  "collection": "5bc8e7d7-fe22-4e01-9574-65a7ce8b662e"
}