{
  "type": "Feature",
  "stac_version": "1.0.0",
  "id": "8f752bb3-965d-46ab-ae1a-11776509e315",
  "properties": {
    "title": "Groundwork campaign labels",
    "description": "Labels created from a Groundwork campaign!",
    "label:description": "Labels for project {7379B3ED-F749-40AA-93D2-B2CE12384307}_tile_0",
    "label:type": "vector",
    "label:properties": [
      "default"
    ],
    "label:classes": [
      {
        "classes": [
          "Pavement_distress",
          "Shadows"
        ],
        "name": "default"
      }
    ],
    "label:tasks": [
      "detection"
    ],
    "datetime": "2025-03-20T09:21:33.795688Z"
  },
  "geometry": {
    "type": "Polygon",
    "coordinates": [
      [
        [
          8.509393124811174,
          47.3843098467126
        ],
        [
          8.509402376444376,
          47.38477030832756
        ],
        [
          8.508855487390164,
          47.384775375498634
        ],
        [
          8.508846240484969,
          47.38431491384029
        ],
        [
          8.509393124811174,
          47.3843098467126
        ]
      ]
    ]
  },
  "links": [
    {
      "rel": "source",
      "href": "../82af3f21-09d7-4c6f-9700-25dd072e0e33/82af3f21-09d7-4c6f-9700-25dd072e0e33.json",
      "type": "application/json"
    },
    {
      "rel": "root",
      "href": "../../catalog.json",
      "type": "application/json"
    },
    {
      "rel": "collection",
      "href": "../collection.json",
      "type": "application/json"
    },
    {
      "rel": "parent",
      "href": "../collection.json",
      "type": "application/json"
    }
  ],
  "assets": {
    "labels": {
      "href": "./labels.geojson",
      "type": "application/geo+json"
    }
  },
  "bbox": [
    8.508846240484969,
    47.3843098467126,
    8.509402376444376,
    47.384775375498634
  ],
  "stac_extensions": [
    "https://stac-extensions.github.io/label/v1.0.1/schema.json"
  ],
  "collection": "2b03b6cc-c2b7-4265-9fba-63f9634a81ec"
}