{
  "type": "Feature",
  "stac_version": "1.0.0",
  "id": "f390716c-3693-4417-a77f-dcaf62e7ea3e",
  "properties": {
    "title": "Groundwork campaign labels",
    "description": "Labels created from a Groundwork campaign!",
    "label:description": "Labels for project 16262_tile_1",
    "label:type": "vector",
    "label:properties": [
      "default"
    ],
    "label:classes": [
      {
        "classes": [
          "Pavement Distress",
          "Non-Pavement Distress"
        ],
        "name": "default"
      }
    ],
    "label:tasks": [
      "detection"
    ],
    "datetime": "2025-04-28T08:56:06.103409Z"
  },
  "geometry": {
    "type": "Polygon",
    "coordinates": [
      [
        [
          8.495802296579281,
          47.3968805238305
        ],
        [
          8.495811432863002,
          47.39734098474043
        ],
        [
          8.495133287634006,
          47.39734718634407
        ],
        [
          8.495124157214493,
          47.396886725381044
        ],
        [
          8.495802296579281,
          47.3968805238305
        ]
      ]
    ]
  },
  "links": [
    {
      "rel": "source",
      "href": "../0579264c-bb5e-4d72-8854-a79d5dcbeb63/0579264c-bb5e-4d72-8854-a79d5dcbeb63.json",
      "type": "application/json"
    },
    {
      "rel": "root",
      "href": "../../catalog.json",
      "type": "application/json"
    },
    {
      "rel": "collection",
      "href": "../collection.json",
      "type": "application/json"
    },
    {
      "rel": "parent",
      "href": "../collection.json",
      "type": "application/json"
    }
  ],
  "assets": {
    "labels": {
      "href": "./labels.geojson",
      "type": "application/geo+json"
    }
  },
  "bbox": [
    8.495124157214493,
    47.3968805238305,
    8.495811432863002,
    47.39734718634407
  ],
  "stac_extensions": [
    "https://stac-extensions.github.io/label/v1.0.1/schema.json"
  ],
  "collection": "ee350b34-de81-4bed-8dd1-9890cd03553a"
}