{
  "type": "Collection",
  "id": "06ee9088-8256-4c06-904d-03fb32242464",
  "stac_version": "1.0.0",
  "description": "{926D72A3-0645-4812-824B-630D62A8E340}_tile_2",
  "links": [
    {
      "rel": "root",
      "href": "../catalog.json",
      "type": "application/json"
    },
    {
      "rel": "item",
      "href": "./6f92552b-8a55-427b-9df4-a95d215f3a62/6f92552b-8a55-427b-9df4-a95d215f3a62.json",
      "type": "application/json"
    },
    {
      "rel": "item",
      "href": "./a87988b3-e868-42d3-b6cb-186661dbfc90/a87988b3-e868-42d3-b6cb-186661dbfc90.json",
      "type": "application/json"
    },
    {
      "rel": "parent",
      "href": "../catalog.json",
      "type": "application/json"
    }
  ],
  "extent": {
    "spatial": {
      "bbox": [
        [
          8.536298874285245,
          47.37408251388838,
          8.536979739141218,
          47.37423554931124
        ]
      ]
    },
    "temporal": {
      "interval": [
        [
          "2025-01-31T23:44:57.554798Z",
          "2025-03-20T09:21:18.240906Z"
        ]
      ]
    }
  },
  "license": "proprietary"
}