{
  "type": "Feature",
  "stac_version": "1.0.0",
  "id": "a2eac0d0-7860-436b-9f51-299920f600ea",
  "properties": {
    "title": "Groundwork campaign labels",
    "description": "Labels created from a Groundwork campaign!",
    "label:description": "Labels for project {B64A8DC3-A09D-4345-8149-6063D99FE9A4}_tile_2",
    "label:type": "vector",
    "label:properties": [
      "default"
    ],
    "label:classes": [
      {
        "classes": [
          "Pavement_distress",
          "Shadows"
        ],
        "name": "default"
      }
    ],
    "label:tasks": [
      "detection"
    ],
    "datetime": "2025-03-20T09:20:59.833457Z"
  },
  "geometry": {
    "type": "Polygon",
    "coordinates": [
      [
        [
          8.535497364245183,
          47.38848425851874
        ],
        [
          8.535506046328834,
          47.38890604605998
        ],
        [
          8.535447777868827,
          47.38890659920082
        ],
        [
          8.535439096246643,
          47.388484811655225
        ],
        [
          8.535497364245183,
          47.38848425851874
        ]
      ]
    ]
  },
  "links": [
    {
      "rel": "source",
      "href": "../67c57350-480c-4800-9e1b-28ce90bdbfba/67c57350-480c-4800-9e1b-28ce90bdbfba.json",
      "type": "application/json"
    },
    {
      "rel": "root",
      "href": "../../catalog.json",
      "type": "application/json"
    },
    {
      "rel": "collection",
      "href": "../collection.json",
      "type": "application/json"
    },
    {
      "rel": "parent",
      "href": "../collection.json",
      "type": "application/json"
    }
  ],
  "assets": {
    "labels": {
      "href": "./labels.geojson",
      "type": "application/geo+json"
    }
  },
  "bbox": [
    8.535439096246643,
    47.38848425851874,
    8.535506046328834,
    47.38890659920082
  ],
  "stac_extensions": [
    "https://stac-extensions.github.io/label/v1.0.1/schema.json"
  ],
  "collection": "2d2c0f8b-f197-49c7-85f0-6628d6a0aa9d"
}