{
  "type": "Feature",
  "stac_version": "1.0.0",
  "id": "e1959dbf-1a0e-4fc3-a753-ccf75ad70b39",
  "properties": {
    "title": "Groundwork campaign labels",
    "description": "Labels created from a Groundwork campaign!",
    "label:description": "Labels for project 1924_tile_4",
    "label:type": "vector",
    "label:properties": [
      "default"
    ],
    "label:classes": [
      {
        "classes": [
          "Pavement Distress",
          "Non-Pavement Distress"
        ],
        "name": "default"
      }
    ],
    "label:tasks": [
      "detection"
    ],
    "datetime": "2025-04-28T08:57:23.344073Z"
  },
  "geometry": {
    "type": "Polygon",
    "coordinates": [
      [
        [
          8.55604770159949,
          47.42348598667017
        ],
        [
          8.556057363805229,
          47.42394643877456
        ],
        [
          8.555378886774857,
          47.4239529941479
        ],
        [
          8.555369230438902,
          47.42349254198737
        ],
        [
          8.55604770159949,
          47.42348598667017
        ]
      ]
    ]
  },
  "links": [
    {
      "rel": "source",
      "href": "../46d68144-6c5b-4815-bdec-053346599bed/46d68144-6c5b-4815-bdec-053346599bed.json",
      "type": "application/json"
    },
    {
      "rel": "root",
      "href": "../../catalog.json",
      "type": "application/json"
    },
    {
      "rel": "collection",
      "href": "../collection.json",
      "type": "application/json"
    },
    {
      "rel": "parent",
      "href": "../collection.json",
      "type": "application/json"
    }
  ],
  "assets": {
    "labels": {
      "href": "./labels.geojson",
      "type": "application/geo+json"
    }
  },
  "bbox": [
    8.555369230438902,
    47.42348598667017,
    8.556057363805229,
    47.4239529941479
  ],
  "stac_extensions": [
    "https://stac-extensions.github.io/label/v1.0.1/schema.json"
  ],
  "collection": "e09e25e2-9040-4dbe-84aa-f1061acfe8e0"
}