{
  "type": "Feature",
  "stac_version": "1.0.0",
  "id": "445450cc-1e98-4c19-8852-0914e6e52246",
  "properties": {
    "title": "Groundwork campaign labels",
    "description": "Labels created from a Groundwork campaign!",
    "label:description": "Labels for project 14310_tile_3",
    "label:type": "vector",
    "label:properties": [
      "default"
    ],
    "label:classes": [
      {
        "classes": [
          "Pavement Distress",
          "Non-Pavement Distress"
        ],
        "name": "default"
      }
    ],
    "label:tasks": [
      "detection"
    ],
    "datetime": "2025-04-28T08:56:16.297713Z"
  },
  "geometry": {
    "type": "Polygon",
    "coordinates": [
      [
        [
          8.50845746290936,
          47.419113934795625
        ],
        [
          8.508466712536439,
          47.41957439146464
        ],
        [
          8.507788285473033,
          47.419580667361465
        ],
        [
          8.507779041715011,
          47.41912021063872
        ],
        [
          8.50845746290936,
          47.419113934795625
        ]
      ]
    ]
  },
  "links": [
    {
      "rel": "source",
      "href": "../e792f8ac-b556-4390-88c0-30b23bac7919/e792f8ac-b556-4390-88c0-30b23bac7919.json",
      "type": "application/json"
    },
    {
      "rel": "root",
      "href": "../../catalog.json",
      "type": "application/json"
    },
    {
      "rel": "collection",
      "href": "../collection.json",
      "type": "application/json"
    },
    {
      "rel": "parent",
      "href": "../collection.json",
      "type": "application/json"
    }
  ],
  "assets": {
    "labels": {
      "href": "./labels.geojson",
      "type": "application/geo+json"
    }
  },
  "bbox": [
    8.507779041715011,
    47.419113934795625,
    8.508466712536439,
    47.419580667361465
  ],
  "stac_extensions": [
    "https://stac-extensions.github.io/label/v1.0.1/schema.json"
  ],
  "collection": "bfc5f190-d009-40e2-b844-fc6dc393846d"
}