{
  "type": "Collection",
  "id": "d3434790-0f6e-4a49-8467-2fbcadc31388",
  "stac_version": "1.0.0",
  "description": "732_tile_0",
  "links": [
    {
      "rel": "root",
      "href": "../catalog.json",
      "type": "application/json"
    },
    {
      "rel": "item",
      "href": "./5563230f-0dd5-40d1-8639-4dd2442eebe1/5563230f-0dd5-40d1-8639-4dd2442eebe1.json",
      "type": "application/json"
    },
    {
      "rel": "item",
      "href": "./bebb0c36-9e00-4803-ab43-b28433b0ad54/bebb0c36-9e00-4803-ab43-b28433b0ad54.json",
      "type": "application/json"
    },
    {
      "rel": "parent",
      "href": "../catalog.json",
      "type": "application/json"
    }
  ],
  "extent": {
    "spatial": {
      "bbox": [
        [
          8.56084724718827,
          47.383365163290016,
          8.561534908744825,
          47.383832208325494
        ]
      ]
    },
    "temporal": {
      "interval": [
        [
          "2025-05-06T07:07:28.203367Z",
          "2025-05-07T19:02:42.997491Z"
        ]
      ]
    }
  },
  "license": "proprietary"
}