{
  "type": "Collection",
  "id": "69ef5eaf-e764-44fa-956e-b863a0c50fba",
  "stac_version": "1.0.0",
  "description": "{4A97D647-ABB9-41B4-8F09-A45B48CBE462}_tile_1",
  "links": [
    {
      "rel": "root",
      "href": "../catalog.json",
      "type": "application/json"
    },
    {
      "rel": "item",
      "href": "./b815152d-7d0c-4ee3-b0e8-48d977e0cb1c/b815152d-7d0c-4ee3-b0e8-48d977e0cb1c.json",
      "type": "application/json"
    },
    {
      "rel": "item",
      "href": "./7cdaf9c0-5dd5-4f0a-b18a-076524e1da6f/7cdaf9c0-5dd5-4f0a-b18a-076524e1da6f.json",
      "type": "application/json"
    },
    {
      "rel": "parent",
      "href": "../catalog.json",
      "type": "application/json"
    }
  ],
  "extent": {
    "spatial": {
      "bbox": [
        [
          8.492296776465407,
          47.38219309664941,
          8.492596263655004,
          47.3824754733998
        ]
      ]
    },
    "temporal": {
      "interval": [
        [
          "2025-01-31T23:45:39.346196Z",
          "2025-03-20T09:21:09.331809Z"
        ]
      ]
    }
  },
  "license": "proprietary"
}