{
  "type": "Collection",
  "id": "a6c0d5d7-813b-4687-8a1d-6cf248c10e7d",
  "stac_version": "1.0.0",
  "description": "{46F5A8C6-412E-48AF-9596-1DCBF1BC6FB1}_tile_1",
  "links": [
    {
      "rel": "root",
      "href": "../catalog.json",
      "type": "application/json"
    },
    {
      "rel": "item",
      "href": "./0ce9bb14-61eb-44d1-baa6-9e2e430358ac/0ce9bb14-61eb-44d1-baa6-9e2e430358ac.json",
      "type": "application/json"
    },
    {
      "rel": "item",
      "href": "./f5a87071-b121-493b-8196-3cbc8fb4defe/f5a87071-b121-493b-8196-3cbc8fb4defe.json",
      "type": "application/json"
    },
    {
      "rel": "parent",
      "href": "../catalog.json",
      "type": "application/json"
    }
  ],
  "extent": {
    "spatial": {
      "bbox": [
        [
          8.503794223509672,
          47.406542688608816,
          8.504163045676542,
          47.40683831762887
        ]
      ]
    },
    "temporal": {
      "interval": [
        [
          "2025-01-31T23:45:34.958605Z",
          "2025-03-20T09:21:10.148420Z"
        ]
      ]
    }
  },
  "license": "proprietary"
}