{
  "type": "Collection",
  "id": "d69b4ce4-585b-4709-b856-c38186eb9015",
  "stac_version": "1.0.0",
  "description": "5664_tile_0",
  "links": [
    {
      "rel": "root",
      "href": "../catalog.json",
      "type": "application/json"
    },
    {
      "rel": "item",
      "href": "./5e73f5e7-95e2-4482-a13b-42ebf9845875/5e73f5e7-95e2-4482-a13b-42ebf9845875.json",
      "type": "application/json"
    },
    {
      "rel": "item",
      "href": "./08380886-acdd-4e83-a595-282f4ff591e5/08380886-acdd-4e83-a595-282f4ff591e5.json",
      "type": "application/json"
    },
    {
      "rel": "parent",
      "href": "../catalog.json",
      "type": "application/json"
    }
  ],
  "extent": {
    "spatial": {
      "bbox": [
        [
          8.47804363391484,
          47.388215918176854,
          8.478730651995312,
          47.388682482977764
        ]
      ]
    },
    "temporal": {
      "interval": [
        [
          "2025-04-02T11:45:29.302873Z",
          "2025-04-28T08:57:03.724668Z"
        ]
      ]
    }
  },
  "license": "proprietary"
}