{
  "type": "Collection",
  "id": "a3562c85-e153-4411-b922-c73741b8b620",
  "stac_version": "1.0.0",
  "description": "9774_tile_3",
  "links": [
    {
      "rel": "root",
      "href": "../catalog.json",
      "type": "application/json"
    },
    {
      "rel": "item",
      "href": "./31ccaa1c-f4ad-49a6-b980-be424eb32eed/31ccaa1c-f4ad-49a6-b980-be424eb32eed.json",
      "type": "application/json"
    },
    {
      "rel": "item",
      "href": "./2c8faa22-b7a7-40e0-bf4e-b5abe2897dba/2c8faa22-b7a7-40e0-bf4e-b5abe2897dba.json",
      "type": "application/json"
    },
    {
      "rel": "parent",
      "href": "../catalog.json",
      "type": "application/json"
    }
  ],
  "extent": {
    "spatial": {
      "bbox": [
        [
          8.525086871905728,
          47.35854423241605,
          8.525773908378586,
          47.359011073922154
        ]
      ]
    },
    "temporal": {
      "interval": [
        [
          "2025-05-06T07:10:49.141365Z",
          "2025-05-07T19:01:55.671727Z"
        ]
      ]
    }
  },
  "license": "proprietary"
}