{
  "type": "Feature",
  "stac_version": "1.0.0",
  "id": "2d6088f6-49fc-43f9-b35f-11a4c9a849da",
  "properties": {
    "title": "Groundwork campaign labels",
    "description": "Labels created from a Groundwork campaign!",
    "label:description": "Labels for project 4625_tile_0",
    "label:type": "vector",
    "label:properties": [
      "default"
    ],
    "label:classes": [
      {
        "classes": [
          "Pavement Distress",
          "Non-Pavement Distress"
        ],
        "name": "default"
      }
    ],
    "label:tasks": [
      "detection"
    ],
    "datetime": "2025-04-28T08:57:10.295018Z"
  },
  "geometry": {
    "type": "Polygon",
    "coordinates": [
      [
        [
          8.532826904037384,
          47.35641493516022
        ],
        [
          8.532836353321581,
          47.35687539876825
        ],
        [
          8.532158727553849,
          47.35688181785886
        ],
        [
          8.532149284124737,
          47.356421354195945
        ],
        [
          8.532826904037384,
          47.35641493516022
        ]
      ]
    ]
  },
  "links": [
    {
      "rel": "source",
      "href": "../a52cb0c5-8daa-4c4e-a951-d826a0a86e03/a52cb0c5-8daa-4c4e-a951-d826a0a86e03.json",
      "type": "application/json"
    },
    {
      "rel": "root",
      "href": "../../catalog.json",
      "type": "application/json"
    },
    {
      "rel": "collection",
      "href": "../collection.json",
      "type": "application/json"
    },
    {
      "rel": "parent",
      "href": "../collection.json",
      "type": "application/json"
    }
  ],
  "assets": {
    "labels": {
      "href": "./labels.geojson",
      "type": "application/geo+json"
    }
  },
  "bbox": [
    8.532149284124737,
    47.35641493516022,
    8.532836353321581,
    47.35688181785886
  ],
  "stac_extensions": [
    "https://stac-extensions.github.io/label/v1.0.1/schema.json"
  ],
  "collection": "5a423cb8-78fb-4624-9da3-b38675eb3b06"
}