{
  "type": "Feature",
  "stac_version": "1.0.0",
  "id": "2a69dc89-32ef-44a5-8995-c4b35d381993",
  "properties": {
    "title": "Groundwork campaign labels",
    "description": "Labels created from a Groundwork campaign!",
    "label:description": "Labels for project 15655_tile_0",
    "label:type": "vector",
    "label:properties": [
      "default"
    ],
    "label:classes": [
      {
        "classes": [
          "Pavement Distress",
          "Non-Pavement Distress"
        ],
        "name": "default"
      }
    ],
    "label:tasks": [
      "detection"
    ],
    "datetime": "2025-04-28T08:56:10.204756Z"
  },
  "geometry": {
    "type": "Polygon",
    "coordinates": [
      [
        [
          8.47833238978708,
          47.3988811865907
        ],
        [
          8.478341375311825,
          47.399341648592696
        ],
        [
          8.47766320256695,
          47.39934774759685
        ],
        [
          8.477654222906937,
          47.398887285542656
        ],
        [
          8.47833238978708,
          47.3988811865907
        ]
      ]
    ]
  },
  "links": [
    {
      "rel": "source",
      "href": "../e17298e6-07cf-47cf-bbee-9612486b56b7/e17298e6-07cf-47cf-bbee-9612486b56b7.json",
      "type": "application/json"
    },
    {
      "rel": "root",
      "href": "../../catalog.json",
      "type": "application/json"
    },
    {
      "rel": "collection",
      "href": "../collection.json",
      "type": "application/json"
    },
    {
      "rel": "parent",
      "href": "../collection.json",
      "type": "application/json"
    }
  ],
  "assets": {
    "labels": {
      "href": "./labels.geojson",
      "type": "application/geo+json"
    }
  },
  "bbox": [
    8.477654222906937,
    47.3988811865907,
    8.478341375311825,
    47.39934774759685
  ],
  "stac_extensions": [
    "https://stac-extensions.github.io/label/v1.0.1/schema.json"
  ],
  "collection": "c71270b7-0f4e-4167-ba10-537d9b6d9f84"
}