{
  "type": "Feature",
  "stac_version": "1.0.0",
  "id": "a36b8eb4-bed8-43e3-9d74-11f0c3356e20",
  "properties": {
    "title": "Groundwork campaign labels",
    "description": "Labels created from a Groundwork campaign!",
    "label:description": "Labels for project {78C6FCB2-283E-4150-8EC5-EF595A0EE908}_tile_0",
    "label:type": "vector",
    "label:properties": [
      "default"
    ],
    "label:classes": [
      {
        "classes": [
          "Pavement_distress",
          "Shadows"
        ],
        "name": "default"
      }
    ],
    "label:tasks": [
      "detection"
    ],
    "datetime": "2025-03-20T09:21:28.268407Z"
  },
  "geometry": {
    "type": "Polygon",
    "coordinates": [
      [
        [
          8.528950045503514,
          47.39475552927433
        ],
        [
          8.528959468104262,
          47.39521598780833
        ],
        [
          8.528281353887762,
          47.39522238408279
        ],
        [
          8.528271937150581,
          47.39476192549402
        ],
        [
          8.528950045503514,
          47.39475552927433
        ]
      ]
    ]
  },
  "links": [
    {
      "rel": "source",
      "href": "../9db98a4e-6d2c-42e5-9fc1-79835732c6a7/9db98a4e-6d2c-42e5-9fc1-79835732c6a7.json",
      "type": "application/json"
    },
    {
      "rel": "root",
      "href": "../../catalog.json",
      "type": "application/json"
    },
    {
      "rel": "collection",
      "href": "../collection.json",
      "type": "application/json"
    },
    {
      "rel": "parent",
      "href": "../collection.json",
      "type": "application/json"
    }
  ],
  "assets": {
    "labels": {
      "href": "./labels.geojson",
      "type": "application/geo+json"
    }
  },
  "bbox": [
    8.528271937150581,
    47.39475552927433,
    8.528959468104262,
    47.39522238408279
  ],
  "stac_extensions": [
    "https://stac-extensions.github.io/label/v1.0.1/schema.json"
  ],
  "collection": "429a72d3-fd16-4f3b-9332-8d8f18fbdfef"
}