{
  "type": "Feature",
  "stac_version": "1.0.0",
  "id": "8fd675c9-15ff-48df-bba9-5fe93c96ab25",
  "properties": {
    "title": "Groundwork campaign labels",
    "description": "Labels created from a Groundwork campaign!",
    "label:description": "Labels for project {B7161105-75AE-4DAC-BF81-6CFD7A84002E}_tile_1",
    "label:type": "vector",
    "label:properties": [
      "default"
    ],
    "label:classes": [
      {
        "classes": [
          "Pavement_distress",
          "Shadows"
        ],
        "name": "default"
      }
    ],
    "label:tasks": [
      "detection"
    ],
    "datetime": "2025-03-20T09:20:59.599409Z"
  },
  "geometry": {
    "type": "Polygon",
    "coordinates": [
      [
        [
          8.557337865950293,
          47.36010557987228
        ],
        [
          8.557338658512592,
          47.36014335207072
        ],
        [
          8.557024974067637,
          47.36014639050751
        ],
        [
          8.557024181727687,
          47.360108618306924
        ],
        [
          8.557337865950293,
          47.36010557987228
        ]
      ]
    ]
  },
  "links": [
    {
      "rel": "source",
      "href": "../518223d1-64d5-4ff0-b39d-5f74cfb9a22f/518223d1-64d5-4ff0-b39d-5f74cfb9a22f.json",
      "type": "application/json"
    },
    {
      "rel": "root",
      "href": "../../catalog.json",
      "type": "application/json"
    },
    {
      "rel": "collection",
      "href": "../collection.json",
      "type": "application/json"
    },
    {
      "rel": "parent",
      "href": "../collection.json",
      "type": "application/json"
    }
  ],
  "assets": {
    "labels": {
      "href": "./labels.geojson",
      "type": "application/geo+json"
    }
  },
  "bbox": [
    8.557024181727687,
    47.36010557987228,
    8.557338658512592,
    47.36014639050751
  ],
  "stac_extensions": [
    "https://stac-extensions.github.io/label/v1.0.1/schema.json"
  ],
  "collection": "fd64f70b-6807-4b0d-b428-cf7e0d5d4563"
}