{
  "type": "Collection",
  "id": "e282d492-316c-4ec3-af3e-22d7145448d8",
  "stac_version": "1.0.0",
  "description": "8124_tile_1",
  "links": [
    {
      "rel": "root",
      "href": "../catalog.json",
      "type": "application/json"
    },
    {
      "rel": "item",
      "href": "./54ed8fec-2420-40eb-9e63-7294222f6760/54ed8fec-2420-40eb-9e63-7294222f6760.json",
      "type": "application/json"
    },
    {
      "rel": "item",
      "href": "./9a70a4da-8341-4696-9579-58769593a472/9a70a4da-8341-4696-9579-58769593a472.json",
      "type": "application/json"
    },
    {
      "rel": "parent",
      "href": "../catalog.json",
      "type": "application/json"
    }
  ],
  "extent": {
    "spatial": {
      "bbox": [
        [
          8.493803729408631,
          47.377163786149346,
          8.494490739337747,
          47.37763044384001
        ]
      ]
    },
    "temporal": {
      "interval": [
        [
          "2025-04-02T11:46:12.737699Z",
          "2025-04-28T08:56:51.070015Z"
        ]
      ]
    }
  },
  "license": "proprietary"
}