{
  "type": "Collection",
  "id": "3ab1fa4c-fb4c-4765-a04d-2be7ff479141",
  "stac_version": "1.0.0",
  "description": "9264_tile_1",
  "links": [
    {
      "rel": "root",
      "href": "../catalog.json",
      "type": "application/json"
    },
    {
      "rel": "item",
      "href": "./bebdd4cf-1e36-493f-9bba-75e739f23685/bebdd4cf-1e36-493f-9bba-75e739f23685.json",
      "type": "application/json"
    },
    {
      "rel": "item",
      "href": "./7da37b04-12e7-4f57-bafb-15bd54dfed2b/7da37b04-12e7-4f57-bafb-15bd54dfed2b.json",
      "type": "application/json"
    },
    {
      "rel": "parent",
      "href": "../catalog.json",
      "type": "application/json"
    }
  ],
  "extent": {
    "spatial": {
      "bbox": [
        [
          8.574031929085036,
          47.36205076009891,
          8.574719427800636,
          47.36251788445884
        ]
      ]
    },
    "temporal": {
      "interval": [
        [
          "2025-05-06T07:10:16.292963Z",
          "2025-05-07T19:02:04.535310Z"
        ]
      ]
    }
  },
  "license": "proprietary"
}