{
  "type": "Feature",
  "stac_version": "1.0.0",
  "id": "af9ad7c5-0e16-4dca-8d72-5a255926faa5",
  "properties": {
    "title": "Groundwork campaign labels",
    "description": "Labels created from a Groundwork campaign!",
    "label:description": "Labels for project 12086_tile_4",
    "label:type": "vector",
    "label:properties": [
      "default"
    ],
    "label:classes": [
      {
        "classes": [
          "Pavement Distress",
          "Non-Pavement Distress"
        ],
        "name": "default"
      }
    ],
    "label:tasks": [
      "detection"
    ],
    "datetime": "2025-04-28T08:56:26.014320Z"
  },
  "geometry": {
    "type": "Polygon",
    "coordinates": [
      [
        [
          8.542250162050422,
          47.37986649689053
        ],
        [
          8.542259696995444,
          47.380326956444456
        ],
        [
          8.541581773980106,
          47.38033343084544
        ],
        [
          8.541572244895294,
          47.379872971236125
        ],
        [
          8.542250162050422,
          47.37986649689053
        ]
      ]
    ]
  },
  "links": [
    {
      "rel": "source",
      "href": "../75ce95dd-7e5d-421c-b5cb-ec5f670d7142/75ce95dd-7e5d-421c-b5cb-ec5f670d7142.json",
      "type": "application/json"
    },
    {
      "rel": "root",
      "href": "../../catalog.json",
      "type": "application/json"
    },
    {
      "rel": "collection",
      "href": "../collection.json",
      "type": "application/json"
    },
    {
      "rel": "parent",
      "href": "../collection.json",
      "type": "application/json"
    }
  ],
  "assets": {
    "labels": {
      "href": "./labels.geojson",
      "type": "application/geo+json"
    }
  },
  "bbox": [
    8.541572244895294,
    47.37986649689053,
    8.542259696995444,
    47.38033343084544
  ],
  "stac_extensions": [
    "https://stac-extensions.github.io/label/v1.0.1/schema.json"
  ],
  "collection": "f313a64c-cffd-4fad-bfdd-da158e3190fc"
}