{
  "type": "Collection",
  "id": "670d06d5-e195-42ce-8fd2-850ccef821f7",
  "stac_version": "1.0.0",
  "description": "{FDC2ACDC-47C1-412B-AC74-FF325E1FA38A}_tile_0",
  "links": [
    {
      "rel": "root",
      "href": "../catalog.json",
      "type": "application/json"
    },
    {
      "rel": "item",
      "href": "./c1677863-49e3-4a93-a6ad-eeced51237c8/c1677863-49e3-4a93-a6ad-eeced51237c8.json",
      "type": "application/json"
    },
    {
      "rel": "item",
      "href": "./6954b425-772f-4db3-94d6-9ac9bfe03d9b/6954b425-772f-4db3-94d6-9ac9bfe03d9b.json",
      "type": "application/json"
    },
    {
      "rel": "parent",
      "href": "../catalog.json",
      "type": "application/json"
    }
  ],
  "extent": {
    "spatial": {
      "bbox": [
        [
          8.541190590638712,
          47.409941616951144,
          8.541878427963102,
          47.41040854434851
        ]
      ]
    },
    "temporal": {
      "interval": [
        [
          "2025-01-31T23:47:07.973032Z",
          "2025-03-20T09:20:48.025923Z"
        ]
      ]
    }
  },
  "license": "proprietary"
}