{
  "type": "Collection",
  "id": "dc954268-7f3c-4e32-9d1b-eae456a3315a",
  "stac_version": "1.0.0",
  "description": "{7A0B622F-8E5F-4183-94EA-E8AF1BE3D075}_tile_0",
  "links": [
    {
      "rel": "root",
      "href": "../catalog.json",
      "type": "application/json"
    },
    {
      "rel": "item",
      "href": "./a264b705-3790-4243-a5fa-9b865e6a18fd/a264b705-3790-4243-a5fa-9b865e6a18fd.json",
      "type": "application/json"
    },
    {
      "rel": "item",
      "href": "./b6357ff7-75f0-451e-9a0f-1c6bbbbb1afb/b6357ff7-75f0-451e-9a0f-1c6bbbbb1afb.json",
      "type": "application/json"
    },
    {
      "rel": "parent",
      "href": "../catalog.json",
      "type": "application/json"
    }
  ],
  "extent": {
    "spatial": {
      "bbox": [
        [
          8.51270278782531,
          47.41525540493089,
          8.512990586973736,
          47.415666298462334
        ]
      ]
    },
    "temporal": {
      "interval": [
        [
          "2025-01-31T23:45:01.017478Z",
          "2025-03-20T09:21:17.397362Z"
        ]
      ]
    }
  },
  "license": "proprietary"
}