{
  "type": "Collection",
  "id": "324fd9d7-568a-4c52-8283-e34125871aa1",
  "stac_version": "1.0.0",
  "description": "{C82780D5-0C99-4313-9688-7F4485A927CE}_tile_1",
  "links": [
    {
      "rel": "root",
      "href": "../catalog.json",
      "type": "application/json"
    },
    {
      "rel": "item",
      "href": "./c7d8b642-f579-4592-9623-6002537edfb2/c7d8b642-f579-4592-9623-6002537edfb2.json",
      "type": "application/json"
    },
    {
      "rel": "item",
      "href": "./ef5ef895-ba71-4fa4-873b-1e93ff88cd79/ef5ef895-ba71-4fa4-873b-1e93ff88cd79.json",
      "type": "application/json"
    },
    {
      "rel": "parent",
      "href": "../catalog.json",
      "type": "application/json"
    }
  ],
  "extent": {
    "spatial": {
      "bbox": [
        [
          8.513302193625087,
          47.39307340756728,
          8.513989302934753,
          47.39352668588669
        ]
      ]
    },
    "temporal": {
      "interval": [
        [
          "2025-01-31T23:47:00.095029Z",
          "2025-03-20T09:20:50.735028Z"
        ]
      ]
    }
  },
  "license": "proprietary"
}