{
  "type": "Collection",
  "id": "3437e8e9-3488-4edc-8f85-24610f880efd",
  "stac_version": "1.0.0",
  "description": "12048_tile_2",
  "links": [
    {
      "rel": "root",
      "href": "../catalog.json",
      "type": "application/json"
    },
    {
      "rel": "item",
      "href": "./3f247fe4-9fc2-4247-ad75-67678dbdc65c/3f247fe4-9fc2-4247-ad75-67678dbdc65c.json",
      "type": "application/json"
    },
    {
      "rel": "item",
      "href": "./37ba887d-965a-44fe-b715-1774732ebc4b/37ba887d-965a-44fe-b715-1774732ebc4b.json",
      "type": "application/json"
    },
    {
      "rel": "parent",
      "href": "../catalog.json",
      "type": "application/json"
    }
  ],
  "extent": {
    "spatial": {
      "bbox": [
        [
          8.5030512085226,
          47.42021449487231,
          8.503738853218119,
          47.42068119989029
        ]
      ]
    },
    "temporal": {
      "interval": [
        [
          "2025-05-06T07:12:03.680344Z",
          "2025-05-07T19:01:37.420153Z"
        ]
      ]
    }
  },
  "license": "proprietary"
}