{
  "type": "Feature",
  "stac_version": "1.0.0",
  "id": "77c7013c-d3b5-4ecf-af04-cbeda6c4dd17",
  "properties": {
    "title": "Groundwork campaign labels",
    "description": "Labels created from a Groundwork campaign!",
    "label:description": "Labels for project {E546EAAB-FAD2-4E48-B5D3-20F2984A2666}_tile_0",
    "label:type": "vector",
    "label:properties": [
      "default"
    ],
    "label:classes": [
      {
        "classes": [
          "Pavement_distress",
          "Shadows"
        ],
        "name": "default"
      }
    ],
    "label:tasks": [
      "detection"
    ],
    "datetime": "2025-03-20T09:21:32.065097Z"
  },
  "geometry": {
    "type": "Polygon",
    "coordinates": [
      [
        [
          8.49475836248754,
          47.36920961079328
        ],
        [
          8.49476438473465,
          47.36951358959062
        ],
        [
          8.494086593659535,
          47.36951978507936
        ],
        [
          8.494080575279675,
          47.36921580624707
        ],
        [
          8.49475836248754,
          47.36920961079328
        ]
      ]
    ]
  },
  "links": [
    {
      "rel": "source",
      "href": "../23ad40fe-98f6-4ef6-b7aa-74ef4214eb03/23ad40fe-98f6-4ef6-b7aa-74ef4214eb03.json",
      "type": "application/json"
    },
    {
      "rel": "root",
      "href": "../../catalog.json",
      "type": "application/json"
    },
    {
      "rel": "collection",
      "href": "../collection.json",
      "type": "application/json"
    },
    {
      "rel": "parent",
      "href": "../collection.json",
      "type": "application/json"
    }
  ],
  "assets": {
    "labels": {
      "href": "./labels.geojson",
      "type": "application/geo+json"
    }
  },
  "bbox": [
    8.494080575279675,
    47.36920961079328,
    8.49476438473465,
    47.36951978507936
  ],
  "stac_extensions": [
    "https://stac-extensions.github.io/label/v1.0.1/schema.json"
  ],
  "collection": "61512014-73bf-4688-8bb7-f2add88f2e1d"
}