{
  "type": "Feature",
  "stac_version": "1.0.0",
  "id": "cafd5b55-8325-4fb3-9fe4-03a0b5c55915",
  "properties": {
    "title": "Groundwork campaign labels",
    "description": "Labels created from a Groundwork campaign!",
    "label:description": "Labels for project 2571_tile_0",
    "label:type": "vector",
    "label:properties": [
      "default"
    ],
    "label:classes": [
      {
        "classes": [
          "Pavement_distress",
          "non_pavement_distress"
        ],
        "name": "default"
      }
    ],
    "label:tasks": [
      "detection"
    ],
    "datetime": "2025-05-07T19:02:35.631027Z"
  },
  "geometry": {
    "type": "Polygon",
    "coordinates": [
      [
        [
          8.550525420461971,
          47.37426052313465
        ],
        [
          8.550535025938743,
          47.374720982788084
        ],
        [
          8.549857175292654,
          47.37472750579437
        ],
        [
          8.549847575674814,
          47.37426704608507
        ],
        [
          8.550525420461971,
          47.37426052313465
        ]
      ]
    ]
  },
  "links": [
    {
      "rel": "source",
      "href": "../1c4fb526-5a71-4c5e-8582-12f6c670289a/1c4fb526-5a71-4c5e-8582-12f6c670289a.json",
      "type": "application/json"
    },
    {
      "rel": "root",
      "href": "../../catalog.json",
      "type": "application/json"
    },
    {
      "rel": "collection",
      "href": "../collection.json",
      "type": "application/json"
    },
    {
      "rel": "parent",
      "href": "../collection.json",
      "type": "application/json"
    }
  ],
  "assets": {
    "labels": {
      "href": "./labels.geojson",
      "type": "application/geo+json"
    }
  },
  "bbox": [
    8.549847575674814,
    47.37426052313465,
    8.550535025938743,
    47.37472750579437
  ],
  "stac_extensions": [
    "https://stac-extensions.github.io/label/v1.0.1/schema.json"
  ],
  "collection": "579299eb-0d0d-4aa6-91f4-0c83d3a155d7"
}