{
  "type": "Collection",
  "id": "60c94d80-bfe0-4149-a65c-328a649f891f",
  "stac_version": "1.0.0",
  "description": "9785_tile_2",
  "links": [
    {
      "rel": "root",
      "href": "../catalog.json",
      "type": "application/json"
    },
    {
      "rel": "item",
      "href": "./b98dc4bd-00ee-486f-9b65-c4208b351a86/b98dc4bd-00ee-486f-9b65-c4208b351a86.json",
      "type": "application/json"
    },
    {
      "rel": "item",
      "href": "./34357dc3-f8c3-4a55-a06e-2da2ff87cf37/34357dc3-f8c3-4a55-a06e-2da2ff87cf37.json",
      "type": "application/json"
    },
    {
      "rel": "parent",
      "href": "../catalog.json",
      "type": "application/json"
    }
  ],
  "extent": {
    "spatial": {
      "bbox": [
        [
          8.507207676350417,
          47.3568176899643,
          8.50789453817166,
          47.357284428161556
        ]
      ]
    },
    "temporal": {
      "interval": [
        [
          "2025-05-06T07:10:52.188259Z",
          "2025-05-07T19:01:54.970933Z"
        ]
      ]
    }
  },
  "license": "proprietary"
}