{
  "type": "Feature",
  "stac_version": "1.0.0",
  "id": "5f5e5805-b80e-403d-af6a-9da7d9c88c25",
  "properties": {
    "title": "Groundwork campaign labels",
    "description": "Labels created from a Groundwork campaign!",
    "label:description": "Labels for project {746D5D13-1EBD-403C-A665-B3FCB0E070C8}_tile_0",
    "label:type": "vector",
    "label:properties": [
      "default"
    ],
    "label:classes": [
      {
        "classes": [
          "Pavement_distress",
          "Shadows"
        ],
        "name": "default"
      }
    ],
    "label:tasks": [
      "detection"
    ],
    "datetime": "2025-03-20T09:20:57.578309Z"
  },
  "geometry": {
    "type": "Polygon",
    "coordinates": [
      [
        [
          8.481763884521682,
          47.37920696086022
        ],
        [
          8.481765204607713,
          47.37927441172407
        ],
        [
          8.481668548509425,
          47.379275284422306
        ],
        [
          8.481667228545794,
          47.379207833557395
        ],
        [
          8.481763884521682,
          47.37920696086022
        ]
      ]
    ]
  },
  "links": [
    {
      "rel": "source",
      "href": "../fcefefa6-3384-46af-8648-9af1ecb493ad/fcefefa6-3384-46af-8648-9af1ecb493ad.json",
      "type": "application/json"
    },
    {
      "rel": "root",
      "href": "../../catalog.json",
      "type": "application/json"
    },
    {
      "rel": "collection",
      "href": "../collection.json",
      "type": "application/json"
    },
    {
      "rel": "parent",
      "href": "../collection.json",
      "type": "application/json"
    }
  ],
  "assets": {
    "labels": {
      "href": "./labels.geojson",
      "type": "application/geo+json"
    }
  },
  "bbox": [
    8.481667228545794,
    47.37920696086022,
    8.481765204607713,
    47.379275284422306
  ],
  "stac_extensions": [
    "https://stac-extensions.github.io/label/v1.0.1/schema.json"
  ],
  "collection": "b3448eb6-f2b6-46d5-bd7d-0c63ba90d833"
}