{
  "type": "Feature",
  "stac_version": "1.0.0",
  "id": "f00c4dea-1307-4aa3-ab00-492c6b2d7394",
  "properties": {
    "title": "Groundwork campaign labels",
    "description": "Labels created from a Groundwork campaign!",
    "label:description": "Labels for project {691AE6E8-8877-4B7C-B38A-989667A52A53}_tile_3",
    "label:type": "vector",
    "label:properties": [
      "default"
    ],
    "label:classes": [
      {
        "classes": [
          "Pavement_distress",
          "Shadows"
        ],
        "name": "default"
      }
    ],
    "label:tasks": [
      "detection"
    ],
    "datetime": "2025-03-20T09:21:11.520524Z"
  },
  "geometry": {
    "type": "Polygon",
    "coordinates": [
      [
        [
          8.57102024964002,
          47.38194749567634
        ],
        [
          8.571029192893082,
          47.38236838200687
        ],
        [
          8.570797473279864,
          47.3823706531312
        ],
        [
          8.570788531857765,
          47.38194976678293
        ],
        [
          8.57102024964002,
          47.38194749567634
        ]
      ]
    ]
  },
  "links": [
    {
      "rel": "source",
      "href": "../095a1045-58cf-43f5-b6ef-288459c9bc05/095a1045-58cf-43f5-b6ef-288459c9bc05.json",
      "type": "application/json"
    },
    {
      "rel": "root",
      "href": "../../catalog.json",
      "type": "application/json"
    },
    {
      "rel": "collection",
      "href": "../collection.json",
      "type": "application/json"
    },
    {
      "rel": "parent",
      "href": "../collection.json",
      "type": "application/json"
    }
  ],
  "assets": {
    "labels": {
      "href": "./labels.geojson",
      "type": "application/geo+json"
    }
  },
  "bbox": [
    8.570788531857765,
    47.38194749567634,
    8.571029192893082,
    47.3823706531312
  ],
  "stac_extensions": [
    "https://stac-extensions.github.io/label/v1.0.1/schema.json"
  ],
  "collection": "edb7d625-ee85-4257-ac3d-85eb4158777c"
}