{
  "type": "Feature",
  "stac_version": "1.0.0",
  "id": "8dca551f-c662-4d34-9657-59ddbb01f939",
  "properties": {
    "title": "Groundwork campaign labels",
    "description": "Labels created from a Groundwork campaign!",
    "label:description": "Labels for project 5822_tile_1",
    "label:type": "vector",
    "label:properties": [
      "default"
    ],
    "label:classes": [
      {
        "classes": [
          "Pavement Distress",
          "Non-Pavement Distress"
        ],
        "name": "default"
      }
    ],
    "label:tasks": [
      "detection"
    ],
    "datetime": "2025-04-28T08:57:02.739794Z"
  },
  "geometry": {
    "type": "Polygon",
    "coordinates": [
      [
        [
          8.551211009531343,
          47.419349043792494
        ],
        [
          8.551220629130967,
          47.41980949691172
        ],
        [
          8.55054220424649,
          47.419816023886284
        ],
        [
          8.55053259051576,
          47.419355570711176
        ],
        [
          8.551211009531343,
          47.419349043792494
        ]
      ]
    ]
  },
  "links": [
    {
      "rel": "source",
      "href": "../9f70ed56-bc7f-4158-ab5c-2b3fba8d20a5/9f70ed56-bc7f-4158-ab5c-2b3fba8d20a5.json",
      "type": "application/json"
    },
    {
      "rel": "root",
      "href": "../../catalog.json",
      "type": "application/json"
    },
    {
      "rel": "collection",
      "href": "../collection.json",
      "type": "application/json"
    },
    {
      "rel": "parent",
      "href": "../collection.json",
      "type": "application/json"
    }
  ],
  "assets": {
    "labels": {
      "href": "./labels.geojson",
      "type": "application/geo+json"
    }
  },
  "bbox": [
    8.55053259051576,
    47.419349043792494,
    8.551220629130967,
    47.419816023886284
  ],
  "stac_extensions": [
    "https://stac-extensions.github.io/label/v1.0.1/schema.json"
  ],
  "collection": "8f22a9be-3c8a-4249-a476-3a7f0200ee70"
}