{
  "type": "Collection",
  "id": "b95bba34-ebbc-4421-ba9b-58058715c2ea",
  "stac_version": "1.0.0",
  "description": "5592_tile_4",
  "links": [
    {
      "rel": "root",
      "href": "../catalog.json",
      "type": "application/json"
    },
    {
      "rel": "item",
      "href": "./acdd005a-770b-4bcc-ab84-677bb1bb6274/acdd005a-770b-4bcc-ab84-677bb1bb6274.json",
      "type": "application/json"
    },
    {
      "rel": "item",
      "href": "./b5cc7767-4887-4de6-8ead-84f33411ad74/b5cc7767-4887-4de6-8ead-84f33411ad74.json",
      "type": "application/json"
    },
    {
      "rel": "parent",
      "href": "../catalog.json",
      "type": "application/json"
    }
  ],
  "extent": {
    "spatial": {
      "bbox": [
        [
          8.499229521838737,
          47.36460459945934,
          8.499916416049077,
          47.36507129035444
        ]
      ]
    },
    "temporal": {
      "interval": [
        [
          "2025-04-02T11:45:28.161251Z",
          "2025-04-28T08:57:04.066814Z"
        ]
      ]
    }
  },
  "license": "proprietary"
}