{
  "type": "Collection",
  "id": "e1891ff1-1046-4476-99d3-9aee33adcd62",
  "stac_version": "1.0.0",
  "description": "2931_tile_1",
  "links": [
    {
      "rel": "root",
      "href": "../catalog.json",
      "type": "application/json"
    },
    {
      "rel": "item",
      "href": "./9fe3207f-bbde-4a1d-8f6d-ac8df015ec19/9fe3207f-bbde-4a1d-8f6d-ac8df015ec19.json",
      "type": "application/json"
    },
    {
      "rel": "item",
      "href": "./29fa0fec-891a-4e6d-ab0f-3809688efbe3/29fa0fec-891a-4e6d-ab0f-3809688efbe3.json",
      "type": "application/json"
    },
    {
      "rel": "parent",
      "href": "../catalog.json",
      "type": "application/json"
    }
  ],
  "extent": {
    "spatial": {
      "bbox": [
        [
          8.590716155727437,
          47.3634883712677,
          8.591403815090409,
          47.363955591969
        ]
      ]
    },
    "temporal": {
      "interval": [
        [
          "2025-05-06T07:08:13.427192Z",
          "2025-05-07T19:02:32.426598Z"
        ]
      ]
    }
  },
  "license": "proprietary"
}