{
  "type": "Feature",
  "stac_version": "1.0.0",
  "id": "105fb7ef-e287-4b77-905c-db596ea63a11",
  "properties": {
    "title": "Groundwork campaign labels",
    "description": "Labels created from a Groundwork campaign!",
    "label:description": "Labels for project {FF4AAB3B-BF83-4A98-81CA-816A5B2FBCD2}_tile_0",
    "label:type": "vector",
    "label:properties": [
      "default"
    ],
    "label:classes": [
      {
        "classes": [
          "Pavement_distress",
          "Shadows"
        ],
        "name": "default"
      }
    ],
    "label:tasks": [
      "detection"
    ],
    "datetime": "2025-03-20T09:21:22.967051Z"
  },
  "geometry": {
    "type": "Polygon",
    "coordinates": [
      [
        [
          8.524932453386796,
          47.41185245522055
        ],
        [
          8.524935718169687,
          47.412012535770934
        ],
        [
          8.524625700774223,
          47.41201544875311
        ],
        [
          8.524622436923593,
          47.41185536819406
        ],
        [
          8.524932453386796,
          47.41185245522055
        ]
      ]
    ]
  },
  "links": [
    {
      "rel": "source",
      "href": "../bb399836-27b8-4ffa-ba24-7c9c350d2e87/bb399836-27b8-4ffa-ba24-7c9c350d2e87.json",
      "type": "application/json"
    },
    {
      "rel": "root",
      "href": "../../catalog.json",
      "type": "application/json"
    },
    {
      "rel": "collection",
      "href": "../collection.json",
      "type": "application/json"
    },
    {
      "rel": "parent",
      "href": "../collection.json",
      "type": "application/json"
    }
  ],
  "assets": {
    "labels": {
      "href": "./labels.geojson",
      "type": "application/geo+json"
    }
  },
  "bbox": [
    8.524622436923593,
    47.41185245522055,
    8.524935718169687,
    47.41201544875311
  ],
  "stac_extensions": [
    "https://stac-extensions.github.io/label/v1.0.1/schema.json"
  ],
  "collection": "6ddd31d0-cafa-4cd6-a4e1-a1b26dca341b"
}