{
  "type": "Feature",
  "stac_version": "1.0.0",
  "id": "2c97a345-8201-4965-aabb-a0d16c79c6d9",
  "properties": {
    "title": "Groundwork campaign labels",
    "description": "Labels created from a Groundwork campaign!",
    "label:description": "Labels for project {9CE3BAED-F6F1-46DD-9164-EAA518D3E7D3}_tile_1",
    "label:type": "vector",
    "label:properties": [
      "default"
    ],
    "label:classes": [
      {
        "classes": [
          "Pavement_distress",
          "Shadows"
        ],
        "name": "default"
      }
    ],
    "label:tasks": [
      "detection"
    ],
    "datetime": "2025-03-20T09:21:30.436625Z"
  },
  "geometry": {
    "type": "Polygon",
    "coordinates": [
      [
        [
          8.53248301651131,
          47.37385080387001
        ],
        [
          8.532487685834505,
          47.37407833646791
        ],
        [
          8.531931641388873,
          47.374083600724035
        ],
        [
          8.531926974440584,
          47.37385606810386
        ],
        [
          8.53248301651131,
          47.37385080387001
        ]
      ]
    ]
  },
  "links": [
    {
      "rel": "source",
      "href": "../4670e4ba-e652-4395-9c87-407c6d0e6b51/4670e4ba-e652-4395-9c87-407c6d0e6b51.json",
      "type": "application/json"
    },
    {
      "rel": "root",
      "href": "../../catalog.json",
      "type": "application/json"
    },
    {
      "rel": "collection",
      "href": "../collection.json",
      "type": "application/json"
    },
    {
      "rel": "parent",
      "href": "../collection.json",
      "type": "application/json"
    }
  ],
  "assets": {
    "labels": {
      "href": "./labels.geojson",
      "type": "application/geo+json"
    }
  },
  "bbox": [
    8.531926974440584,
    47.37385080387001,
    8.532487685834505,
    47.374083600724035
  ],
  "stac_extensions": [
    "https://stac-extensions.github.io/label/v1.0.1/schema.json"
  ],
  "collection": "a4921ba0-489f-48d4-9382-5c3bad8f381c"
}