{
  "type": "Feature",
  "stac_version": "1.0.0",
  "id": "6468899d-3b1c-4e59-9c64-de948b346216",
  "properties": {
    "title": "Groundwork campaign labels",
    "description": "Labels created from a Groundwork campaign!",
    "label:description": "Labels for project {E010BB6D-57AC-48DD-8CD0-309292C6AF31}_tile_0",
    "label:type": "vector",
    "label:properties": [
      "default"
    ],
    "label:classes": [
      {
        "classes": [
          "Pavement_distress",
          "Shadows"
        ],
        "name": "default"
      }
    ],
    "label:tasks": [
      "detection"
    ],
    "datetime": "2025-03-20T09:21:27.164337Z"
  },
  "geometry": {
    "type": "Polygon",
    "coordinates": [
      [
        [
          8.506393226540068,
          47.375315551080526
        ],
        [
          8.506398955568029,
          47.37560154185825
        ],
        [
          8.5059408656543,
          47.375605775258414
        ],
        [
          8.505935139085647,
          47.375319784458185
        ],
        [
          8.506393226540068,
          47.375315551080526
        ]
      ]
    ]
  },
  "links": [
    {
      "rel": "source",
      "href": "../ff179746-d28e-4391-aa16-d336f33c9257/ff179746-d28e-4391-aa16-d336f33c9257.json",
      "type": "application/json"
    },
    {
      "rel": "root",
      "href": "../../catalog.json",
      "type": "application/json"
    },
    {
      "rel": "collection",
      "href": "../collection.json",
      "type": "application/json"
    },
    {
      "rel": "parent",
      "href": "../collection.json",
      "type": "application/json"
    }
  ],
  "assets": {
    "labels": {
      "href": "./labels.geojson",
      "type": "application/geo+json"
    }
  },
  "bbox": [
    8.505935139085647,
    47.375315551080526,
    8.506398955568029,
    47.375605775258414
  ],
  "stac_extensions": [
    "https://stac-extensions.github.io/label/v1.0.1/schema.json"
  ],
  "collection": "261d2bff-2752-4afe-8b86-685a9332ecbb"
}