{
  "type": "Feature",
  "stac_version": "1.0.0",
  "id": "db9ba51f-6d10-41e9-a58c-42b658b0516b",
  "properties": {
    "title": "Groundwork campaign labels",
    "description": "Labels created from a Groundwork campaign!",
    "label:description": "Labels for project {1512EDB0-18AA-4338-B094-E04CB29B72F6}_tile_3",
    "label:type": "vector",
    "label:properties": [
      "default"
    ],
    "label:classes": [
      {
        "classes": [
          "Pavement_distress",
          "Shadows"
        ],
        "name": "default"
      }
    ],
    "label:tasks": [
      "detection"
    ],
    "datetime": "2025-03-20T09:20:54.799909Z"
  },
  "geometry": {
    "type": "Polygon",
    "coordinates": [
      [
        [
          8.51654202959049,
          47.3861926032649
        ],
        [
          8.516545031084254,
          47.38634099394975
        ],
        [
          8.51633977638123,
          47.38634290867439
        ],
        [
          8.516336775459338,
          47.38619451798423
        ],
        [
          8.51654202959049,
          47.3861926032649
        ]
      ]
    ]
  },
  "links": [
    {
      "rel": "source",
      "href": "../f15af3e1-0512-4307-9b65-7193858b7cfa/f15af3e1-0512-4307-9b65-7193858b7cfa.json",
      "type": "application/json"
    },
    {
      "rel": "root",
      "href": "../../catalog.json",
      "type": "application/json"
    },
    {
      "rel": "collection",
      "href": "../collection.json",
      "type": "application/json"
    },
    {
      "rel": "parent",
      "href": "../collection.json",
      "type": "application/json"
    }
  ],
  "assets": {
    "labels": {
      "href": "./labels.geojson",
      "type": "application/geo+json"
    }
  },
  "bbox": [
    8.516336775459338,
    47.3861926032649,
    8.516545031084254,
    47.38634290867439
  ],
  "stac_extensions": [
    "https://stac-extensions.github.io/label/v1.0.1/schema.json"
  ],
  "collection": "03dfb208-b15b-439f-a56a-b29bb39b9615"
}