{
  "type": "Collection",
  "id": "36bd5822-3b4f-4d89-9951-64b0e007647a",
  "stac_version": "1.0.0",
  "description": "17410_tile_0",
  "links": [
    {
      "rel": "root",
      "href": "../catalog.json",
      "type": "application/json"
    },
    {
      "rel": "item",
      "href": "./e7bb998e-2bb2-4d07-812b-301facc7435a/e7bb998e-2bb2-4d07-812b-301facc7435a.json",
      "type": "application/json"
    },
    {
      "rel": "item",
      "href": "./3a51bbfa-f137-42cd-be21-de6ff79b3acf/3a51bbfa-f137-42cd-be21-de6ff79b3acf.json",
      "type": "application/json"
    },
    {
      "rel": "parent",
      "href": "../catalog.json",
      "type": "application/json"
    }
  ],
  "extent": {
    "spatial": {
      "bbox": [
        [
          8.567808528598693,
          47.36855958482992,
          8.568496058311633,
          47.369026672258265
        ]
      ]
    },
    "temporal": {
      "interval": [
        [
          "2025-04-02T11:49:52.658738Z",
          "2025-04-28T08:55:58.416579Z"
        ]
      ]
    }
  },
  "license": "proprietary"
}