{
  "type": "Feature",
  "stac_version": "1.0.0",
  "id": "ba4c2c20-9497-45db-b774-fd05eff142d9",
  "properties": {
    "title": "Groundwork campaign labels",
    "description": "Labels created from a Groundwork campaign!",
    "label:description": "Labels for project 14310_tile_2",
    "label:type": "vector",
    "label:properties": [
      "default"
    ],
    "label:classes": [
      {
        "classes": [
          "Pavement Distress",
          "Non-Pavement Distress"
        ],
        "name": "default"
      }
    ],
    "label:tasks": [
      "detection"
    ],
    "datetime": "2025-04-28T08:56:16.366660Z"
  },
  "geometry": {
    "type": "Polygon",
    "coordinates": [
      [
        [
          8.50845256717565,
          47.418870216492024
        ],
        [
          8.508461816717723,
          47.41933067319717
        ],
        [
          8.507783392760802,
          47.419336949065546
        ],
        [
          8.507774149087732,
          47.418876492306666
        ],
        [
          8.50845256717565,
          47.418870216492024
        ]
      ]
    ]
  },
  "links": [
    {
      "rel": "source",
      "href": "../b3341fb3-6e1b-4d0d-9404-b86c0ea75c4a/b3341fb3-6e1b-4d0d-9404-b86c0ea75c4a.json",
      "type": "application/json"
    },
    {
      "rel": "root",
      "href": "../../catalog.json",
      "type": "application/json"
    },
    {
      "rel": "collection",
      "href": "../collection.json",
      "type": "application/json"
    },
    {
      "rel": "parent",
      "href": "../collection.json",
      "type": "application/json"
    }
  ],
  "assets": {
    "labels": {
      "href": "./labels.geojson",
      "type": "application/geo+json"
    }
  },
  "bbox": [
    8.507774149087732,
    47.418870216492024,
    8.508461816717723,
    47.419336949065546
  ],
  "stac_extensions": [
    "https://stac-extensions.github.io/label/v1.0.1/schema.json"
  ],
  "collection": "e0715378-2270-4c84-bfe5-1e8d2a8d7377"
}