{
  "type": "Collection",
  "id": "907d2740-e8a2-4da4-86fc-4da42c276f25",
  "stac_version": "1.0.0",
  "description": "{FAA2ED13-7832-4F9F-A04A-31E2B7679F8B}_tile_0",
  "links": [
    {
      "rel": "root",
      "href": "../catalog.json",
      "type": "application/json"
    },
    {
      "rel": "item",
      "href": "./00fb52d7-9da4-4cb0-8dae-cc2a24c1de60/00fb52d7-9da4-4cb0-8dae-cc2a24c1de60.json",
      "type": "application/json"
    },
    {
      "rel": "item",
      "href": "./5a826504-d355-46e4-bf7b-b43957719a92/5a826504-d355-46e4-bf7b-b43957719a92.json",
      "type": "application/json"
    },
    {
      "rel": "parent",
      "href": "../catalog.json",
      "type": "application/json"
    }
  ],
  "extent": {
    "spatial": {
      "bbox": [
        [
          8.528749468956699,
          47.423922792378335,
          8.52942986479685,
          47.42402272115496
        ]
      ]
    },
    "temporal": {
      "interval": [
        [
          "2025-01-31T23:44:37.464552Z",
          "2025-03-20T09:21:23.251919Z"
        ]
      ]
    }
  },
  "license": "proprietary"
}