{
  "type": "Feature",
  "stac_version": "1.0.0",
  "id": "a91353e8-236e-4d51-ac00-a2bd376a4037",
  "properties": {
    "title": "Groundwork campaign labels",
    "description": "Labels created from a Groundwork campaign!",
    "label:description": "Labels for project 11777_tile_0",
    "label:type": "vector",
    "label:properties": [
      "default"
    ],
    "label:classes": [
      {
        "classes": [
          "Pavement_distress",
          "non_pavement_distress"
        ],
        "name": "default"
      }
    ],
    "label:tasks": [
      "detection"
    ],
    "datetime": "2025-05-07T19:01:39.393223Z"
  },
  "geometry": {
    "type": "Polygon",
    "coordinates": [
      [
        [
          8.490236634687589,
          47.38490946176406
        ],
        [
          8.490245720777587,
          47.38536992482478
        ],
        [
          8.489567727350307,
          47.38537609375715
        ],
        [
          8.489558647121896,
          47.384915630643654
        ],
        [
          8.490236634687589,
          47.38490946176406
        ]
      ]
    ]
  },
  "links": [
    {
      "rel": "source",
      "href": "../06a24b3a-60a1-4265-b4ae-a210c35b457d/06a24b3a-60a1-4265-b4ae-a210c35b457d.json",
      "type": "application/json"
    },
    {
      "rel": "root",
      "href": "../../catalog.json",
      "type": "application/json"
    },
    {
      "rel": "collection",
      "href": "../collection.json",
      "type": "application/json"
    },
    {
      "rel": "parent",
      "href": "../collection.json",
      "type": "application/json"
    }
  ],
  "assets": {
    "labels": {
      "href": "./labels.geojson",
      "type": "application/geo+json"
    }
  },
  "bbox": [
    8.489558647121896,
    47.38490946176406,
    8.490245720777587,
    47.38537609375715
  ],
  "stac_extensions": [
    "https://stac-extensions.github.io/label/v1.0.1/schema.json"
  ],
  "collection": "42f99db1-7c2c-43bc-a202-34c8d22b9f19"
}