{
  "type": "Collection",
  "id": "c0b545d3-d5f7-4224-831e-78caf902948f",
  "stac_version": "1.0.0",
  "description": "{A32E56DE-A8CD-4C44-A7D6-B1AEAA5AC0C9}_tile_0",
  "links": [
    {
      "rel": "root",
      "href": "../catalog.json",
      "type": "application/json"
    },
    {
      "rel": "item",
      "href": "./6c61186e-deef-4914-9766-dcfb3539c64e/6c61186e-deef-4914-9766-dcfb3539c64e.json",
      "type": "application/json"
    },
    {
      "rel": "item",
      "href": "./c839cf43-9583-4600-bf5c-ed1adf365b1a/c839cf43-9583-4600-bf5c-ed1adf365b1a.json",
      "type": "application/json"
    },
    {
      "rel": "parent",
      "href": "../catalog.json",
      "type": "application/json"
    }
  ],
  "extent": {
    "spatial": {
      "bbox": [
        [
          8.54392034868741,
          47.376743950138916,
          8.544358792950932,
          47.37694955733928
        ]
      ]
    },
    "temporal": {
      "interval": [
        [
          "2025-01-31T23:45:13.016973Z",
          "2025-03-20T09:21:14.977122Z"
        ]
      ]
    }
  },
  "license": "proprietary"
}