{
  "type": "Collection",
  "id": "8a64dc2b-5229-436d-8e76-7aa1490955bd",
  "stac_version": "1.0.0",
  "description": "13628_tile_0",
  "links": [
    {
      "rel": "root",
      "href": "../catalog.json",
      "type": "application/json"
    },
    {
      "rel": "item",
      "href": "./4b595b1f-4a4d-4616-8eef-acadcdd9b6a9/4b595b1f-4a4d-4616-8eef-acadcdd9b6a9.json",
      "type": "application/json"
    },
    {
      "rel": "item",
      "href": "./232a0a09-a77f-466d-af56-271d89602a7b/232a0a09-a77f-466d-af56-271d89602a7b.json",
      "type": "application/json"
    },
    {
      "rel": "parent",
      "href": "../catalog.json",
      "type": "application/json"
    }
  ],
  "extent": {
    "spatial": {
      "bbox": [
        [
          8.501029479239714,
          47.3819818385956,
          8.501716612960447,
          47.382448537459375
        ]
      ]
    },
    "temporal": {
      "interval": [
        [
          "2025-04-02T11:48:07.261465Z",
          "2025-04-28T08:56:19.486758Z"
        ]
      ]
    }
  },
  "license": "proprietary"
}