{
  "type": "Collection",
  "id": "2cf0f890-771c-4a4d-8054-3c05d1906707",
  "stac_version": "1.0.0",
  "description": "8651_tile_1",
  "links": [
    {
      "rel": "root",
      "href": "../catalog.json",
      "type": "application/json"
    },
    {
      "rel": "item",
      "href": "./5cdcdfe9-5ec3-4dc2-a8ad-acbb3462f22c/5cdcdfe9-5ec3-4dc2-a8ad-acbb3462f22c.json",
      "type": "application/json"
    },
    {
      "rel": "item",
      "href": "./a5e4b763-7cb0-4fce-8f8c-147ff71bf03b/a5e4b763-7cb0-4fce-8f8c-147ff71bf03b.json",
      "type": "application/json"
    },
    {
      "rel": "parent",
      "href": "../catalog.json",
      "type": "application/json"
    }
  ],
  "extent": {
    "spatial": {
      "bbox": [
        [
          8.506202559246839,
          47.414450228351875,
          8.50689015634943,
          47.414916952474506
        ]
      ]
    },
    "temporal": {
      "interval": [
        [
          "2025-04-02T11:46:22.068629Z",
          "2025-04-28T08:56:48.419699Z"
        ]
      ]
    }
  },
  "license": "proprietary"
}