{
  "type": "Feature",
  "stac_version": "1.0.0",
  "id": "7a660388-23d6-4b5c-9655-ee428c05520d",
  "properties": {
    "title": "Groundwork campaign labels",
    "description": "Labels created from a Groundwork campaign!",
    "label:description": "Labels for project {37715F8B-2589-479C-896B-9F7D58550F75}_tile_1",
    "label:type": "vector",
    "label:properties": [
      "default"
    ],
    "label:classes": [
      {
        "classes": [
          "Pavement_distress",
          "Shadows"
        ],
        "name": "default"
      }
    ],
    "label:tasks": [
      "detection"
    ],
    "datetime": "2025-03-20T09:21:29.823865Z"
  },
  "geometry": {
    "type": "Polygon",
    "coordinates": [
      [
        [
          8.524365980067627,
          47.39056291390068
        ],
        [
          8.524374244467904,
          47.39096851397977
        ],
        [
          8.523696183793204,
          47.39097488333211
        ],
        [
          8.523687924557104,
          47.390569283204975
        ],
        [
          8.524365980067627,
          47.39056291390068
        ]
      ]
    ]
  },
  "links": [
    {
      "rel": "source",
      "href": "../88b86344-0d77-4016-a960-8f0a2583259f/88b86344-0d77-4016-a960-8f0a2583259f.json",
      "type": "application/json"
    },
    {
      "rel": "root",
      "href": "../../catalog.json",
      "type": "application/json"
    },
    {
      "rel": "collection",
      "href": "../collection.json",
      "type": "application/json"
    },
    {
      "rel": "parent",
      "href": "../collection.json",
      "type": "application/json"
    }
  ],
  "assets": {
    "labels": {
      "href": "./labels.geojson",
      "type": "application/geo+json"
    }
  },
  "bbox": [
    8.523687924557104,
    47.39056291390068,
    8.524374244467904,
    47.39097488333211
  ],
  "stac_extensions": [
    "https://stac-extensions.github.io/label/v1.0.1/schema.json"
  ],
  "collection": "ab0f2d10-7b9c-41d9-be58-1d187bc41613"
}