{
  "type": "Feature",
  "stac_version": "1.0.0",
  "id": "9e1f9803-75ba-475a-a742-feb7495e9ac5",
  "properties": {
    "title": "Groundwork campaign labels",
    "description": "Labels created from a Groundwork campaign!",
    "label:description": "Labels for project {3A856F54-2514-4392-80D0-528F27F596E0}_tile_2",
    "label:type": "vector",
    "label:properties": [
      "default"
    ],
    "label:classes": [
      {
        "classes": [
          "Pavement_distress",
          "Shadows"
        ],
        "name": "default"
      }
    ],
    "label:tasks": [
      "detection"
    ],
    "datetime": "2025-03-20T09:20:58.175821Z"
  },
  "geometry": {
    "type": "Polygon",
    "coordinates": [
      [
        [
          8.57673571352154,
          47.37838680574
        ],
        [
          8.576737672393174,
          47.37847853738375
        ],
        [
          8.576670147683137,
          47.378479202642026
        ],
        [
          8.576668188927787,
          47.378387470997176
        ],
        [
          8.57673571352154,
          47.37838680574
        ]
      ]
    ]
  },
  "links": [
    {
      "rel": "source",
      "href": "../35e643aa-6cf5-41ac-b8d7-3270e5ac40d5/35e643aa-6cf5-41ac-b8d7-3270e5ac40d5.json",
      "type": "application/json"
    },
    {
      "rel": "root",
      "href": "../../catalog.json",
      "type": "application/json"
    },
    {
      "rel": "collection",
      "href": "../collection.json",
      "type": "application/json"
    },
    {
      "rel": "parent",
      "href": "../collection.json",
      "type": "application/json"
    }
  ],
  "assets": {
    "labels": {
      "href": "./labels.geojson",
      "type": "application/geo+json"
    }
  },
  "bbox": [
    8.576668188927787,
    47.37838680574,
    8.576737672393174,
    47.378479202642026
  ],
  "stac_extensions": [
    "https://stac-extensions.github.io/label/v1.0.1/schema.json"
  ],
  "collection": "c588f1c7-e0de-4069-a6d4-1ce76a168ae7"
}