{
  "type": "Collection",
  "id": "5ad3c0b8-1615-4630-ba92-43e9a937796e",
  "stac_version": "1.0.0",
  "description": "{AA2E0CBE-15F4-41FD-A460-5EB2842B135D}_tile_5",
  "links": [
    {
      "rel": "root",
      "href": "../catalog.json",
      "type": "application/json"
    },
    {
      "rel": "item",
      "href": "./0246a0d6-a407-4a67-aa0e-f91c8aaf6a0f/0246a0d6-a407-4a67-aa0e-f91c8aaf6a0f.json",
      "type": "application/json"
    },
    {
      "rel": "item",
      "href": "./4b96771c-3ffb-4311-b1a6-a1a796d5646e/4b96771c-3ffb-4311-b1a6-a1a796d5646e.json",
      "type": "application/json"
    },
    {
      "rel": "parent",
      "href": "../catalog.json",
      "type": "application/json"
    }
  ],
  "extent": {
    "spatial": {
      "bbox": [
        [
          8.585095248064112,
          47.35692624967378,
          8.585449255963265,
          47.35739012586707
        ]
      ]
    },
    "temporal": {
      "interval": [
        [
          "2025-01-31T23:45:31.547086Z",
          "2025-03-20T09:21:10.929330Z"
        ]
      ]
    }
  },
  "license": "proprietary"
}