{
  "type": "Feature",
  "stac_version": "1.0.0",
  "id": "b6d29bf2-d0e3-46dd-b396-f76969f8e15c",
  "properties": {
    "title": "Groundwork campaign labels",
    "description": "Labels created from a Groundwork campaign!",
    "label:description": "Labels for project 9055_tile_1",
    "label:type": "vector",
    "label:properties": [
      "default"
    ],
    "label:classes": [
      {
        "classes": [
          "Pavement_distress",
          "non_pavement_distress"
        ],
        "name": "default"
      }
    ],
    "label:tasks": [
      "detection"
    ],
    "datetime": "2025-05-07T19:02:06.046724Z"
  },
  "geometry": {
    "type": "Polygon",
    "coordinates": [
      [
        [
          8.534061856606993,
          47.41034058818396
        ],
        [
          8.534071326207892,
          47.41080104404633
        ],
        [
          8.533393014048858,
          47.41080747032118
        ],
        [
          8.53338355031495,
          47.41034701440378
        ],
        [
          8.534061856606993,
          47.41034058818396
        ]
      ]
    ]
  },
  "links": [
    {
      "rel": "source",
      "href": "../31b0f17c-ef37-413a-b5ed-ef8f19f466d5/31b0f17c-ef37-413a-b5ed-ef8f19f466d5.json",
      "type": "application/json"
    },
    {
      "rel": "root",
      "href": "../../catalog.json",
      "type": "application/json"
    },
    {
      "rel": "collection",
      "href": "../collection.json",
      "type": "application/json"
    },
    {
      "rel": "parent",
      "href": "../collection.json",
      "type": "application/json"
    }
  ],
  "assets": {
    "labels": {
      "href": "./labels.geojson",
      "type": "application/geo+json"
    }
  },
  "bbox": [
    8.53338355031495,
    47.41034058818396,
    8.534071326207892,
    47.41080747032118
  ],
  "stac_extensions": [
    "https://stac-extensions.github.io/label/v1.0.1/schema.json"
  ],
  "collection": "4dcc753d-7a8b-46a8-b7bf-15d2f67428f3"
}