{
  "type": "Collection",
  "id": "2b03b6cc-c2b7-4265-9fba-63f9634a81ec",
  "stac_version": "1.0.0",
  "description": "{7379B3ED-F749-40AA-93D2-B2CE12384307}_tile_0",
  "links": [
    {
      "rel": "root",
      "href": "../catalog.json",
      "type": "application/json"
    },
    {
      "rel": "item",
      "href": "./82af3f21-09d7-4c6f-9700-25dd072e0e33/82af3f21-09d7-4c6f-9700-25dd072e0e33.json",
      "type": "application/json"
    },
    {
      "rel": "item",
      "href": "./8f752bb3-965d-46ab-ae1a-11776509e315/8f752bb3-965d-46ab-ae1a-11776509e315.json",
      "type": "application/json"
    },
    {
      "rel": "parent",
      "href": "../catalog.json",
      "type": "application/json"
    }
  ],
  "extent": {
    "spatial": {
      "bbox": [
        [
          8.508846240484969,
          47.3843098467126,
          8.509402376444376,
          47.384775375498634
        ]
      ]
    },
    "temporal": {
      "interval": [
        [
          "2025-01-31T23:43:50.203280Z",
          "2025-03-20T09:21:33.795688Z"
        ]
      ]
    }
  },
  "license": "proprietary"
}