{
  "type": "Feature",
  "stac_version": "1.0.0",
  "id": "dd1b24ce-a933-43cd-af9f-25e231992628",
  "properties": {
    "title": "Groundwork campaign labels",
    "description": "Labels created from a Groundwork campaign!",
    "label:description": "Labels for project 11276_tile_2",
    "label:type": "vector",
    "label:properties": [
      "default"
    ],
    "label:classes": [
      {
        "classes": [
          "Pavement_distress",
          "non_pavement_distress"
        ],
        "name": "default"
      }
    ],
    "label:tasks": [
      "detection"
    ],
    "datetime": "2025-05-07T19:01:44.475360Z"
  },
  "geometry": {
    "type": "Polygon",
    "coordinates": [
      [
        [
          8.531288420440035,
          47.3412842899835
        ],
        [
          8.531297853734124,
          47.34174475578994
        ],
        [
          8.530620420159902,
          47.34175116586457
        ],
        [
          8.530610992717572,
          47.34129070000333
        ],
        [
          8.531288420440035,
          47.3412842899835
        ]
      ]
    ]
  },
  "links": [
    {
      "rel": "source",
      "href": "../a458ec22-e20d-46a2-be4a-4891228defdb/a458ec22-e20d-46a2-be4a-4891228defdb.json",
      "type": "application/json"
    },
    {
      "rel": "root",
      "href": "../../catalog.json",
      "type": "application/json"
    },
    {
      "rel": "collection",
      "href": "../collection.json",
      "type": "application/json"
    },
    {
      "rel": "parent",
      "href": "../collection.json",
      "type": "application/json"
    }
  ],
  "assets": {
    "labels": {
      "href": "./labels.geojson",
      "type": "application/geo+json"
    }
  },
  "bbox": [
    8.530610992717572,
    47.3412842899835,
    8.531297853734124,
    47.34175116586457
  ],
  "stac_extensions": [
    "https://stac-extensions.github.io/label/v1.0.1/schema.json"
  ],
  "collection": "9764be6f-f225-4312-b77c-eafeb22182ef"
}