{
  "type": "Feature",
  "stac_version": "1.0.0",
  "id": "3450a147-35eb-461c-a155-8a31273e134d",
  "properties": {
    "title": "Groundwork campaign labels",
    "description": "Labels created from a Groundwork campaign!",
    "label:description": "Labels for project 6216_tile_0",
    "label:type": "vector",
    "label:properties": [
      "default"
    ],
    "label:classes": [
      {
        "classes": [
          "Pavement Distress",
          "Non-Pavement Distress"
        ],
        "name": "default"
      }
    ],
    "label:tasks": [
      "detection"
    ],
    "datetime": "2025-04-28T08:57:00.640315Z"
  },
  "geometry": {
    "type": "Polygon",
    "coordinates": [
      [
        [
          8.50748610203702,
          47.401354215121025
        ],
        [
          8.50749534015584,
          47.40181467445169
        ],
        [
          8.506817139313481,
          47.40182094466597
        ],
        [
          8.506807907059798,
          47.40136048528162
        ],
        [
          8.50748610203702,
          47.401354215121025
        ]
      ]
    ]
  },
  "links": [
    {
      "rel": "source",
      "href": "../2653b90d-d1eb-49fb-b076-6a0cf8173bdb/2653b90d-d1eb-49fb-b076-6a0cf8173bdb.json",
      "type": "application/json"
    },
    {
      "rel": "root",
      "href": "../../catalog.json",
      "type": "application/json"
    },
    {
      "rel": "collection",
      "href": "../collection.json",
      "type": "application/json"
    },
    {
      "rel": "parent",
      "href": "../collection.json",
      "type": "application/json"
    }
  ],
  "assets": {
    "labels": {
      "href": "./labels.geojson",
      "type": "application/geo+json"
    }
  },
  "bbox": [
    8.506807907059798,
    47.401354215121025,
    8.50749534015584,
    47.40182094466597
  ],
  "stac_extensions": [
    "https://stac-extensions.github.io/label/v1.0.1/schema.json"
  ],
  "collection": "212a7cf9-e662-4327-883d-7e2d7e368186"
}