{
  "type": "Feature",
  "stac_version": "1.0.0",
  "id": "68a2be58-3a78-4853-a058-2a21ea52d210",
  "properties": {
    "title": "Groundwork campaign labels",
    "description": "Labels created from a Groundwork campaign!",
    "label:description": "Labels for project 11382_tile_0",
    "label:type": "vector",
    "label:properties": [
      "default"
    ],
    "label:classes": [
      {
        "classes": [
          "Pavement Distress",
          "Non-Pavement Distress"
        ],
        "name": "default"
      }
    ],
    "label:tasks": [
      "detection"
    ],
    "datetime": "2025-04-28T08:56:30.180403Z"
  },
  "geometry": {
    "type": "Polygon",
    "coordinates": [
      [
        [
          8.525546070302344,
          47.35101013352602
        ],
        [
          8.525555455705463,
          47.35147059847543
        ],
        [
          8.524877897791265,
          47.35147697481436
        ],
        [
          8.524868518242075,
          47.35101650981041
        ],
        [
          8.525546070302344,
          47.35101013352602
        ]
      ]
    ]
  },
  "links": [
    {
      "rel": "source",
      "href": "../3dac3429-8e90-4554-a343-735c52bed270/3dac3429-8e90-4554-a343-735c52bed270.json",
      "type": "application/json"
    },
    {
      "rel": "root",
      "href": "../../catalog.json",
      "type": "application/json"
    },
    {
      "rel": "collection",
      "href": "../collection.json",
      "type": "application/json"
    },
    {
      "rel": "parent",
      "href": "../collection.json",
      "type": "application/json"
    }
  ],
  "assets": {
    "labels": {
      "href": "./labels.geojson",
      "type": "application/geo+json"
    }
  },
  "bbox": [
    8.524868518242075,
    47.35101013352602,
    8.525555455705463,
    47.35147697481436
  ],
  "stac_extensions": [
    "https://stac-extensions.github.io/label/v1.0.1/schema.json"
  ],
  "collection": "970e7248-d750-4e7e-b9f9-b70e41e0a39e"
}