{
  "type": "Feature",
  "stac_version": "1.0.0",
  "id": "b75021df-0be5-49ad-a9e8-9cab83af87bd",
  "properties": {
    "title": "Groundwork campaign labels",
    "description": "Labels created from a Groundwork campaign!",
    "label:description": "Labels for project 4212_tile_0",
    "label:type": "vector",
    "label:properties": [
      "default"
    ],
    "label:classes": [
      {
        "classes": [
          "Pavement Distress",
          "Non-Pavement Distress"
        ],
        "name": "default"
      }
    ],
    "label:tasks": [
      "detection"
    ],
    "datetime": "2025-04-28T08:57:12.767728Z"
  },
  "geometry": {
    "type": "Polygon",
    "coordinates": [
      [
        [
          8.525337605613151,
          47.340975256810225
        ],
        [
          8.525346987438144,
          47.34143572314661
        ],
        [
          8.524669557074498,
          47.34144209827394
        ],
        [
          8.524660181101224,
          47.34098163188299
        ],
        [
          8.525337605613151,
          47.340975256810225
        ]
      ]
    ]
  },
  "links": [
    {
      "rel": "source",
      "href": "../1879f711-dcf0-4874-82c6-bb97ff2ace89/1879f711-dcf0-4874-82c6-bb97ff2ace89.json",
      "type": "application/json"
    },
    {
      "rel": "root",
      "href": "../../catalog.json",
      "type": "application/json"
    },
    {
      "rel": "collection",
      "href": "../collection.json",
      "type": "application/json"
    },
    {
      "rel": "parent",
      "href": "../collection.json",
      "type": "application/json"
    }
  ],
  "assets": {
    "labels": {
      "href": "./labels.geojson",
      "type": "application/geo+json"
    }
  },
  "bbox": [
    8.524660181101224,
    47.340975256810225,
    8.525346987438144,
    47.34144209827394
  ],
  "stac_extensions": [
    "https://stac-extensions.github.io/label/v1.0.1/schema.json"
  ],
  "collection": "de6c07c9-7bdb-4642-855e-d1035d6ef153"
}