{
  "type": "Feature",
  "stac_version": "1.0.0",
  "id": "ffa048a0-15f7-4f7a-a453-fe305d2ad355",
  "properties": {
    "title": "Groundwork campaign labels",
    "description": "Labels created from a Groundwork campaign!",
    "label:description": "Labels for project 4852_tile_2",
    "label:type": "vector",
    "label:properties": [
      "default"
    ],
    "label:classes": [
      {
        "classes": [
          "Pavement Distress",
          "Non-Pavement Distress"
        ],
        "name": "default"
      }
    ],
    "label:tasks": [
      "detection"
    ],
    "datetime": "2025-04-28T08:57:08.311360Z"
  },
  "geometry": {
    "type": "Polygon",
    "coordinates": [
      [
        [
          8.504811590312409,
          47.40646919173217
        ],
        [
          8.504820806188581,
          47.40692965053837
        ],
        [
          8.50414253985816,
          47.4069359050396
        ],
        [
          8.504133329848269,
          47.40647544617986
        ],
        [
          8.504811590312409,
          47.40646919173217
        ]
      ]
    ]
  },
  "links": [
    {
      "rel": "source",
      "href": "../7c7e11c8-df21-4aab-85a0-844539c824a4/7c7e11c8-df21-4aab-85a0-844539c824a4.json",
      "type": "application/json"
    },
    {
      "rel": "root",
      "href": "../../catalog.json",
      "type": "application/json"
    },
    {
      "rel": "collection",
      "href": "../collection.json",
      "type": "application/json"
    },
    {
      "rel": "parent",
      "href": "../collection.json",
      "type": "application/json"
    }
  ],
  "assets": {
    "labels": {
      "href": "./labels.geojson",
      "type": "application/geo+json"
    }
  },
  "bbox": [
    8.504133329848269,
    47.40646919173217,
    8.504820806188581,
    47.4069359050396
  ],
  "stac_extensions": [
    "https://stac-extensions.github.io/label/v1.0.1/schema.json"
  ],
  "collection": "603c45f6-7a2e-467c-8e63-1b9909d7d7a7"
}