{
  "type": "Collection",
  "id": "4b1a8cf9-3df4-4209-abdd-9ebec5b47583",
  "stac_version": "1.0.0",
  "description": "{838D6E03-73D1-4BB2-8763-4BD84682EE80}_tile_1",
  "links": [
    {
      "rel": "root",
      "href": "../catalog.json",
      "type": "application/json"
    },
    {
      "rel": "item",
      "href": "./5c4e98bd-9bc0-41b2-be37-486f00227a58/5c4e98bd-9bc0-41b2-be37-486f00227a58.json",
      "type": "application/json"
    },
    {
      "rel": "item",
      "href": "./d9028a4d-3825-43f6-a59f-d8b7f5431dd4/d9028a4d-3825-43f6-a59f-d8b7f5431dd4.json",
      "type": "application/json"
    },
    {
      "rel": "parent",
      "href": "../catalog.json",
      "type": "application/json"
    }
  ],
  "extent": {
    "spatial": {
      "bbox": [
        [
          8.51042052665422,
          47.372103027610116,
          8.51109493805512,
          47.37213716175824
        ]
      ]
    },
    "temporal": {
      "interval": [
        [
          "2025-01-31T23:46:43.863049Z",
          "2025-03-20T09:20:54.471798Z"
        ]
      ]
    }
  },
  "license": "proprietary"
}