{
  "type": "Feature",
  "stac_version": "1.0.0",
  "id": "85b8c5ef-51a0-484c-9ce3-c9d31c39b47f",
  "properties": {
    "title": "Groundwork campaign labels",
    "description": "Labels created from a Groundwork campaign!",
    "label:description": "Labels for project {CC74FA13-8914-4E29-9CD7-00257E6A5DFC}_tile_2",
    "label:type": "vector",
    "label:properties": [
      "default"
    ],
    "label:classes": [
      {
        "classes": [
          "Pavement_distress",
          "Shadows"
        ],
        "name": "default"
      }
    ],
    "label:tasks": [
      "detection"
    ],
    "datetime": "2025-03-20T09:20:53.056218Z"
  },
  "geometry": {
    "type": "Polygon",
    "coordinates": [
      [
        [
          8.517559444558787,
          47.378222456857195
        ],
        [
          8.517568765733742,
          47.37868291867211
        ],
        [
          8.517560821534596,
          47.3786829928678
        ],
        [
          8.517551500428317,
          47.37822253105228
        ],
        [
          8.517559444558787,
          47.378222456857195
        ]
      ]
    ]
  },
  "links": [
    {
      "rel": "source",
      "href": "../1610db66-eceb-4e4d-b9ce-2a26f4d59d86/1610db66-eceb-4e4d-b9ce-2a26f4d59d86.json",
      "type": "application/json"
    },
    {
      "rel": "root",
      "href": "../../catalog.json",
      "type": "application/json"
    },
    {
      "rel": "collection",
      "href": "../collection.json",
      "type": "application/json"
    },
    {
      "rel": "parent",
      "href": "../collection.json",
      "type": "application/json"
    }
  ],
  "assets": {
    "labels": {
      "href": "./labels.geojson",
      "type": "application/geo+json"
    }
  },
  "bbox": [
    8.517551500428317,
    47.378222456857195,
    8.517568765733742,
    47.3786829928678
  ],
  "stac_extensions": [
    "https://stac-extensions.github.io/label/v1.0.1/schema.json"
  ],
  "collection": "27ce2d37-c956-48f1-8759-c3fccfdbad1d"
}