{
  "type": "Collection",
  "id": "34fba1f9-0894-4f31-8c54-c527c4f43598",
  "stac_version": "1.0.0",
  "description": "9264_tile_3",
  "links": [
    {
      "rel": "root",
      "href": "../catalog.json",
      "type": "application/json"
    },
    {
      "rel": "item",
      "href": "./10da0d27-ab81-4cf3-83da-272c983395db/10da0d27-ab81-4cf3-83da-272c983395db.json",
      "type": "application/json"
    },
    {
      "rel": "item",
      "href": "./fe8dea6d-ddf1-4451-a33f-b8561101c2e6/fe8dea6d-ddf1-4451-a33f-b8561101c2e6.json",
      "type": "application/json"
    },
    {
      "rel": "parent",
      "href": "../catalog.json",
      "type": "application/json"
    }
  ],
  "extent": {
    "spatial": {
      "bbox": [
        [
          8.574051542123948,
          47.362971678658184,
          8.574739052892115,
          47.363438803002595
        ]
      ]
    },
    "temporal": {
      "interval": [
        [
          "2025-05-06T07:10:17.511705Z",
          "2025-05-07T19:02:04.167662Z"
        ]
      ]
    }
  },
  "license": "proprietary"
}