{
  "type": "Collection",
  "id": "8b7d095a-1161-4554-92b9-fb1f5a441d60",
  "stac_version": "1.0.0",
  "description": "{F42E2117-9C1C-4F0F-A49C-E9145A843B91}_tile_0",
  "links": [
    {
      "rel": "root",
      "href": "../catalog.json",
      "type": "application/json"
    },
    {
      "rel": "item",
      "href": "./ab67c072-0313-454c-8807-0c2a4f515878/ab67c072-0313-454c-8807-0c2a4f515878.json",
      "type": "application/json"
    },
    {
      "rel": "item",
      "href": "./c3bad5aa-c022-4f3c-a0e1-fd8a3850df2f/c3bad5aa-c022-4f3c-a0e1-fd8a3850df2f.json",
      "type": "application/json"
    },
    {
      "rel": "parent",
      "href": "../catalog.json",
      "type": "application/json"
    }
  ],
  "extent": {
    "spatial": {
      "bbox": [
        [
          8.533733317912011,
          47.37269944784741,
          8.534287342734794,
          47.37286475279804
        ]
      ]
    },
    "temporal": {
      "interval": [
        [
          "2025-01-31T23:44:46.292408Z",
          "2025-03-20T09:21:21.136382Z"
        ]
      ]
    }
  },
  "license": "proprietary"
}