{
  "type": "Feature",
  "stac_version": "1.0.0",
  "id": "f69acb9a-6c9c-459d-bfd3-2de563118995",
  "properties": {
    "title": "Groundwork campaign labels",
    "description": "Labels created from a Groundwork campaign!",
    "label:description": "Labels for project 10057_tile_0",
    "label:type": "vector",
    "label:properties": [
      "default"
    ],
    "label:classes": [
      {
        "classes": [
          "Pavement Distress",
          "Non-Pavement Distress"
        ],
        "name": "default"
      }
    ],
    "label:tasks": [
      "detection"
    ],
    "datetime": "2025-04-28T08:56:40.003553Z"
  },
  "geometry": {
    "type": "Polygon",
    "coordinates": [
      [
        [
          8.513922653840513,
          47.369541011602664
        ],
        [
          8.513931942048742,
          47.3700014749314
        ],
        [
          8.513254147027823,
          47.37000778298552
        ],
        [
          8.513244864677667,
          47.369547319602844
        ],
        [
          8.513922653840513,
          47.369541011602664
        ]
      ]
    ]
  },
  "links": [
    {
      "rel": "source",
      "href": "../9fa9f7ce-9105-4aec-b97a-ac2927d0a86f/9fa9f7ce-9105-4aec-b97a-ac2927d0a86f.json",
      "type": "application/json"
    },
    {
      "rel": "root",
      "href": "../../catalog.json",
      "type": "application/json"
    },
    {
      "rel": "collection",
      "href": "../collection.json",
      "type": "application/json"
    },
    {
      "rel": "parent",
      "href": "../collection.json",
      "type": "application/json"
    }
  ],
  "assets": {
    "labels": {
      "href": "./labels.geojson",
      "type": "application/geo+json"
    }
  },
  "bbox": [
    8.513244864677667,
    47.369541011602664,
    8.513931942048742,
    47.37000778298552
  ],
  "stac_extensions": [
    "https://stac-extensions.github.io/label/v1.0.1/schema.json"
  ],
  "collection": "72ec93e1-15b2-4cb2-94a5-878884f81261"
}