{
  "type": "Collection",
  "id": "437fffca-561f-48b6-b74f-8bff18c08158",
  "stac_version": "1.0.0",
  "description": "14678_tile_1",
  "links": [
    {
      "rel": "root",
      "href": "../catalog.json",
      "type": "application/json"
    },
    {
      "rel": "item",
      "href": "./1ca43c7e-20cf-4a1a-86b4-30a9316ca01d/1ca43c7e-20cf-4a1a-86b4-30a9316ca01d.json",
      "type": "application/json"
    },
    {
      "rel": "item",
      "href": "./8d536895-fcee-49cd-a610-2d5d236fb99b/8d536895-fcee-49cd-a610-2d5d236fb99b.json",
      "type": "application/json"
    },
    {
      "rel": "parent",
      "href": "../catalog.json",
      "type": "application/json"
    }
  ],
  "extent": {
    "spatial": {
      "bbox": [
        [
          8.499972024346684,
          47.40190206369456,
          8.500659406196117,
          47.40236875356299
        ]
      ]
    },
    "temporal": {
      "interval": [
        [
          "2025-04-02T11:48:43.875731Z",
          "2025-04-28T08:56:14.868076Z"
        ]
      ]
    }
  },
  "license": "proprietary"
}