{
  "type": "Collection",
  "id": "311c054b-a159-4682-8eb1-841c01c2daed",
  "stac_version": "1.0.0",
  "description": "15916_tile_0",
  "links": [
    {
      "rel": "root",
      "href": "../catalog.json",
      "type": "application/json"
    },
    {
      "rel": "item",
      "href": "./4f594ca8-6e68-4301-b64a-fd286c8096a3/4f594ca8-6e68-4301-b64a-fd286c8096a3.json",
      "type": "application/json"
    },
    {
      "rel": "item",
      "href": "./56ec5b7d-e255-4eb5-9737-985b18cded04/56ec5b7d-e255-4eb5-9737-985b18cded04.json",
      "type": "application/json"
    },
    {
      "rel": "parent",
      "href": "../catalog.json",
      "type": "application/json"
    }
  ],
  "extent": {
    "spatial": {
      "bbox": [
        [
          8.50754739502855,
          47.366830615406464,
          8.508234388864587,
          47.36729735417091
        ]
      ]
    },
    "temporal": {
      "interval": [
        [
          "2025-04-02T11:49:17.819183Z",
          "2025-04-28T08:56:08.524682Z"
        ]
      ]
    }
  },
  "license": "proprietary"
}