{
  "type": "Feature",
  "stac_version": "1.0.0",
  "id": "5be9728b-4e21-4d06-a8bc-d433e1742eee",
  "properties": {
    "title": "Groundwork campaign labels",
    "description": "Labels created from a Groundwork campaign!",
    "label:description": "Labels for project {BC0DAF75-1B5D-4F54-93EB-330ABC48A0DF}_tile_1",
    "label:type": "vector",
    "label:properties": [
      "default"
    ],
    "label:classes": [
      {
        "classes": [
          "Pavement_distress",
          "Shadows"
        ],
        "name": "default"
      }
    ],
    "label:tasks": [
      "detection"
    ],
    "datetime": "2025-03-20T09:21:06.537035Z"
  },
  "geometry": {
    "type": "Polygon",
    "coordinates": [
      [
        [
          8.477243681469272,
          47.415748416140985
        ],
        [
          8.477245084423291,
          47.415820362964375
        ],
        [
          8.47688204361575,
          47.415823623923984
        ],
        [
          8.476880641152439,
          47.41575167709621
        ],
        [
          8.477243681469272,
          47.415748416140985
        ]
      ]
    ]
  },
  "links": [
    {
      "rel": "source",
      "href": "../12a4e583-bdf4-43c5-b7e4-6f1a4fda960f/12a4e583-bdf4-43c5-b7e4-6f1a4fda960f.json",
      "type": "application/json"
    },
    {
      "rel": "root",
      "href": "../../catalog.json",
      "type": "application/json"
    },
    {
      "rel": "collection",
      "href": "../collection.json",
      "type": "application/json"
    },
    {
      "rel": "parent",
      "href": "../collection.json",
      "type": "application/json"
    }
  ],
  "assets": {
    "labels": {
      "href": "./labels.geojson",
      "type": "application/geo+json"
    }
  },
  "bbox": [
    8.476880641152439,
    47.415748416140985,
    8.477245084423291,
    47.415823623923984
  ],
  "stac_extensions": [
    "https://stac-extensions.github.io/label/v1.0.1/schema.json"
  ],
  "collection": "0095753e-395f-48b0-8f9c-22fc2b176eff"
}