{
  "type": "Collection",
  "id": "f9591450-6b77-43d7-8c4f-fc59ab16b1bf",
  "stac_version": "1.0.0",
  "description": "16632_tile_2",
  "links": [
    {
      "rel": "root",
      "href": "../catalog.json",
      "type": "application/json"
    },
    {
      "rel": "item",
      "href": "./38846411-f96e-4c59-bda6-02c1594b6839/38846411-f96e-4c59-bda6-02c1594b6839.json",
      "type": "application/json"
    },
    {
      "rel": "item",
      "href": "./c6fc2b5b-5767-45c5-b943-9b2f715798bc/c6fc2b5b-5767-45c5-b943-9b2f715798bc.json",
      "type": "application/json"
    },
    {
      "rel": "parent",
      "href": "../catalog.json",
      "type": "application/json"
    }
  ],
  "extent": {
    "spatial": {
      "bbox": [
        [
          8.525296300161301,
          47.375964943301135,
          8.525983563158897,
          47.376431783569366
        ]
      ]
    },
    "temporal": {
      "interval": [
        [
          "2025-05-06T07:13:59.738952Z",
          "2025-05-07T19:01:08.474416Z"
        ]
      ]
    }
  },
  "license": "proprietary"
}