{
  "type": "Collection",
  "id": "3a2d7c09-463e-43d9-881f-741978252e55",
  "stac_version": "1.0.0",
  "description": "15964_tile_3",
  "links": [
    {
      "rel": "root",
      "href": "../catalog.json",
      "type": "application/json"
    },
    {
      "rel": "item",
      "href": "./7a14314e-bfb0-4b33-bd4c-817de22fd007/7a14314e-bfb0-4b33-bd4c-817de22fd007.json",
      "type": "application/json"
    },
    {
      "rel": "item",
      "href": "./b2362882-c59d-4d8c-b14a-2c46a66a6ac4/b2362882-c59d-4d8c-b14a-2c46a66a6ac4.json",
      "type": "application/json"
    },
    {
      "rel": "parent",
      "href": "../catalog.json",
      "type": "application/json"
    }
  ],
  "extent": {
    "spatial": {
      "bbox": [
        [
          8.539685121688452,
          47.386983455556994,
          8.540372649589822,
          47.38745037756863
        ]
      ]
    },
    "temporal": {
      "interval": [
        [
          "2025-05-06T07:13:47.453672Z",
          "2025-05-07T19:01:11.562595Z"
        ]
      ]
    }
  },
  "license": "proprietary"
}