{
  "type": "Feature",
  "stac_version": "1.0.0",
  "id": "63a4f4d4-6423-45de-935a-3a7fe7ea0d6e",
  "properties": {
    "title": "Groundwork campaign labels",
    "description": "Labels created from a Groundwork campaign!",
    "label:description": "Labels for project 4140_tile_3",
    "label:type": "vector",
    "label:properties": [
      "default"
    ],
    "label:classes": [
      {
        "classes": [
          "Pavement Distress",
          "Non-Pavement Distress"
        ],
        "name": "default"
      }
    ],
    "label:tasks": [
      "detection"
    ],
    "datetime": "2025-04-28T08:57:12.904484Z"
  },
  "geometry": {
    "type": "Polygon",
    "coordinates": [
      [
        [
          8.532570983838388,
          47.35936148068362
        ],
        [
          8.532580431436337,
          47.35982194390556
        ],
        [
          8.531902768160688,
          47.3598283614895
        ],
        [
          8.531893326418475,
          47.359367898212675
        ],
        [
          8.532570983838388,
          47.35936148068362
        ]
      ]
    ]
  },
  "links": [
    {
      "rel": "source",
      "href": "../a5b1604c-e641-44cf-b5f0-d45634e90b42/a5b1604c-e641-44cf-b5f0-d45634e90b42.json",
      "type": "application/json"
    },
    {
      "rel": "root",
      "href": "../../catalog.json",
      "type": "application/json"
    },
    {
      "rel": "collection",
      "href": "../collection.json",
      "type": "application/json"
    },
    {
      "rel": "parent",
      "href": "../collection.json",
      "type": "application/json"
    }
  ],
  "assets": {
    "labels": {
      "href": "./labels.geojson",
      "type": "application/geo+json"
    }
  },
  "bbox": [
    8.531893326418475,
    47.35936148068362,
    8.532580431436337,
    47.3598283614895
  ],
  "stac_extensions": [
    "https://stac-extensions.github.io/label/v1.0.1/schema.json"
  ],
  "collection": "b336691a-97b2-46f5-9874-f74dfabe0a82"
}