{
  "type": "Feature",
  "stac_version": "1.0.0",
  "id": "d102f002-3c4e-409d-88ae-9a03963055a3",
  "properties": {
    "title": "Groundwork campaign labels",
    "description": "Labels created from a Groundwork campaign!",
    "label:description": "Labels for project 14039_tile_0",
    "label:type": "vector",
    "label:properties": [
      "default"
    ],
    "label:classes": [
      {
        "classes": [
          "Pavement Distress",
          "Non-Pavement Distress"
        ],
        "name": "default"
      }
    ],
    "label:tasks": [
      "detection"
    ],
    "datetime": "2025-04-28T08:56:16.925468Z"
  },
  "geometry": {
    "type": "Polygon",
    "coordinates": [
      [
        [
          8.500161383740187,
          47.38069267016825
        ],
        [
          8.500170554919862,
          47.3811531330365
        ],
        [
          8.499492616339007,
          47.381159360260014
        ],
        [
          8.499483451019934,
          47.38069889733843
        ],
        [
          8.500161383740187,
          47.38069267016825
        ]
      ]
    ]
  },
  "links": [
    {
      "rel": "source",
      "href": "../e3c71064-59ae-47aa-9507-d30d97e50251/e3c71064-59ae-47aa-9507-d30d97e50251.json",
      "type": "application/json"
    },
    {
      "rel": "root",
      "href": "../../catalog.json",
      "type": "application/json"
    },
    {
      "rel": "collection",
      "href": "../collection.json",
      "type": "application/json"
    },
    {
      "rel": "parent",
      "href": "../collection.json",
      "type": "application/json"
    }
  ],
  "assets": {
    "labels": {
      "href": "./labels.geojson",
      "type": "application/geo+json"
    }
  },
  "bbox": [
    8.499483451019934,
    47.38069267016825,
    8.500170554919862,
    47.381159360260014
  ],
  "stac_extensions": [
    "https://stac-extensions.github.io/label/v1.0.1/schema.json"
  ],
  "collection": "e2e2d51b-8f13-4e8b-a4d7-b7d243c40262"
}