{
  "type": "Collection",
  "id": "78609cb3-1f7a-4765-b964-17b4e2730036",
  "stac_version": "1.0.0",
  "description": "{26E487A7-B687-46AE-90B0-F543386A145D}_tile_1",
  "links": [
    {
      "rel": "root",
      "href": "../catalog.json",
      "type": "application/json"
    },
    {
      "rel": "item",
      "href": "./3e5b6e57-45c6-4920-9bcc-0c61b3519840/3e5b6e57-45c6-4920-9bcc-0c61b3519840.json",
      "type": "application/json"
    },
    {
      "rel": "item",
      "href": "./73e356f5-30c1-43c8-b8d9-b1650bac72a6/73e356f5-30c1-43c8-b8d9-b1650bac72a6.json",
      "type": "application/json"
    },
    {
      "rel": "parent",
      "href": "../catalog.json",
      "type": "application/json"
    }
  ],
  "extent": {
    "spatial": {
      "bbox": [
        [
          8.551166985994952,
          47.395290761496696,
          8.551219409054182,
          47.39532813131496
        ]
      ]
    },
    "temporal": {
      "interval": [
        [
          "2025-01-31T23:46:39.341732Z",
          "2025-03-20T09:20:55.388583Z"
        ]
      ]
    }
  },
  "license": "proprietary"
}