{
  "type": "Collection",
  "id": "b6f39653-4d06-4219-bb94-5a779e92d74b",
  "stac_version": "1.0.0",
  "description": "7146_tile_0",
  "links": [
    {
      "rel": "root",
      "href": "../catalog.json",
      "type": "application/json"
    },
    {
      "rel": "item",
      "href": "./6f416cec-b599-4c7a-9e32-902fa832eec1/6f416cec-b599-4c7a-9e32-902fa832eec1.json",
      "type": "application/json"
    },
    {
      "rel": "item",
      "href": "./43ca610c-877a-43cc-a53e-825e8fd942a1/43ca610c-877a-43cc-a53e-825e8fd942a1.json",
      "type": "application/json"
    },
    {
      "rel": "parent",
      "href": "../catalog.json",
      "type": "application/json"
    }
  ],
  "extent": {
    "spatial": {
      "bbox": [
        [
          8.512150346017746,
          47.41644327071009,
          8.512838019628187,
          47.41691002898872
        ]
      ]
    },
    "temporal": {
      "interval": [
        [
          "2025-04-02T11:45:53.841410Z",
          "2025-04-28T08:56:56.544015Z"
        ]
      ]
    }
  },
  "license": "proprietary"
}