{
  "type": "Feature",
  "stac_version": "1.0.0",
  "id": "8a612d96-6f2d-480e-9abd-ebaae90a8ee6",
  "properties": {
    "title": "Groundwork campaign labels",
    "description": "Labels created from a Groundwork campaign!",
    "label:description": "Labels for project {494D798C-7913-4CFB-BA1F-2C53F5327E55}_tile_1",
    "label:type": "vector",
    "label:properties": [
      "default"
    ],
    "label:classes": [
      {
        "classes": [
          "Pavement_distress",
          "Shadows"
        ],
        "name": "default"
      }
    ],
    "label:tasks": [
      "detection"
    ],
    "datetime": "2025-03-20T09:21:22.885538Z"
  },
  "geometry": {
    "type": "Polygon",
    "coordinates": [
      [
        [
          8.536069688853345,
          47.42662859993954
        ],
        [
          8.536079178748077,
          47.42708905324738
        ],
        [
          8.535647152642085,
          47.42709315293255
        ],
        [
          8.535637666485261,
          47.42663269958959
        ],
        [
          8.536069688853345,
          47.42662859993954
        ]
      ]
    ]
  },
  "links": [
    {
      "rel": "source",
      "href": "../fac03ff4-8332-48c1-b63f-81b3b99dcbf1/fac03ff4-8332-48c1-b63f-81b3b99dcbf1.json",
      "type": "application/json"
    },
    {
      "rel": "root",
      "href": "../../catalog.json",
      "type": "application/json"
    },
    {
      "rel": "collection",
      "href": "../collection.json",
      "type": "application/json"
    },
    {
      "rel": "parent",
      "href": "../collection.json",
      "type": "application/json"
    }
  ],
  "assets": {
    "labels": {
      "href": "./labels.geojson",
      "type": "application/geo+json"
    }
  },
  "bbox": [
    8.535637666485261,
    47.42662859993954,
    8.536079178748077,
    47.42709315293255
  ],
  "stac_extensions": [
    "https://stac-extensions.github.io/label/v1.0.1/schema.json"
  ],
  "collection": "4cf2a3e8-15d7-4336-bb90-3e818747df1f"
}