{
  "type": "Feature",
  "stac_version": "1.0.0",
  "id": "2b9b2114-31ed-4292-8094-e33ced43a60e",
  "properties": {
    "title": "Groundwork campaign labels",
    "description": "Labels created from a Groundwork campaign!",
    "label:description": "Labels for project 15327_tile_2",
    "label:type": "vector",
    "label:properties": [
      "default"
    ],
    "label:classes": [
      {
        "classes": [
          "Pavement Distress",
          "Non-Pavement Distress"
        ],
        "name": "default"
      }
    ],
    "label:tasks": [
      "detection"
    ],
    "datetime": "2025-04-28T08:56:12.411904Z"
  },
  "geometry": {
    "type": "Polygon",
    "coordinates": [
      [
        [
          8.499614392906015,
          47.383950307328305
        ],
        [
          8.499623559920387,
          47.38441076977912
        ],
        [
          8.49894557980263,
          47.38441699378626
        ],
        [
          8.498936418649587,
          47.38395653128215
        ],
        [
          8.499614392906015,
          47.383950307328305
        ]
      ]
    ]
  },
  "links": [
    {
      "rel": "source",
      "href": "../2d382066-baa0-4572-832a-6e694223e253/2d382066-baa0-4572-832a-6e694223e253.json",
      "type": "application/json"
    },
    {
      "rel": "root",
      "href": "../../catalog.json",
      "type": "application/json"
    },
    {
      "rel": "collection",
      "href": "../collection.json",
      "type": "application/json"
    },
    {
      "rel": "parent",
      "href": "../collection.json",
      "type": "application/json"
    }
  ],
  "assets": {
    "labels": {
      "href": "./labels.geojson",
      "type": "application/geo+json"
    }
  },
  "bbox": [
    8.498936418649587,
    47.383950307328305,
    8.499623559920387,
    47.38441699378626
  ],
  "stac_extensions": [
    "https://stac-extensions.github.io/label/v1.0.1/schema.json"
  ],
  "collection": "d3acdac3-081c-4bfa-822a-329c9fbe1ac4"
}