{
  "type": "Feature",
  "stac_version": "1.0.0",
  "id": "70b5c4ab-2c7b-4a46-83bb-c955ad287049",
  "properties": {
    "title": "Groundwork campaign labels",
    "description": "Labels created from a Groundwork campaign!",
    "label:description": "Labels for project {F070B61B-3B62-49DE-9B0F-4A74499E935B}_tile_0",
    "label:type": "vector",
    "label:properties": [
      "default"
    ],
    "label:classes": [
      {
        "classes": [
          "Pavement_distress",
          "Shadows"
        ],
        "name": "default"
      }
    ],
    "label:tasks": [
      "detection"
    ],
    "datetime": "2025-03-20T09:20:56.174577Z"
  },
  "geometry": {
    "type": "Polygon",
    "coordinates": [
      [
        [
          8.538970562954146,
          47.334551246199624
        ],
        [
          8.538971676046447,
          47.33460520707215
        ],
        [
          8.538892300050417,
          47.33460596374077
        ],
        [
          8.538891187038457,
          47.33455200286752
        ],
        [
          8.538970562954146,
          47.334551246199624
        ]
      ]
    ]
  },
  "links": [
    {
      "rel": "source",
      "href": "../0fba12ee-121c-4887-9a35-992d20312548/0fba12ee-121c-4887-9a35-992d20312548.json",
      "type": "application/json"
    },
    {
      "rel": "root",
      "href": "../../catalog.json",
      "type": "application/json"
    },
    {
      "rel": "collection",
      "href": "../collection.json",
      "type": "application/json"
    },
    {
      "rel": "parent",
      "href": "../collection.json",
      "type": "application/json"
    }
  ],
  "assets": {
    "labels": {
      "href": "./labels.geojson",
      "type": "application/geo+json"
    }
  },
  "bbox": [
    8.538891187038457,
    47.334551246199624,
    8.538971676046447,
    47.33460596374077
  ],
  "stac_extensions": [
    "https://stac-extensions.github.io/label/v1.0.1/schema.json"
  ],
  "collection": "8e0d8963-64c5-4621-a443-13abe9d7e673"
}