{
  "type": "Feature",
  "stac_version": "1.0.0",
  "id": "1666ade2-a229-4266-9c1f-23d67edd98d8",
  "properties": {
    "title": "Groundwork campaign labels",
    "description": "Labels created from a Groundwork campaign!",
    "label:description": "Labels for project {8185D292-05DB-40A6-8CAB-68CF8FD4EA89}_tile_0",
    "label:type": "vector",
    "label:properties": [
      "default"
    ],
    "label:classes": [
      {
        "classes": [
          "Pavement_distress",
          "Shadows"
        ],
        "name": "default"
      }
    ],
    "label:tasks": [
      "detection"
    ],
    "datetime": "2025-03-20T09:21:16.245627Z"
  },
  "geometry": {
    "type": "Polygon",
    "coordinates": [
      [
        [
          8.47619190318892,
          47.38304854017927
        ],
        [
          8.476197383316272,
          47.3833300350433
        ],
        [
          8.47579616335098,
          47.38333363745588
        ],
        [
          8.475790685344116,
          47.383052142572986
        ],
        [
          8.47619190318892,
          47.38304854017927
        ]
      ]
    ]
  },
  "links": [
    {
      "rel": "source",
      "href": "../03ba73e7-3a79-4cc2-bc0e-536251cf91f5/03ba73e7-3a79-4cc2-bc0e-536251cf91f5.json",
      "type": "application/json"
    },
    {
      "rel": "root",
      "href": "../../catalog.json",
      "type": "application/json"
    },
    {
      "rel": "collection",
      "href": "../collection.json",
      "type": "application/json"
    },
    {
      "rel": "parent",
      "href": "../collection.json",
      "type": "application/json"
    }
  ],
  "assets": {
    "labels": {
      "href": "./labels.geojson",
      "type": "application/geo+json"
    }
  },
  "bbox": [
    8.475790685344116,
    47.38304854017927,
    8.476197383316272,
    47.38333363745588
  ],
  "stac_extensions": [
    "https://stac-extensions.github.io/label/v1.0.1/schema.json"
  ],
  "collection": "80bdb116-2409-4e37-a088-a3585f134673"
}