{
  "type": "Collection",
  "id": "ffc86518-340f-4791-b464-f2d69846d731",
  "stac_version": "1.0.0",
  "description": "5803_tile_0",
  "links": [
    {
      "rel": "root",
      "href": "../catalog.json",
      "type": "application/json"
    },
    {
      "rel": "item",
      "href": "./4121f63c-2e6a-430e-b015-8dd20f2fa51e/4121f63c-2e6a-430e-b015-8dd20f2fa51e.json",
      "type": "application/json"
    },
    {
      "rel": "item",
      "href": "./ed1dfb34-a6a4-4615-a20e-503f8cd79339/ed1dfb34-a6a4-4615-a20e-503f8cd79339.json",
      "type": "application/json"
    },
    {
      "rel": "parent",
      "href": "../catalog.json",
      "type": "application/json"
    }
  ],
  "extent": {
    "spatial": {
      "bbox": [
        [
          8.540610675414628,
          47.41598461797407,
          8.541298585903304,
          47.416451541125085
        ]
      ]
    },
    "temporal": {
      "interval": [
        [
          "2025-04-02T11:45:32.099441Z",
          "2025-04-28T08:57:02.996387Z"
        ]
      ]
    }
  },
  "license": "proprietary"
}