{
  "type": "Feature",
  "stac_version": "1.0.0",
  "id": "7da37b04-12e7-4f57-bafb-15bd54dfed2b",
  "properties": {
    "title": "Groundwork campaign labels",
    "description": "Labels created from a Groundwork campaign!",
    "label:description": "Labels for project 9264_tile_1",
    "label:type": "vector",
    "label:properties": [
      "default"
    ],
    "label:classes": [
      {
        "classes": [
          "Pavement_distress",
          "non_pavement_distress"
        ],
        "name": "default"
      }
    ],
    "label:tasks": [
      "detection"
    ],
    "datetime": "2025-05-07T19:02:04.535310Z"
  },
  "geometry": {
    "type": "Polygon",
    "coordinates": [
      [
        [
          8.57470961551008,
          47.36205076009891
        ],
        [
          8.574719427800636,
          47.36251121941091
        ],
        [
          8.574041735519481,
          47.36251788445884
        ],
        [
          8.574031929085036,
          47.36205742508981
        ],
        [
          8.57470961551008,
          47.36205076009891
        ]
      ]
    ]
  },
  "links": [
    {
      "rel": "source",
      "href": "../bebdd4cf-1e36-493f-9bba-75e739f23685/bebdd4cf-1e36-493f-9bba-75e739f23685.json",
      "type": "application/json"
    },
    {
      "rel": "root",
      "href": "../../catalog.json",
      "type": "application/json"
    },
    {
      "rel": "collection",
      "href": "../collection.json",
      "type": "application/json"
    },
    {
      "rel": "parent",
      "href": "../collection.json",
      "type": "application/json"
    }
  ],
  "assets": {
    "labels": {
      "href": "./labels.geojson",
      "type": "application/geo+json"
    }
  },
  "bbox": [
    8.574031929085036,
    47.36205076009891,
    8.574719427800636,
    47.36251788445884
  ],
  "stac_extensions": [
    "https://stac-extensions.github.io/label/v1.0.1/schema.json"
  ],
  "collection": "3ab1fa4c-fb4c-4765-a04d-2be7ff479141"
}