{
  "type": "Feature",
  "stac_version": "1.0.0",
  "id": "c66ec04d-0238-4cc0-a5bc-b806baaaff92",
  "properties": {
    "title": "Groundwork campaign labels",
    "description": "Labels created from a Groundwork campaign!",
    "label:description": "Labels for project 11054_tile_1",
    "label:type": "vector",
    "label:properties": [
      "default"
    ],
    "label:classes": [
      {
        "classes": [
          "Pavement_distress",
          "non_pavement_distress"
        ],
        "name": "default"
      }
    ],
    "label:tasks": [
      "detection"
    ],
    "datetime": "2025-05-07T19:01:46.199635Z"
  },
  "geometry": {
    "type": "Polygon",
    "coordinates": [
      [
        [
          8.488784938007713,
          47.37125918222879
        ],
        [
          8.488794009205273,
          47.37171964732846
        ],
        [
          8.488116189361639,
          47.371725807751936
        ],
        [
          8.488107124022655,
          47.3712653425996
        ],
        [
          8.488784938007713,
          47.37125918222879
        ]
      ]
    ]
  },
  "links": [
    {
      "rel": "source",
      "href": "../f3c19669-8cf4-44af-b89a-15a55dd62272/f3c19669-8cf4-44af-b89a-15a55dd62272.json",
      "type": "application/json"
    },
    {
      "rel": "root",
      "href": "../../catalog.json",
      "type": "application/json"
    },
    {
      "rel": "collection",
      "href": "../collection.json",
      "type": "application/json"
    },
    {
      "rel": "parent",
      "href": "../collection.json",
      "type": "application/json"
    }
  ],
  "assets": {
    "labels": {
      "href": "./labels.geojson",
      "type": "application/geo+json"
    }
  },
  "bbox": [
    8.488107124022655,
    47.37125918222879,
    8.488794009205273,
    47.371725807751936
  ],
  "stac_extensions": [
    "https://stac-extensions.github.io/label/v1.0.1/schema.json"
  ],
  "collection": "7881b48c-e011-4797-a47d-3f0971a7d389"
}