{
  "type": "Feature",
  "stac_version": "1.0.0",
  "id": "b0062f46-2126-48a4-a9ac-a1a0afa0924b",
  "properties": {
    "title": "Groundwork campaign labels",
    "description": "Labels created from a Groundwork campaign!",
    "label:description": "Labels for project 17200_tile_0",
    "label:type": "vector",
    "label:properties": [
      "default"
    ],
    "label:classes": [
      {
        "classes": [
          "Pavement Distress",
          "Non-Pavement Distress"
        ],
        "name": "default"
      }
    ],
    "label:tasks": [
      "detection"
    ],
    "datetime": "2025-04-28T08:56:00.145968Z"
  },
  "geometry": {
    "type": "Polygon",
    "coordinates": [
      [
        [
          8.511636460508244,
          47.39745419137814
        ],
        [
          8.511645733842911,
          47.397914650935434
        ],
        [
          8.510967583176166,
          47.39792094552856
        ],
        [
          8.51095831570575,
          47.39746048591735
        ],
        [
          8.511636460508244,
          47.39745419137814
        ]
      ]
    ]
  },
  "links": [
    {
      "rel": "source",
      "href": "../03831234-9191-4aef-8e7f-18d09ae2d853/03831234-9191-4aef-8e7f-18d09ae2d853.json",
      "type": "application/json"
    },
    {
      "rel": "root",
      "href": "../../catalog.json",
      "type": "application/json"
    },
    {
      "rel": "collection",
      "href": "../collection.json",
      "type": "application/json"
    },
    {
      "rel": "parent",
      "href": "../collection.json",
      "type": "application/json"
    }
  ],
  "assets": {
    "labels": {
      "href": "./labels.geojson",
      "type": "application/geo+json"
    }
  },
  "bbox": [
    8.51095831570575,
    47.39745419137814,
    8.511645733842911,
    47.39792094552856
  ],
  "stac_extensions": [
    "https://stac-extensions.github.io/label/v1.0.1/schema.json"
  ],
  "collection": "3fb2b3f0-1ea3-473b-8b38-3791d4fb473d"
}