{
  "type": "Collection",
  "id": "0d502ba2-66fd-466f-aeef-1d738a5e390d",
  "stac_version": "1.0.0",
  "description": "{11B4E3C0-8A08-4199-8DE5-B6BC4DB9D57D}_tile_1",
  "links": [
    {
      "rel": "root",
      "href": "../catalog.json",
      "type": "application/json"
    },
    {
      "rel": "item",
      "href": "./08e25102-e901-4676-a679-5d42012fca4a/08e25102-e901-4676-a679-5d42012fca4a.json",
      "type": "application/json"
    },
    {
      "rel": "item",
      "href": "./0487dad9-c256-47f6-bdcd-2bb428b084a0/0487dad9-c256-47f6-bdcd-2bb428b084a0.json",
      "type": "application/json"
    },
    {
      "rel": "parent",
      "href": "../catalog.json",
      "type": "application/json"
    }
  ],
  "extent": {
    "spatial": {
      "bbox": [
        [
          8.537954165216671,
          47.34012461856153,
          8.538327503423096,
          47.34058854952558
        ]
      ]
    },
    "temporal": {
      "interval": [
        [
          "2025-01-31T23:46:13.342944Z",
          "2025-03-20T09:21:01.555145Z"
        ]
      ]
    }
  },
  "license": "proprietary"
}