{
  "type": "Collection",
  "id": "5a67a3bb-29b1-406b-b026-24e5e1ddaa37",
  "stac_version": "1.0.0",
  "description": "{78C6FCB2-283E-4150-8EC5-EF595A0EE908}_tile_3",
  "links": [
    {
      "rel": "root",
      "href": "../catalog.json",
      "type": "application/json"
    },
    {
      "rel": "item",
      "href": "./8b43b91f-12e6-474f-af7c-30db50e6188d/8b43b91f-12e6-474f-af7c-30db50e6188d.json",
      "type": "application/json"
    },
    {
      "rel": "item",
      "href": "./7de31455-1680-47de-b100-e1b6d9520444/7de31455-1680-47de-b100-e1b6d9520444.json",
      "type": "application/json"
    },
    {
      "rel": "parent",
      "href": "../catalog.json",
      "type": "application/json"
    }
  ],
  "extent": {
    "spatial": {
      "bbox": [
        [
          8.528271716447765,
          47.394744737276625,
          8.528950045503514,
          47.39476192549402
        ]
      ]
    },
    "temporal": {
      "interval": [
        [
          "2025-01-31T23:46:49.349929Z",
          "2025-03-20T09:20:53.299205Z"
        ]
      ]
    }
  },
  "license": "proprietary"
}