{
  "type": "Collection",
  "id": "4dffd66c-9cac-4f50-b111-a8ca761b4068",
  "stac_version": "1.0.0",
  "description": "12902_tile_0",
  "links": [
    {
      "rel": "root",
      "href": "../catalog.json",
      "type": "application/json"
    },
    {
      "rel": "item",
      "href": "./dfca5d1d-d979-49a4-bf47-908d1be91457/dfca5d1d-d979-49a4-bf47-908d1be91457.json",
      "type": "application/json"
    },
    {
      "rel": "item",
      "href": "./8b693b7f-17bf-43d4-9f54-a54c372c9472/8b693b7f-17bf-43d4-9f54-a54c372c9472.json",
      "type": "application/json"
    },
    {
      "rel": "parent",
      "href": "../catalog.json",
      "type": "application/json"
    }
  ],
  "extent": {
    "spatial": {
      "bbox": [
        [
          8.534916502197522,
          47.383614287590675,
          8.535603945944198,
          47.384081182474965
        ]
      ]
    },
    "temporal": {
      "interval": [
        [
          "2025-05-06T07:12:31.017203Z",
          "2025-05-07T19:01:30.451508Z"
        ]
      ]
    }
  },
  "license": "proprietary"
}