{
  "type": "Feature",
  "stac_version": "1.0.0",
  "id": "7afecd34-e672-46c1-891e-4c3c8290f6cf",
  "properties": {
    "title": "Groundwork campaign labels",
    "description": "Labels created from a Groundwork campaign!",
    "label:description": "Labels for project {D90BF3B7-D87A-441A-887B-7FE583A8B7CF}_tile_0",
    "label:type": "vector",
    "label:properties": [
      "default"
    ],
    "label:classes": [
      {
        "classes": [
          "Pavement_distress",
          "Shadows"
        ],
        "name": "default"
      }
    ],
    "label:tasks": [
      "detection"
    ],
    "datetime": "2025-03-20T09:21:19.943951Z"
  },
  "geometry": {
    "type": "Polygon",
    "coordinates": [
      [
        [
          8.53890298744263,
          47.391639740232534
        ],
        [
          8.538912495562517,
          47.39210019839139
        ],
        [
          8.538786681188439,
          47.39210139634708
        ],
        [
          8.53877717415638,
          47.39164093817797
        ],
        [
          8.53890298744263,
          47.391639740232534
        ]
      ]
    ]
  },
  "links": [
    {
      "rel": "source",
      "href": "../794ada8f-e2ee-4e49-a31d-ab564f572454/794ada8f-e2ee-4e49-a31d-ab564f572454.json",
      "type": "application/json"
    },
    {
      "rel": "root",
      "href": "../../catalog.json",
      "type": "application/json"
    },
    {
      "rel": "collection",
      "href": "../collection.json",
      "type": "application/json"
    },
    {
      "rel": "parent",
      "href": "../collection.json",
      "type": "application/json"
    }
  ],
  "assets": {
    "labels": {
      "href": "./labels.geojson",
      "type": "application/geo+json"
    }
  },
  "bbox": [
    8.53877717415638,
    47.391639740232534,
    8.538912495562517,
    47.39210139634708
  ],
  "stac_extensions": [
    "https://stac-extensions.github.io/label/v1.0.1/schema.json"
  ],
  "collection": "8ac3f903-2ba7-4ea7-9868-f1b5c56f66f9"
}