{
  "type": "Feature",
  "stac_version": "1.0.0",
  "id": "9ffb3092-adf5-41d4-bc57-835809dd6b17",
  "properties": {
    "title": "Groundwork campaign labels",
    "description": "Labels created from a Groundwork campaign!",
    "label:description": "Labels for project {CA877B1F-AA78-4EDF-9027-129DD1A76132}_tile_0",
    "label:type": "vector",
    "label:properties": [
      "default"
    ],
    "label:classes": [
      {
        "classes": [
          "Pavement_distress",
          "Shadows"
        ],
        "name": "default"
      }
    ],
    "label:tasks": [
      "detection"
    ],
    "datetime": "2025-03-20T09:21:30.783937Z"
  },
  "geometry": {
    "type": "Polygon",
    "coordinates": [
      [
        [
          8.508885524454916,
          47.396229391631124
        ],
        [
          8.508892551761233,
          47.39657923328287
        ],
        [
          8.50821441777774,
          47.396585511709084
        ],
        [
          8.508207394926675,
          47.396235670016516
        ],
        [
          8.508885524454916,
          47.396229391631124
        ]
      ]
    ]
  },
  "links": [
    {
      "rel": "source",
      "href": "../8b436a1c-3fd5-4240-8abb-4fc3396ba981/8b436a1c-3fd5-4240-8abb-4fc3396ba981.json",
      "type": "application/json"
    },
    {
      "rel": "root",
      "href": "../../catalog.json",
      "type": "application/json"
    },
    {
      "rel": "collection",
      "href": "../collection.json",
      "type": "application/json"
    },
    {
      "rel": "parent",
      "href": "../collection.json",
      "type": "application/json"
    }
  ],
  "assets": {
    "labels": {
      "href": "./labels.geojson",
      "type": "application/geo+json"
    }
  },
  "bbox": [
    8.508207394926675,
    47.396229391631124,
    8.508892551761233,
    47.396585511709084
  ],
  "stac_extensions": [
    "https://stac-extensions.github.io/label/v1.0.1/schema.json"
  ],
  "collection": "73d3fde1-0c5e-490b-a2ec-0a1528559304"
}