{
  "type": "Collection",
  "id": "7124b19c-4e05-4b6b-8f5e-6e9c33562b80",
  "stac_version": "1.0.0",
  "description": "{BCE677D1-7C06-4CB7-9FA9-28975FF77674}_tile_0",
  "links": [
    {
      "rel": "root",
      "href": "../catalog.json",
      "type": "application/json"
    },
    {
      "rel": "item",
      "href": "./fba8581e-5c80-4a09-930f-1b31b95e97b6/fba8581e-5c80-4a09-930f-1b31b95e97b6.json",
      "type": "application/json"
    },
    {
      "rel": "item",
      "href": "./9c44bc06-2d95-48cb-a829-bc07315e363a/9c44bc06-2d95-48cb-a829-bc07315e363a.json",
      "type": "application/json"
    },
    {
      "rel": "parent",
      "href": "../catalog.json",
      "type": "application/json"
    }
  ],
  "extent": {
    "spatial": {
      "bbox": [
        [
          8.510563486228058,
          47.35294428354483,
          8.510710903964963,
          47.35303736851094
        ]
      ]
    },
    "temporal": {
      "interval": [
        [
          "2025-01-31T23:46:06.902737Z",
          "2025-03-20T09:21:02.901207Z"
        ]
      ]
    }
  },
  "license": "proprietary"
}