{
  "type": "Feature",
  "stac_version": "1.0.0",
  "id": "0efef5da-961a-4288-a44f-525f56cef083",
  "properties": {
    "title": "Groundwork campaign labels",
    "description": "Labels created from a Groundwork campaign!",
    "label:description": "Labels for project 14645_tile_0",
    "label:type": "vector",
    "label:properties": [
      "default"
    ],
    "label:classes": [
      {
        "classes": [
          "Pavement_distress",
          "non_pavement_distress"
        ],
        "name": "default"
      }
    ],
    "label:tasks": [
      "detection"
    ],
    "datetime": "2025-05-07T19:01:21.536147Z"
  },
  "geometry": {
    "type": "Polygon",
    "coordinates": [
      [
        [
          8.508356904523827,
          47.40044935506959
        ],
        [
          8.508366150016716,
          47.40090981446056
        ],
        [
          8.507687960805368,
          47.40091608978997
        ],
        [
          8.507678721177415,
          47.40045563034529
        ],
        [
          8.508356904523827,
          47.40044935506959
        ]
      ]
    ]
  },
  "links": [
    {
      "rel": "source",
      "href": "../6472ff93-5c30-41da-80cb-f93a9067e644/6472ff93-5c30-41da-80cb-f93a9067e644.json",
      "type": "application/json"
    },
    {
      "rel": "root",
      "href": "../../catalog.json",
      "type": "application/json"
    },
    {
      "rel": "collection",
      "href": "../collection.json",
      "type": "application/json"
    },
    {
      "rel": "parent",
      "href": "../collection.json",
      "type": "application/json"
    }
  ],
  "assets": {
    "labels": {
      "href": "./labels.geojson",
      "type": "application/geo+json"
    }
  },
  "bbox": [
    8.507678721177415,
    47.40044935506959,
    8.508366150016716,
    47.40091608978997
  ],
  "stac_extensions": [
    "https://stac-extensions.github.io/label/v1.0.1/schema.json"
  ],
  "collection": "897670e2-73fc-4639-8ed4-930ee32ff8db"
}