{
  "type": "Collection",
  "id": "b24e3a6d-558c-450c-a20d-5016e93516b8",
  "stac_version": "1.0.0",
  "description": "179_tile_3",
  "links": [
    {
      "rel": "root",
      "href": "../catalog.json",
      "type": "application/json"
    },
    {
      "rel": "item",
      "href": "./e1148b3b-e181-480a-b644-6dd3abd1d972/e1148b3b-e181-480a-b644-6dd3abd1d972.json",
      "type": "application/json"
    },
    {
      "rel": "item",
      "href": "./017d75e6-a793-4874-bd68-25b6ac562aa8/017d75e6-a793-4874-bd68-25b6ac562aa8.json",
      "type": "application/json"
    },
    {
      "rel": "parent",
      "href": "../catalog.json",
      "type": "application/json"
    }
  ],
  "extent": {
    "spatial": {
      "bbox": [
        [
          8.536414465582984,
          47.39281103508892,
          8.537102040856118,
          47.393277937325635
        ]
      ]
    },
    "temporal": {
      "interval": [
        [
          "2025-04-02T11:44:02.663777Z",
          "2025-04-28T08:57:29.913285Z"
        ]
      ]
    }
  },
  "license": "proprietary"
}