{
  "type": "Collection",
  "id": "32d1e5cb-51c5-4b9a-9bc3-01a926f0c790",
  "stac_version": "1.0.0",
  "description": "17221_tile_8",
  "links": [
    {
      "rel": "root",
      "href": "../catalog.json",
      "type": "application/json"
    },
    {
      "rel": "item",
      "href": "./bd11431f-ce23-4919-b4c1-eda94882bdb2/bd11431f-ce23-4919-b4c1-eda94882bdb2.json",
      "type": "application/json"
    },
    {
      "rel": "item",
      "href": "./0b774ca0-6b0b-4e05-903e-297028ef5d8c/0b774ca0-6b0b-4e05-903e-297028ef5d8c.json",
      "type": "application/json"
    },
    {
      "rel": "parent",
      "href": "../catalog.json",
      "type": "application/json"
    }
  ],
  "extent": {
    "spatial": {
      "bbox": [
        [
          8.568503326969356,
          47.370855557156986,
          8.569190892239588,
          47.37132264828252
        ]
      ]
    },
    "temporal": {
      "interval": [
        [
          "2025-05-06T07:14:32.937780Z",
          "2025-05-07T19:01:04.024546Z"
        ]
      ]
    }
  },
  "license": "proprietary"
}