{
  "type": "Feature",
  "stac_version": "1.0.0",
  "id": "796a9ce3-4319-4118-a38d-94d9a54d6f98",
  "properties": {
    "title": "Groundwork campaign labels",
    "description": "Labels created from a Groundwork campaign!",
    "label:description": "Labels for project {5F24D8BC-1E86-45CC-9532-C7D921DAAFC3}_tile_0",
    "label:type": "vector",
    "label:properties": [
      "default"
    ],
    "label:classes": [
      {
        "classes": [
          "Pavement_distress",
          "Shadows"
        ],
        "name": "default"
      }
    ],
    "label:tasks": [
      "detection"
    ],
    "datetime": "2025-03-20T09:20:55.900935Z"
  },
  "geometry": {
    "type": "Polygon",
    "coordinates": [
      [
        [
          8.512298077401924,
          47.37315866453419
        ],
        [
          8.512298983136846,
          47.37320363162237
        ],
        [
          8.512232788225568,
          47.37320424688177
        ],
        [
          8.512231882546521,
          47.37315927979306
        ],
        [
          8.512298077401924,
          47.37315866453419
        ]
      ]
    ]
  },
  "links": [
    {
      "rel": "source",
      "href": "../3ebcdbf8-7918-46cb-8d50-f1664cdbe642/3ebcdbf8-7918-46cb-8d50-f1664cdbe642.json",
      "type": "application/json"
    },
    {
      "rel": "root",
      "href": "../../catalog.json",
      "type": "application/json"
    },
    {
      "rel": "collection",
      "href": "../collection.json",
      "type": "application/json"
    },
    {
      "rel": "parent",
      "href": "../collection.json",
      "type": "application/json"
    }
  ],
  "assets": {
    "labels": {
      "href": "./labels.geojson",
      "type": "application/geo+json"
    }
  },
  "bbox": [
    8.512231882546521,
    47.37315866453419,
    8.512298983136846,
    47.37320424688177
  ],
  "stac_extensions": [
    "https://stac-extensions.github.io/label/v1.0.1/schema.json"
  ],
  "collection": "81e3037a-4198-4095-b8d6-f9b88e88716e"
}