{
  "type": "Feature",
  "stac_version": "1.0.0",
  "id": "429d7661-fd1c-402f-9177-5ccc164c2ba6",
  "properties": {
    "title": "Groundwork campaign labels",
    "description": "Labels created from a Groundwork campaign!",
    "label:description": "Labels for project {98543288-E835-48C5-8A9D-D545C935A28E}_tile_0",
    "label:type": "vector",
    "label:properties": [
      "default"
    ],
    "label:classes": [
      {
        "classes": [
          "Pavement_distress",
          "Shadows"
        ],
        "name": "default"
      }
    ],
    "label:tasks": [
      "detection"
    ],
    "datetime": "2025-03-20T09:21:03.293821Z"
  },
  "geometry": {
    "type": "Polygon",
    "coordinates": [
      [
        [
          8.557544477206287,
          47.35701911948651
        ],
        [
          8.557546251262227,
          47.35710365733854
        ],
        [
          8.557354345579368,
          47.35710551674538
        ],
        [
          8.557352571827854,
          47.357020978890404
        ],
        [
          8.557544477206287,
          47.35701911948651
        ]
      ]
    ]
  },
  "links": [
    {
      "rel": "source",
      "href": "../f9bffdc3-f58e-4c31-8c8e-2e13f3cc12ad/f9bffdc3-f58e-4c31-8c8e-2e13f3cc12ad.json",
      "type": "application/json"
    },
    {
      "rel": "root",
      "href": "../../catalog.json",
      "type": "application/json"
    },
    {
      "rel": "collection",
      "href": "../collection.json",
      "type": "application/json"
    },
    {
      "rel": "parent",
      "href": "../collection.json",
      "type": "application/json"
    }
  ],
  "assets": {
    "labels": {
      "href": "./labels.geojson",
      "type": "application/geo+json"
    }
  },
  "bbox": [
    8.557352571827854,
    47.35701911948651,
    8.557546251262227,
    47.35710551674538
  ],
  "stac_extensions": [
    "https://stac-extensions.github.io/label/v1.0.1/schema.json"
  ],
  "collection": "fd5c1de4-b0fc-41a7-a5be-09a92ca0f53f"
}