{
  "type": "Collection",
  "id": "44ba8920-69d2-4553-825a-13b4e358dedf",
  "stac_version": "1.0.0",
  "description": "9430_tile_4",
  "links": [
    {
      "rel": "root",
      "href": "../catalog.json",
      "type": "application/json"
    },
    {
      "rel": "item",
      "href": "./9462205a-e11d-49fc-a4e2-6f6aeb5d301f/9462205a-e11d-49fc-a4e2-6f6aeb5d301f.json",
      "type": "application/json"
    },
    {
      "rel": "item",
      "href": "./83bb2e13-9490-4ea2-9f66-4e68b03a3c6d/83bb2e13-9490-4ea2-9f66-4e68b03a3c6d.json",
      "type": "application/json"
    },
    {
      "rel": "parent",
      "href": "../catalog.json",
      "type": "application/json"
    }
  ],
  "extent": {
    "spatial": {
      "bbox": [
        [
          8.526338517422317,
          47.364352307867485,
          8.527025639474823,
          47.36481915580932
        ]
      ]
    },
    "temporal": {
      "interval": [
        [
          "2025-05-06T07:10:30.274976Z",
          "2025-05-07T19:02:00.909229Z"
        ]
      ]
    }
  },
  "license": "proprietary"
}