{
  "type": "Feature",
  "stac_version": "1.0.0",
  "id": "f5a87071-b121-493b-8196-3cbc8fb4defe",
  "properties": {
    "title": "Groundwork campaign labels",
    "description": "Labels created from a Groundwork campaign!",
    "label:description": "Labels for project {46F5A8C6-412E-48AF-9596-1DCBF1BC6FB1}_tile_1",
    "label:type": "vector",
    "label:properties": [
      "default"
    ],
    "label:classes": [
      {
        "classes": [
          "Pavement_distress",
          "Shadows"
        ],
        "name": "default"
      }
    ],
    "label:tasks": [
      "detection"
    ],
    "datetime": "2025-03-20T09:21:10.148420Z"
  },
  "geometry": {
    "type": "Polygon",
    "coordinates": [
      [
        [
          8.504157199358884,
          47.406542688608816
        ],
        [
          8.504163045676542,
          47.40683497206515
        ],
        [
          8.503800067834565,
          47.40683831762887
        ],
        [
          8.503794223509672,
          47.40654603415436
        ],
        [
          8.504157199358884,
          47.406542688608816
        ]
      ]
    ]
  },
  "links": [
    {
      "rel": "source",
      "href": "../0ce9bb14-61eb-44d1-baa6-9e2e430358ac/0ce9bb14-61eb-44d1-baa6-9e2e430358ac.json",
      "type": "application/json"
    },
    {
      "rel": "root",
      "href": "../../catalog.json",
      "type": "application/json"
    },
    {
      "rel": "collection",
      "href": "../collection.json",
      "type": "application/json"
    },
    {
      "rel": "parent",
      "href": "../collection.json",
      "type": "application/json"
    }
  ],
  "assets": {
    "labels": {
      "href": "./labels.geojson",
      "type": "application/geo+json"
    }
  },
  "bbox": [
    8.503794223509672,
    47.406542688608816,
    8.504163045676542,
    47.40683831762887
  ],
  "stac_extensions": [
    "https://stac-extensions.github.io/label/v1.0.1/schema.json"
  ],
  "collection": "a6c0d5d7-813b-4687-8a1d-6cf248c10e7d"
}