{
  "type": "Collection",
  "id": "d2585dd7-b4bf-4dfe-a540-3c4ab5d5dd79",
  "stac_version": "1.0.0",
  "description": "{0CE77ACD-DD23-4366-BED5-219B84882C44}_tile_0",
  "links": [
    {
      "rel": "root",
      "href": "../catalog.json",
      "type": "application/json"
    },
    {
      "rel": "item",
      "href": "./ac5a57c7-58e4-4d61-8795-b5b3dd13c27e/ac5a57c7-58e4-4d61-8795-b5b3dd13c27e.json",
      "type": "application/json"
    },
    {
      "rel": "item",
      "href": "./9278d6da-ea69-4e99-a652-1626713f7a4d/9278d6da-ea69-4e99-a652-1626713f7a4d.json",
      "type": "application/json"
    },
    {
      "rel": "parent",
      "href": "../catalog.json",
      "type": "application/json"
    }
  ],
  "extent": {
    "spatial": {
      "bbox": [
        [
          8.493808340601658,
          47.37739991029598,
          8.494141200095132,
          47.37763044384001
        ]
      ]
    },
    "temporal": {
      "interval": [
        [
          "2025-01-31T23:45:16.095418Z",
          "2025-03-20T09:21:14.334027Z"
        ]
      ]
    }
  },
  "license": "proprietary"
}