{
  "type": "Feature",
  "stac_version": "1.0.0",
  "id": "2a210772-21fa-48b9-bcef-b776029abbcb",
  "properties": {
    "title": "Groundwork campaign labels",
    "description": "Labels created from a Groundwork campaign!",
    "label:description": "Labels for project 13517_tile_0",
    "label:type": "vector",
    "label:properties": [
      "default"
    ],
    "label:classes": [
      {
        "classes": [
          "Pavement_distress",
          "non_pavement_distress"
        ],
        "name": "default"
      }
    ],
    "label:tasks": [
      "detection"
    ],
    "datetime": "2025-05-07T19:01:25.874973Z"
  },
  "geometry": {
    "type": "Polygon",
    "coordinates": [
      [
        [
          8.469292432876976,
          47.38883021458023
        ],
        [
          8.46930133851904,
          47.38929067872558
        ],
        [
          8.468623292751776,
          47.38929672465186
        ],
        [
          8.468614392972265,
          47.388836260454724
        ],
        [
          8.469292432876976,
          47.38883021458023
        ]
      ]
    ]
  },
  "links": [
    {
      "rel": "source",
      "href": "../b28cf03f-8943-454e-bcbc-f538caf9dc87/b28cf03f-8943-454e-bcbc-f538caf9dc87.json",
      "type": "application/json"
    },
    {
      "rel": "root",
      "href": "../../catalog.json",
      "type": "application/json"
    },
    {
      "rel": "collection",
      "href": "../collection.json",
      "type": "application/json"
    },
    {
      "rel": "parent",
      "href": "../collection.json",
      "type": "application/json"
    }
  ],
  "assets": {
    "labels": {
      "href": "./labels.geojson",
      "type": "application/geo+json"
    }
  },
  "bbox": [
    8.468614392972265,
    47.38883021458023,
    8.46930133851904,
    47.38929672465186
  ],
  "stac_extensions": [
    "https://stac-extensions.github.io/label/v1.0.1/schema.json"
  ],
  "collection": "2ae826c9-7616-449e-959d-22bf60cde7f2"
}