{
  "type": "Collection",
  "id": "b472f78c-9532-4825-98ae-4bd1467ad425",
  "stac_version": "1.0.0",
  "description": "{E9E93996-DCBD-4B45-8459-2AA61D615DFF}_tile_0",
  "links": [
    {
      "rel": "root",
      "href": "../catalog.json",
      "type": "application/json"
    },
    {
      "rel": "item",
      "href": "./c8f2c0db-4a15-4e4d-9faa-ee6189a13ca5/c8f2c0db-4a15-4e4d-9faa-ee6189a13ca5.json",
      "type": "application/json"
    },
    {
      "rel": "item",
      "href": "./2e97e371-454c-4f26-b700-926df962faa7/2e97e371-454c-4f26-b700-926df962faa7.json",
      "type": "application/json"
    },
    {
      "rel": "parent",
      "href": "../catalog.json",
      "type": "application/json"
    }
  ],
  "extent": {
    "spatial": {
      "bbox": [
        [
          8.574128523025745,
          47.38393337999218,
          8.574254200517636,
          47.38399126115478
        ]
      ]
    },
    "temporal": {
      "interval": [
        [
          "2025-01-31T23:46:23.494982Z",
          "2025-03-20T09:20:59.200428Z"
        ]
      ]
    }
  },
  "license": "proprietary"
}