{
  "type": "Feature",
  "stac_version": "1.0.0",
  "id": "f85fdd47-eac0-4c96-af8e-7f6fb122be95",
  "properties": {
    "title": "Groundwork campaign labels",
    "description": "Labels created from a Groundwork campaign!",
    "label:description": "Labels for project 15598_tile_2",
    "label:type": "vector",
    "label:properties": [
      "default"
    ],
    "label:classes": [
      {
        "classes": [
          "Pavement_distress",
          "non_pavement_distress"
        ],
        "name": "default"
      }
    ],
    "label:tasks": [
      "detection"
    ],
    "datetime": "2025-05-07T19:01:15.509359Z"
  },
  "geometry": {
    "type": "Polygon",
    "coordinates": [
      [
        [
          8.487607318003201,
          47.394044417187985
        ],
        [
          8.487616382921946,
          47.39450487915455
        ],
        [
          8.486938272860568,
          47.394511032634355
        ],
        [
          8.486929213805443,
          47.3940505706151
        ],
        [
          8.487607318003201,
          47.394044417187985
        ]
      ]
    ]
  },
  "links": [
    {
      "rel": "source",
      "href": "../fd077393-ae54-4836-acc1-039937585c26/fd077393-ae54-4836-acc1-039937585c26.json",
      "type": "application/json"
    },
    {
      "rel": "root",
      "href": "../../catalog.json",
      "type": "application/json"
    },
    {
      "rel": "collection",
      "href": "../collection.json",
      "type": "application/json"
    },
    {
      "rel": "parent",
      "href": "../collection.json",
      "type": "application/json"
    }
  ],
  "assets": {
    "labels": {
      "href": "./labels.geojson",
      "type": "application/geo+json"
    }
  },
  "bbox": [
    8.486929213805443,
    47.394044417187985,
    8.487616382921946,
    47.394511032634355
  ],
  "stac_extensions": [
    "https://stac-extensions.github.io/label/v1.0.1/schema.json"
  ],
  "collection": "33dab51f-cf5e-4361-8c50-6229d10e99d4"
}