{
  "type": "Collection",
  "id": "224cb2b9-2ba4-47af-b782-43d0aa3b600e",
  "stac_version": "1.0.0",
  "description": "7909_tile_1",
  "links": [
    {
      "rel": "root",
      "href": "../catalog.json",
      "type": "application/json"
    },
    {
      "rel": "item",
      "href": "./25539eec-8871-4de2-9b02-4b9202d2a5f3/25539eec-8871-4de2-9b02-4b9202d2a5f3.json",
      "type": "application/json"
    },
    {
      "rel": "item",
      "href": "./0ccfcafd-23d8-4605-942e-964d9276c5c8/0ccfcafd-23d8-4605-942e-964d9276c5c8.json",
      "type": "application/json"
    },
    {
      "rel": "parent",
      "href": "../catalog.json",
      "type": "application/json"
    }
  ],
  "extent": {
    "spatial": {
      "bbox": [
        [
          8.496695199923721,
          47.37352760015524,
          8.497382187605968,
          47.373994275112096
        ]
      ]
    },
    "temporal": {
      "interval": [
        [
          "2025-04-02T11:46:08.662413Z",
          "2025-04-28T08:56:52.381499Z"
        ]
      ]
    }
  },
  "license": "proprietary"
}