{
  "type": "Collection",
  "id": "08ddeb23-3a99-4267-bbf9-8acff587c0af",
  "stac_version": "1.0.0",
  "description": "6366_tile_0",
  "links": [
    {
      "rel": "root",
      "href": "../catalog.json",
      "type": "application/json"
    },
    {
      "rel": "item",
      "href": "./010e2050-d7d5-4be1-ac25-3b096659ab9b/010e2050-d7d5-4be1-ac25-3b096659ab9b.json",
      "type": "application/json"
    },
    {
      "rel": "item",
      "href": "./0f1c7c73-c741-47bf-890a-567d9ca3e92a/0f1c7c73-c741-47bf-890a-567d9ca3e92a.json",
      "type": "application/json"
    },
    {
      "rel": "parent",
      "href": "../catalog.json",
      "type": "application/json"
    }
  ],
  "extent": {
    "spatial": {
      "bbox": [
        [
          8.546529266012763,
          47.41159689949143,
          8.547217170263037,
          47.41206385755322
        ]
      ]
    },
    "temporal": {
      "interval": [
        [
          "2025-04-02T11:45:43.627426Z",
          "2025-04-28T08:56:59.573197Z"
        ]
      ]
    }
  },
  "license": "proprietary"
}