{
  "type": "Feature",
  "stac_version": "1.0.0",
  "id": "bebb0c36-9e00-4803-ab43-b28433b0ad54",
  "properties": {
    "title": "Groundwork campaign labels",
    "description": "Labels created from a Groundwork campaign!",
    "label:description": "Labels for project 732_tile_0",
    "label:type": "vector",
    "label:properties": [
      "default"
    ],
    "label:classes": [
      {
        "classes": [
          "Pavement_distress",
          "non_pavement_distress"
        ],
        "name": "default"
      }
    ],
    "label:tasks": [
      "detection"
    ],
    "datetime": "2025-05-07T19:02:42.997491Z"
  },
  "geometry": {
    "type": "Polygon",
    "coordinates": [
      [
        [
          8.561525206504061,
          47.383365163290016
        ],
        [
          8.561534908744825,
          47.38382562073286
        ],
        [
          8.560856943568155,
          47.383832208325494
        ],
        [
          8.56084724718827,
          47.38337175082628
        ],
        [
          8.561525206504061,
          47.383365163290016
        ]
      ]
    ]
  },
  "links": [
    {
      "rel": "source",
      "href": "../5563230f-0dd5-40d1-8639-4dd2442eebe1/5563230f-0dd5-40d1-8639-4dd2442eebe1.json",
      "type": "application/json"
    },
    {
      "rel": "root",
      "href": "../../catalog.json",
      "type": "application/json"
    },
    {
      "rel": "collection",
      "href": "../collection.json",
      "type": "application/json"
    },
    {
      "rel": "parent",
      "href": "../collection.json",
      "type": "application/json"
    }
  ],
  "assets": {
    "labels": {
      "href": "./labels.geojson",
      "type": "application/geo+json"
    }
  },
  "bbox": [
    8.56084724718827,
    47.383365163290016,
    8.561534908744825,
    47.383832208325494
  ],
  "stac_extensions": [
    "https://stac-extensions.github.io/label/v1.0.1/schema.json"
  ],
  "collection": "d3434790-0f6e-4a49-8467-2fbcadc31388"
}