{
  "type": "Feature",
  "stac_version": "1.0.0",
  "id": "992f8eba-2cb4-4963-852c-be1ef332f531",
  "properties": {
    "title": "Groundwork campaign labels",
    "description": "Labels created from a Groundwork campaign!",
    "label:description": "Labels for project {838D6E03-73D1-4BB2-8763-4BD84682EE80}_tile_0",
    "label:type": "vector",
    "label:properties": [
      "default"
    ],
    "label:classes": [
      {
        "classes": [
          "Pavement_distress",
          "Shadows"
        ],
        "name": "default"
      }
    ],
    "label:tasks": [
      "detection"
    ],
    "datetime": "2025-03-20T09:20:49.488296Z"
  },
  "geometry": {
    "type": "Polygon",
    "coordinates": [
      [
        [
          8.51109493805512,
          47.37213090721968
        ],
        [
          8.511104202272154,
          47.37259137041452
        ],
        [
          8.510430345608514,
          47.37259762500655
        ],
        [
          8.510421087215809,
          47.37213716175824
        ],
        [
          8.51109493805512,
          47.37213090721968
        ]
      ]
    ]
  },
  "links": [
    {
      "rel": "source",
      "href": "../cdf71bd9-2824-49e5-bde1-01230269cf5a/cdf71bd9-2824-49e5-bde1-01230269cf5a.json",
      "type": "application/json"
    },
    {
      "rel": "root",
      "href": "../../catalog.json",
      "type": "application/json"
    },
    {
      "rel": "collection",
      "href": "../collection.json",
      "type": "application/json"
    },
    {
      "rel": "parent",
      "href": "../collection.json",
      "type": "application/json"
    }
  ],
  "assets": {
    "labels": {
      "href": "./labels.geojson",
      "type": "application/geo+json"
    }
  },
  "bbox": [
    8.510421087215809,
    47.37213090721968,
    8.511104202272154,
    47.37259762500655
  ],
  "stac_extensions": [
    "https://stac-extensions.github.io/label/v1.0.1/schema.json"
  ],
  "collection": "f8265de9-46a8-4e62-9d8e-34806ea3d372"
}