{
  "type": "Feature",
  "stac_version": "1.0.0",
  "id": "13fd1534-80d1-41ac-9f0f-e12bd1a843e6",
  "properties": {
    "title": "Groundwork campaign labels",
    "description": "Labels created from a Groundwork campaign!",
    "label:description": "Labels for project 9264_tile_4",
    "label:type": "vector",
    "label:properties": [
      "default"
    ],
    "label:classes": [
      {
        "classes": [
          "Pavement_distress",
          "non_pavement_distress"
        ],
        "name": "default"
      }
    ],
    "label:tasks": [
      "detection"
    ],
    "datetime": "2025-05-07T19:02:04.275072Z"
  },
  "geometry": {
    "type": "Polygon",
    "coordinates": [
      [
        [
          8.575114416275285,
          47.36296788870953
        ],
        [
          8.575124232234575,
          47.36342834785955
        ],
        [
          8.574446528337583,
          47.363435015283535
        ],
        [
          8.574436718234603,
          47.36297455607644
        ],
        [
          8.575114416275285,
          47.36296788870953
        ]
      ]
    ]
  },
  "links": [
    {
      "rel": "source",
      "href": "../cd2861fb-b156-417b-8833-e22d590fae64/cd2861fb-b156-417b-8833-e22d590fae64.json",
      "type": "application/json"
    },
    {
      "rel": "root",
      "href": "../../catalog.json",
      "type": "application/json"
    },
    {
      "rel": "collection",
      "href": "../collection.json",
      "type": "application/json"
    },
    {
      "rel": "parent",
      "href": "../collection.json",
      "type": "application/json"
    }
  ],
  "assets": {
    "labels": {
      "href": "./labels.geojson",
      "type": "application/geo+json"
    }
  },
  "bbox": [
    8.574436718234603,
    47.36296788870953,
    8.575124232234575,
    47.363435015283535
  ],
  "stac_extensions": [
    "https://stac-extensions.github.io/label/v1.0.1/schema.json"
  ],
  "collection": "4f5f940c-13f4-467e-8554-2eb788c3878a"
}