{
  "type": "Collection",
  "id": "a8cbe3cc-ab3e-461f-a91d-202053cc6885",
  "stac_version": "1.0.0",
  "description": "6034_tile_0",
  "links": [
    {
      "rel": "root",
      "href": "../catalog.json",
      "type": "application/json"
    },
    {
      "rel": "item",
      "href": "./ae699dad-78f6-4aef-8ae4-955441d0a7e7/ae699dad-78f6-4aef-8ae4-955441d0a7e7.json",
      "type": "application/json"
    },
    {
      "rel": "item",
      "href": "./24d89cb4-77da-42ea-ba96-390a34c313a3/24d89cb4-77da-42ea-ba96-390a34c313a3.json",
      "type": "application/json"
    },
    {
      "rel": "parent",
      "href": "../catalog.json",
      "type": "application/json"
    }
  ],
  "extent": {
    "spatial": {
      "bbox": [
        [
          8.548770255519583,
          47.42178025561227,
          8.549458310540917,
          47.4222472251439
        ]
      ]
    },
    "temporal": {
      "interval": [
        [
          "2025-04-02T11:45:36.463631Z",
          "2025-04-28T08:57:01.684516Z"
        ]
      ]
    }
  },
  "license": "proprietary"
}