{
  "type": "Feature",
  "stac_version": "1.0.0",
  "id": "b7f116aa-7aed-467c-8502-1f31157623ff",
  "properties": {
    "title": "Groundwork campaign labels",
    "description": "Labels created from a Groundwork campaign!",
    "label:description": "Labels for project 11013_tile_3",
    "label:type": "vector",
    "label:properties": [
      "default"
    ],
    "label:classes": [
      {
        "classes": [
          "Pavement Distress",
          "Non-Pavement Distress"
        ],
        "name": "default"
      }
    ],
    "label:tasks": [
      "detection"
    ],
    "datetime": "2025-04-28T08:56:32.773181Z"
  },
  "geometry": {
    "type": "Polygon",
    "coordinates": [
      [
        [
          8.52381987214715,
          47.340527180657254
        ],
        [
          8.523829240779952,
          47.340987647178494
        ],
        [
          8.523151815929301,
          47.34099401339306
        ],
        [
          8.523142453148125,
          47.340533546817326
        ],
        [
          8.52381987214715,
          47.340527180657254
        ]
      ]
    ]
  },
  "links": [
    {
      "rel": "source",
      "href": "../01f2b572-dd5a-4087-b17f-109d2f1b3c80/01f2b572-dd5a-4087-b17f-109d2f1b3c80.json",
      "type": "application/json"
    },
    {
      "rel": "root",
      "href": "../../catalog.json",
      "type": "application/json"
    },
    {
      "rel": "collection",
      "href": "../collection.json",
      "type": "application/json"
    },
    {
      "rel": "parent",
      "href": "../collection.json",
      "type": "application/json"
    }
  ],
  "assets": {
    "labels": {
      "href": "./labels.geojson",
      "type": "application/geo+json"
    }
  },
  "bbox": [
    8.523142453148125,
    47.340527180657254,
    8.523829240779952,
    47.34099401339306
  ],
  "stac_extensions": [
    "https://stac-extensions.github.io/label/v1.0.1/schema.json"
  ],
  "collection": "bd4529d8-dbcd-4ac5-99ee-08e4916e9b48"
}