{
  "type": "Collection",
  "id": "4f5f940c-13f4-467e-8554-2eb788c3878a",
  "stac_version": "1.0.0",
  "description": "9264_tile_4",
  "links": [
    {
      "rel": "root",
      "href": "../catalog.json",
      "type": "application/json"
    },
    {
      "rel": "item",
      "href": "./cd2861fb-b156-417b-8833-e22d590fae64/cd2861fb-b156-417b-8833-e22d590fae64.json",
      "type": "application/json"
    },
    {
      "rel": "item",
      "href": "./13fd1534-80d1-41ac-9f0f-e12bd1a843e6/13fd1534-80d1-41ac-9f0f-e12bd1a843e6.json",
      "type": "application/json"
    },
    {
      "rel": "parent",
      "href": "../catalog.json",
      "type": "application/json"
    }
  ],
  "extent": {
    "spatial": {
      "bbox": [
        [
          8.574436718234603,
          47.36296788870953,
          8.575124232234575,
          47.363435015283535
        ]
      ]
    },
    "temporal": {
      "interval": [
        [
          "2025-05-06T07:10:17.312470Z",
          "2025-05-07T19:02:04.275072Z"
        ]
      ]
    }
  },
  "license": "proprietary"
}