{
  "type": "Collection",
  "id": "391abbe2-8612-40aa-9f79-5a955f6e7272",
  "stac_version": "1.0.0",
  "description": "17238_tile_2",
  "links": [
    {
      "rel": "root",
      "href": "../catalog.json",
      "type": "application/json"
    },
    {
      "rel": "item",
      "href": "./58e8bbc8-8ee4-49f9-9075-bbf0d71e41eb/58e8bbc8-8ee4-49f9-9075-bbf0d71e41eb.json",
      "type": "application/json"
    },
    {
      "rel": "item",
      "href": "./5a6e8618-755a-4a45-baad-734bf9f50638/5a6e8618-755a-4a45-baad-734bf9f50638.json",
      "type": "application/json"
    },
    {
      "rel": "parent",
      "href": "../catalog.json",
      "type": "application/json"
    }
  ],
  "extent": {
    "spatial": {
      "bbox": [
        [
          8.528535741275668,
          47.339200832616804,
          8.529222557761443,
          47.33966769676616
        ]
      ]
    },
    "temporal": {
      "interval": [
        [
          "2025-05-06T07:14:36.428935Z",
          "2025-05-07T19:01:03.248534Z"
        ]
      ]
    }
  },
  "license": "proprietary"
}