{
  "type": "Collection",
  "id": "a3a14c6d-89c1-4544-9d49-da4513ea6087",
  "stac_version": "1.0.0",
  "description": "{71F1C719-6F89-42EE-9B92-9B248FA4554B}_tile_1",
  "links": [
    {
      "rel": "root",
      "href": "../catalog.json",
      "type": "application/json"
    },
    {
      "rel": "item",
      "href": "./8980a463-1c22-4e63-9c3d-d92e499be16a/8980a463-1c22-4e63-9c3d-d92e499be16a.json",
      "type": "application/json"
    },
    {
      "rel": "item",
      "href": "./a4b308ab-29a6-4516-afa1-b25a294c4b69/a4b308ab-29a6-4516-afa1-b25a294c4b69.json",
      "type": "application/json"
    },
    {
      "rel": "parent",
      "href": "../catalog.json",
      "type": "application/json"
    }
  ],
  "extent": {
    "spatial": {
      "bbox": [
        [
          8.545032553642605,
          47.391346245460475,
          8.545344067211383,
          47.39180959480981
        ]
      ]
    },
    "temporal": {
      "interval": [
        [
          "2025-01-31T23:46:55.706593Z",
          "2025-03-20T09:20:51.951214Z"
        ]
      ]
    }
  },
  "license": "proprietary"
}