{
  "type": "Collection",
  "id": "deb7082e-1bdc-4f37-a7a1-6956f9a800ac",
  "stac_version": "1.0.0",
  "description": "1235_tile_1",
  "links": [
    {
      "rel": "root",
      "href": "../catalog.json",
      "type": "application/json"
    },
    {
      "rel": "item",
      "href": "./9031a956-d47e-4b1d-9075-cd4a865089a7/9031a956-d47e-4b1d-9075-cd4a865089a7.json",
      "type": "application/json"
    },
    {
      "rel": "item",
      "href": "./9a3bcc7e-5ec7-458d-9e21-8adf82a38028/9a3bcc7e-5ec7-458d-9e21-8adf82a38028.json",
      "type": "application/json"
    },
    {
      "rel": "parent",
      "href": "../catalog.json",
      "type": "application/json"
    }
  ],
  "extent": {
    "spatial": {
      "bbox": [
        [
          8.518657988987092,
          47.38674758525097,
          8.519345334557416,
          47.38721438553809
        ]
      ]
    },
    "temporal": {
      "interval": [
        [
          "2025-05-06T07:07:37.994219Z",
          "2025-05-07T19:02:40.575867Z"
        ]
      ]
    }
  },
  "license": "proprietary"
}