{
  "type": "Collection",
  "id": "f198e5d6-a36e-49c2-99b6-12ce09ae13b1",
  "stac_version": "1.0.0",
  "description": "12709_tile_3",
  "links": [
    {
      "rel": "root",
      "href": "../catalog.json",
      "type": "application/json"
    },
    {
      "rel": "item",
      "href": "./a96aa5ef-fcd8-4164-a85e-35ff7fbbcf05/a96aa5ef-fcd8-4164-a85e-35ff7fbbcf05.json",
      "type": "application/json"
    },
    {
      "rel": "item",
      "href": "./c4c1bc41-6f1b-4ef2-8e82-e86d39a4671b/c4c1bc41-6f1b-4ef2-8e82-e86d39a4671b.json",
      "type": "application/json"
    },
    {
      "rel": "parent",
      "href": "../catalog.json",
      "type": "application/json"
    }
  ],
  "extent": {
    "spatial": {
      "bbox": [
        [
          8.532121464621712,
          47.41495799330944,
          8.532809289425781,
          47.41542486746004
        ]
      ]
    },
    "temporal": {
      "interval": [
        [
          "2025-05-06T07:12:21.422795Z",
          "2025-05-07T19:01:33.018135Z"
        ]
      ]
    }
  },
  "license": "proprietary"
}