{
  "type": "Collection",
  "id": "3b663707-80b2-4e98-956c-65e355097b95",
  "stac_version": "1.0.0",
  "description": "12086_tile_5",
  "links": [
    {
      "rel": "root",
      "href": "../catalog.json",
      "type": "application/json"
    },
    {
      "rel": "item",
      "href": "./b62e2a5b-5d25-4a6c-bc3b-362c288728ce/b62e2a5b-5d25-4a6c-bc3b-362c288728ce.json",
      "type": "application/json"
    },
    {
      "rel": "item",
      "href": "./fbb64cee-1bb7-45cb-8824-a4cf37dcc534/fbb64cee-1bb7-45cb-8824-a4cf37dcc534.json",
      "type": "application/json"
    },
    {
      "rel": "parent",
      "href": "../catalog.json",
      "type": "application/json"
    }
  ],
  "extent": {
    "spatial": {
      "bbox": [
        [
          8.541581773980106,
          47.380326956444456,
          8.542269232105854,
          47.38079389038891
        ]
      ]
    },
    "temporal": {
      "interval": [
        [
          "2025-04-02T11:47:39.776412Z",
          "2025-04-28T08:56:25.947257Z"
        ]
      ]
    }
  },
  "license": "proprietary"
}