{
  "type": "Feature",
  "stac_version": "1.0.0",
  "id": "fb8f1815-0c98-49f1-bbd4-08932f5d919f",
  "properties": {
    "title": "Groundwork campaign labels",
    "description": "Labels created from a Groundwork campaign!",
    "label:description": "Labels for project 5008_tile_0",
    "label:type": "vector",
    "label:properties": [
      "default"
    ],
    "label:classes": [
      {
        "classes": [
          "Pavement Distress",
          "Non-Pavement Distress"
        ],
        "name": "default"
      }
    ],
    "label:tasks": [
      "detection"
    ],
    "datetime": "2025-04-28T08:57:07.006648Z"
  },
  "geometry": {
    "type": "Polygon",
    "coordinates": [
      [
        [
          8.5140528164953,
          47.3782902350894
        ],
        [
          8.514062107363985,
          47.37875069717919
        ],
        [
          8.513384201009343,
          47.37875700598684
        ],
        [
          8.51337491600066,
          47.378296543843085
        ],
        [
          8.5140528164953,
          47.3782902350894
        ]
      ]
    ]
  },
  "links": [
    {
      "rel": "source",
      "href": "../e00ed9fd-ac08-4fb3-9d20-0ce3494e730e/e00ed9fd-ac08-4fb3-9d20-0ce3494e730e.json",
      "type": "application/json"
    },
    {
      "rel": "root",
      "href": "../../catalog.json",
      "type": "application/json"
    },
    {
      "rel": "collection",
      "href": "../collection.json",
      "type": "application/json"
    },
    {
      "rel": "parent",
      "href": "../collection.json",
      "type": "application/json"
    }
  ],
  "assets": {
    "labels": {
      "href": "./labels.geojson",
      "type": "application/geo+json"
    }
  },
  "bbox": [
    8.51337491600066,
    47.3782902350894,
    8.514062107363985,
    47.37875700598684
  ],
  "stac_extensions": [
    "https://stac-extensions.github.io/label/v1.0.1/schema.json"
  ],
  "collection": "52539984-c725-43eb-8cc5-b2ff81b3c29d"
}