{
  "type": "Collection",
  "id": "e4707efa-a1d1-4a2a-a371-777506ec0e4d",
  "stac_version": "1.0.0",
  "description": "15827_tile_0",
  "links": [
    {
      "rel": "root",
      "href": "../catalog.json",
      "type": "application/json"
    },
    {
      "rel": "item",
      "href": "./3a3c5549-325b-48a9-9238-2a4b0e2d545a/3a3c5549-325b-48a9-9238-2a4b0e2d545a.json",
      "type": "application/json"
    },
    {
      "rel": "item",
      "href": "./b9ac36c1-729d-4a2e-a592-787284c1e0e3/b9ac36c1-729d-4a2e-a592-787284c1e0e3.json",
      "type": "application/json"
    },
    {
      "rel": "parent",
      "href": "../catalog.json",
      "type": "application/json"
    }
  ],
  "extent": {
    "spatial": {
      "bbox": [
        [
          8.56656895133896,
          47.37317724418113,
          8.567256530101476,
          47.37364432378291
        ]
      ]
    },
    "temporal": {
      "interval": [
        [
          "2025-04-02T11:49:15.881546Z",
          "2025-04-28T08:56:09.136351Z"
        ]
      ]
    }
  },
  "license": "proprietary"
}