{
  "type": "Feature",
  "stac_version": "1.0.0",
  "id": "07a87bea-117c-4dec-bd97-f09addbb089a",
  "properties": {
    "title": "Groundwork campaign labels",
    "description": "Labels created from a Groundwork campaign!",
    "label:description": "Labels for project {F7025998-1297-4A91-B6CA-4183E07AD5E1}_tile_2",
    "label:type": "vector",
    "label:properties": [
      "default"
    ],
    "label:classes": [
      {
        "classes": [
          "Pavement_distress",
          "Shadows"
        ],
        "name": "default"
      }
    ],
    "label:tasks": [
      "detection"
    ],
    "datetime": "2025-03-20T09:21:32.893703Z"
  },
  "geometry": {
    "type": "Polygon",
    "coordinates": [
      [
        [
          8.539189338191152,
          47.36772976749994
        ],
        [
          8.539193998486155,
          47.367955501569696
        ],
        [
          8.53851623254224,
          47.36796195798269
        ],
        [
          8.538511575118793,
          47.36773622388585
        ],
        [
          8.539189338191152,
          47.36772976749994
        ]
      ]
    ]
  },
  "links": [
    {
      "rel": "source",
      "href": "../691a5b43-2a3d-4828-adb9-7ff205673263/691a5b43-2a3d-4828-adb9-7ff205673263.json",
      "type": "application/json"
    },
    {
      "rel": "root",
      "href": "../../catalog.json",
      "type": "application/json"
    },
    {
      "rel": "collection",
      "href": "../collection.json",
      "type": "application/json"
    },
    {
      "rel": "parent",
      "href": "../collection.json",
      "type": "application/json"
    }
  ],
  "assets": {
    "labels": {
      "href": "./labels.geojson",
      "type": "application/geo+json"
    }
  },
  "bbox": [
    8.538511575118793,
    47.36772976749994,
    8.539193998486155,
    47.36796195798269
  ],
  "stac_extensions": [
    "https://stac-extensions.github.io/label/v1.0.1/schema.json"
  ],
  "collection": "7715afac-212a-4049-9d60-0838ab184986"
}