{
  "type": "Collection",
  "id": "fd64f70b-6807-4b0d-b428-cf7e0d5d4563",
  "stac_version": "1.0.0",
  "description": "{B7161105-75AE-4DAC-BF81-6CFD7A84002E}_tile_1",
  "links": [
    {
      "rel": "root",
      "href": "../catalog.json",
      "type": "application/json"
    },
    {
      "rel": "item",
      "href": "./518223d1-64d5-4ff0-b39d-5f74cfb9a22f/518223d1-64d5-4ff0-b39d-5f74cfb9a22f.json",
      "type": "application/json"
    },
    {
      "rel": "item",
      "href": "./8fd675c9-15ff-48df-bba9-5fe93c96ab25/8fd675c9-15ff-48df-bba9-5fe93c96ab25.json",
      "type": "application/json"
    },
    {
      "rel": "parent",
      "href": "../catalog.json",
      "type": "application/json"
    }
  ],
  "extent": {
    "spatial": {
      "bbox": [
        [
          8.557024181727687,
          47.36010557987228,
          8.557338658512592,
          47.36014639050751
        ]
      ]
    },
    "temporal": {
      "interval": [
        [
          "2025-01-31T23:46:21.702697Z",
          "2025-03-20T09:20:59.599409Z"
        ]
      ]
    }
  },
  "license": "proprietary"
}