{
  "type": "Collection",
  "id": "27e699a1-1636-416e-8cf6-3fcffe01bf17",
  "stac_version": "1.0.0",
  "description": "{3AE42511-8B9C-43E8-B104-21787CDFF204}_tile_0",
  "links": [
    {
      "rel": "root",
      "href": "../catalog.json",
      "type": "application/json"
    },
    {
      "rel": "item",
      "href": "./e1c349c2-2ee1-4ffc-a1f1-d6ea92ca5918/e1c349c2-2ee1-4ffc-a1f1-d6ea92ca5918.json",
      "type": "application/json"
    },
    {
      "rel": "item",
      "href": "./1cfb20f3-ab7b-4406-be25-88a495a69afa/1cfb20f3-ab7b-4406-be25-88a495a69afa.json",
      "type": "application/json"
    },
    {
      "rel": "parent",
      "href": "../catalog.json",
      "type": "application/json"
    }
  ],
  "extent": {
    "spatial": {
      "bbox": [
        [
          8.527080838809853,
          47.4124483116001,
          8.527768588178226,
          47.41291515693261
        ]
      ]
    },
    "temporal": {
      "interval": [
        [
          "2025-01-31T23:44:29.425743Z",
          "2025-03-20T09:21:25.052284Z"
        ]
      ]
    }
  },
  "license": "proprietary"
}