{
  "type": "Collection",
  "id": "79c9f078-0f17-437e-b646-b7fe5076859b",
  "stac_version": "1.0.0",
  "description": "14946_tile_2",
  "links": [
    {
      "rel": "root",
      "href": "../catalog.json",
      "type": "application/json"
    },
    {
      "rel": "item",
      "href": "./ab0fa4b5-d0e2-4409-bd2e-89f29569cae8/ab0fa4b5-d0e2-4409-bd2e-89f29569cae8.json",
      "type": "application/json"
    },
    {
      "rel": "item",
      "href": "./b85ac8ec-0fec-485c-8051-5ea3d6adf4eb/b85ac8ec-0fec-485c-8051-5ea3d6adf4eb.json",
      "type": "application/json"
    },
    {
      "rel": "parent",
      "href": "../catalog.json",
      "type": "application/json"
    }
  ],
  "extent": {
    "spatial": {
      "bbox": [
        [
          8.50890257674255,
          47.3737262973335,
          8.509589671083935,
          47.374193042974774
        ]
      ]
    },
    "temporal": {
      "interval": [
        [
          "2025-05-06T07:13:13.902632Z",
          "2025-05-07T19:01:19.793698Z"
        ]
      ]
    }
  },
  "license": "proprietary"
}