{
  "type": "Feature",
  "stac_version": "1.0.0",
  "id": "972147e2-dacf-48c6-bfcc-1bee8a185e15",
  "properties": {
    "title": "Groundwork campaign labels",
    "description": "Labels created from a Groundwork campaign!",
    "label:description": "Labels for project {CC74FA13-8914-4E29-9CD7-00257E6A5DFC}_tile_4",
    "label:type": "vector",
    "label:properties": [
      "default"
    ],
    "label:classes": [
      {
        "classes": [
          "Pavement_distress",
          "Shadows"
        ],
        "name": "default"
      }
    ],
    "label:tasks": [
      "detection"
    ],
    "datetime": "2025-03-20T09:21:06.954900Z"
  },
  "geometry": {
    "type": "Polygon",
    "coordinates": [
      [
        [
          8.517549734533825,
          47.37813529511497
        ],
        [
          8.517551500428324,
          47.37822253105228
        ],
        [
          8.516873601212982,
          47.37822886035275
        ],
        [
          8.516871836428662,
          47.37814162440518
        ],
        [
          8.517549734533825,
          47.37813529511497
        ]
      ]
    ]
  },
  "links": [
    {
      "rel": "source",
      "href": "../56e27c7d-bb75-4579-a398-2aee95841181/56e27c7d-bb75-4579-a398-2aee95841181.json",
      "type": "application/json"
    },
    {
      "rel": "root",
      "href": "../../catalog.json",
      "type": "application/json"
    },
    {
      "rel": "collection",
      "href": "../collection.json",
      "type": "application/json"
    },
    {
      "rel": "parent",
      "href": "../collection.json",
      "type": "application/json"
    }
  ],
  "assets": {
    "labels": {
      "href": "./labels.geojson",
      "type": "application/geo+json"
    }
  },
  "bbox": [
    8.516871836428662,
    47.37813529511497,
    8.517551500428324,
    47.37822886035275
  ],
  "stac_extensions": [
    "https://stac-extensions.github.io/label/v1.0.1/schema.json"
  ],
  "collection": "330a8b09-7c90-4da4-9d55-6345d553a132"
}