{
  "type": "Feature",
  "stac_version": "1.0.0",
  "id": "be7e1bf7-ed55-4c20-89c9-3111e5d52c7c",
  "properties": {
    "title": "Groundwork campaign labels",
    "description": "Labels created from a Groundwork campaign!",
    "label:description": "Labels for project 9595_tile_1",
    "label:type": "vector",
    "label:properties": [
      "default"
    ],
    "label:classes": [
      {
        "classes": [
          "Pavement Distress",
          "Non-Pavement Distress"
        ],
        "name": "default"
      }
    ],
    "label:tasks": [
      "detection"
    ],
    "datetime": "2025-04-28T08:56:44.425112Z"
  },
  "geometry": {
    "type": "Polygon",
    "coordinates": [
      [
        [
          8.534748678983183,
          47.37455973127192
        ],
        [
          8.534758148119845,
          47.37502019219478
        ],
        [
          8.534080291736228,
          47.37502662254853
        ],
        [
          8.534070828458638,
          47.374566161570606
        ],
        [
          8.534748678983183,
          47.37455973127192
        ]
      ]
    ]
  },
  "links": [
    {
      "rel": "source",
      "href": "../815988b6-ca5c-46cf-abc5-27bd574b486b/815988b6-ca5c-46cf-abc5-27bd574b486b.json",
      "type": "application/json"
    },
    {
      "rel": "root",
      "href": "../../catalog.json",
      "type": "application/json"
    },
    {
      "rel": "collection",
      "href": "../collection.json",
      "type": "application/json"
    },
    {
      "rel": "parent",
      "href": "../collection.json",
      "type": "application/json"
    }
  ],
  "assets": {
    "labels": {
      "href": "./labels.geojson",
      "type": "application/geo+json"
    }
  },
  "bbox": [
    8.534070828458638,
    47.37455973127192,
    8.534758148119845,
    47.37502662254853
  ],
  "stac_extensions": [
    "https://stac-extensions.github.io/label/v1.0.1/schema.json"
  ],
  "collection": "0bd3c3ff-e385-4723-aa0a-b9f557c2b3b4"
}