{
  "type": "Collection",
  "id": "2bfc65f1-9da0-4461-98b1-4ff3b5524934",
  "stac_version": "1.0.0",
  "description": "16339_tile_0",
  "links": [
    {
      "rel": "root",
      "href": "../catalog.json",
      "type": "application/json"
    },
    {
      "rel": "item",
      "href": "./5867d692-b894-4066-8730-1f6b550f1ae1/5867d692-b894-4066-8730-1f6b550f1ae1.json",
      "type": "application/json"
    },
    {
      "rel": "item",
      "href": "./f5959411-0e55-4d8e-9f92-017be9dd5cf8/f5959411-0e55-4d8e-9f92-017be9dd5cf8.json",
      "type": "application/json"
    },
    {
      "rel": "parent",
      "href": "../catalog.json",
      "type": "application/json"
    }
  ],
  "extent": {
    "spatial": {
      "bbox": [
        [
          8.551315317235867,
          47.391286772719695,
          8.552002999859715,
          47.39175376144296
        ]
      ]
    },
    "temporal": {
      "interval": [
        [
          "2025-05-06T07:13:53.923995Z",
          "2025-05-07T19:01:09.772200Z"
        ]
      ]
    }
  },
  "license": "proprietary"
}