{
  "type": "Feature",
  "stac_version": "1.0.0",
  "id": "dd3f1300-f888-48d2-9c77-341af85c8f0e",
  "properties": {
    "title": "Groundwork campaign labels",
    "description": "Labels created from a Groundwork campaign!",
    "label:description": "Labels for project 16340_tile_3",
    "label:type": "vector",
    "label:properties": [
      "default"
    ],
    "label:classes": [
      {
        "classes": [
          "Pavement Distress",
          "Non-Pavement Distress"
        ],
        "name": "default"
      }
    ],
    "label:tasks": [
      "detection"
    ],
    "datetime": "2025-04-28T08:56:05.073359Z"
  },
  "geometry": {
    "type": "Polygon",
    "coordinates": [
      [
        [
          8.528917858513934,
          47.39104626487984
        ],
        [
          8.528927280175738,
          47.39150672394719
        ],
        [
          8.528249213196082,
          47.3915131200373
        ],
        [
          8.528239797397022,
          47.3910526609152
        ],
        [
          8.528917858513934,
          47.39104626487984
        ]
      ]
    ]
  },
  "links": [
    {
      "rel": "source",
      "href": "../e61846f0-7871-4118-a858-229858ac393d/e61846f0-7871-4118-a858-229858ac393d.json",
      "type": "application/json"
    },
    {
      "rel": "root",
      "href": "../../catalog.json",
      "type": "application/json"
    },
    {
      "rel": "collection",
      "href": "../collection.json",
      "type": "application/json"
    },
    {
      "rel": "parent",
      "href": "../collection.json",
      "type": "application/json"
    }
  ],
  "assets": {
    "labels": {
      "href": "./labels.geojson",
      "type": "application/geo+json"
    }
  },
  "bbox": [
    8.528239797397022,
    47.39104626487984,
    8.528927280175738,
    47.3915131200373
  ],
  "stac_extensions": [
    "https://stac-extensions.github.io/label/v1.0.1/schema.json"
  ],
  "collection": "58308413-cb54-40df-a2f7-a2b399e59605"
}