{
  "type": "Collection",
  "id": "ce944cdf-d81a-4bc9-8183-825feb8d75df",
  "stac_version": "1.0.0",
  "description": "5672_tile_2",
  "links": [
    {
      "rel": "root",
      "href": "../catalog.json",
      "type": "application/json"
    },
    {
      "rel": "item",
      "href": "./75b9e228-dc01-4882-839d-57105e2320a8/75b9e228-dc01-4882-839d-57105e2320a8.json",
      "type": "application/json"
    },
    {
      "rel": "item",
      "href": "./83091321-8f45-4e1c-8328-35f884f4ceda/83091321-8f45-4e1c-8328-35f884f4ceda.json",
      "type": "application/json"
    },
    {
      "rel": "parent",
      "href": "../catalog.json",
      "type": "application/json"
    }
  ],
  "extent": {
    "spatial": {
      "bbox": [
        [
          8.503345979933341,
          47.401017384759996,
          8.50403337914429,
          47.40148409430115
        ]
      ]
    },
    "temporal": {
      "interval": [
        [
          "2025-05-06T07:09:05.731779Z",
          "2025-05-07T19:02:21.539462Z"
        ]
      ]
    }
  },
  "license": "proprietary"
}