{
  "type": "Feature",
  "stac_version": "1.0.0",
  "id": "0a62b4d7-206d-4170-8abb-9f1481c6e1a8",
  "properties": {
    "title": "Groundwork campaign labels",
    "description": "Labels created from a Groundwork campaign!",
    "label:description": "Labels for project 3686_tile_1",
    "label:type": "vector",
    "label:properties": [
      "default"
    ],
    "label:classes": [
      {
        "classes": [
          "Pavement Distress",
          "Non-Pavement Distress"
        ],
        "name": "default"
      }
    ],
    "label:tasks": [
      "detection"
    ],
    "datetime": "2025-04-28T08:57:15.571281Z"
  },
  "geometry": {
    "type": "Polygon",
    "coordinates": [
      [
        [
          8.548108552050808,
          47.39823237559265
        ],
        [
          8.54811814097597,
          47.39869283204018
        ],
        [
          8.5474399848091,
          47.39869934082217
        ],
        [
          8.547430401748171,
          47.3982388843189
        ],
        [
          8.548108552050808,
          47.39823237559265
        ]
      ]
    ]
  },
  "links": [
    {
      "rel": "source",
      "href": "../c87ca758-ac35-499d-bb91-bcc5d5d42d4d/c87ca758-ac35-499d-bb91-bcc5d5d42d4d.json",
      "type": "application/json"
    },
    {
      "rel": "root",
      "href": "../../catalog.json",
      "type": "application/json"
    },
    {
      "rel": "collection",
      "href": "../collection.json",
      "type": "application/json"
    },
    {
      "rel": "parent",
      "href": "../collection.json",
      "type": "application/json"
    }
  ],
  "assets": {
    "labels": {
      "href": "./labels.geojson",
      "type": "application/geo+json"
    }
  },
  "bbox": [
    8.547430401748171,
    47.39823237559265,
    8.54811814097597,
    47.39869934082217
  ],
  "stac_extensions": [
    "https://stac-extensions.github.io/label/v1.0.1/schema.json"
  ],
  "collection": "815c5b91-4c92-4fab-8aa6-9d02b0c76401"
}