{
  "type": "Feature",
  "stac_version": "1.0.0",
  "id": "3badd52d-87c4-4685-81b9-a653b63ae904",
  "properties": {
    "title": "Groundwork campaign labels",
    "description": "Labels created from a Groundwork campaign!",
    "label:description": "Labels for project 2550_tile_1",
    "label:type": "vector",
    "label:properties": [
      "default"
    ],
    "label:classes": [
      {
        "classes": [
          "Pavement Distress",
          "Non-Pavement Distress"
        ],
        "name": "default"
      }
    ],
    "label:tasks": [
      "detection"
    ],
    "datetime": "2025-04-28T08:57:19.736419Z"
  },
  "geometry": {
    "type": "Polygon",
    "coordinates": [
      [
        [
          8.544760096146478,
          47.37012053567019
        ],
        [
          8.544769651033592,
          47.370580996385506
        ],
        [
          8.544091852363797,
          47.37058748553905
        ],
        [
          8.544082303334731,
          47.37012702476822
        ],
        [
          8.544760096146478,
          47.37012053567019
        ]
      ]
    ]
  },
  "links": [
    {
      "rel": "source",
      "href": "../07732da7-45dd-41a1-be2b-e454a8f75f4c/07732da7-45dd-41a1-be2b-e454a8f75f4c.json",
      "type": "application/json"
    },
    {
      "rel": "root",
      "href": "../../catalog.json",
      "type": "application/json"
    },
    {
      "rel": "collection",
      "href": "../collection.json",
      "type": "application/json"
    },
    {
      "rel": "parent",
      "href": "../collection.json",
      "type": "application/json"
    }
  ],
  "assets": {
    "labels": {
      "href": "./labels.geojson",
      "type": "application/geo+json"
    }
  },
  "bbox": [
    8.544082303334731,
    47.37012053567019,
    8.544769651033592,
    47.37058748553905
  ],
  "stac_extensions": [
    "https://stac-extensions.github.io/label/v1.0.1/schema.json"
  ],
  "collection": "e80fa61e-0186-4a29-8b95-7c442b6279a9"
}