{
  "type": "Feature",
  "stac_version": "1.0.0",
  "id": "3b34e661-a80c-416e-868a-45367cbc5fbc",
  "properties": {
    "title": "Groundwork campaign labels",
    "description": "Labels created from a Groundwork campaign!",
    "label:description": "Labels for project 9979_tile_0",
    "label:type": "vector",
    "label:properties": [
      "default"
    ],
    "label:classes": [
      {
        "classes": [
          "Pavement Distress",
          "Non-Pavement Distress"
        ],
        "name": "default"
      }
    ],
    "label:tasks": [
      "detection"
    ],
    "datetime": "2025-04-28T08:56:40.410485Z"
  },
  "geometry": {
    "type": "Polygon",
    "coordinates": [
      [
        [
          8.557311426841911,
          47.35531228583612
        ],
        [
          8.557321087527907,
          47.35577274755699
        ],
        [
          8.556643478782766,
          47.35577931043978
        ],
        [
          8.556633823951483,
          47.355318848662755
        ],
        [
          8.557311426841911,
          47.35531228583612
        ]
      ]
    ]
  },
  "links": [
    {
      "rel": "source",
      "href": "../054e926c-551c-48bc-98b2-9de99943e0f8/054e926c-551c-48bc-98b2-9de99943e0f8.json",
      "type": "application/json"
    },
    {
      "rel": "root",
      "href": "../../catalog.json",
      "type": "application/json"
    },
    {
      "rel": "collection",
      "href": "../collection.json",
      "type": "application/json"
    },
    {
      "rel": "parent",
      "href": "../collection.json",
      "type": "application/json"
    }
  ],
  "assets": {
    "labels": {
      "href": "./labels.geojson",
      "type": "application/geo+json"
    }
  },
  "bbox": [
    8.556633823951483,
    47.35531228583612,
    8.557321087527907,
    47.35577931043978
  ],
  "stac_extensions": [
    "https://stac-extensions.github.io/label/v1.0.1/schema.json"
  ],
  "collection": "db8792ed-de3a-4e43-a4cf-a35c29f6514d"
}