{
  "type": "Collection",
  "id": "d415595f-9bc9-4f10-9f8a-2a588f6ef81d",
  "stac_version": "1.0.0",
  "description": "{940798F1-B1B4-4A27-B12A-77292057A18E}_tile_0",
  "links": [
    {
      "rel": "root",
      "href": "../catalog.json",
      "type": "application/json"
    },
    {
      "rel": "item",
      "href": "./495369f4-0e50-41f3-8223-99d0f1055178/495369f4-0e50-41f3-8223-99d0f1055178.json",
      "type": "application/json"
    },
    {
      "rel": "item",
      "href": "./781ca66f-d514-4dff-9a53-eb3b4ee76f8d/781ca66f-d514-4dff-9a53-eb3b4ee76f8d.json",
      "type": "application/json"
    },
    {
      "rel": "parent",
      "href": "../catalog.json",
      "type": "application/json"
    }
  ],
  "extent": {
    "spatial": {
      "bbox": [
        [
          8.498359847556314,
          47.38419396944968,
          8.499044284942018,
          47.38452485207118
        ]
      ]
    },
    "temporal": {
      "interval": [
        [
          "2025-01-31T23:43:57.362370Z",
          "2025-03-20T09:21:32.145237Z"
        ]
      ]
    }
  },
  "license": "proprietary"
}