{
  "type": "Collection",
  "id": "2aa5099c-d335-4642-bec8-471ba0f457bf",
  "stac_version": "1.0.0",
  "description": "{D60DB6BE-567A-4D4B-B3DC-B8D72918EC78}_tile_0",
  "links": [
    {
      "rel": "root",
      "href": "../catalog.json",
      "type": "application/json"
    },
    {
      "rel": "item",
      "href": "./fe9cb801-bf95-4b10-918c-ef73765ff425/fe9cb801-bf95-4b10-918c-ef73765ff425.json",
      "type": "application/json"
    },
    {
      "rel": "item",
      "href": "./c7f79b87-2ad8-4640-975a-5f51420a05e4/c7f79b87-2ad8-4640-975a-5f51420a05e4.json",
      "type": "application/json"
    },
    {
      "rel": "parent",
      "href": "../catalog.json",
      "type": "application/json"
    }
  ],
  "extent": {
    "spatial": {
      "bbox": [
        [
          8.560725935283964,
          47.384148294565094,
          8.561100770586705,
          47.384282312086796
        ]
      ]
    },
    "temporal": {
      "interval": [
        [
          "2025-01-31T23:45:32.448301Z",
          "2025-03-20T09:21:10.737530Z"
        ]
      ]
    }
  },
  "license": "proprietary"
}