{
  "type": "Collection",
  "id": "4c3aea61-a9fa-4814-a6a4-34151e466123",
  "stac_version": "1.0.0",
  "description": "4652_tile_2",
  "links": [
    {
      "rel": "root",
      "href": "../catalog.json",
      "type": "application/json"
    },
    {
      "rel": "item",
      "href": "./615ed6a0-6400-4ea9-b9f1-4423fbb1938e/615ed6a0-6400-4ea9-b9f1-4423fbb1938e.json",
      "type": "application/json"
    },
    {
      "rel": "item",
      "href": "./cae44b04-1293-4328-b67c-9125e6f5a673/cae44b04-1293-4328-b67c-9125e6f5a673.json",
      "type": "application/json"
    },
    {
      "rel": "parent",
      "href": "../catalog.json",
      "type": "application/json"
    }
  ],
  "extent": {
    "spatial": {
      "bbox": [
        [
          8.52074354253804,
          47.35587030115743,
          8.521430507513925,
          47.3563371178833
        ]
      ]
    },
    "temporal": {
      "interval": [
        [
          "2025-04-02T11:45:08.924779Z",
          "2025-04-28T08:57:09.611097Z"
        ]
      ]
    }
  },
  "license": "proprietary"
}