{
  "type": "Collection",
  "id": "f053d591-8b0b-4bc8-92e3-0e6ea76fef3d",
  "stac_version": "1.0.0",
  "description": "{4D8C5AB1-A5BA-4D28-B727-71942FB24BAF}_tile_2",
  "links": [
    {
      "rel": "root",
      "href": "../catalog.json",
      "type": "application/json"
    },
    {
      "rel": "item",
      "href": "./ca070d91-8174-4164-a0bb-f4b227391504/ca070d91-8174-4164-a0bb-f4b227391504.json",
      "type": "application/json"
    },
    {
      "rel": "item",
      "href": "./de4ffda7-0b01-4954-b5ba-ed7343a8e565/de4ffda7-0b01-4954-b5ba-ed7343a8e565.json",
      "type": "application/json"
    },
    {
      "rel": "parent",
      "href": "../catalog.json",
      "type": "application/json"
    }
  ],
  "extent": {
    "spatial": {
      "bbox": [
        [
          8.513381390101046,
          47.37861129948317,
          8.514068585662702,
          47.37907807037241
        ]
      ]
    },
    "temporal": {
      "interval": [
        [
          "2025-01-31T23:46:54.260914Z",
          "2025-03-20T09:20:52.331293Z"
        ]
      ]
    }
  },
  "license": "proprietary"
}