{
  "type": "Collection",
  "id": "a28a7e30-2401-4eff-add6-91d189d0a25d",
  "stac_version": "1.0.0",
  "description": "764_tile_0",
  "links": [
    {
      "rel": "root",
      "href": "../catalog.json",
      "type": "application/json"
    },
    {
      "rel": "item",
      "href": "./50a059e9-8c55-4a69-bbd9-67899dc3a44a/50a059e9-8c55-4a69-bbd9-67899dc3a44a.json",
      "type": "application/json"
    },
    {
      "rel": "item",
      "href": "./09e01a35-606d-46e9-9640-177e4b923d35/09e01a35-606d-46e9-9640-177e4b923d35.json",
      "type": "application/json"
    },
    {
      "rel": "parent",
      "href": "../catalog.json",
      "type": "application/json"
    }
  ],
  "extent": {
    "spatial": {
      "bbox": [
        [
          8.55744306473321,
          47.37785538736999,
          8.558130626133261,
          47.37832241348708
        ]
      ]
    },
    "temporal": {
      "interval": [
        [
          "2025-04-02T11:44:06.718432Z",
          "2025-04-28T08:57:28.687881Z"
        ]
      ]
    }
  },
  "license": "proprietary"
}