{
  "type": "Collection",
  "id": "d246f4bb-7f1c-4a4e-9ed0-b14fa595bd19",
  "stac_version": "1.0.0",
  "description": "17176_tile_1",
  "links": [
    {
      "rel": "root",
      "href": "../catalog.json",
      "type": "application/json"
    },
    {
      "rel": "item",
      "href": "./ed2d83bf-11ba-4eae-b148-58ad4f699c0b/ed2d83bf-11ba-4eae-b148-58ad4f699c0b.json",
      "type": "application/json"
    },
    {
      "rel": "item",
      "href": "./60e7e778-4775-4d81-9c0d-c0c95d1b5b16/60e7e778-4775-4d81-9c0d-c0c95d1b5b16.json",
      "type": "application/json"
    },
    {
      "rel": "parent",
      "href": "../catalog.json",
      "type": "application/json"
    }
  ],
  "extent": {
    "spatial": {
      "bbox": [
        [
          8.58078261601635,
          47.374419149669926,
          8.581470331903649,
          47.37488631135191
        ]
      ]
    },
    "temporal": {
      "interval": [
        [
          "2025-04-02T11:49:45.389677Z",
          "2025-04-28T08:56:00.491666Z"
        ]
      ]
    }
  },
  "license": "proprietary"
}