{
  "type": "Collection",
  "id": "6b73069d-9417-4eb1-8f79-453b907be77f",
  "stac_version": "1.0.0",
  "description": "9984_tile_0",
  "links": [
    {
      "rel": "root",
      "href": "../catalog.json",
      "type": "application/json"
    },
    {
      "rel": "item",
      "href": "./1508fc09-4d13-4705-8098-4f7efe32b039/1508fc09-4d13-4705-8098-4f7efe32b039.json",
      "type": "application/json"
    },
    {
      "rel": "item",
      "href": "./fef52ac7-edb1-42fe-b47e-43d81ce56a73/fef52ac7-edb1-42fe-b47e-43d81ce56a73.json",
      "type": "application/json"
    },
    {
      "rel": "parent",
      "href": "../catalog.json",
      "type": "application/json"
    }
  ],
  "extent": {
    "spatial": {
      "bbox": [
        [
          8.489453728837189,
          47.37327442015436,
          8.490140651495864,
          47.37374105319462
        ]
      ]
    },
    "temporal": {
      "interval": [
        [
          "2025-04-02T11:46:50.778832Z",
          "2025-04-28T08:56:40.135201Z"
        ]
      ]
    }
  },
  "license": "proprietary"
}