{
  "type": "Feature",
  "stac_version": "1.0.0",
  "id": "a52cb0c5-8daa-4c4e-a951-d826a0a86e03",
  "properties": {
    "datetime": "2025-04-02T11:45:06.689864Z"
  },
  "geometry": {
    "type": "Polygon",
    "coordinates": [
      [
        [
          8.532826904037384,
          47.35641493516022
        ],
        [
          8.532836353321581,
          47.35687539876825
        ],
        [
          8.532158727553849,
          47.35688181785886
        ],
        [
          8.532149284124737,
          47.356421354195945
        ],
        [
          8.532826904037384,
          47.35641493516022
        ]
      ]
    ]
  },
  "links": [
    {
      "rel": "root",
      "href": "../../catalog.json",
      "type": "application/json"
    },
    {
      "rel": "collection",
      "href": "../collection.json",
      "type": "application/json"
    },
    {
      "rel": "parent",
      "href": "../collection.json",
      "type": "application/json"
    }
  ],
  "assets": {
    "tile_server_url": {
      "href": "https://tiler.groundwork.element84.com/cog/tiles/WebMercatorQuad/{z}/{x}/{y}@1x?url=s3://groundwork-production-data-us-east-1/user-uploads/auth0|67045c3977ea93c8f9521feb/818bcee3-806a-41c3-9e58-b7a28b24c555/cog.tif&bidx=1&bidx=2&bidx=3",
      "type": "image/png",
      "title": "Image layer",
      "description": "TMS tiles"
    },
    "signedURL": {
      "href": "https://groundwork-production-data-us-east-1.s3.amazonaws.com/user-uploads/auth0%7C67045c3977ea93c8f9521feb/818bcee3-806a-41c3-9e58-b7a28b24c555/cog.tif?AWSAccessKeyId=ASIAY6ZH63CNY4CXJGUS&Signature=WO3Z9nYSKZuD4%2BLXZgleskSPHCY%3D&x-amz-security-token=IQoJb3JpZ2luX2VjENn%2F%2F%2F%2F%2F%2F%2F%2F%2F%2FwEaCXVzLWVhc3QtMSJIMEYCIQCYn5%2BXnaQaoJDy7hVQO8BHuif6u%2FMQqcOPk%2FrWIpP9NwIhAL5v1lb740ZkSPnxefe9%2B4wb2NZKUm68NpI3asIFthQFKp8FCHIQBBoMNjE1ODc0NzQ2NTIzIgxGbxcCPKxfLPka6uUq%2FARZRxUTtEWHLUisFYWzRFGj4ZQYUtG%2BF2HFF7CCrR%2FqoylSkEJdN2QZBM%2F2TIE48GCljYJpkuDUGUwJ1he2altXaTCGg9ANTiUCbz%2Bml0HVP%2BLVDfYZA5YLcq3rpUCVeaTY8AvN28N2DW6iA9W%2Bq1PJImI%2BbAeEoC06z%2BDwYXHaKGJ94AjMeHLBCOgrImNQ6CICOpA6Rx%2FxYi0Ds47zN%2FI1B8tWUrb6CZie8PmxE9jWuh9ntPIAmsxLi0Vjg15baMkWPbRfM1WyvH4OnhXZ1zqyA5lE0ck2Ill8kVteojD%2B0Iz7wur4ff79BybfPpQCIQ2zV0swe%2FkfmR5QE2yFYAl%2FuwzRnfi54%2FnFscN6NmLy6K%2FMosvldPidf%2BZgd%2BGDPduS2RjzKptR43HTdhrw0C2W1tamTD4GLTExX9KlqV%2BsAEL4YlUnftyoebxvsyjosyk5WS50RdZ0yjNeuDT69h96Lodmpt8yIL6njwSwwxgSLMedcdjerLGxSouCM6U3VMMng8NWCBUK99aYn%2BtYXgXpwn5DRYk0TKB0EtI8HsnILKlRJPBohZdieqxTm0Ah596Y%2FotwQsH%2BZrFr7TAHrp2gRlqblG22e8BLwsS%2B76ayIMrd%2BnGLFNwPov9%2F5KWeF8Hqfnt9pgx50wqqcczLJh6sSlqrwTjRFbHvbC9INEvWJzIbQqGGmm3yFm2jxFaCX7%2B%2Flg7K18kNr0ZZMcLESEZ6uf0csSOlaFP%2FA2Y8zydA5x1%2FuTD0I49NkDqeZZeehoaMYpIGjOASm8z9OQXaQjRgfe244dsRgGmN9pGYRoxIY4k60r%2Byn5ufvr08Coasr3j1Wcl7sqrV9M7fKc4wioW9wAY6pgFQVK4dLVrAcrQ0axLxwM%2BF32IQmmh82N9YQtuTPH0WAqFOhTRac9mmhXcrMWTIjoQ1l0AC5gbT%2BM52f5z74BeFZfvbqtl46Iw6ZwUH5zDO5aLHcdY%2By1pQl555zoKbII4TqdgIfbZDtcK%2FlPlI3oQzajS%2F0NkN6MKeDksOmHByGVcGsHosE0IyQz9PueGEwI32U%2BpFLWHxa9aPp6B2VitJZ3iIVf4z&Expires=1746089830",
      "type": "image/tiff; application=geotiff; profile=cloud-optimized",
      "title": "Image download URL",
      "description": "Signed URL (expires 2025-05-01T08:57:10.215790)"
    }
  },
  "bbox": [
    8.532149284124737,
    47.35641493516022,
    8.532836353321581,
    47.35688181785886
  ],
  "stac_extensions": [],
  "collection": "5a423cb8-78fb-4624-9da3-b38675eb3b06"
}