{
  "type": "Collection",
  "id": "83b30e10-b783-4055-b4ae-40ddd55320c9",
  "stac_version": "1.0.0",
  "description": "5494_tile_0",
  "links": [
    {
      "rel": "root",
      "href": "../catalog.json",
      "type": "application/json"
    },
    {
      "rel": "item",
      "href": "./fc36faf5-5453-4b86-93d5-94d861ed7258/fc36faf5-5453-4b86-93d5-94d861ed7258.json",
      "type": "application/json"
    },
    {
      "rel": "item",
      "href": "./dc5002bd-31df-479d-888e-8b6dea6dfdb3/dc5002bd-31df-479d-888e-8b6dea6dfdb3.json",
      "type": "application/json"
    },
    {
      "rel": "parent",
      "href": "../catalog.json",
      "type": "application/json"
    }
  ],
  "extent": {
    "spatial": {
      "bbox": [
        [
          8.470663143195315,
          47.38368567086025,
          8.47135003985331,
          47.38415219354139
        ]
      ]
    },
    "temporal": {
      "interval": [
        [
          "2025-04-02T11:45:24.833125Z",
          "2025-04-28T08:57:05.025458Z"
        ]
      ]
    }
  },
  "license": "proprietary"
}