{
  "type": "Feature",
  "stac_version": "1.0.0",
  "id": "3b96f88d-69ac-463b-b862-13b8c7151f6f",
  "properties": {
    "title": "Groundwork campaign labels",
    "description": "Labels created from a Groundwork campaign!",
    "label:description": "Labels for project 13648_tile_1",
    "label:type": "vector",
    "label:properties": [
      "default"
    ],
    "label:classes": [
      {
        "classes": [
          "Pavement_distress",
          "non_pavement_distress"
        ],
        "name": "default"
      }
    ],
    "label:tasks": [
      "detection"
    ],
    "datetime": "2025-05-07T19:01:24.812404Z"
  },
  "geometry": {
    "type": "Polygon",
    "coordinates": [
      [
        [
          8.485710404129003,
          47.38447203408348
        ],
        [
          8.485719451005318,
          47.384932497563895
        ],
        [
          8.485041462621107,
          47.38493863991517
        ],
        [
          8.485032421606297,
          47.384478176382174
        ],
        [
          8.485710404129003,
          47.38447203408348
        ]
      ]
    ]
  },
  "links": [
    {
      "rel": "source",
      "href": "../40c32a26-be9d-43d4-a1ab-9894738c67b4/40c32a26-be9d-43d4-a1ab-9894738c67b4.json",
      "type": "application/json"
    },
    {
      "rel": "root",
      "href": "../../catalog.json",
      "type": "application/json"
    },
    {
      "rel": "collection",
      "href": "../collection.json",
      "type": "application/json"
    },
    {
      "rel": "parent",
      "href": "../collection.json",
      "type": "application/json"
    }
  ],
  "assets": {
    "labels": {
      "href": "./labels.geojson",
      "type": "application/geo+json"
    }
  },
  "bbox": [
    8.485032421606297,
    47.38447203408348,
    8.485719451005318,
    47.38493863991517
  ],
  "stac_extensions": [
    "https://stac-extensions.github.io/label/v1.0.1/schema.json"
  ],
  "collection": "08a33bcb-f99f-442d-bf68-123f9b5e3c1a"
}