{
  "type": "Collection",
  "id": "579299eb-0d0d-4aa6-91f4-0c83d3a155d7",
  "stac_version": "1.0.0",
  "description": "2571_tile_0",
  "links": [
    {
      "rel": "root",
      "href": "../catalog.json",
      "type": "application/json"
    },
    {
      "rel": "item",
      "href": "./1c4fb526-5a71-4c5e-8582-12f6c670289a/1c4fb526-5a71-4c5e-8582-12f6c670289a.json",
      "type": "application/json"
    },
    {
      "rel": "item",
      "href": "./cafd5b55-8325-4fb3-9fe4-03a0b5c55915/cafd5b55-8325-4fb3-9fe4-03a0b5c55915.json",
      "type": "application/json"
    },
    {
      "rel": "parent",
      "href": "../catalog.json",
      "type": "application/json"
    }
  ],
  "extent": {
    "spatial": {
      "bbox": [
        [
          8.549847575674814,
          47.37426052313465,
          8.550535025938743,
          47.37472750579437
        ]
      ]
    },
    "temporal": {
      "interval": [
        [
          "2025-05-06T07:08:01.317302Z",
          "2025-05-07T19:02:35.631027Z"
        ]
      ]
    }
  },
  "license": "proprietary"
}