{
  "type": "Collection",
  "id": "29fcbaf5-99c3-4d54-aece-78ff97e76de5",
  "stac_version": "1.0.0",
  "description": "{1ECBA372-B23A-4DFF-8A60-2AA9B675540B}_tile_1",
  "links": [
    {
      "rel": "root",
      "href": "../catalog.json",
      "type": "application/json"
    },
    {
      "rel": "item",
      "href": "./3807e74f-4c3a-4933-b26d-1d98d857a7af/3807e74f-4c3a-4933-b26d-1d98d857a7af.json",
      "type": "application/json"
    },
    {
      "rel": "item",
      "href": "./84ece2dc-6ad5-4f6f-b8c7-e2289d8a87d1/84ece2dc-6ad5-4f6f-b8c7-e2289d8a87d1.json",
      "type": "application/json"
    },
    {
      "rel": "parent",
      "href": "../catalog.json",
      "type": "application/json"
    }
  ],
  "extent": {
    "spatial": {
      "bbox": [
        [
          8.494267135413551,
          47.37990620605867,
          8.494411186992304,
          47.38036160825826
        ]
      ]
    },
    "temporal": {
      "interval": [
        [
          "2025-01-31T23:45:37.728251Z",
          "2025-03-20T09:21:09.593748Z"
        ]
      ]
    }
  },
  "license": "proprietary"
}