{
  "type": "Collection",
  "id": "e09e25e2-9040-4dbe-84aa-f1061acfe8e0",
  "stac_version": "1.0.0",
  "description": "1924_tile_4",
  "links": [
    {
      "rel": "root",
      "href": "../catalog.json",
      "type": "application/json"
    },
    {
      "rel": "item",
      "href": "./46d68144-6c5b-4815-bdec-053346599bed/46d68144-6c5b-4815-bdec-053346599bed.json",
      "type": "application/json"
    },
    {
      "rel": "item",
      "href": "./e1959dbf-1a0e-4fc3-a753-ccf75ad70b39/e1959dbf-1a0e-4fc3-a753-ccf75ad70b39.json",
      "type": "application/json"
    },
    {
      "rel": "parent",
      "href": "../catalog.json",
      "type": "application/json"
    }
  ],
  "extent": {
    "spatial": {
      "bbox": [
        [
          8.555369230438902,
          47.42348598667017,
          8.556057363805229,
          47.4239529941479
        ]
      ]
    },
    "temporal": {
      "interval": [
        [
          "2025-04-02T11:44:23.645238Z",
          "2025-04-28T08:57:23.344073Z"
        ]
      ]
    }
  },
  "license": "proprietary"
}