{
  "type": "Collection",
  "id": "749d5933-e82e-4a57-8909-8eb1eed5beee",
  "stac_version": "1.0.0",
  "description": "9383_tile_1",
  "links": [
    {
      "rel": "root",
      "href": "../catalog.json",
      "type": "application/json"
    },
    {
      "rel": "item",
      "href": "./5832c148-66e1-4073-af8b-4a84a926aa38/5832c148-66e1-4073-af8b-4a84a926aa38.json",
      "type": "application/json"
    },
    {
      "rel": "item",
      "href": "./a6a3b1ef-81c9-4ca9-ae0a-1b3f4e0ad4bf/a6a3b1ef-81c9-4ca9-ae0a-1b3f4e0ad4bf.json",
      "type": "application/json"
    },
    {
      "rel": "parent",
      "href": "../catalog.json",
      "type": "application/json"
    }
  ],
  "extent": {
    "spatial": {
      "bbox": [
        [
          8.546576539599895,
          47.42489020010915,
          8.547264616126382,
          47.42535715647932
        ]
      ]
    },
    "temporal": {
      "interval": [
        [
          "2025-05-06T07:10:26.934516Z",
          "2025-05-07T19:02:01.723422Z"
        ]
      ]
    }
  },
  "license": "proprietary"
}