{
  "type": "Feature",
  "stac_version": "1.0.0",
  "id": "2044dd06-0c5a-49a3-b223-c84cdaca8e6a",
  "properties": {
    "title": "Groundwork campaign labels",
    "description": "Labels created from a Groundwork campaign!",
    "label:description": "Labels for project 6864_tile_2",
    "label:type": "vector",
    "label:properties": [
      "default"
    ],
    "label:classes": [
      {
        "classes": [
          "Pavement_distress",
          "non_pavement_distress"
        ],
        "name": "default"
      }
    ],
    "label:tasks": [
      "detection"
    ],
    "datetime": "2025-05-07T19:02:16.157242Z"
  },
  "geometry": {
    "type": "Polygon",
    "coordinates": [
      [
        [
          8.503696047528976,
          47.41853454611667
        ],
        [
          8.503705255856136,
          47.41899500325359
        ],
        [
          8.503026835615195,
          47.419001251188625
        ],
        [
          8.503017633156988,
          47.418540793998176
        ],
        [
          8.503696047528976,
          47.41853454611667
        ]
      ]
    ]
  },
  "links": [
    {
      "rel": "source",
      "href": "../14bd7264-ba9c-4fea-88b1-5345d230c2bd/14bd7264-ba9c-4fea-88b1-5345d230c2bd.json",
      "type": "application/json"
    },
    {
      "rel": "root",
      "href": "../../catalog.json",
      "type": "application/json"
    },
    {
      "rel": "collection",
      "href": "../collection.json",
      "type": "application/json"
    },
    {
      "rel": "parent",
      "href": "../collection.json",
      "type": "application/json"
    }
  ],
  "assets": {
    "labels": {
      "href": "./labels.geojson",
      "type": "application/geo+json"
    }
  },
  "bbox": [
    8.503017633156988,
    47.41853454611667,
    8.503705255856136,
    47.419001251188625
  ],
  "stac_extensions": [
    "https://stac-extensions.github.io/label/v1.0.1/schema.json"
  ],
  "collection": "52bab763-4e85-46b2-9958-b85670d520f7"
}