{
  "type": "Feature",
  "stac_version": "1.0.0",
  "id": "c844e6a8-18ec-4d6a-b163-e0f540735caf",
  "properties": {
    "title": "Groundwork campaign labels",
    "description": "Labels created from a Groundwork campaign!",
    "label:description": "Labels for project {EEAB64D9-384A-4E83-A0DE-647C70531818}_tile_1",
    "label:type": "vector",
    "label:properties": [
      "default"
    ],
    "label:classes": [
      {
        "classes": [
          "Pavement_distress",
          "Shadows"
        ],
        "name": "default"
      }
    ],
    "label:tasks": [
      "detection"
    ],
    "datetime": "2025-03-20T09:21:25.610207Z"
  },
  "geometry": {
    "type": "Polygon",
    "coordinates": [
      [
        [
          8.486357222560237,
          47.36314158251134
        ],
        [
          8.486366271383263,
          47.363602048934524
        ],
        [
          8.485991674008444,
          47.36360544662916
        ],
        [
          8.485982628422676,
          47.36314498017692
        ],
        [
          8.486357222560237,
          47.36314158251134
        ]
      ]
    ]
  },
  "links": [
    {
      "rel": "source",
      "href": "../c51a2ee4-a0c2-45ca-8635-28b0e22c659e/c51a2ee4-a0c2-45ca-8635-28b0e22c659e.json",
      "type": "application/json"
    },
    {
      "rel": "root",
      "href": "../../catalog.json",
      "type": "application/json"
    },
    {
      "rel": "collection",
      "href": "../collection.json",
      "type": "application/json"
    },
    {
      "rel": "parent",
      "href": "../collection.json",
      "type": "application/json"
    }
  ],
  "assets": {
    "labels": {
      "href": "./labels.geojson",
      "type": "application/geo+json"
    }
  },
  "bbox": [
    8.485982628422676,
    47.36314158251134,
    8.486366271383263,
    47.36360544662916
  ],
  "stac_extensions": [
    "https://stac-extensions.github.io/label/v1.0.1/schema.json"
  ],
  "collection": "bd82035c-430e-4bcd-b421-51f270b1e762"
}