{
  "type": "Collection",
  "id": "b8a59b60-371c-4c42-b7a0-02f4e3a72e6a",
  "stac_version": "1.0.0",
  "description": "15964_tile_1",
  "links": [
    {
      "rel": "root",
      "href": "../catalog.json",
      "type": "application/json"
    },
    {
      "rel": "item",
      "href": "./c0bf9c97-831e-4279-83fa-d94d2f9f2c1f/c0bf9c97-831e-4279-83fa-d94d2f9f2c1f.json",
      "type": "application/json"
    },
    {
      "rel": "item",
      "href": "./3d7a38a6-696c-4334-9893-ef9fe5bd3389/3d7a38a6-696c-4334-9893-ef9fe5bd3389.json",
      "type": "application/json"
    },
    {
      "rel": "parent",
      "href": "../catalog.json",
      "type": "application/json"
    }
  ],
  "extent": {
    "spatial": {
      "bbox": [
        [
          8.539532834714455,
          47.386984907611264,
          8.540220361336301,
          47.38745182874104
        ]
      ]
    },
    "temporal": {
      "interval": [
        [
          "2025-05-06T07:13:45.323436Z",
          "2025-05-07T19:01:11.833084Z"
        ]
      ]
    }
  },
  "license": "proprietary"
}