{
  "type": "Collection",
  "id": "9bc13f86-adbf-4ab2-b071-2fa43fc57d1c",
  "stac_version": "1.0.0",
  "description": "15450_tile_1",
  "links": [
    {
      "rel": "root",
      "href": "../catalog.json",
      "type": "application/json"
    },
    {
      "rel": "item",
      "href": "./7e1c2d9f-552f-4b3e-bd0d-8da3a7f4943f/7e1c2d9f-552f-4b3e-bd0d-8da3a7f4943f.json",
      "type": "application/json"
    },
    {
      "rel": "item",
      "href": "./209271f7-ba73-4391-b268-53529e118dd7/209271f7-ba73-4391-b268-53529e118dd7.json",
      "type": "application/json"
    },
    {
      "rel": "parent",
      "href": "../catalog.json",
      "type": "application/json"
    }
  ],
  "extent": {
    "spatial": {
      "bbox": [
        [
          8.491095874426515,
          47.398970862300885,
          8.49178314269242,
          47.3994375011746
        ]
      ]
    },
    "temporal": {
      "interval": [
        [
          "2025-05-06T07:13:25.553770Z",
          "2025-05-07T19:01:17.038776Z"
        ]
      ]
    }
  },
  "license": "proprietary"
}