{
  "type": "Feature",
  "stac_version": "1.0.0",
  "id": "5a3c6fb3-6ee2-48ef-ad91-f5dcbcbb8fd9",
  "properties": {
    "title": "Groundwork campaign labels",
    "description": "Labels created from a Groundwork campaign!",
    "label:description": "Labels for project 9150_tile_0",
    "label:type": "vector",
    "label:properties": [
      "default"
    ],
    "label:classes": [
      {
        "classes": [
          "Pavement Distress",
          "Non-Pavement Distress"
        ],
        "name": "default"
      }
    ],
    "label:tasks": [
      "detection"
    ],
    "datetime": "2025-04-28T08:56:46.727556Z"
  },
  "geometry": {
    "type": "Polygon",
    "coordinates": [
      [
        [
          8.533633727900845,
          47.40891623341409
        ],
        [
          8.53364319354294,
          47.409376689518886
        ],
        [
          8.532964899483819,
          47.40938311328127
        ],
        [
          8.532955439708395,
          47.4089226571215
        ],
        [
          8.533633727900845,
          47.40891623341409
        ]
      ]
    ]
  },
  "links": [
    {
      "rel": "source",
      "href": "../535216a6-4fb4-408e-9f23-9d9ea38f2110/535216a6-4fb4-408e-9f23-9d9ea38f2110.json",
      "type": "application/json"
    },
    {
      "rel": "root",
      "href": "../../catalog.json",
      "type": "application/json"
    },
    {
      "rel": "collection",
      "href": "../collection.json",
      "type": "application/json"
    },
    {
      "rel": "parent",
      "href": "../collection.json",
      "type": "application/json"
    }
  ],
  "assets": {
    "labels": {
      "href": "./labels.geojson",
      "type": "application/geo+json"
    }
  },
  "bbox": [
    8.532955439708395,
    47.40891623341409,
    8.53364319354294,
    47.40938311328127
  ],
  "stac_extensions": [
    "https://stac-extensions.github.io/label/v1.0.1/schema.json"
  ],
  "collection": "8c6dc2d5-4875-4f83-9e50-2b8d8e6863d0"
}