{
  "type": "Feature",
  "stac_version": "1.0.0",
  "id": "4fb8bedb-7305-4526-8dbd-4f139d01992c",
  "properties": {
    "title": "Groundwork campaign labels",
    "description": "Labels created from a Groundwork campaign!",
    "label:description": "Labels for project {DFCCE886-372C-4FB8-A6AF-ED9303DF1DE6}_tile_4",
    "label:type": "vector",
    "label:properties": [
      "default"
    ],
    "label:classes": [
      {
        "classes": [
          "Pavement_distress",
          "Shadows"
        ],
        "name": "default"
      }
    ],
    "label:tasks": [
      "detection"
    ],
    "datetime": "2025-03-20T09:21:05.403407Z"
  },
  "geometry": {
    "type": "Polygon",
    "coordinates": [
      [
        [
          8.542224551604212,
          47.38707183298348
        ],
        [
          8.542234087625994,
          47.387532291518006
        ],
        [
          8.541556072874553,
          47.387538765759444
        ],
        [
          8.54154654271457,
          47.38707830716947
        ],
        [
          8.542224551604212,
          47.38707183298348
        ]
      ]
    ]
  },
  "links": [
    {
      "rel": "source",
      "href": "../1e18f274-2c5d-4428-a4b3-f2773021dd21/1e18f274-2c5d-4428-a4b3-f2773021dd21.json",
      "type": "application/json"
    },
    {
      "rel": "root",
      "href": "../../catalog.json",
      "type": "application/json"
    },
    {
      "rel": "collection",
      "href": "../collection.json",
      "type": "application/json"
    },
    {
      "rel": "parent",
      "href": "../collection.json",
      "type": "application/json"
    }
  ],
  "assets": {
    "labels": {
      "href": "./labels.geojson",
      "type": "application/geo+json"
    }
  },
  "bbox": [
    8.54154654271457,
    47.38707183298348,
    8.542234087625994,
    47.387538765759444
  ],
  "stac_extensions": [
    "https://stac-extensions.github.io/label/v1.0.1/schema.json"
  ],
  "collection": "af653cef-ac2c-4c9c-93b6-4d813269b8d4"
}