{
  "type": "Collection",
  "id": "2c66d04e-d86f-428b-b9d1-0a85e5891b2d",
  "stac_version": "1.0.0",
  "description": "{4E1AE312-1CCA-4553-A232-7AF013BD0FB1}_tile_1",
  "links": [
    {
      "rel": "root",
      "href": "../catalog.json",
      "type": "application/json"
    },
    {
      "rel": "item",
      "href": "./0982605c-c9ae-44f6-9797-7bb8f7deca4b/0982605c-c9ae-44f6-9797-7bb8f7deca4b.json",
      "type": "application/json"
    },
    {
      "rel": "item",
      "href": "./4a823516-8a0b-4c1d-b2f5-1e2fc54627cb/4a823516-8a0b-4c1d-b2f5-1e2fc54627cb.json",
      "type": "application/json"
    },
    {
      "rel": "parent",
      "href": "../catalog.json",
      "type": "application/json"
    }
  ],
  "extent": {
    "spatial": {
      "bbox": [
        [
          8.5710255070623,
          47.36006176838088,
          8.571712954502834,
          47.36052887562027
        ]
      ]
    },
    "temporal": {
      "interval": [
        [
          "2025-01-31T23:45:28.651483Z",
          "2025-03-20T09:21:11.616345Z"
        ]
      ]
    }
  },
  "license": "proprietary"
}