{
  "type": "Feature",
  "stac_version": "1.0.0",
  "id": "73e356f5-30c1-43c8-b8d9-b1650bac72a6",
  "properties": {
    "title": "Groundwork campaign labels",
    "description": "Labels created from a Groundwork campaign!",
    "label:description": "Labels for project {26E487A7-B687-46AE-90B0-F543386A145D}_tile_1",
    "label:type": "vector",
    "label:properties": [
      "default"
    ],
    "label:classes": [
      {
        "classes": [
          "Pavement_distress",
          "Shadows"
        ],
        "name": "default"
      }
    ],
    "label:tasks": [
      "detection"
    ],
    "datetime": "2025-03-20T09:20:55.388583Z"
  },
  "geometry": {
    "type": "Polygon",
    "coordinates": [
      [
        [
          8.551218639085928,
          47.395290761496696
        ],
        [
          8.551219409054182,
          47.395327634001085
        ],
        [
          8.551167755927437,
          47.39532813131496
        ],
        [
          8.551166985994952,
          47.39529125881019
        ],
        [
          8.551218639085928,
          47.395290761496696
        ]
      ]
    ]
  },
  "links": [
    {
      "rel": "source",
      "href": "../3e5b6e57-45c6-4920-9bcc-0c61b3519840/3e5b6e57-45c6-4920-9bcc-0c61b3519840.json",
      "type": "application/json"
    },
    {
      "rel": "root",
      "href": "../../catalog.json",
      "type": "application/json"
    },
    {
      "rel": "collection",
      "href": "../collection.json",
      "type": "application/json"
    },
    {
      "rel": "parent",
      "href": "../collection.json",
      "type": "application/json"
    }
  ],
  "assets": {
    "labels": {
      "href": "./labels.geojson",
      "type": "application/geo+json"
    }
  },
  "bbox": [
    8.551166985994952,
    47.395290761496696,
    8.551219409054182,
    47.39532813131496
  ],
  "stac_extensions": [
    "https://stac-extensions.github.io/label/v1.0.1/schema.json"
  ],
  "collection": "78609cb3-1f7a-4765-b964-17b4e2730036"
}