{
  "type": "Feature",
  "stac_version": "1.0.0",
  "id": "d1986550-1616-470a-b68c-0d3602acc23c",
  "properties": {
    "title": "Groundwork campaign labels",
    "description": "Labels created from a Groundwork campaign!",
    "label:description": "Labels for project 6518_tile_1",
    "label:type": "vector",
    "label:properties": [
      "default"
    ],
    "label:classes": [
      {
        "classes": [
          "Pavement_distress",
          "non_pavement_distress"
        ],
        "name": "default"
      }
    ],
    "label:tasks": [
      "detection"
    ],
    "datetime": "2025-05-07T19:02:19.404686Z"
  },
  "geometry": {
    "type": "Polygon",
    "coordinates": [
      [
        [
          8.593167564462195,
          47.39990664469927
        ],
        [
          8.593177543421834,
          47.40036709706342
        ],
        [
          8.592499371582795,
          47.400373870457805
        ],
        [
          8.592489398487526,
          47.39991341803573
        ],
        [
          8.593167564462195,
          47.39990664469927
        ]
      ]
    ]
  },
  "links": [
    {
      "rel": "source",
      "href": "../bda1a469-9203-4cf7-83c7-f48dbad2e4cb/bda1a469-9203-4cf7-83c7-f48dbad2e4cb.json",
      "type": "application/json"
    },
    {
      "rel": "root",
      "href": "../../catalog.json",
      "type": "application/json"
    },
    {
      "rel": "collection",
      "href": "../collection.json",
      "type": "application/json"
    },
    {
      "rel": "parent",
      "href": "../collection.json",
      "type": "application/json"
    }
  ],
  "assets": {
    "labels": {
      "href": "./labels.geojson",
      "type": "application/geo+json"
    }
  },
  "bbox": [
    8.592489398487526,
    47.39990664469927,
    8.593177543421834,
    47.400373870457805
  ],
  "stac_extensions": [
    "https://stac-extensions.github.io/label/v1.0.1/schema.json"
  ],
  "collection": "24af22b7-bda2-4173-8924-4952b383b9d3"
}