{
  "type": "Collection",
  "id": "e0715378-2270-4c84-bfe5-1e8d2a8d7377",
  "stac_version": "1.0.0",
  "description": "14310_tile_2",
  "links": [
    {
      "rel": "root",
      "href": "../catalog.json",
      "type": "application/json"
    },
    {
      "rel": "item",
      "href": "./b3341fb3-6e1b-4d0d-9404-b86c0ea75c4a/b3341fb3-6e1b-4d0d-9404-b86c0ea75c4a.json",
      "type": "application/json"
    },
    {
      "rel": "item",
      "href": "./ba4c2c20-9497-45db-b774-fd05eff142d9/ba4c2c20-9497-45db-b774-fd05eff142d9.json",
      "type": "application/json"
    },
    {
      "rel": "parent",
      "href": "../catalog.json",
      "type": "application/json"
    }
  ],
  "extent": {
    "spatial": {
      "bbox": [
        [
          8.507774149087732,
          47.418870216492024,
          8.508461816717723,
          47.419336949065546
        ]
      ]
    },
    "temporal": {
      "interval": [
        [
          "2025-04-02T11:48:33.682157Z",
          "2025-04-28T08:56:16.366660Z"
        ]
      ]
    }
  },
  "license": "proprietary"
}