{
  "type": "Feature",
  "stac_version": "1.0.0",
  "id": "c13011d5-fe2d-4c02-93d9-805eec59cf95",
  "properties": {
    "title": "Groundwork campaign labels",
    "description": "Labels created from a Groundwork campaign!",
    "label:description": "Labels for project 15564_tile_1",
    "label:type": "vector",
    "label:properties": [
      "default"
    ],
    "label:classes": [
      {
        "classes": [
          "Pavement Distress",
          "Non-Pavement Distress"
        ],
        "name": "default"
      }
    ],
    "label:tasks": [
      "detection"
    ],
    "datetime": "2025-04-28T08:56:11.537186Z"
  },
  "geometry": {
    "type": "Polygon",
    "coordinates": [
      [
        [
          8.46838371905524,
          47.39897025839846
        ],
        [
          8.468392618544383,
          47.39943072116294
        ],
        [
          8.467714443523603,
          47.39943676174035
        ],
        [
          8.467705549899256,
          47.39897629892411
        ],
        [
          8.46838371905524,
          47.39897025839846
        ]
      ]
    ]
  },
  "links": [
    {
      "rel": "source",
      "href": "../a547158d-2b25-4ced-83d3-e2ecf6aa9124/a547158d-2b25-4ced-83d3-e2ecf6aa9124.json",
      "type": "application/json"
    },
    {
      "rel": "root",
      "href": "../../catalog.json",
      "type": "application/json"
    },
    {
      "rel": "collection",
      "href": "../collection.json",
      "type": "application/json"
    },
    {
      "rel": "parent",
      "href": "../collection.json",
      "type": "application/json"
    }
  ],
  "assets": {
    "labels": {
      "href": "./labels.geojson",
      "type": "application/geo+json"
    }
  },
  "bbox": [
    8.467705549899256,
    47.39897025839846,
    8.468392618544383,
    47.39943676174035
  ],
  "stac_extensions": [
    "https://stac-extensions.github.io/label/v1.0.1/schema.json"
  ],
  "collection": "3627df1c-043d-494d-838d-fff6078c68d4"
}