{
  "type": "Feature",
  "stac_version": "1.0.0",
  "id": "207d586b-4ac1-4c54-82fc-541669aed55a",
  "properties": {
    "title": "Groundwork campaign labels",
    "description": "Labels created from a Groundwork campaign!",
    "label:description": "Labels for project 10604_tile_2",
    "label:type": "vector",
    "label:properties": [
      "default"
    ],
    "label:classes": [
      {
        "classes": [
          "Pavement Distress",
          "Non-Pavement Distress"
        ],
        "name": "default"
      }
    ],
    "label:tasks": [
      "detection"
    ],
    "datetime": "2025-04-28T08:56:36.274758Z"
  },
  "geometry": {
    "type": "Polygon",
    "coordinates": [
      [
        [
          8.527602869033474,
          47.393071762707905
        ],
        [
          8.527612279683488,
          47.39353222159363
        ],
        [
          8.526934186749333,
          47.39353860995861
        ],
        [
          8.526924781962524,
          47.39307815101824
        ],
        [
          8.527602869033474,
          47.393071762707905
        ]
      ]
    ]
  },
  "links": [
    {
      "rel": "source",
      "href": "../34fa1b9d-769d-4fb1-83d1-93fd51c4373e/34fa1b9d-769d-4fb1-83d1-93fd51c4373e.json",
      "type": "application/json"
    },
    {
      "rel": "root",
      "href": "../../catalog.json",
      "type": "application/json"
    },
    {
      "rel": "collection",
      "href": "../collection.json",
      "type": "application/json"
    },
    {
      "rel": "parent",
      "href": "../collection.json",
      "type": "application/json"
    }
  ],
  "assets": {
    "labels": {
      "href": "./labels.geojson",
      "type": "application/geo+json"
    }
  },
  "bbox": [
    8.526924781962524,
    47.393071762707905,
    8.527612279683488,
    47.39353860995861
  ],
  "stac_extensions": [
    "https://stac-extensions.github.io/label/v1.0.1/schema.json"
  ],
  "collection": "07975b63-eff7-46c0-80c7-f884257a8439"
}