{
  "type": "Collection",
  "id": "330a8b09-7c90-4da4-9d55-6345d553a132",
  "stac_version": "1.0.0",
  "description": "{CC74FA13-8914-4E29-9CD7-00257E6A5DFC}_tile_4",
  "links": [
    {
      "rel": "root",
      "href": "../catalog.json",
      "type": "application/json"
    },
    {
      "rel": "item",
      "href": "./56e27c7d-bb75-4579-a398-2aee95841181/56e27c7d-bb75-4579-a398-2aee95841181.json",
      "type": "application/json"
    },
    {
      "rel": "item",
      "href": "./972147e2-dacf-48c6-bfcc-1bee8a185e15/972147e2-dacf-48c6-bfcc-1bee8a185e15.json",
      "type": "application/json"
    },
    {
      "rel": "parent",
      "href": "../catalog.json",
      "type": "application/json"
    }
  ],
  "extent": {
    "spatial": {
      "bbox": [
        [
          8.516871836428662,
          47.37813529511497,
          8.517551500428324,
          47.37822886035275
        ]
      ]
    },
    "temporal": {
      "interval": [
        [
          "2025-01-31T23:45:48.831176Z",
          "2025-03-20T09:21:06.954900Z"
        ]
      ]
    }
  },
  "license": "proprietary"
}