{
  "type": "Feature",
  "stac_version": "1.0.0",
  "id": "4570c289-f755-41db-8105-7a6301ff64cb",
  "properties": {
    "title": "Groundwork campaign labels",
    "description": "Labels created from a Groundwork campaign!",
    "label:description": "Labels for project 15082_tile_0",
    "label:type": "vector",
    "label:properties": [
      "default"
    ],
    "label:classes": [
      {
        "classes": [
          "Pavement Distress",
          "Non-Pavement Distress"
        ],
        "name": "default"
      }
    ],
    "label:tasks": [
      "detection"
    ],
    "datetime": "2025-04-28T08:56:13.198939Z"
  },
  "geometry": {
    "type": "Polygon",
    "coordinates": [
      [
        [
          8.584964157071912,
          47.38204834516856
        ],
        [
          8.58497406173421,
          47.38250880079518
        ],
        [
          8.58429611626878,
          47.38251552603794
        ],
        [
          8.58428621746695,
          47.38205507035378
        ],
        [
          8.584964157071912,
          47.38204834516856
        ]
      ]
    ]
  },
  "links": [
    {
      "rel": "source",
      "href": "../959355e4-af94-4a38-97e7-fb26b0aee2ee/959355e4-af94-4a38-97e7-fb26b0aee2ee.json",
      "type": "application/json"
    },
    {
      "rel": "root",
      "href": "../../catalog.json",
      "type": "application/json"
    },
    {
      "rel": "collection",
      "href": "../collection.json",
      "type": "application/json"
    },
    {
      "rel": "parent",
      "href": "../collection.json",
      "type": "application/json"
    }
  ],
  "assets": {
    "labels": {
      "href": "./labels.geojson",
      "type": "application/geo+json"
    }
  },
  "bbox": [
    8.58428621746695,
    47.38204834516856,
    8.58497406173421,
    47.38251552603794
  ],
  "stac_extensions": [
    "https://stac-extensions.github.io/label/v1.0.1/schema.json"
  ],
  "collection": "465933c7-f70b-4195-af11-27685e722ace"
}