{
  "type": "Collection",
  "id": "0095753e-395f-48b0-8f9c-22fc2b176eff",
  "stac_version": "1.0.0",
  "description": "{BC0DAF75-1B5D-4F54-93EB-330ABC48A0DF}_tile_1",
  "links": [
    {
      "rel": "root",
      "href": "../catalog.json",
      "type": "application/json"
    },
    {
      "rel": "item",
      "href": "./12a4e583-bdf4-43c5-b7e4-6f1a4fda960f/12a4e583-bdf4-43c5-b7e4-6f1a4fda960f.json",
      "type": "application/json"
    },
    {
      "rel": "item",
      "href": "./5be9728b-4e21-4d06-a8bc-d433e1742eee/5be9728b-4e21-4d06-a8bc-d433e1742eee.json",
      "type": "application/json"
    },
    {
      "rel": "parent",
      "href": "../catalog.json",
      "type": "application/json"
    }
  ],
  "extent": {
    "spatial": {
      "bbox": [
        [
          8.476880641152439,
          47.415748416140985,
          8.477245084423291,
          47.415823623923984
        ]
      ]
    },
    "temporal": {
      "interval": [
        [
          "2025-01-31T23:45:51.763892Z",
          "2025-03-20T09:21:06.537035Z"
        ]
      ]
    }
  },
  "license": "proprietary"
}