{
  "type": "Feature",
  "stac_version": "1.0.0",
  "id": "fa0e199c-fc66-4ef6-a890-67a96a6673df",
  "properties": {
    "title": "Groundwork campaign labels",
    "description": "Labels created from a Groundwork campaign!",
    "label:description": "Labels for project {5A125ADA-D685-46B7-AB6D-9E02677406F2}_tile_0",
    "label:type": "vector",
    "label:properties": [
      "default"
    ],
    "label:classes": [
      {
        "classes": [
          "Pavement_distress",
          "Shadows"
        ],
        "name": "default"
      }
    ],
    "label:tasks": [
      "detection"
    ],
    "datetime": "2025-03-20T09:21:23.311826Z"
  },
  "geometry": {
    "type": "Polygon",
    "coordinates": [
      [
        [
          8.51253508097043,
          47.37466943713277
        ],
        [
          8.512539701386876,
          47.37489876916082
        ],
        [
          8.51221533599748,
          47.3749017842446
        ],
        [
          8.512210716977412,
          47.3746724522037
        ],
        [
          8.51253508097043,
          47.37466943713277
        ]
      ]
    ]
  },
  "links": [
    {
      "rel": "source",
      "href": "../a8493b42-630c-4418-8388-7d4f4a242409/a8493b42-630c-4418-8388-7d4f4a242409.json",
      "type": "application/json"
    },
    {
      "rel": "root",
      "href": "../../catalog.json",
      "type": "application/json"
    },
    {
      "rel": "collection",
      "href": "../collection.json",
      "type": "application/json"
    },
    {
      "rel": "parent",
      "href": "../collection.json",
      "type": "application/json"
    }
  ],
  "assets": {
    "labels": {
      "href": "./labels.geojson",
      "type": "application/geo+json"
    }
  },
  "bbox": [
    8.512210716977412,
    47.37466943713277,
    8.512539701386876,
    47.3749017842446
  ],
  "stac_extensions": [
    "https://stac-extensions.github.io/label/v1.0.1/schema.json"
  ],
  "collection": "1f11f550-b572-469c-a5d6-9a1dd1bc251a"
}