{
  "type": "Feature",
  "stac_version": "1.0.0",
  "id": "c839cf43-9583-4600-bf5c-ed1adf365b1a",
  "properties": {
    "title": "Groundwork campaign labels",
    "description": "Labels created from a Groundwork campaign!",
    "label:description": "Labels for project {A32E56DE-A8CD-4C44-A7D6-B1AEAA5AC0C9}_tile_0",
    "label:type": "vector",
    "label:properties": [
      "default"
    ],
    "label:classes": [
      {
        "classes": [
          "Pavement_distress",
          "Shadows"
        ],
        "name": "default"
      }
    ],
    "label:tasks": [
      "detection"
    ],
    "datetime": "2025-03-20T09:21:14.977122Z"
  },
  "geometry": {
    "type": "Polygon",
    "coordinates": [
      [
        [
          8.544354613718923,
          47.376743950138916
        ],
        [
          8.544358792950932,
          47.37694540131798
        ],
        [
          8.543924526277161,
          47.37694955733928
        ],
        [
          8.54392034868741,
          47.376748106144696
        ],
        [
          8.544354613718923,
          47.376743950138916
        ]
      ]
    ]
  },
  "links": [
    {
      "rel": "source",
      "href": "../6c61186e-deef-4914-9766-dcfb3539c64e/6c61186e-deef-4914-9766-dcfb3539c64e.json",
      "type": "application/json"
    },
    {
      "rel": "root",
      "href": "../../catalog.json",
      "type": "application/json"
    },
    {
      "rel": "collection",
      "href": "../collection.json",
      "type": "application/json"
    },
    {
      "rel": "parent",
      "href": "../collection.json",
      "type": "application/json"
    }
  ],
  "assets": {
    "labels": {
      "href": "./labels.geojson",
      "type": "application/geo+json"
    }
  },
  "bbox": [
    8.54392034868741,
    47.376743950138916,
    8.544358792950932,
    47.37694955733928
  ],
  "stac_extensions": [
    "https://stac-extensions.github.io/label/v1.0.1/schema.json"
  ],
  "collection": "c0b545d3-d5f7-4224-831e-78caf902948f"
}