{
  "type": "Collection",
  "id": "7881b48c-e011-4797-a47d-3f0971a7d389",
  "stac_version": "1.0.0",
  "description": "11054_tile_1",
  "links": [
    {
      "rel": "root",
      "href": "../catalog.json",
      "type": "application/json"
    },
    {
      "rel": "item",
      "href": "./f3c19669-8cf4-44af-b89a-15a55dd62272/f3c19669-8cf4-44af-b89a-15a55dd62272.json",
      "type": "application/json"
    },
    {
      "rel": "item",
      "href": "./c66ec04d-0238-4cc0-a5bc-b806baaaff92/c66ec04d-0238-4cc0-a5bc-b806baaaff92.json",
      "type": "application/json"
    },
    {
      "rel": "parent",
      "href": "../catalog.json",
      "type": "application/json"
    }
  ],
  "extent": {
    "spatial": {
      "bbox": [
        [
          8.488107124022655,
          47.37125918222879,
          8.488794009205273,
          47.371725807751936
        ]
      ]
    },
    "temporal": {
      "interval": [
        [
          "2025-05-06T07:11:30.230868Z",
          "2025-05-07T19:01:46.199635Z"
        ]
      ]
    }
  },
  "license": "proprietary"
}