{
  "type": "Feature",
  "stac_version": "1.0.0",
  "id": "ebd99b23-63e3-46df-9c69-0e91448bbd3b",
  "properties": {
    "title": "Groundwork campaign labels",
    "description": "Labels created from a Groundwork campaign!",
    "label:description": "Labels for project 13466_tile_2",
    "label:type": "vector",
    "label:properties": [
      "default"
    ],
    "label:classes": [
      {
        "classes": [
          "Pavement_distress",
          "non_pavement_distress"
        ],
        "name": "default"
      }
    ],
    "label:tasks": [
      "detection"
    ],
    "datetime": "2025-05-07T19:01:25.951657Z"
  },
  "geometry": {
    "type": "Polygon",
    "coordinates": [
      [
        [
          8.482674009533447,
          47.38456517547302
        ],
        [
          8.482683030169728,
          47.385025639179325
        ],
        [
          8.48200504024785,
          47.38503176369833
        ],
        [
          8.481996025473117,
          47.38457129993958
        ],
        [
          8.482674009533447,
          47.38456517547302
        ]
      ]
    ]
  },
  "links": [
    {
      "rel": "source",
      "href": "../b433a4ba-9e5e-4cc0-ba40-edded9d52758/b433a4ba-9e5e-4cc0-ba40-edded9d52758.json",
      "type": "application/json"
    },
    {
      "rel": "root",
      "href": "../../catalog.json",
      "type": "application/json"
    },
    {
      "rel": "collection",
      "href": "../collection.json",
      "type": "application/json"
    },
    {
      "rel": "parent",
      "href": "../collection.json",
      "type": "application/json"
    }
  ],
  "assets": {
    "labels": {
      "href": "./labels.geojson",
      "type": "application/geo+json"
    }
  },
  "bbox": [
    8.481996025473117,
    47.38456517547302,
    8.482683030169728,
    47.38503176369833
  ],
  "stac_extensions": [
    "https://stac-extensions.github.io/label/v1.0.1/schema.json"
  ],
  "collection": "9d5d2586-8008-460f-bef7-ff58510ade64"
}