{
  "type": "Collection",
  "id": "68f68be1-c9b7-42e0-8a13-d39fd40d2892",
  "stac_version": "1.0.0",
  "description": "9718_tile_2",
  "links": [
    {
      "rel": "root",
      "href": "../catalog.json",
      "type": "application/json"
    },
    {
      "rel": "item",
      "href": "./7cd6b0e0-bece-4ca5-ba5c-5c2a696e9a30/7cd6b0e0-bece-4ca5-ba5c-5c2a696e9a30.json",
      "type": "application/json"
    },
    {
      "rel": "item",
      "href": "./f7ce92b2-a948-4954-a80f-38751d33bc3a/f7ce92b2-a948-4954-a80f-38751d33bc3a.json",
      "type": "application/json"
    },
    {
      "rel": "parent",
      "href": "../catalog.json",
      "type": "application/json"
    }
  ],
  "extent": {
    "spatial": {
      "bbox": [
        [
          8.540894327574883,
          47.379872971236125,
          8.541581773980106,
          47.38033990126529
        ]
      ]
    },
    "temporal": {
      "interval": [
        [
          "2025-04-02T11:46:39.686792Z",
          "2025-04-28T08:56:43.538155Z"
        ]
      ]
    }
  },
  "license": "proprietary"
}