{
  "type": "Feature",
  "stac_version": "1.0.0",
  "id": "f51953fe-506e-4b33-9432-cfdcbfec47fd",
  "properties": {
    "title": "Groundwork campaign labels",
    "description": "Labels created from a Groundwork campaign!",
    "label:description": "Labels for project 9336_tile_3",
    "label:type": "vector",
    "label:properties": [
      "default"
    ],
    "label:classes": [
      {
        "classes": [
          "Pavement Distress",
          "Non-Pavement Distress"
        ],
        "name": "default"
      }
    ],
    "label:tasks": [
      "detection"
    ],
    "datetime": "2025-04-28T08:56:45.374534Z"
  },
  "geometry": {
    "type": "Polygon",
    "coordinates": [
      [
        [
          8.527994762245138,
          47.412240105776625
        ],
        [
          8.528004179696895,
          47.41270056186163
        ],
        [
          8.527325842593784,
          47.41270695250393
        ],
        [
          8.527316431009465,
          47.41224649636419
        ],
        [
          8.527994762245138,
          47.412240105776625
        ]
      ]
    ]
  },
  "links": [
    {
      "rel": "source",
      "href": "../bb6431bc-1aae-44f9-9ddc-c0c27fe62b38/bb6431bc-1aae-44f9-9ddc-c0c27fe62b38.json",
      "type": "application/json"
    },
    {
      "rel": "root",
      "href": "../../catalog.json",
      "type": "application/json"
    },
    {
      "rel": "collection",
      "href": "../collection.json",
      "type": "application/json"
    },
    {
      "rel": "parent",
      "href": "../collection.json",
      "type": "application/json"
    }
  ],
  "assets": {
    "labels": {
      "href": "./labels.geojson",
      "type": "application/geo+json"
    }
  },
  "bbox": [
    8.527316431009465,
    47.412240105776625,
    8.528004179696895,
    47.41270695250393
  ],
  "stac_extensions": [
    "https://stac-extensions.github.io/label/v1.0.1/schema.json"
  ],
  "collection": "226e4e35-be98-4ea5-9281-3bf18f443df4"
}