{
  "type": "Collection",
  "id": "61c880e7-62a3-4205-9856-80a7e2af07cb",
  "stac_version": "1.0.0",
  "description": "{70CF0918-1882-4967-A23E-D799BE5D6E0C}_tile_1",
  "links": [
    {
      "rel": "root",
      "href": "../catalog.json",
      "type": "application/json"
    },
    {
      "rel": "item",
      "href": "./8dd71233-a84c-43bf-80b3-f096040731e8/8dd71233-a84c-43bf-80b3-f096040731e8.json",
      "type": "application/json"
    },
    {
      "rel": "item",
      "href": "./c4326a1d-ebac-4512-b8c8-551a8209c2ce/c4326a1d-ebac-4512-b8c8-551a8209c2ce.json",
      "type": "application/json"
    },
    {
      "rel": "parent",
      "href": "../catalog.json",
      "type": "application/json"
    }
  ],
  "extent": {
    "spatial": {
      "bbox": [
        [
          8.54539840759165,
          47.41406258296004,
          8.545606713673626,
          47.414524940278234
        ]
      ]
    },
    "temporal": {
      "interval": [
        [
          "2025-01-31T23:47:05.470955Z",
          "2025-03-20T09:20:48.909822Z"
        ]
      ]
    }
  },
  "license": "proprietary"
}