{
  "type": "Feature",
  "stac_version": "1.0.0",
  "id": "85f8e469-bb86-447e-bc5a-a5638732512d",
  "properties": {
    "title": "Groundwork campaign labels",
    "description": "Labels created from a Groundwork campaign!",
    "label:description": "Labels for project 15815_tile_1",
    "label:type": "vector",
    "label:properties": [
      "default"
    ],
    "label:classes": [
      {
        "classes": [
          "Pavement Distress",
          "Non-Pavement Distress"
        ],
        "name": "default"
      }
    ],
    "label:tasks": [
      "detection"
    ],
    "datetime": "2025-04-28T08:56:09.346205Z"
  },
  "geometry": {
    "type": "Polygon",
    "coordinates": [
      [
        [
          8.52760803938853,
          47.374334028617746
        ],
        [
          8.527617446752002,
          47.37479449015977
        ],
        [
          8.526939592376644,
          47.374800878578725
        ],
        [
          8.52693019087223,
          47.37434041698204
        ],
        [
          8.52760803938853,
          47.374334028617746
        ]
      ]
    ]
  },
  "links": [
    {
      "rel": "source",
      "href": "../4c2d4480-c74c-48b8-95ad-2418d590a186/4c2d4480-c74c-48b8-95ad-2418d590a186.json",
      "type": "application/json"
    },
    {
      "rel": "root",
      "href": "../../catalog.json",
      "type": "application/json"
    },
    {
      "rel": "collection",
      "href": "../collection.json",
      "type": "application/json"
    },
    {
      "rel": "parent",
      "href": "../collection.json",
      "type": "application/json"
    }
  ],
  "assets": {
    "labels": {
      "href": "./labels.geojson",
      "type": "application/geo+json"
    }
  },
  "bbox": [
    8.52693019087223,
    47.374334028617746,
    8.527617446752002,
    47.374800878578725
  ],
  "stac_extensions": [
    "https://stac-extensions.github.io/label/v1.0.1/schema.json"
  ],
  "collection": "d3e1deb6-6c84-41c5-a40f-b379c820fd18"
}