{
  "type": "Feature",
  "stac_version": "1.0.0",
  "id": "efd381eb-fca5-4d8a-83c4-6f93398a92d6",
  "properties": {
    "title": "Groundwork campaign labels",
    "description": "Labels created from a Groundwork campaign!",
    "label:description": "Labels for project {B7161105-75AE-4DAC-BF81-6CFD7A84002E}_tile_0",
    "label:type": "vector",
    "label:properties": [
      "default"
    ],
    "label:classes": [
      {
        "classes": [
          "Pavement_distress",
          "Shadows"
        ],
        "name": "default"
      }
    ],
    "label:tasks": [
      "detection"
    ],
    "datetime": "2025-03-20T09:20:48.366268Z"
  },
  "geometry": {
    "type": "Polygon",
    "coordinates": [
      [
        [
          8.557338658512592,
          47.36014335207072
        ],
        [
          8.557348320315054,
          47.360603813121614
        ],
        [
          8.557034633159514,
          47.36060685158441
        ],
        [
          8.557024974067637,
          47.36014639050751
        ],
        [
          8.557338658512592,
          47.36014335207072
        ]
      ]
    ]
  },
  "links": [
    {
      "rel": "source",
      "href": "../f505aac2-ce30-47da-a545-2bd445487ac6/f505aac2-ce30-47da-a545-2bd445487ac6.json",
      "type": "application/json"
    },
    {
      "rel": "root",
      "href": "../../catalog.json",
      "type": "application/json"
    },
    {
      "rel": "collection",
      "href": "../collection.json",
      "type": "application/json"
    },
    {
      "rel": "parent",
      "href": "../collection.json",
      "type": "application/json"
    }
  ],
  "assets": {
    "labels": {
      "href": "./labels.geojson",
      "type": "application/geo+json"
    }
  },
  "bbox": [
    8.557024974067637,
    47.36014335207072,
    8.557348320315054,
    47.36060685158441
  ],
  "stac_extensions": [
    "https://stac-extensions.github.io/label/v1.0.1/schema.json"
  ],
  "collection": "bc5f92b3-927b-4b81-9d36-0ebf34c66dfb"
}