{
  "type": "Collection",
  "id": "ece09820-fd86-45fd-8e26-a95dee87eb27",
  "stac_version": "1.0.0",
  "description": "13543_tile_2",
  "links": [
    {
      "rel": "root",
      "href": "../catalog.json",
      "type": "application/json"
    },
    {
      "rel": "item",
      "href": "./85f1df12-5f09-4abb-bc87-69184638c848/85f1df12-5f09-4abb-bc87-69184638c848.json",
      "type": "application/json"
    },
    {
      "rel": "item",
      "href": "./1ca56de6-778e-43db-a48a-c3b160ebe721/1ca56de6-778e-43db-a48a-c3b160ebe721.json",
      "type": "application/json"
    },
    {
      "rel": "parent",
      "href": "../catalog.json",
      "type": "application/json"
    }
  ],
  "extent": {
    "spatial": {
      "bbox": [
        [
          8.477942130993934,
          47.38532043820682,
          8.478629110848528,
          47.38578700283441
        ]
      ]
    },
    "temporal": {
      "interval": [
        [
          "2025-05-06T07:12:52.949655Z",
          "2025-05-07T19:01:25.103224Z"
        ]
      ]
    }
  },
  "license": "proprietary"
}