{
  "type": "Feature",
  "stac_version": "1.0.0",
  "id": "d03d5581-20f0-401f-b91a-cd676654832d",
  "properties": {
    "title": "Groundwork campaign labels",
    "description": "Labels created from a Groundwork campaign!",
    "label:description": "Labels for project 477_tile_0",
    "label:type": "vector",
    "label:properties": [
      "default"
    ],
    "label:classes": [
      {
        "classes": [
          "Pavement Distress",
          "Non-Pavement Distress"
        ],
        "name": "default"
      }
    ],
    "label:tasks": [
      "detection"
    ],
    "datetime": "2025-04-28T08:57:29.268080Z"
  },
  "geometry": {
    "type": "Polygon",
    "coordinates": [
      [
        [
          8.573096315471966,
          47.412903661709755
        ],
        [
          8.573106123239468,
          47.413364113919606
        ],
        [
          8.57242778324222,
          47.41337076942666
        ],
        [
          8.57241798134207,
          47.412910317159835
        ],
        [
          8.573096315471966,
          47.412903661709755
        ]
      ]
    ]
  },
  "links": [
    {
      "rel": "source",
      "href": "../1902eea0-60d5-4df1-877b-bbcc0f36bd29/1902eea0-60d5-4df1-877b-bbcc0f36bd29.json",
      "type": "application/json"
    },
    {
      "rel": "root",
      "href": "../../catalog.json",
      "type": "application/json"
    },
    {
      "rel": "collection",
      "href": "../collection.json",
      "type": "application/json"
    },
    {
      "rel": "parent",
      "href": "../collection.json",
      "type": "application/json"
    }
  ],
  "assets": {
    "labels": {
      "href": "./labels.geojson",
      "type": "application/geo+json"
    }
  },
  "bbox": [
    8.57241798134207,
    47.412903661709755,
    8.573106123239468,
    47.41337076942666
  ],
  "stac_extensions": [
    "https://stac-extensions.github.io/label/v1.0.1/schema.json"
  ],
  "collection": "779afe71-c5cf-47be-a712-edb43412cd7e"
}