{
  "type": "Feature",
  "stac_version": "1.0.0",
  "id": "a2e24d9f-ba75-4208-b9b6-0e003ec62a36",
  "properties": {
    "title": "Groundwork campaign labels",
    "description": "Labels created from a Groundwork campaign!",
    "label:description": "Labels for project 3389_tile_2",
    "label:type": "vector",
    "label:properties": [
      "default"
    ],
    "label:classes": [
      {
        "classes": [
          "Pavement_distress",
          "non_pavement_distress"
        ],
        "name": "default"
      }
    ],
    "label:tasks": [
      "detection"
    ],
    "datetime": "2025-05-07T19:02:30.700726Z"
  },
  "geometry": {
    "type": "Polygon",
    "coordinates": [
      [
        [
          8.516396081165567,
          47.375505103270875
        ],
        [
          8.516405391804192,
          47.37596556556289
        ],
        [
          8.515727521178723,
          47.37597188813544
        ],
        [
          8.515718216399476,
          47.375511425789334
        ],
        [
          8.516396081165567,
          47.375505103270875
        ]
      ]
    ]
  },
  "links": [
    {
      "rel": "source",
      "href": "../4fe52c00-ec6a-43e3-8dcf-83f639c909a5/4fe52c00-ec6a-43e3-8dcf-83f639c909a5.json",
      "type": "application/json"
    },
    {
      "rel": "root",
      "href": "../../catalog.json",
      "type": "application/json"
    },
    {
      "rel": "collection",
      "href": "../collection.json",
      "type": "application/json"
    },
    {
      "rel": "parent",
      "href": "../collection.json",
      "type": "application/json"
    }
  ],
  "assets": {
    "labels": {
      "href": "./labels.geojson",
      "type": "application/geo+json"
    }
  },
  "bbox": [
    8.515718216399476,
    47.375505103270875,
    8.516405391804192,
    47.37597188813544
  ],
  "stac_extensions": [
    "https://stac-extensions.github.io/label/v1.0.1/schema.json"
  ],
  "collection": "c6120d5e-1e38-49c7-a7da-9fa15143e797"
}