{
  "type": "Collection",
  "id": "9684cc41-e8a8-4703-87f6-1dea627352af",
  "stac_version": "1.0.0",
  "description": "{E88E38CC-58F3-4B5F-AE38-CE199C5D730B}_tile_0",
  "links": [
    {
      "rel": "root",
      "href": "../catalog.json",
      "type": "application/json"
    },
    {
      "rel": "item",
      "href": "./fd2764d7-7f04-414d-b921-dbca782a4464/fd2764d7-7f04-414d-b921-dbca782a4464.json",
      "type": "application/json"
    },
    {
      "rel": "item",
      "href": "./e37551bb-8862-4293-abd7-1764a7590104/e37551bb-8862-4293-abd7-1764a7590104.json",
      "type": "application/json"
    },
    {
      "rel": "parent",
      "href": "../catalog.json",
      "type": "application/json"
    }
  ],
  "extent": {
    "spatial": {
      "bbox": [
        [
          8.505962341167896,
          47.376609116931164,
          8.506291842360541,
          47.37680188779684
        ]
      ]
    },
    "temporal": {
      "interval": [
        [
          "2025-01-31T23:45:40.523974Z",
          "2025-03-20T09:21:09.047893Z"
        ]
      ]
    }
  },
  "license": "proprietary"
}