{
  "type": "Feature",
  "stac_version": "1.0.0",
  "id": "c4c1bc41-6f1b-4ef2-8e82-e86d39a4671b",
  "properties": {
    "title": "Groundwork campaign labels",
    "description": "Labels created from a Groundwork campaign!",
    "label:description": "Labels for project 12709_tile_3",
    "label:type": "vector",
    "label:properties": [
      "default"
    ],
    "label:classes": [
      {
        "classes": [
          "Pavement_distress",
          "non_pavement_distress"
        ],
        "name": "default"
      }
    ],
    "label:tasks": [
      "detection"
    ],
    "datetime": "2025-05-07T19:01:33.018135Z"
  },
  "geometry": {
    "type": "Polygon",
    "coordinates": [
      [
        [
          8.532799829916776,
          47.41495799330944
        ],
        [
          8.532809289425781,
          47.415418448602516
        ],
        [
          8.532130918262704,
          47.41542486746004
        ],
        [
          8.532121464621712,
          47.414964412112056
        ],
        [
          8.532799829916776,
          47.41495799330944
        ]
      ]
    ]
  },
  "links": [
    {
      "rel": "source",
      "href": "../a96aa5ef-fcd8-4164-a85e-35ff7fbbcf05/a96aa5ef-fcd8-4164-a85e-35ff7fbbcf05.json",
      "type": "application/json"
    },
    {
      "rel": "root",
      "href": "../../catalog.json",
      "type": "application/json"
    },
    {
      "rel": "collection",
      "href": "../collection.json",
      "type": "application/json"
    },
    {
      "rel": "parent",
      "href": "../collection.json",
      "type": "application/json"
    }
  ],
  "assets": {
    "labels": {
      "href": "./labels.geojson",
      "type": "application/geo+json"
    }
  },
  "bbox": [
    8.532121464621712,
    47.41495799330944,
    8.532809289425781,
    47.41542486746004
  ],
  "stac_extensions": [
    "https://stac-extensions.github.io/label/v1.0.1/schema.json"
  ],
  "collection": "f198e5d6-a36e-49c2-99b6-12ce09ae13b1"
}