{
  "type": "Collection",
  "id": "29e833dc-3ad2-4638-b557-b45156c857ea",
  "stac_version": "1.0.0",
  "description": "{E34E2C38-3600-4E3D-9741-BC93AD0403DC}_tile_0",
  "links": [
    {
      "rel": "root",
      "href": "../catalog.json",
      "type": "application/json"
    },
    {
      "rel": "item",
      "href": "./7fc73840-3343-41a3-8b36-a45c3bcd4516/7fc73840-3343-41a3-8b36-a45c3bcd4516.json",
      "type": "application/json"
    },
    {
      "rel": "item",
      "href": "./527b7cbe-833c-40bb-afcd-6a18d2d3fac6/527b7cbe-833c-40bb-afcd-6a18d2d3fac6.json",
      "type": "application/json"
    },
    {
      "rel": "parent",
      "href": "../catalog.json",
      "type": "application/json"
    }
  ],
  "extent": {
    "spatial": {
      "bbox": [
        [
          8.505722690055459,
          47.40710036097522,
          8.506407898687588,
          47.40745286807605
        ]
      ]
    },
    "temporal": {
      "interval": [
        [
          "2025-01-31T23:43:40.737571Z",
          "2025-03-20T09:21:36.088994Z"
        ]
      ]
    }
  },
  "license": "proprietary"
}