{
  "type": "Feature",
  "stac_version": "1.0.0",
  "id": "9bdeb784-4a87-4692-8114-1df49dc7ab27",
  "properties": {
    "title": "Groundwork campaign labels",
    "description": "Labels created from a Groundwork campaign!",
    "label:description": "Labels for project 11089_tile_3",
    "label:type": "vector",
    "label:properties": [
      "default"
    ],
    "label:classes": [
      {
        "classes": [
          "Pavement Distress",
          "Non-Pavement Distress"
        ],
        "name": "default"
      }
    ],
    "label:tasks": [
      "detection"
    ],
    "datetime": "2025-04-28T08:56:32.027924Z"
  },
  "geometry": {
    "type": "Polygon",
    "coordinates": [
      [
        [
          8.535334963845896,
          47.373320933284575
        ],
        [
          8.535344437829485,
          47.373781394333044
        ],
        [
          8.534666597282857,
          47.373787828131405
        ],
        [
          8.534657129158067,
          47.373327367027905
        ],
        [
          8.535334963845896,
          47.373320933284575
        ]
      ]
    ]
  },
  "links": [
    {
      "rel": "source",
      "href": "../f7927332-0161-4f9c-9985-4369830a25c5/f7927332-0161-4f9c-9985-4369830a25c5.json",
      "type": "application/json"
    },
    {
      "rel": "root",
      "href": "../../catalog.json",
      "type": "application/json"
    },
    {
      "rel": "collection",
      "href": "../collection.json",
      "type": "application/json"
    },
    {
      "rel": "parent",
      "href": "../collection.json",
      "type": "application/json"
    }
  ],
  "assets": {
    "labels": {
      "href": "./labels.geojson",
      "type": "application/geo+json"
    }
  },
  "bbox": [
    8.534657129158067,
    47.373320933284575,
    8.535344437829485,
    47.373787828131405
  ],
  "stac_extensions": [
    "https://stac-extensions.github.io/label/v1.0.1/schema.json"
  ],
  "collection": "85a67bdd-816a-473f-941c-10ae0ba58ea2"
}