{
  "type": "Feature",
  "stac_version": "1.0.0",
  "id": "1fcd173c-bfeb-4484-bc38-cc3e239563db",
  "properties": {
    "title": "Groundwork campaign labels",
    "description": "Labels created from a Groundwork campaign!",
    "label:description": "Labels for project {A528B659-899A-4254-8587-EA27A5384985}_tile_0",
    "label:type": "vector",
    "label:properties": [
      "default"
    ],
    "label:classes": [
      {
        "classes": [
          "Pavement_distress",
          "Shadows"
        ],
        "name": "default"
      }
    ],
    "label:tasks": [
      "detection"
    ],
    "datetime": "2025-03-20T09:21:30.916859Z"
  },
  "geometry": {
    "type": "Polygon",
    "coordinates": [
      [
        [
          8.543917262810911,
          47.40999670692792
        ],
        [
          8.543926817610226,
          47.41045716202328
        ],
        [
          8.543557193540835,
          47.41046069587395
        ],
        [
          8.5435476419385,
          47.410000240748346
        ],
        [
          8.543917262810911,
          47.40999670692792
        ]
      ]
    ]
  },
  "links": [
    {
      "rel": "source",
      "href": "../354461ee-3d1e-40b5-894f-1fea57e4c52b/354461ee-3d1e-40b5-894f-1fea57e4c52b.json",
      "type": "application/json"
    },
    {
      "rel": "root",
      "href": "../../catalog.json",
      "type": "application/json"
    },
    {
      "rel": "collection",
      "href": "../collection.json",
      "type": "application/json"
    },
    {
      "rel": "parent",
      "href": "../collection.json",
      "type": "application/json"
    }
  ],
  "assets": {
    "labels": {
      "href": "./labels.geojson",
      "type": "application/geo+json"
    }
  },
  "bbox": [
    8.5435476419385,
    47.40999670692792,
    8.543926817610226,
    47.41046069587395
  ],
  "stac_extensions": [
    "https://stac-extensions.github.io/label/v1.0.1/schema.json"
  ],
  "collection": "708c26f9-3daf-4511-b9fa-2628f689c31d"
}