{
  "type": "Feature",
  "stac_version": "1.0.0",
  "id": "d056f865-0dc3-438e-915e-d5be0207d8e6",
  "properties": {
    "title": "Groundwork campaign labels",
    "description": "Labels created from a Groundwork campaign!",
    "label:description": "Labels for project 5592_tile_5",
    "label:type": "vector",
    "label:properties": [
      "default"
    ],
    "label:classes": [
      {
        "classes": [
          "Pavement Distress",
          "Non-Pavement Distress"
        ],
        "name": "default"
      }
    ],
    "label:tasks": [
      "detection"
    ],
    "datetime": "2025-04-28T08:57:03.999697Z"
  },
  "geometry": {
    "type": "Polygon",
    "coordinates": [
      [
        [
          8.49990789434541,
          47.36463697591693
        ],
        [
          8.499917060553264,
          47.36509744105663
        ],
        [
          8.499239326270713,
          47.365103666811216
        ],
        [
          8.499230165919926,
          47.36464320161824
        ],
        [
          8.49990789434541,
          47.36463697591693
        ]
      ]
    ]
  },
  "links": [
    {
      "rel": "source",
      "href": "../ac3b05ca-26ca-4350-b503-048e31edb2a6/ac3b05ca-26ca-4350-b503-048e31edb2a6.json",
      "type": "application/json"
    },
    {
      "rel": "root",
      "href": "../../catalog.json",
      "type": "application/json"
    },
    {
      "rel": "collection",
      "href": "../collection.json",
      "type": "application/json"
    },
    {
      "rel": "parent",
      "href": "../collection.json",
      "type": "application/json"
    }
  ],
  "assets": {
    "labels": {
      "href": "./labels.geojson",
      "type": "application/geo+json"
    }
  },
  "bbox": [
    8.499230165919926,
    47.36463697591693,
    8.499917060553264,
    47.365103666811216
  ],
  "stac_extensions": [
    "https://stac-extensions.github.io/label/v1.0.1/schema.json"
  ],
  "collection": "d51f984d-21c8-47ab-8e70-34c1cc13ec03"
}