{
  "type": "Feature",
  "stac_version": "1.0.0",
  "id": "51fda04d-a0da-4a7f-857b-ee33aa470d83",
  "properties": {
    "title": "Groundwork campaign labels",
    "description": "Labels created from a Groundwork campaign!",
    "label:description": "Labels for project 9590_tile_4",
    "label:type": "vector",
    "label:properties": [
      "default"
    ],
    "label:classes": [
      {
        "classes": [
          "Pavement_distress",
          "non_pavement_distress"
        ],
        "name": "default"
      }
    ],
    "label:tasks": [
      "detection"
    ],
    "datetime": "2025-05-07T19:01:58.064372Z"
  },
  "geometry": {
    "type": "Polygon",
    "coordinates": [
      [
        [
          8.55571195801235,
          47.3751315859311
        ],
        [
          8.555721608486577,
          47.375592045026835
        ],
        [
          8.555043747394873,
          47.37559859849086
        ],
        [
          8.555034102779741,
          47.37513813933904
        ],
        [
          8.55571195801235,
          47.3751315859311
        ]
      ]
    ]
  },
  "links": [
    {
      "rel": "source",
      "href": "../18e51d79-9b56-42a1-b84e-a93efb58414d/18e51d79-9b56-42a1-b84e-a93efb58414d.json",
      "type": "application/json"
    },
    {
      "rel": "root",
      "href": "../../catalog.json",
      "type": "application/json"
    },
    {
      "rel": "collection",
      "href": "../collection.json",
      "type": "application/json"
    },
    {
      "rel": "parent",
      "href": "../collection.json",
      "type": "application/json"
    }
  ],
  "assets": {
    "labels": {
      "href": "./labels.geojson",
      "type": "application/geo+json"
    }
  },
  "bbox": [
    8.555034102779741,
    47.3751315859311,
    8.555721608486577,
    47.37559859849086
  ],
  "stac_extensions": [
    "https://stac-extensions.github.io/label/v1.0.1/schema.json"
  ],
  "collection": "7d341fe9-9339-428c-b77b-dc294e9f5751"
}