{
  "type": "Collection",
  "id": "708c26f9-3daf-4511-b9fa-2628f689c31d",
  "stac_version": "1.0.0",
  "description": "{A528B659-899A-4254-8587-EA27A5384985}_tile_0",
  "links": [
    {
      "rel": "root",
      "href": "../catalog.json",
      "type": "application/json"
    },
    {
      "rel": "item",
      "href": "./354461ee-3d1e-40b5-894f-1fea57e4c52b/354461ee-3d1e-40b5-894f-1fea57e4c52b.json",
      "type": "application/json"
    },
    {
      "rel": "item",
      "href": "./1fcd173c-bfeb-4484-bc38-cc3e239563db/1fcd173c-bfeb-4484-bc38-cc3e239563db.json",
      "type": "application/json"
    },
    {
      "rel": "parent",
      "href": "../catalog.json",
      "type": "application/json"
    }
  ],
  "extent": {
    "spatial": {
      "bbox": [
        [
          8.5435476419385,
          47.40999670692792,
          8.543926817610226,
          47.41046069587395
        ]
      ]
    },
    "temporal": {
      "interval": [
        [
          "2025-01-31T23:44:03.194486Z",
          "2025-03-20T09:21:30.916859Z"
        ]
      ]
    }
  },
  "license": "proprietary"
}