{
  "type": "Collection",
  "id": "87ba7965-1c43-4021-9e8f-f1bfebb9eb74",
  "stac_version": "1.0.0",
  "description": "9633_tile_3",
  "links": [
    {
      "rel": "root",
      "href": "../catalog.json",
      "type": "application/json"
    },
    {
      "rel": "item",
      "href": "./19250253-071a-4c9f-8d71-d6de7b25f3e7/19250253-071a-4c9f-8d71-d6de7b25f3e7.json",
      "type": "application/json"
    },
    {
      "rel": "item",
      "href": "./31b8b296-78de-4a68-a3ec-ffe1581f1d57/31b8b296-78de-4a68-a3ec-ffe1581f1d57.json",
      "type": "application/json"
    },
    {
      "rel": "parent",
      "href": "../catalog.json",
      "type": "application/json"
    }
  ],
  "extent": {
    "spatial": {
      "bbox": [
        [
          8.536542254794679,
          47.366097904999904,
          8.537229486329972,
          47.36656481178054
        ]
      ]
    },
    "temporal": {
      "interval": [
        [
          "2025-05-06T07:10:42.778233Z",
          "2025-05-07T19:01:57.379611Z"
        ]
      ]
    }
  },
  "license": "proprietary"
}