{
  "type": "Collection",
  "id": "c3425cc2-89df-4033-b796-96ff7a3cfba6",
  "stac_version": "1.0.0",
  "description": "{75FE9DA2-3B1D-4DEB-B324-EBA458A09D1B}_tile_0",
  "links": [
    {
      "rel": "root",
      "href": "../catalog.json",
      "type": "application/json"
    },
    {
      "rel": "item",
      "href": "./f8de9deb-29ba-41f6-9a07-bbf893f4b746/f8de9deb-29ba-41f6-9a07-bbf893f4b746.json",
      "type": "application/json"
    },
    {
      "rel": "item",
      "href": "./1479dbe4-fb00-491b-91a8-ac257e537da6/1479dbe4-fb00-491b-91a8-ac257e537da6.json",
      "type": "application/json"
    },
    {
      "rel": "parent",
      "href": "../catalog.json",
      "type": "application/json"
    }
  ],
  "extent": {
    "spatial": {
      "bbox": [
        [
          8.510163793034874,
          47.37257132035214,
          8.510847880264025,
          47.372888782663516
        ]
      ]
    },
    "temporal": {
      "interval": [
        [
          "2025-01-31T23:43:45.429487Z",
          "2025-03-20T09:21:34.765124Z"
        ]
      ]
    }
  },
  "license": "proprietary"
}