{
  "type": "Collection",
  "id": "fb8dfcf3-219d-4004-88bf-8a298bfeaa4f",
  "stac_version": "1.0.0",
  "description": "{0D9F7866-5009-4604-AA82-A1E72D0C7348}_tile_0",
  "links": [
    {
      "rel": "root",
      "href": "../catalog.json",
      "type": "application/json"
    },
    {
      "rel": "item",
      "href": "./576d34c4-7906-4ebe-a7eb-7eaffea0f539/576d34c4-7906-4ebe-a7eb-7eaffea0f539.json",
      "type": "application/json"
    },
    {
      "rel": "item",
      "href": "./83f3bbf8-294f-4ff7-9be5-ed341cbd5da3/83f3bbf8-294f-4ff7-9be5-ed341cbd5da3.json",
      "type": "application/json"
    },
    {
      "rel": "parent",
      "href": "../catalog.json",
      "type": "application/json"
    }
  ],
  "extent": {
    "spatial": {
      "bbox": [
        [
          8.534194760849518,
          47.422080159222666,
          8.534712668376045,
          47.42233233400382
        ]
      ]
    },
    "temporal": {
      "interval": [
        [
          "2025-01-31T23:44:54.038904Z",
          "2025-03-20T09:21:19.019149Z"
        ]
      ]
    }
  },
  "license": "proprietary"
}