{
  "type": "Feature",
  "stac_version": "1.0.0",
  "id": "461fe4d6-c46a-4f89-af3e-eb2687ba788c",
  "properties": {
    "title": "Groundwork campaign labels",
    "description": "Labels created from a Groundwork campaign!",
    "label:description": "Labels for project 13135_tile_4",
    "label:type": "vector",
    "label:properties": [
      "default"
    ],
    "label:classes": [
      {
        "classes": [
          "Pavement_distress",
          "non_pavement_distress"
        ],
        "name": "default"
      }
    ],
    "label:tasks": [
      "detection"
    ],
    "datetime": "2025-05-07T19:01:28.169698Z"
  },
  "geometry": {
    "type": "Polygon",
    "coordinates": [
      [
        [
          8.560853643920131,
          47.36172568623101
        ],
        [
          8.560863336391744,
          47.36218614676607
        ],
        [
          8.560185646513213,
          47.3621927304429
        ],
        [
          8.560175959897707,
          47.36173226985149
        ],
        [
          8.560853643920131,
          47.36172568623101
        ]
      ]
    ]
  },
  "links": [
    {
      "rel": "source",
      "href": "../cfe11d4c-4a7b-4656-83c9-6d228747c6a0/cfe11d4c-4a7b-4656-83c9-6d228747c6a0.json",
      "type": "application/json"
    },
    {
      "rel": "root",
      "href": "../../catalog.json",
      "type": "application/json"
    },
    {
      "rel": "collection",
      "href": "../collection.json",
      "type": "application/json"
    },
    {
      "rel": "parent",
      "href": "../collection.json",
      "type": "application/json"
    }
  ],
  "assets": {
    "labels": {
      "href": "./labels.geojson",
      "type": "application/geo+json"
    }
  },
  "bbox": [
    8.560175959897707,
    47.36172568623101,
    8.560863336391744,
    47.3621927304429
  ],
  "stac_extensions": [
    "https://stac-extensions.github.io/label/v1.0.1/schema.json"
  ],
  "collection": "ddd7c8b0-b6ec-4870-93c7-e3bfdd42c0c8"
}