{
  "type": "Feature",
  "stac_version": "1.0.0",
  "id": "1e4b6ac3-6a8d-490e-a105-ebcc4df5f267",
  "properties": {
    "title": "Groundwork campaign labels",
    "description": "Labels created from a Groundwork campaign!",
    "label:description": "Labels for project 14506_tile_0",
    "label:type": "vector",
    "label:properties": [
      "default"
    ],
    "label:classes": [
      {
        "classes": [
          "Pavement_distress",
          "non_pavement_distress"
        ],
        "name": "default"
      }
    ],
    "label:tasks": [
      "detection"
    ],
    "datetime": "2025-05-07T19:01:21.716232Z"
  },
  "geometry": {
    "type": "Polygon",
    "coordinates": [
      [
        [
          8.507689560579845,
          47.42205699345967
        ],
        [
          8.507698804077188,
          47.42251744975817
        ],
        [
          8.507020339400494,
          47.42252372114168
        ],
        [
          8.507011101772864,
          47.42206326478946
        ],
        [
          8.507689560579845,
          47.42205699345967
        ]
      ]
    ]
  },
  "links": [
    {
      "rel": "source",
      "href": "../9898482b-9096-4485-9b7d-95e0d5278e31/9898482b-9096-4485-9b7d-95e0d5278e31.json",
      "type": "application/json"
    },
    {
      "rel": "root",
      "href": "../../catalog.json",
      "type": "application/json"
    },
    {
      "rel": "collection",
      "href": "../collection.json",
      "type": "application/json"
    },
    {
      "rel": "parent",
      "href": "../collection.json",
      "type": "application/json"
    }
  ],
  "assets": {
    "labels": {
      "href": "./labels.geojson",
      "type": "application/geo+json"
    }
  },
  "bbox": [
    8.507011101772864,
    47.42205699345967,
    8.507698804077188,
    47.42252372114168
  ],
  "stac_extensions": [
    "https://stac-extensions.github.io/label/v1.0.1/schema.json"
  ],
  "collection": "0b442892-b958-44c8-b02c-a1882b048f27"
}