{
  "type": "Collection",
  "id": "f8265de9-46a8-4e62-9d8e-34806ea3d372",
  "stac_version": "1.0.0",
  "description": "{838D6E03-73D1-4BB2-8763-4BD84682EE80}_tile_0",
  "links": [
    {
      "rel": "root",
      "href": "../catalog.json",
      "type": "application/json"
    },
    {
      "rel": "item",
      "href": "./cdf71bd9-2824-49e5-bde1-01230269cf5a/cdf71bd9-2824-49e5-bde1-01230269cf5a.json",
      "type": "application/json"
    },
    {
      "rel": "item",
      "href": "./992f8eba-2cb4-4963-852c-be1ef332f531/992f8eba-2cb4-4963-852c-be1ef332f531.json",
      "type": "application/json"
    },
    {
      "rel": "parent",
      "href": "../catalog.json",
      "type": "application/json"
    }
  ],
  "extent": {
    "spatial": {
      "bbox": [
        [
          8.510421087215809,
          47.37213090721968,
          8.511104202272154,
          47.37259762500655
        ]
      ]
    },
    "temporal": {
      "interval": [
        [
          "2025-01-31T23:47:03.712856Z",
          "2025-03-20T09:20:49.488296Z"
        ]
      ]
    }
  },
  "license": "proprietary"
}