{
  "type": "Feature",
  "stac_version": "1.0.0",
  "id": "75f7ec12-6464-4715-96af-226e3b99f890",
  "properties": {
    "title": "Groundwork campaign labels",
    "description": "Labels created from a Groundwork campaign!",
    "label:description": "Labels for project 970_tile_0",
    "label:type": "vector",
    "label:properties": [
      "default"
    ],
    "label:classes": [
      {
        "classes": [
          "Pavement Distress",
          "Non-Pavement Distress"
        ],
        "name": "default"
      }
    ],
    "label:tasks": [
      "detection"
    ],
    "datetime": "2025-04-28T08:57:27.533593Z"
  },
  "geometry": {
    "type": "Polygon",
    "coordinates": [
      [
        [
          8.526441115360736,
          47.39131787231512
        ],
        [
          8.526450515651868,
          47.391778331546796
        ],
        [
          8.525772444914303,
          47.39178471309137
        ],
        [
          8.525763050485988,
          47.39132425380505
        ],
        [
          8.526441115360736,
          47.39131787231512
        ]
      ]
    ]
  },
  "links": [
    {
      "rel": "source",
      "href": "../d9eddca4-e574-46af-824b-4e9d1a1ee15b/d9eddca4-e574-46af-824b-4e9d1a1ee15b.json",
      "type": "application/json"
    },
    {
      "rel": "root",
      "href": "../../catalog.json",
      "type": "application/json"
    },
    {
      "rel": "collection",
      "href": "../collection.json",
      "type": "application/json"
    },
    {
      "rel": "parent",
      "href": "../collection.json",
      "type": "application/json"
    }
  ],
  "assets": {
    "labels": {
      "href": "./labels.geojson",
      "type": "application/geo+json"
    }
  },
  "bbox": [
    8.525763050485988,
    47.39131787231512,
    8.526450515651868,
    47.39178471309137
  ],
  "stac_extensions": [
    "https://stac-extensions.github.io/label/v1.0.1/schema.json"
  ],
  "collection": "732f639f-8b4f-442e-a598-7a0cdbc8032d"
}