{
  "type": "Feature",
  "stac_version": "1.0.0",
  "id": "0b3d7cf9-4e00-4e73-bb13-4a1d963be262",
  "properties": {
    "title": "Groundwork campaign labels",
    "description": "Labels created from a Groundwork campaign!",
    "label:description": "Labels for project {5E9C4C38-CDA9-4372-BA3A-343155A8BFC8}_tile_0",
    "label:type": "vector",
    "label:properties": [
      "default"
    ],
    "label:classes": [
      {
        "classes": [
          "Pavement_distress",
          "Shadows"
        ],
        "name": "default"
      }
    ],
    "label:tasks": [
      "detection"
    ],
    "datetime": "2025-03-20T09:21:26.577516Z"
  },
  "geometry": {
    "type": "Polygon",
    "coordinates": [
      [
        [
          8.579949550222958,
          47.35234178687395
        ],
        [
          8.579959405996394,
          47.352802247078124
        ],
        [
          8.579281837858552,
          47.35280894291112
        ],
        [
          8.579271987939055,
          47.35234848264965
        ],
        [
          8.579949550222958,
          47.35234178687395
        ]
      ]
    ]
  },
  "links": [
    {
      "rel": "source",
      "href": "../eb1a4db4-2030-42fc-a853-e9bab5b84e02/eb1a4db4-2030-42fc-a853-e9bab5b84e02.json",
      "type": "application/json"
    },
    {
      "rel": "root",
      "href": "../../catalog.json",
      "type": "application/json"
    },
    {
      "rel": "collection",
      "href": "../collection.json",
      "type": "application/json"
    },
    {
      "rel": "parent",
      "href": "../collection.json",
      "type": "application/json"
    }
  ],
  "assets": {
    "labels": {
      "href": "./labels.geojson",
      "type": "application/geo+json"
    }
  },
  "bbox": [
    8.579271987939055,
    47.35234178687395,
    8.579959405996394,
    47.35280894291112
  ],
  "stac_extensions": [
    "https://stac-extensions.github.io/label/v1.0.1/schema.json"
  ],
  "collection": "c9ec829d-ae1f-40ef-b7a9-8215053b8fa5"
}