{
  "type": "Feature",
  "stac_version": "1.0.0",
  "id": "f38f63ce-7136-4bb1-bcfb-2e132281cc5e",
  "properties": {
    "title": "Groundwork campaign labels",
    "description": "Labels created from a Groundwork campaign!",
    "label:description": "Labels for project {E87A1D1A-272C-4572-B9F9-DB180B4223AA}_tile_0",
    "label:type": "vector",
    "label:properties": [
      "default"
    ],
    "label:classes": [
      {
        "classes": [
          "Pavement_distress",
          "Shadows"
        ],
        "name": "default"
      }
    ],
    "label:tasks": [
      "detection"
    ],
    "datetime": "2025-03-20T09:21:33.859123Z"
  },
  "geometry": {
    "type": "Polygon",
    "coordinates": [
      [
        [
          8.55692645941655,
          47.36251848054503
        ],
        [
          8.556936118089542,
          47.36297894130118
        ],
        [
          8.556258417638798,
          47.36298550191389
        ],
        [
          8.556248764822108,
          47.36252504110153
        ],
        [
          8.55692645941655,
          47.36251848054503
        ]
      ]
    ]
  },
  "links": [
    {
      "rel": "source",
      "href": "../78ae2019-af96-474c-8772-e3cf07a94794/78ae2019-af96-474c-8772-e3cf07a94794.json",
      "type": "application/json"
    },
    {
      "rel": "root",
      "href": "../../catalog.json",
      "type": "application/json"
    },
    {
      "rel": "collection",
      "href": "../collection.json",
      "type": "application/json"
    },
    {
      "rel": "parent",
      "href": "../collection.json",
      "type": "application/json"
    }
  ],
  "assets": {
    "labels": {
      "href": "./labels.geojson",
      "type": "application/geo+json"
    }
  },
  "bbox": [
    8.556248764822108,
    47.36251848054503,
    8.556936118089542,
    47.36298550191389
  ],
  "stac_extensions": [
    "https://stac-extensions.github.io/label/v1.0.1/schema.json"
  ],
  "collection": "97e32238-0ce0-4ba1-95c6-2907a3888831"
}