{
  "type": "Collection",
  "id": "16a4c716-234a-472f-b01b-d99e6fef3ff4",
  "stac_version": "1.0.0",
  "description": "9656_tile_0",
  "links": [
    {
      "rel": "root",
      "href": "../catalog.json",
      "type": "application/json"
    },
    {
      "rel": "item",
      "href": "./b55d83b7-cb1b-40b3-9172-38b5af801c1d/b55d83b7-cb1b-40b3-9172-38b5af801c1d.json",
      "type": "application/json"
    },
    {
      "rel": "item",
      "href": "./fd5b7467-4bb0-4d82-a50d-f2eb43d28960/fd5b7467-4bb0-4d82-a50d-f2eb43d28960.json",
      "type": "application/json"
    },
    {
      "rel": "parent",
      "href": "../catalog.json",
      "type": "application/json"
    }
  ],
  "extent": {
    "spatial": {
      "bbox": [
        [
          8.576400109510907,
          47.36036421864629,
          8.577087606630487,
          47.36083135694702
        ]
      ]
    },
    "temporal": {
      "interval": [
        [
          "2025-05-06T07:10:43.441532Z",
          "2025-05-07T19:01:57.072492Z"
        ]
      ]
    }
  },
  "license": "proprietary"
}