{
  "type": "Feature",
  "stac_version": "1.0.0",
  "id": "678b1efa-3614-4b6d-a140-96032ac33e94",
  "properties": {
    "title": "Groundwork campaign labels",
    "description": "Labels created from a Groundwork campaign!",
    "label:description": "Labels for project 9718_tile_0",
    "label:type": "vector",
    "label:properties": [
      "default"
    ],
    "label:classes": [
      {
        "classes": [
          "Pavement Distress",
          "Non-Pavement Distress"
        ],
        "name": "default"
      }
    ],
    "label:tasks": [
      "detection"
    ],
    "datetime": "2025-04-28T08:56:43.671602Z"
  },
  "geometry": {
    "type": "Polygon",
    "coordinates": [
      [
        [
          8.541217397568504,
          47.379876358564076
        ],
        [
          8.541226923585858,
          47.38033681820238
        ],
        [
          8.540549000318759,
          47.38034328653826
        ],
        [
          8.54053948016162,
          47.379882826844586
        ],
        [
          8.541217397568504,
          47.379876358564076
        ]
      ]
    ]
  },
  "links": [
    {
      "rel": "source",
      "href": "../0a139bef-b457-4d61-86bf-eced882dc51d/0a139bef-b457-4d61-86bf-eced882dc51d.json",
      "type": "application/json"
    },
    {
      "rel": "root",
      "href": "../../catalog.json",
      "type": "application/json"
    },
    {
      "rel": "collection",
      "href": "../collection.json",
      "type": "application/json"
    },
    {
      "rel": "parent",
      "href": "../collection.json",
      "type": "application/json"
    }
  ],
  "assets": {
    "labels": {
      "href": "./labels.geojson",
      "type": "application/geo+json"
    }
  },
  "bbox": [
    8.54053948016162,
    47.379876358564076,
    8.541226923585858,
    47.38034328653826
  ],
  "stac_extensions": [
    "https://stac-extensions.github.io/label/v1.0.1/schema.json"
  ],
  "collection": "f3ee2db4-4f5f-4278-a765-02e4bd9c82e6"
}