{
  "type": "Collection",
  "id": "9afbe14c-798c-4e5d-9d5e-2d629f2fe33b",
  "stac_version": "1.0.0",
  "description": "{0B3B7B88-19E3-4CEB-9408-06BBB9F3F1F9}_tile_0",
  "links": [
    {
      "rel": "root",
      "href": "../catalog.json",
      "type": "application/json"
    },
    {
      "rel": "item",
      "href": "./b8a24b3d-363f-4323-9b9f-1fc7608d3e40/b8a24b3d-363f-4323-9b9f-1fc7608d3e40.json",
      "type": "application/json"
    },
    {
      "rel": "item",
      "href": "./a9b48300-b343-4ef1-9a70-e3c7717ab319/a9b48300-b343-4ef1-9a70-e3c7717ab319.json",
      "type": "application/json"
    },
    {
      "rel": "parent",
      "href": "../catalog.json",
      "type": "application/json"
    }
  ],
  "extent": {
    "spatial": {
      "bbox": [
        [
          8.51193747916516,
          47.398251950164045,
          8.51261730185045,
          47.39834098925923
        ]
      ]
    },
    "temporal": {
      "interval": [
        [
          "2025-01-31T23:44:39.268041Z",
          "2025-03-20T09:21:22.829762Z"
        ]
      ]
    }
  },
  "license": "proprietary"
}