{
  "type": "Feature",
  "stac_version": "1.0.0",
  "id": "0094897a-a3b3-4815-9632-9ffe9254e3f3",
  "properties": {
    "title": "Groundwork campaign labels",
    "description": "Labels created from a Groundwork campaign!",
    "label:description": "Labels for project {24AA8343-A44F-42AB-A155-0870AB8BFF3F}_tile_0",
    "label:type": "vector",
    "label:properties": [
      "default"
    ],
    "label:classes": [
      {
        "classes": [
          "Pavement_distress",
          "Shadows"
        ],
        "name": "default"
      }
    ],
    "label:tasks": [
      "detection"
    ],
    "datetime": "2025-03-20T09:21:02.462365Z"
  },
  "geometry": {
    "type": "Polygon",
    "coordinates": [
      [
        [
          8.49459774013185,
          47.42279615558039
        ],
        [
          8.49459897057848,
          47.42285820939184
        ],
        [
          8.494406825610112,
          47.42285996408441
        ],
        [
          8.494405595387512,
          47.42279791027095
        ],
        [
          8.49459774013185,
          47.42279615558039
        ]
      ]
    ]
  },
  "links": [
    {
      "rel": "source",
      "href": "../6bc691ae-f94f-4af1-bec3-479bbd17996f/6bc691ae-f94f-4af1-bec3-479bbd17996f.json",
      "type": "application/json"
    },
    {
      "rel": "root",
      "href": "../../catalog.json",
      "type": "application/json"
    },
    {
      "rel": "collection",
      "href": "../collection.json",
      "type": "application/json"
    },
    {
      "rel": "parent",
      "href": "../collection.json",
      "type": "application/json"
    }
  ],
  "assets": {
    "labels": {
      "href": "./labels.geojson",
      "type": "application/geo+json"
    }
  },
  "bbox": [
    8.494405595387512,
    47.42279615558039,
    8.49459897057848,
    47.42285996408441
  ],
  "stac_extensions": [
    "https://stac-extensions.github.io/label/v1.0.1/schema.json"
  ],
  "collection": "4019f00a-c235-46fe-a67c-85e174f322b2"
}