{
  "type": "Collection",
  "id": "b91cf52a-685d-429c-afd4-64aa4b304361",
  "stac_version": "1.0.0",
  "description": "4313_tile_0",
  "links": [
    {
      "rel": "root",
      "href": "../catalog.json",
      "type": "application/json"
    },
    {
      "rel": "item",
      "href": "./954049f8-9b7b-4aca-958f-2491ce4f9fd1/954049f8-9b7b-4aca-958f-2491ce4f9fd1.json",
      "type": "application/json"
    },
    {
      "rel": "item",
      "href": "./c2867fca-f1e4-485c-aec6-b5c28c05dccd/c2867fca-f1e4-485c-aec6-b5c28c05dccd.json",
      "type": "application/json"
    },
    {
      "rel": "parent",
      "href": "../catalog.json",
      "type": "application/json"
    }
  ],
  "extent": {
    "spatial": {
      "bbox": [
        [
          8.57688663251521,
          47.40163022252516,
          8.577574666758562,
          47.402097357752154
        ]
      ]
    },
    "temporal": {
      "interval": [
        [
          "2025-05-06T07:08:38.221719Z",
          "2025-05-07T19:02:27.436155Z"
        ]
      ]
    }
  },
  "license": "proprietary"
}