{
  "type": "Collection",
  "id": "24b4c63f-7214-4239-80b4-e200ddb7a645",
  "stac_version": "1.0.0",
  "description": "{3AE42511-8B9C-43E8-B104-21787CDFF204}_tile_1",
  "links": [
    {
      "rel": "root",
      "href": "../catalog.json",
      "type": "application/json"
    },
    {
      "rel": "item",
      "href": "./5880157d-de3c-40db-a588-e1420ba74899/5880157d-de3c-40db-a588-e1420ba74899.json",
      "type": "application/json"
    },
    {
      "rel": "item",
      "href": "./7be1fa0f-0172-40c0-9a42-7eee4f33d7b9/7be1fa0f-0172-40c0-9a42-7eee4f33d7b9.json",
      "type": "application/json"
    },
    {
      "rel": "parent",
      "href": "../catalog.json",
      "type": "application/json"
    }
  ],
  "extent": {
    "spatial": {
      "bbox": [
        [
          8.527759172727588,
          47.41244596456443,
          8.528017666027084,
          47.41290876767408
        ]
      ]
    },
    "temporal": {
      "interval": [
        [
          "2025-01-31T23:46:26.049676Z",
          "2025-03-20T09:20:58.561705Z"
        ]
      ]
    }
  },
  "license": "proprietary"
}