{
  "type": "Feature",
  "stac_version": "1.0.0",
  "id": "adfa684b-bbb8-4162-bc87-e7a12202663b",
  "properties": {
    "title": "Groundwork campaign labels",
    "description": "Labels created from a Groundwork campaign!",
    "label:description": "Labels for project 11903_tile_1",
    "label:type": "vector",
    "label:properties": [
      "default"
    ],
    "label:classes": [
      {
        "classes": [
          "Pavement Distress",
          "Non-Pavement Distress"
        ],
        "name": "default"
      }
    ],
    "label:tasks": [
      "detection"
    ],
    "datetime": "2025-04-28T08:56:27.780994Z"
  },
  "geometry": {
    "type": "Polygon",
    "coordinates": [
      [
        [
          8.518713140430219,
          47.380652944557546
        ],
        [
          8.518722472008433,
          47.38111340593552
        ],
        [
          8.518044536134337,
          47.381119742109156
        ],
        [
          8.51803521041662,
          47.38065928067691
        ],
        [
          8.518713140430219,
          47.380652944557546
        ]
      ]
    ]
  },
  "links": [
    {
      "rel": "source",
      "href": "../6ca76e8b-042e-4368-bbb3-98aa4d0e62b3/6ca76e8b-042e-4368-bbb3-98aa4d0e62b3.json",
      "type": "application/json"
    },
    {
      "rel": "root",
      "href": "../../catalog.json",
      "type": "application/json"
    },
    {
      "rel": "collection",
      "href": "../collection.json",
      "type": "application/json"
    },
    {
      "rel": "parent",
      "href": "../collection.json",
      "type": "application/json"
    }
  ],
  "assets": {
    "labels": {
      "href": "./labels.geojson",
      "type": "application/geo+json"
    }
  },
  "bbox": [
    8.51803521041662,
    47.380652944557546,
    8.518722472008433,
    47.381119742109156
  ],
  "stac_extensions": [
    "https://stac-extensions.github.io/label/v1.0.1/schema.json"
  ],
  "collection": "0e5e941a-085c-45f5-bba6-720f05e2adc9"
}