{
  "type": "Collection",
  "id": "6e9e1815-2fc4-4581-9f5b-77c102696d6a",
  "stac_version": "1.0.0",
  "description": "6291_tile_0",
  "links": [
    {
      "rel": "root",
      "href": "../catalog.json",
      "type": "application/json"
    },
    {
      "rel": "item",
      "href": "./0822339a-136d-42cc-8280-d7447fabac93/0822339a-136d-42cc-8280-d7447fabac93.json",
      "type": "application/json"
    },
    {
      "rel": "item",
      "href": "./3bca7a55-bc67-4645-b40b-d4502a9cbbc3/3bca7a55-bc67-4645-b40b-d4502a9cbbc3.json",
      "type": "application/json"
    },
    {
      "rel": "parent",
      "href": "../catalog.json",
      "type": "application/json"
    }
  ],
  "extent": {
    "spatial": {
      "bbox": [
        [
          8.59296084329489,
          47.39824682424009,
          8.593648970789646,
          47.398714052967335
        ]
      ]
    },
    "temporal": {
      "interval": [
        [
          "2025-04-02T11:45:40.739406Z",
          "2025-04-28T08:57:00.449814Z"
        ]
      ]
    }
  },
  "license": "proprietary"
}