{
  "type": "Feature",
  "stac_version": "1.0.0",
  "id": "893a465f-112e-4369-8900-17197886bb3f",
  "properties": {
    "title": "Groundwork campaign labels",
    "description": "Labels created from a Groundwork campaign!",
    "label:description": "Labels for project 16625_tile_2",
    "label:type": "vector",
    "label:properties": [
      "default"
    ],
    "label:classes": [
      {
        "classes": [
          "Pavement Distress",
          "Non-Pavement Distress"
        ],
        "name": "default"
      }
    ],
    "label:tasks": [
      "detection"
    ],
    "datetime": "2025-04-28T08:56:03.850617Z"
  },
  "geometry": {
    "type": "Polygon",
    "coordinates": [
      [
        [
          8.52799221316228,
          47.37894220247956
        ],
        [
          8.52800162466628,
          47.379402663341246
        ],
        [
          8.52732371168438,
          47.379409054010544
        ],
        [
          8.52731430604046,
          47.3789485930942
        ],
        [
          8.52799221316228,
          47.37894220247956
        ]
      ]
    ]
  },
  "links": [
    {
      "rel": "source",
      "href": "../9080652e-5ca1-4056-9eb5-4e7de4a5fc28/9080652e-5ca1-4056-9eb5-4e7de4a5fc28.json",
      "type": "application/json"
    },
    {
      "rel": "root",
      "href": "../../catalog.json",
      "type": "application/json"
    },
    {
      "rel": "collection",
      "href": "../collection.json",
      "type": "application/json"
    },
    {
      "rel": "parent",
      "href": "../collection.json",
      "type": "application/json"
    }
  ],
  "assets": {
    "labels": {
      "href": "./labels.geojson",
      "type": "application/geo+json"
    }
  },
  "bbox": [
    8.52731430604046,
    47.37894220247956,
    8.52800162466628,
    47.379409054010544
  ],
  "stac_extensions": [
    "https://stac-extensions.github.io/label/v1.0.1/schema.json"
  ],
  "collection": "8f23aff9-a247-4ad7-b0e8-8b07fed523ed"
}