{
  "type": "Feature",
  "stac_version": "1.0.0",
  "id": "1edeed66-439d-4d5c-8784-01d399597b1f",
  "properties": {
    "title": "Groundwork campaign labels",
    "description": "Labels created from a Groundwork campaign!",
    "label:description": "Labels for project {DA160AAC-59F8-437E-86C8-F3F5631EA597}_tile_0",
    "label:type": "vector",
    "label:properties": [
      "default"
    ],
    "label:classes": [
      {
        "classes": [
          "Pavement_distress",
          "Shadows"
        ],
        "name": "default"
      }
    ],
    "label:tasks": [
      "detection"
    ],
    "datetime": "2025-03-20T09:21:03.082575Z"
  },
  "geometry": {
    "type": "Polygon",
    "coordinates": [
      [
        [
          8.481365815240528,
          47.36332707924403
        ],
        [
          8.481367732458873,
          47.36342510831221
        ],
        [
          8.481271105110492,
          47.36342598068029
        ],
        [
          8.481269188069923,
          47.36332795161057
        ],
        [
          8.481365815240528,
          47.36332707924403
        ]
      ]
    ]
  },
  "links": [
    {
      "rel": "source",
      "href": "../bca233f4-64df-44a1-805d-ae86ad9dd096/bca233f4-64df-44a1-805d-ae86ad9dd096.json",
      "type": "application/json"
    },
    {
      "rel": "root",
      "href": "../../catalog.json",
      "type": "application/json"
    },
    {
      "rel": "collection",
      "href": "../collection.json",
      "type": "application/json"
    },
    {
      "rel": "parent",
      "href": "../collection.json",
      "type": "application/json"
    }
  ],
  "assets": {
    "labels": {
      "href": "./labels.geojson",
      "type": "application/geo+json"
    }
  },
  "bbox": [
    8.481269188069923,
    47.36332707924403,
    8.481367732458873,
    47.36342598068029
  ],
  "stac_extensions": [
    "https://stac-extensions.github.io/label/v1.0.1/schema.json"
  ],
  "collection": "2ff85b75-c12c-4abc-b91c-dd293ea9c187"
}