{
  "type": "Collection",
  "id": "b0993658-a372-4eab-89a0-b1d7dd518cc8",
  "stac_version": "1.0.0",
  "description": "14248_tile_0",
  "links": [
    {
      "rel": "root",
      "href": "../catalog.json",
      "type": "application/json"
    },
    {
      "rel": "item",
      "href": "./4cd55dfa-5855-41f1-94e3-e24a7d9b7bb8/4cd55dfa-5855-41f1-94e3-e24a7d9b7bb8.json",
      "type": "application/json"
    },
    {
      "rel": "item",
      "href": "./c0fb6f4e-18ad-4956-a911-26391f97e055/c0fb6f4e-18ad-4956-a911-26391f97e055.json",
      "type": "application/json"
    },
    {
      "rel": "parent",
      "href": "../catalog.json",
      "type": "application/json"
    }
  ],
  "extent": {
    "spatial": {
      "bbox": [
        [
          8.48643221408357,
          47.37853790589634,
          8.487119178864639,
          47.379004520684354
        ]
      ]
    },
    "temporal": {
      "interval": [
        [
          "2025-05-06T07:13:04.048918Z",
          "2025-05-07T19:01:22.422412Z"
        ]
      ]
    }
  },
  "license": "proprietary"
}