{
  "type": "Feature",
  "stac_version": "1.0.0",
  "id": "764ea5bb-81dd-4e6c-92e8-4c136578100a",
  "properties": {
    "title": "Groundwork campaign labels",
    "description": "Labels created from a Groundwork campaign!",
    "label:description": "Labels for project 345_tile_0",
    "label:type": "vector",
    "label:properties": [
      "default"
    ],
    "label:classes": [
      {
        "classes": [
          "Pavement_distress",
          "non_pavement_distress"
        ],
        "name": "default"
      }
    ],
    "label:tasks": [
      "detection"
    ],
    "datetime": "2025-05-07T19:02:45.986682Z"
  },
  "geometry": {
    "type": "Polygon",
    "coordinates": [
      [
        [
          8.522571283285666,
          47.399358939444866
        ],
        [
          8.52258065153404,
          47.399819397839906
        ],
        [
          8.521902477910956,
          47.39982575664791
        ],
        [
          8.521893115527199,
          47.39936529819844
        ],
        [
          8.522571283285666,
          47.399358939444866
        ]
      ]
    ]
  },
  "links": [
    {
      "rel": "source",
      "href": "../eec8a9ee-6ff3-41c7-ba3e-10aaad028760/eec8a9ee-6ff3-41c7-ba3e-10aaad028760.json",
      "type": "application/json"
    },
    {
      "rel": "root",
      "href": "../../catalog.json",
      "type": "application/json"
    },
    {
      "rel": "collection",
      "href": "../collection.json",
      "type": "application/json"
    },
    {
      "rel": "parent",
      "href": "../collection.json",
      "type": "application/json"
    }
  ],
  "assets": {
    "labels": {
      "href": "./labels.geojson",
      "type": "application/geo+json"
    }
  },
  "bbox": [
    8.521893115527199,
    47.399358939444866,
    8.52258065153404,
    47.39982575664791
  ],
  "stac_extensions": [
    "https://stac-extensions.github.io/label/v1.0.1/schema.json"
  ],
  "collection": "16c4341c-2de1-4089-a2e7-8fcdf5ab2ed0"
}