{
  "type": "Feature",
  "stac_version": "1.0.0",
  "id": "47ce4902-48b6-43b1-8f85-d91de4779c7b",
  "properties": {
    "title": "Groundwork campaign labels",
    "description": "Labels created from a Groundwork campaign!",
    "label:description": "Labels for project 3839_tile_0",
    "label:type": "vector",
    "label:properties": [
      "default"
    ],
    "label:classes": [
      {
        "classes": [
          "Pavement_distress",
          "non_pavement_distress"
        ],
        "name": "default"
      }
    ],
    "label:tasks": [
      "detection"
    ],
    "datetime": "2025-05-07T19:02:29.019305Z"
  },
  "geometry": {
    "type": "Polygon",
    "coordinates": [
      [
        [
          8.533615405710204,
          47.33254316210202
        ],
        [
          8.5336248575505,
          47.33300362889925
        ],
        [
          8.532947535347253,
          47.33301005265078
        ],
        [
          8.532938089356781,
          47.33254958579865
        ],
        [
          8.533615405710204,
          47.33254316210202
        ]
      ]
    ]
  },
  "links": [
    {
      "rel": "source",
      "href": "../1c112f8e-ca9a-49ec-85b7-6c1f8b5f5103/1c112f8e-ca9a-49ec-85b7-6c1f8b5f5103.json",
      "type": "application/json"
    },
    {
      "rel": "root",
      "href": "../../catalog.json",
      "type": "application/json"
    },
    {
      "rel": "collection",
      "href": "../collection.json",
      "type": "application/json"
    },
    {
      "rel": "parent",
      "href": "../collection.json",
      "type": "application/json"
    }
  ],
  "assets": {
    "labels": {
      "href": "./labels.geojson",
      "type": "application/geo+json"
    }
  },
  "bbox": [
    8.532938089356781,
    47.33254316210202,
    8.5336248575505,
    47.33301005265078
  ],
  "stac_extensions": [
    "https://stac-extensions.github.io/label/v1.0.1/schema.json"
  ],
  "collection": "e661d7d6-fdf0-4680-b293-40821f594b67"
}