{
  "type": "Feature",
  "stac_version": "1.0.0",
  "id": "e3b7f9b4-3894-4076-a744-d0a0595ffd92",
  "properties": {
    "title": "Groundwork campaign labels",
    "description": "Labels created from a Groundwork campaign!",
    "label:description": "Labels for project 3686_tile_0",
    "label:type": "vector",
    "label:properties": [
      "default"
    ],
    "label:classes": [
      {
        "classes": [
          "Pavement Distress",
          "Non-Pavement Distress"
        ],
        "name": "default"
      }
    ],
    "label:tasks": [
      "detection"
    ],
    "datetime": "2025-04-28T08:57:15.627976Z"
  },
  "geometry": {
    "type": "Polygon",
    "coordinates": [
      [
        [
          8.548098963292047,
          47.39777191907808
        ],
        [
          8.548108552050808,
          47.39823237559265
        ],
        [
          8.547430401748171,
          47.3982388843189
        ],
        [
          8.547420818853547,
          47.39777842774861
        ],
        [
          8.548098963292047,
          47.39777191907808
        ]
      ]
    ]
  },
  "links": [
    {
      "rel": "source",
      "href": "../43de13ec-4e67-4cf7-be71-7e20b227fc44/43de13ec-4e67-4cf7-be71-7e20b227fc44.json",
      "type": "application/json"
    },
    {
      "rel": "root",
      "href": "../../catalog.json",
      "type": "application/json"
    },
    {
      "rel": "collection",
      "href": "../collection.json",
      "type": "application/json"
    },
    {
      "rel": "parent",
      "href": "../collection.json",
      "type": "application/json"
    }
  ],
  "assets": {
    "labels": {
      "href": "./labels.geojson",
      "type": "application/geo+json"
    }
  },
  "bbox": [
    8.547420818853547,
    47.39777191907808,
    8.548108552050808,
    47.3982388843189
  ],
  "stac_extensions": [
    "https://stac-extensions.github.io/label/v1.0.1/schema.json"
  ],
  "collection": "785c6ed7-f568-4279-b53c-b05266583265"
}