{
  "type": "Feature",
  "stac_version": "1.0.0",
  "id": "00427772-49f0-41ee-a86d-951fdb70e901",
  "properties": {
    "title": "Groundwork campaign labels",
    "description": "Labels created from a Groundwork campaign!",
    "label:description": "Labels for project 9633_tile_2",
    "label:type": "vector",
    "label:properties": [
      "default"
    ],
    "label:classes": [
      {
        "classes": [
          "Pavement_distress",
          "non_pavement_distress"
        ],
        "name": "default"
      }
    ],
    "label:tasks": [
      "detection"
    ],
    "datetime": "2025-05-07T19:01:57.456914Z"
  },
  "geometry": {
    "type": "Polygon",
    "coordinates": [
      [
        [
          8.537210508523723,
          47.365637443032234
        ],
        [
          8.537219997344586,
          47.366097904999904
        ],
        [
          8.536542254794679,
          47.36610434982261
        ],
        [
          8.536532771830913,
          47.36564388779976
        ],
        [
          8.537210508523723,
          47.365637443032234
        ]
      ]
    ]
  },
  "links": [
    {
      "rel": "source",
      "href": "../d4477624-6e3a-40c8-89b7-2b21f1d274ee/d4477624-6e3a-40c8-89b7-2b21f1d274ee.json",
      "type": "application/json"
    },
    {
      "rel": "root",
      "href": "../../catalog.json",
      "type": "application/json"
    },
    {
      "rel": "collection",
      "href": "../collection.json",
      "type": "application/json"
    },
    {
      "rel": "parent",
      "href": "../collection.json",
      "type": "application/json"
    }
  ],
  "assets": {
    "labels": {
      "href": "./labels.geojson",
      "type": "application/geo+json"
    }
  },
  "bbox": [
    8.536532771830913,
    47.365637443032234,
    8.537219997344586,
    47.36610434982261
  ],
  "stac_extensions": [
    "https://stac-extensions.github.io/label/v1.0.1/schema.json"
  ],
  "collection": "09267e39-6c06-4973-bbd8-141251171172"
}