{
  "type": "Feature",
  "stac_version": "1.0.0",
  "id": "cb916bf6-76ef-467a-8c35-f35b53f36242",
  "properties": {
    "title": "Groundwork campaign labels",
    "description": "Labels created from a Groundwork campaign!",
    "label:description": "Labels for project {A5C5EF36-01DF-40F0-BE8D-564152F0A29D}_tile_0",
    "label:type": "vector",
    "label:properties": [
      "default"
    ],
    "label:classes": [
      {
        "classes": [
          "Pavement_distress",
          "Shadows"
        ],
        "name": "default"
      }
    ],
    "label:tasks": [
      "detection"
    ],
    "datetime": "2025-03-20T09:21:28.056369Z"
  },
  "geometry": {
    "type": "Polygon",
    "coordinates": [
      [
        [
          8.509815605303707,
          47.37890618734233
        ],
        [
          8.509824859645235,
          47.37936664968768
        ],
        [
          8.509146944946263,
          47.37937293361043
        ],
        [
          8.509137696464897,
          47.37891247121134
        ],
        [
          8.509815605303707,
          47.37890618734233
        ]
      ]
    ]
  },
  "links": [
    {
      "rel": "source",
      "href": "../3ad88286-f101-4f27-b916-a287706acbea/3ad88286-f101-4f27-b916-a287706acbea.json",
      "type": "application/json"
    },
    {
      "rel": "root",
      "href": "../../catalog.json",
      "type": "application/json"
    },
    {
      "rel": "collection",
      "href": "../collection.json",
      "type": "application/json"
    },
    {
      "rel": "parent",
      "href": "../collection.json",
      "type": "application/json"
    }
  ],
  "assets": {
    "labels": {
      "href": "./labels.geojson",
      "type": "application/geo+json"
    }
  },
  "bbox": [
    8.509137696464897,
    47.37890618734233,
    8.509824859645235,
    47.37937293361043
  ],
  "stac_extensions": [
    "https://stac-extensions.github.io/label/v1.0.1/schema.json"
  ],
  "collection": "49f804cb-7c63-47b0-8652-39864c5379a4"
}