{
  "type": "Collection",
  "id": "eb10418e-3a56-4364-8878-df0d0580c9c0",
  "stac_version": "1.0.0",
  "description": "11170_tile_2",
  "links": [
    {
      "rel": "root",
      "href": "../catalog.json",
      "type": "application/json"
    },
    {
      "rel": "item",
      "href": "./9f6dbdbe-5e23-4e67-b75a-412c87ccacf2/9f6dbdbe-5e23-4e67-b75a-412c87ccacf2.json",
      "type": "application/json"
    },
    {
      "rel": "item",
      "href": "./20ada6a7-3ef1-45a0-b217-42ce9f8b2caa/20ada6a7-3ef1-45a0-b217-42ce9f8b2caa.json",
      "type": "application/json"
    },
    {
      "rel": "parent",
      "href": "../catalog.json",
      "type": "application/json"
    }
  ],
  "extent": {
    "spatial": {
      "bbox": [
        [
          8.546336801882884,
          47.380741983262894,
          8.547024305897192,
          47.38120894467696
        ]
      ]
    },
    "temporal": {
      "interval": [
        [
          "2025-05-06T07:11:33.354757Z",
          "2025-05-07T19:01:45.462234Z"
        ]
      ]
    }
  },
  "license": "proprietary"
}