{
  "type": "Collection",
  "id": "9729eb66-d16b-44a3-a7bc-45690fd1bfbc",
  "stac_version": "1.0.0",
  "description": "17006_tile_3",
  "links": [
    {
      "rel": "root",
      "href": "../catalog.json",
      "type": "application/json"
    },
    {
      "rel": "item",
      "href": "./35e9d5bb-a4bd-4d99-8440-3f50aaf5868f/35e9d5bb-a4bd-4d99-8440-3f50aaf5868f.json",
      "type": "application/json"
    },
    {
      "rel": "item",
      "href": "./2905ba66-6b32-4f52-bc92-737127c15279/2905ba66-6b32-4f52-bc92-737127c15279.json",
      "type": "application/json"
    },
    {
      "rel": "parent",
      "href": "../catalog.json",
      "type": "application/json"
    }
  ],
  "extent": {
    "spatial": {
      "bbox": [
        [
          8.528184335858716,
          47.35516612844905,
          8.528871355164455,
          47.35563298836224
        ]
      ]
    },
    "temporal": {
      "interval": [
        [
          "2025-05-06T07:14:20.700369Z",
          "2025-05-07T19:01:05.514231Z"
        ]
      ]
    }
  },
  "license": "proprietary"
}