{
  "type": "Feature",
  "stac_version": "1.0.0",
  "id": "af633b3c-0894-4824-b866-50f53553eb0a",
  "properties": {
    "title": "Groundwork campaign labels",
    "description": "Labels created from a Groundwork campaign!",
    "label:description": "Labels for project 16949_tile_5",
    "label:type": "vector",
    "label:properties": [
      "default"
    ],
    "label:classes": [
      {
        "classes": [
          "Pavement Distress",
          "Non-Pavement Distress"
        ],
        "name": "default"
      }
    ],
    "label:tasks": [
      "detection"
    ],
    "datetime": "2025-04-28T08:56:02.040506Z"
  },
  "geometry": {
    "type": "Polygon",
    "coordinates": [
      [
        [
          8.561289971573274,
          47.382446345806116
        ],
        [
          8.56129967161164,
          47.38290680339906
        ],
        [
          8.560621718103068,
          47.38291338961145
        ],
        [
          8.560612023925387,
          47.38245293196213
        ],
        [
          8.561289971573274,
          47.382446345806116
        ]
      ]
    ]
  },
  "links": [
    {
      "rel": "source",
      "href": "../471d1654-3957-4c58-a221-2ab4f783b869/471d1654-3957-4c58-a221-2ab4f783b869.json",
      "type": "application/json"
    },
    {
      "rel": "root",
      "href": "../../catalog.json",
      "type": "application/json"
    },
    {
      "rel": "collection",
      "href": "../collection.json",
      "type": "application/json"
    },
    {
      "rel": "parent",
      "href": "../collection.json",
      "type": "application/json"
    }
  ],
  "assets": {
    "labels": {
      "href": "./labels.geojson",
      "type": "application/geo+json"
    }
  },
  "bbox": [
    8.560612023925387,
    47.382446345806116,
    8.56129967161164,
    47.38291338961145
  ],
  "stac_extensions": [
    "https://stac-extensions.github.io/label/v1.0.1/schema.json"
  ],
  "collection": "d083d705-12af-4a76-8087-b9af3d5ccbb9"
}