{
  "type": "Feature",
  "stac_version": "1.0.0",
  "id": "7cdaf9c0-5dd5-4f0a-b18a-076524e1da6f",
  "properties": {
    "title": "Groundwork campaign labels",
    "description": "Labels created from a Groundwork campaign!",
    "label:description": "Labels for project {4A97D647-ABB9-41B4-8F09-A45B48CBE462}_tile_1",
    "label:type": "vector",
    "label:properties": [
      "default"
    ],
    "label:classes": [
      {
        "classes": [
          "Pavement_distress",
          "Shadows"
        ],
        "name": "default"
      }
    ],
    "label:tasks": [
      "detection"
    ],
    "datetime": "2025-03-20T09:21:09.331809Z"
  },
  "geometry": {
    "type": "Polygon",
    "coordinates": [
      [
        [
          8.492590732503123,
          47.38219309664941
        ],
        [
          8.492596263655004,
          47.38247279211345
        ],
        [
          8.492302306073668,
          47.3824754733998
        ],
        [
          8.492296776465407,
          47.382195777921815
        ],
        [
          8.492590732503123,
          47.38219309664941
        ]
      ]
    ]
  },
  "links": [
    {
      "rel": "source",
      "href": "../b815152d-7d0c-4ee3-b0e8-48d977e0cb1c/b815152d-7d0c-4ee3-b0e8-48d977e0cb1c.json",
      "type": "application/json"
    },
    {
      "rel": "root",
      "href": "../../catalog.json",
      "type": "application/json"
    },
    {
      "rel": "collection",
      "href": "../collection.json",
      "type": "application/json"
    },
    {
      "rel": "parent",
      "href": "../collection.json",
      "type": "application/json"
    }
  ],
  "assets": {
    "labels": {
      "href": "./labels.geojson",
      "type": "application/geo+json"
    }
  },
  "bbox": [
    8.492296776465407,
    47.38219309664941,
    8.492596263655004,
    47.3824754733998
  ],
  "stac_extensions": [
    "https://stac-extensions.github.io/label/v1.0.1/schema.json"
  ],
  "collection": "69ef5eaf-e764-44fa-956e-b863a0c50fba"
}