{
  "type": "Collection",
  "id": "8a5715bc-b259-4f1c-89e0-94543c75d7e5",
  "stac_version": "1.0.0",
  "description": "4340_tile_0",
  "links": [
    {
      "rel": "root",
      "href": "../catalog.json",
      "type": "application/json"
    },
    {
      "rel": "item",
      "href": "./fa34ba10-cdc4-46bb-97b9-ce0be4f37eac/fa34ba10-cdc4-46bb-97b9-ce0be4f37eac.json",
      "type": "application/json"
    },
    {
      "rel": "item",
      "href": "./e8dec5af-2e8e-4f20-b0a5-39d3d8c4fd15/e8dec5af-2e8e-4f20-b0a5-39d3d8c4fd15.json",
      "type": "application/json"
    },
    {
      "rel": "parent",
      "href": "../catalog.json",
      "type": "application/json"
    }
  ],
  "extent": {
    "spatial": {
      "bbox": [
        [
          8.574755613538397,
          47.40278099166053,
          8.575443644492834,
          47.40324811438791
        ]
      ]
    },
    "temporal": {
      "interval": [
        [
          "2025-04-02T11:45:01.382108Z",
          "2025-04-28T08:57:12.029288Z"
        ]
      ]
    }
  },
  "license": "proprietary"
}