{
  "type": "Collection",
  "id": "0d69a6e2-dab8-46f8-9e8c-c79152777241",
  "stac_version": "1.0.0",
  "description": "9226_tile_0",
  "links": [
    {
      "rel": "root",
      "href": "../catalog.json",
      "type": "application/json"
    },
    {
      "rel": "item",
      "href": "./6fd97d1f-bc88-4518-8e7d-3f8675b2dd19/6fd97d1f-bc88-4518-8e7d-3f8675b2dd19.json",
      "type": "application/json"
    },
    {
      "rel": "item",
      "href": "./594ec14a-ea4a-4e06-982d-d45518f729f9/594ec14a-ea4a-4e06-982d-d45518f729f9.json",
      "type": "application/json"
    },
    {
      "rel": "parent",
      "href": "../catalog.json",
      "type": "application/json"
    }
  ],
  "extent": {
    "spatial": {
      "bbox": [
        [
          8.553360394800428,
          47.371463339744324,
          8.554047838894094,
          47.37193034313501
        ]
      ]
    },
    "temporal": {
      "interval": [
        [
          "2025-05-06T07:10:13.719474Z",
          "2025-05-07T19:02:05.128621Z"
        ]
      ]
    }
  },
  "license": "proprietary"
}