{
  "type": "Feature",
  "stac_version": "1.0.0",
  "id": "d4217231-83a2-492c-b4e7-c0c565560b11",
  "properties": {
    "title": "Groundwork campaign labels",
    "description": "Labels created from a Groundwork campaign!",
    "label:description": "Labels for project 7959_tile_1",
    "label:type": "vector",
    "label:properties": [
      "default"
    ],
    "label:classes": [
      {
        "classes": [
          "Pavement_distress",
          "non_pavement_distress"
        ],
        "name": "default"
      }
    ],
    "label:tasks": [
      "detection"
    ],
    "datetime": "2025-05-07T19:02:10.041864Z"
  },
  "geometry": {
    "type": "Polygon",
    "coordinates": [
      [
        [
          8.48685271801734,
          47.37393387469919
        ],
        [
          8.48686177296848,
          47.37439433957654
        ],
        [
          8.48618391886156,
          47.374400488649215
        ],
        [
          8.486174869769608,
          47.37394002371929
        ],
        [
          8.48685271801734,
          47.37393387469919
        ]
      ]
    ]
  },
  "links": [
    {
      "rel": "source",
      "href": "../f4b9ab35-cd98-4bfc-b42b-a4f94dc09c59/f4b9ab35-cd98-4bfc-b42b-a4f94dc09c59.json",
      "type": "application/json"
    },
    {
      "rel": "root",
      "href": "../../catalog.json",
      "type": "application/json"
    },
    {
      "rel": "collection",
      "href": "../collection.json",
      "type": "application/json"
    },
    {
      "rel": "parent",
      "href": "../collection.json",
      "type": "application/json"
    }
  ],
  "assets": {
    "labels": {
      "href": "./labels.geojson",
      "type": "application/geo+json"
    }
  },
  "bbox": [
    8.486174869769608,
    47.37393387469919,
    8.48686177296848,
    47.374400488649215
  ],
  "stac_extensions": [
    "https://stac-extensions.github.io/label/v1.0.1/schema.json"
  ],
  "collection": "0e8ec1d0-994e-4d29-b08d-b8beafb26e4e"
}