{
  "type": "Feature",
  "stac_version": "1.0.0",
  "id": "c3bad5aa-c022-4f3c-a0e1-fd8a3850df2f",
  "properties": {
    "title": "Groundwork campaign labels",
    "description": "Labels created from a Groundwork campaign!",
    "label:description": "Labels for project {F42E2117-9C1C-4F0F-A49C-E9145A843B91}_tile_0",
    "label:type": "vector",
    "label:properties": [
      "default"
    ],
    "label:classes": [
      {
        "classes": [
          "Pavement_distress",
          "Shadows"
        ],
        "name": "default"
      }
    ],
    "label:tasks": [
      "detection"
    ],
    "datetime": "2025-03-20T09:21:21.136382Z"
  },
  "geometry": {
    "type": "Polygon",
    "coordinates": [
      [
        [
          8.534284052260967,
          47.37269944784741
        ],
        [
          8.534287342734794,
          47.37285953007666
        ],
        [
          8.533736606730946,
          47.37286475279804
        ],
        [
          8.533733317912011,
          47.37270467055325
        ],
        [
          8.534284052260967,
          47.37269944784741
        ]
      ]
    ]
  },
  "links": [
    {
      "rel": "source",
      "href": "../ab67c072-0313-454c-8807-0c2a4f515878/ab67c072-0313-454c-8807-0c2a4f515878.json",
      "type": "application/json"
    },
    {
      "rel": "root",
      "href": "../../catalog.json",
      "type": "application/json"
    },
    {
      "rel": "collection",
      "href": "../collection.json",
      "type": "application/json"
    },
    {
      "rel": "parent",
      "href": "../collection.json",
      "type": "application/json"
    }
  ],
  "assets": {
    "labels": {
      "href": "./labels.geojson",
      "type": "application/geo+json"
    }
  },
  "bbox": [
    8.533733317912011,
    47.37269944784741,
    8.534287342734794,
    47.37286475279804
  ],
  "stac_extensions": [
    "https://stac-extensions.github.io/label/v1.0.1/schema.json"
  ],
  "collection": "8b7d095a-1161-4554-92b9-fb1f5a441d60"
}