{
  "type": "Collection",
  "id": "3675b86f-823a-406d-8f33-b147dbc827f0",
  "stac_version": "1.0.0",
  "description": "{F204F37D-4EDF-4D50-B0C2-6EC4EB6D8ECD}_tile_0",
  "links": [
    {
      "rel": "root",
      "href": "../catalog.json",
      "type": "application/json"
    },
    {
      "rel": "item",
      "href": "./7ad9f108-7588-4486-8fce-b642c8331f75/7ad9f108-7588-4486-8fce-b642c8331f75.json",
      "type": "application/json"
    },
    {
      "rel": "item",
      "href": "./2fda03d4-7f69-497f-b81b-984d56130866/2fda03d4-7f69-497f-b81b-984d56130866.json",
      "type": "application/json"
    },
    {
      "rel": "parent",
      "href": "../catalog.json",
      "type": "application/json"
    }
  ],
  "extent": {
    "spatial": {
      "bbox": [
        [
          8.48779583104714,
          47.380805766088066,
          8.48848283671706,
          47.38127238845383
        ]
      ]
    },
    "temporal": {
      "interval": [
        [
          "2025-01-31T23:43:51.404614Z",
          "2025-03-20T09:21:33.404637Z"
        ]
      ]
    }
  },
  "license": "proprietary"
}