{
  "type": "Collection",
  "id": "c3bab2a7-c254-40ca-89a1-f2005f68656c",
  "stac_version": "1.0.0",
  "description": "4135_tile_0",
  "links": [
    {
      "rel": "root",
      "href": "../catalog.json",
      "type": "application/json"
    },
    {
      "rel": "item",
      "href": "./a340174e-2c5a-4d2a-b0d7-4056dee8ba9f/a340174e-2c5a-4d2a-b0d7-4056dee8ba9f.json",
      "type": "application/json"
    },
    {
      "rel": "item",
      "href": "./3a8fb2a4-3c78-4216-84fa-f0d28250b362/3a8fb2a4-3c78-4216-84fa-f0d28250b362.json",
      "type": "application/json"
    },
    {
      "rel": "parent",
      "href": "../catalog.json",
      "type": "application/json"
    }
  ],
  "extent": {
    "spatial": {
      "bbox": [
        [
          8.532320378799858,
          47.34449198252883,
          8.533007295725152,
          47.34495886786766
        ]
      ]
    },
    "temporal": {
      "interval": [
        [
          "2025-04-02T11:44:56.742524Z",
          "2025-04-28T08:57:13.354144Z"
        ]
      ]
    }
  },
  "license": "proprietary"
}