{
  "type": "Collection",
  "id": "ed33a17e-e403-4cd2-a55b-e5c09693f8c8",
  "stac_version": "1.0.0",
  "description": "11675_tile_1",
  "links": [
    {
      "rel": "root",
      "href": "../catalog.json",
      "type": "application/json"
    },
    {
      "rel": "item",
      "href": "./25f35074-9fde-41cf-9e6c-3b3b84846e95/25f35074-9fde-41cf-9e6c-3b3b84846e95.json",
      "type": "application/json"
    },
    {
      "rel": "item",
      "href": "./d6217bdd-7a82-4703-8682-c44c7e2da1a7/d6217bdd-7a82-4703-8682-c44c7e2da1a7.json",
      "type": "application/json"
    },
    {
      "rel": "parent",
      "href": "../catalog.json",
      "type": "application/json"
    }
  ],
  "extent": {
    "spatial": {
      "bbox": [
        [
          8.491562619632774,
          47.38960729922722,
          8.492249771009941,
          47.390073942156775
        ]
      ]
    },
    "temporal": {
      "interval": [
        [
          "2025-05-06T07:11:50.152543Z",
          "2025-05-07T19:01:41.162118Z"
        ]
      ]
    }
  },
  "license": "proprietary"
}