{
  "type": "Collection",
  "id": "161f4d9c-0c62-400c-b31d-96d316aa251b",
  "stac_version": "1.0.0",
  "description": "17052_tile_2",
  "links": [
    {
      "rel": "root",
      "href": "../catalog.json",
      "type": "application/json"
    },
    {
      "rel": "item",
      "href": "./d2761378-1ef5-4b53-84bb-5a1ee66d61e7/d2761378-1ef5-4b53-84bb-5a1ee66d61e7.json",
      "type": "application/json"
    },
    {
      "rel": "item",
      "href": "./ed5569b6-de66-49d3-bed7-9edbed7ed6e2/ed5569b6-de66-49d3-bed7-9edbed7ed6e2.json",
      "type": "application/json"
    },
    {
      "rel": "parent",
      "href": "../catalog.json",
      "type": "application/json"
    }
  ],
  "extent": {
    "spatial": {
      "bbox": [
        [
          8.515071808624366,
          47.37706908330544,
          8.515758998698612,
          47.3775358642043
        ]
      ]
    },
    "temporal": {
      "interval": [
        [
          "2025-04-02T11:49:41.696363Z",
          "2025-04-28T08:56:01.681448Z"
        ]
      ]
    }
  },
  "license": "proprietary"
}