{
  "type": "Collection",
  "id": "2ff85b75-c12c-4abc-b91c-dd293ea9c187",
  "stac_version": "1.0.0",
  "description": "{DA160AAC-59F8-437E-86C8-F3F5631EA597}_tile_0",
  "links": [
    {
      "rel": "root",
      "href": "../catalog.json",
      "type": "application/json"
    },
    {
      "rel": "item",
      "href": "./bca233f4-64df-44a1-805d-ae86ad9dd096/bca233f4-64df-44a1-805d-ae86ad9dd096.json",
      "type": "application/json"
    },
    {
      "rel": "item",
      "href": "./1edeed66-439d-4d5c-8784-01d399597b1f/1edeed66-439d-4d5c-8784-01d399597b1f.json",
      "type": "application/json"
    },
    {
      "rel": "parent",
      "href": "../catalog.json",
      "type": "application/json"
    }
  ],
  "extent": {
    "spatial": {
      "bbox": [
        [
          8.481269188069923,
          47.36332707924403,
          8.481367732458873,
          47.36342598068029
        ]
      ]
    },
    "temporal": {
      "interval": [
        [
          "2025-01-31T23:46:06.170396Z",
          "2025-03-20T09:21:03.082575Z"
        ]
      ]
    }
  },
  "license": "proprietary"
}