{
  "type": "Collection",
  "id": "8f22a9be-3c8a-4249-a476-3a7f0200ee70",
  "stac_version": "1.0.0",
  "description": "5822_tile_1",
  "links": [
    {
      "rel": "root",
      "href": "../catalog.json",
      "type": "application/json"
    },
    {
      "rel": "item",
      "href": "./9f70ed56-bc7f-4158-ab5c-2b3fba8d20a5/9f70ed56-bc7f-4158-ab5c-2b3fba8d20a5.json",
      "type": "application/json"
    },
    {
      "rel": "item",
      "href": "./8dca551f-c662-4d34-9657-59ddbb01f939/8dca551f-c662-4d34-9657-59ddbb01f939.json",
      "type": "application/json"
    },
    {
      "rel": "parent",
      "href": "../catalog.json",
      "type": "application/json"
    }
  ],
  "extent": {
    "spatial": {
      "bbox": [
        [
          8.55053259051576,
          47.419349043792494,
          8.551220629130967,
          47.419816023886284
        ]
      ]
    },
    "temporal": {
      "interval": [
        [
          "2025-04-02T11:45:32.834718Z",
          "2025-04-28T08:57:02.739794Z"
        ]
      ]
    }
  },
  "license": "proprietary"
}