{
  "type": "Collection",
  "id": "3fa620bc-3bf2-4d7d-a028-794271961024",
  "stac_version": "1.0.0",
  "description": "{CF08E479-D64B-4092-AFAE-6FFA24B49977}_tile_1",
  "links": [
    {
      "rel": "root",
      "href": "../catalog.json",
      "type": "application/json"
    },
    {
      "rel": "item",
      "href": "./e49bce05-dcb1-438d-a6c4-fa49b9282a3e/e49bce05-dcb1-438d-a6c4-fa49b9282a3e.json",
      "type": "application/json"
    },
    {
      "rel": "item",
      "href": "./aaab5799-b79d-4e75-bf25-346c64144164/aaab5799-b79d-4e75-bf25-346c64144164.json",
      "type": "application/json"
    },
    {
      "rel": "parent",
      "href": "../catalog.json",
      "type": "application/json"
    }
  ],
  "extent": {
    "spatial": {
      "bbox": [
        [
          8.562676229754882,
          47.347259338405294,
          8.563283629850378,
          47.34745497570992
        ]
      ]
    },
    "temporal": {
      "interval": [
        [
          "2025-01-31T23:44:46.881467Z",
          "2025-03-20T09:21:20.944130Z"
        ]
      ]
    }
  },
  "license": "proprietary"
}