{
  "type": "Feature",
  "stac_version": "1.0.0",
  "id": "b9ac36c1-729d-4a2e-a592-787284c1e0e3",
  "properties": {
    "title": "Groundwork campaign labels",
    "description": "Labels created from a Groundwork campaign!",
    "label:description": "Labels for project 15827_tile_0",
    "label:type": "vector",
    "label:properties": [
      "default"
    ],
    "label:classes": [
      {
        "classes": [
          "Pavement Distress",
          "Non-Pavement Distress"
        ],
        "name": "default"
      }
    ],
    "label:tasks": [
      "detection"
    ],
    "datetime": "2025-04-28T08:56:09.136351Z"
  },
  "geometry": {
    "type": "Polygon",
    "coordinates": [
      [
        [
          8.56724678026494,
          47.37317724418113
        ],
        [
          8.567256530101476,
          47.37363770257619
        ],
        [
          8.566578695316895,
          47.37364432378291
        ],
        [
          8.56656895133896,
          47.37318386533119
        ],
        [
          8.56724678026494,
          47.37317724418113
        ]
      ]
    ]
  },
  "links": [
    {
      "rel": "source",
      "href": "../3a3c5549-325b-48a9-9238-2a4b0e2d545a/3a3c5549-325b-48a9-9238-2a4b0e2d545a.json",
      "type": "application/json"
    },
    {
      "rel": "root",
      "href": "../../catalog.json",
      "type": "application/json"
    },
    {
      "rel": "collection",
      "href": "../collection.json",
      "type": "application/json"
    },
    {
      "rel": "parent",
      "href": "../collection.json",
      "type": "application/json"
    }
  ],
  "assets": {
    "labels": {
      "href": "./labels.geojson",
      "type": "application/geo+json"
    }
  },
  "bbox": [
    8.56656895133896,
    47.37317724418113,
    8.567256530101476,
    47.37364432378291
  ],
  "stac_extensions": [
    "https://stac-extensions.github.io/label/v1.0.1/schema.json"
  ],
  "collection": "e4707efa-a1d1-4a2a-a371-777506ec0e4d"
}