{
  "type": "Collection",
  "id": "757b4957-41a7-4ea1-9321-8fb8b4ecf595",
  "stac_version": "1.0.0",
  "description": "11471_tile_0",
  "links": [
    {
      "rel": "root",
      "href": "../catalog.json",
      "type": "application/json"
    },
    {
      "rel": "item",
      "href": "./9766e7d7-be9c-4558-9918-ee48683c8b29/9766e7d7-be9c-4558-9918-ee48683c8b29.json",
      "type": "application/json"
    },
    {
      "rel": "item",
      "href": "./928fcc37-b70c-4a51-a72f-0e210a6068af/928fcc37-b70c-4a51-a72f-0e210a6068af.json",
      "type": "application/json"
    },
    {
      "rel": "parent",
      "href": "../catalog.json",
      "type": "application/json"
    }
  ],
  "extent": {
    "spatial": {
      "bbox": [
        [
          8.54702413760016,
          47.41824848174023,
          8.547712132060699,
          47.418715441686615
        ]
      ]
    },
    "temporal": {
      "interval": [
        [
          "2025-04-02T11:47:27.667330Z",
          "2025-04-28T08:56:29.642855Z"
        ]
      ]
    }
  },
  "license": "proprietary"
}