{
  "type": "Feature",
  "stac_version": "1.0.0",
  "id": "8bfccf3c-2ed9-4d37-9ed6-2a886477f188",
  "properties": {
    "title": "Groundwork campaign labels",
    "description": "Labels created from a Groundwork campaign!",
    "label:description": "Labels for project 12522_tile_1",
    "label:type": "vector",
    "label:properties": [
      "default"
    ],
    "label:classes": [
      {
        "classes": [
          "Pavement Distress",
          "Non-Pavement Distress"
        ],
        "name": "default"
      }
    ],
    "label:tasks": [
      "detection"
    ],
    "datetime": "2025-04-28T08:56:24.301172Z"
  },
  "geometry": {
    "type": "Polygon",
    "coordinates": [
      [
        [
          8.482366731877105,
          47.36887519516766
        ],
        [
          8.482375747183989,
          47.36933566110651
        ],
        [
          8.481697956932422,
          47.36934178383998
        ],
        [
          8.48168894748362,
          47.36888131784874
        ],
        [
          8.482366731877105,
          47.36887519516766
        ]
      ]
    ]
  },
  "links": [
    {
      "rel": "source",
      "href": "../1cdebb9c-2692-44ee-87a9-a270e84573b2/1cdebb9c-2692-44ee-87a9-a270e84573b2.json",
      "type": "application/json"
    },
    {
      "rel": "root",
      "href": "../../catalog.json",
      "type": "application/json"
    },
    {
      "rel": "collection",
      "href": "../collection.json",
      "type": "application/json"
    },
    {
      "rel": "parent",
      "href": "../collection.json",
      "type": "application/json"
    }
  ],
  "assets": {
    "labels": {
      "href": "./labels.geojson",
      "type": "application/geo+json"
    }
  },
  "bbox": [
    8.48168894748362,
    47.36887519516766,
    8.482375747183989,
    47.36934178383998
  ],
  "stac_extensions": [
    "https://stac-extensions.github.io/label/v1.0.1/schema.json"
  ],
  "collection": "9ccb08ac-9123-4c2e-9e43-c4b4b8da29bf"
}