{
  "type": "Feature",
  "stac_version": "1.0.0",
  "id": "55ec43bb-3942-4e44-b8e7-035ee67a98f1",
  "properties": {
    "title": "Groundwork campaign labels",
    "description": "Labels created from a Groundwork campaign!",
    "label:description": "Labels for project 12902_tile_3",
    "label:type": "vector",
    "label:properties": [
      "default"
    ],
    "label:classes": [
      {
        "classes": [
          "Pavement_distress",
          "non_pavement_distress"
        ],
        "name": "default"
      }
    ],
    "label:tasks": [
      "detection"
    ],
    "datetime": "2025-05-07T19:01:30.035224Z"
  },
  "geometry": {
    "type": "Polygon",
    "coordinates": [
      [
        [
          8.536233654736025,
          47.384039982049295
        ],
        [
          8.536243138409151,
          47.384500441511136
        ],
        [
          8.53556516152935,
          47.38450688057365
        ],
        [
          8.535555683717387,
          47.384046421056716
        ],
        [
          8.536233654736025,
          47.384039982049295
        ]
      ]
    ]
  },
  "links": [
    {
      "rel": "source",
      "href": "../a356901b-b7fb-4478-bccf-5d594875538d/a356901b-b7fb-4478-bccf-5d594875538d.json",
      "type": "application/json"
    },
    {
      "rel": "root",
      "href": "../../catalog.json",
      "type": "application/json"
    },
    {
      "rel": "collection",
      "href": "../collection.json",
      "type": "application/json"
    },
    {
      "rel": "parent",
      "href": "../collection.json",
      "type": "application/json"
    }
  ],
  "assets": {
    "labels": {
      "href": "./labels.geojson",
      "type": "application/geo+json"
    }
  },
  "bbox": [
    8.535555683717387,
    47.384039982049295,
    8.536243138409151,
    47.38450688057365
  ],
  "stac_extensions": [
    "https://stac-extensions.github.io/label/v1.0.1/schema.json"
  ],
  "collection": "578350fa-22b9-4710-b6dd-54245d28e33e"
}