{
  "type": "Collection",
  "id": "d7d22cfb-6352-4f1b-b166-76b8bd780760",
  "stac_version": "1.0.0",
  "description": "{B617A164-4E46-4D42-941D-766326FC05ED}_tile_0",
  "links": [
    {
      "rel": "root",
      "href": "../catalog.json",
      "type": "application/json"
    },
    {
      "rel": "item",
      "href": "./d3c9979e-91d8-4601-a0e2-52d90144c4b7/d3c9979e-91d8-4601-a0e2-52d90144c4b7.json",
      "type": "application/json"
    },
    {
      "rel": "item",
      "href": "./751c7878-7e43-4c33-8e36-01d1b75a3938/751c7878-7e43-4c33-8e36-01d1b75a3938.json",
      "type": "application/json"
    },
    {
      "rel": "parent",
      "href": "../catalog.json",
      "type": "application/json"
    }
  ],
  "extent": {
    "spatial": {
      "bbox": [
        [
          8.507691011462635,
          47.363366306258605,
          8.507972980944965,
          47.36376635343893
        ]
      ]
    },
    "temporal": {
      "interval": [
        [
          "2025-01-31T23:44:41.667843Z",
          "2025-03-20T09:21:22.203087Z"
        ]
      ]
    }
  },
  "license": "proprietary"
}