{
  "type": "Feature",
  "stac_version": "1.0.0",
  "id": "e11d7b38-6254-45bb-9e43-61a0f5a5fcac",
  "properties": {
    "title": "Groundwork campaign labels",
    "description": "Labels created from a Groundwork campaign!",
    "label:description": "Labels for project 11980_tile_0",
    "label:type": "vector",
    "label:properties": [
      "default"
    ],
    "label:classes": [
      {
        "classes": [
          "Pavement Distress",
          "Non-Pavement Distress"
        ],
        "name": "default"
      }
    ],
    "label:tasks": [
      "detection"
    ],
    "datetime": "2025-04-28T08:56:26.664476Z"
  },
  "geometry": {
    "type": "Polygon",
    "coordinates": [
      [
        [
          8.542398429630433,
          47.33439798079783
        ],
        [
          8.542407957675664,
          47.33485844661847
        ],
        [
          8.541730612971143,
          47.33486492194823
        ],
        [
          8.541721090776091,
          47.33440445607223
        ],
        [
          8.542398429630433,
          47.33439798079783
        ]
      ]
    ]
  },
  "links": [
    {
      "rel": "source",
      "href": "../74c3c96f-6816-4ebd-b880-bbe5e3d220e5/74c3c96f-6816-4ebd-b880-bbe5e3d220e5.json",
      "type": "application/json"
    },
    {
      "rel": "root",
      "href": "../../catalog.json",
      "type": "application/json"
    },
    {
      "rel": "collection",
      "href": "../collection.json",
      "type": "application/json"
    },
    {
      "rel": "parent",
      "href": "../collection.json",
      "type": "application/json"
    }
  ],
  "assets": {
    "labels": {
      "href": "./labels.geojson",
      "type": "application/geo+json"
    }
  },
  "bbox": [
    8.541721090776091,
    47.33439798079783,
    8.542407957675664,
    47.33486492194823
  ],
  "stac_extensions": [
    "https://stac-extensions.github.io/label/v1.0.1/schema.json"
  ],
  "collection": "101c7b01-83f2-4fe8-99f5-43f27895368f"
}