{
  "type": "Collection",
  "id": "228e9ccb-9646-4c3d-9c3e-d82cd384f100",
  "stac_version": "1.0.0",
  "description": "16911_tile_1",
  "links": [
    {
      "rel": "root",
      "href": "../catalog.json",
      "type": "application/json"
    },
    {
      "rel": "item",
      "href": "./dd1d79d8-d01a-451a-8b73-7d802ead2dcb/dd1d79d8-d01a-451a-8b73-7d802ead2dcb.json",
      "type": "application/json"
    },
    {
      "rel": "item",
      "href": "./ed7dff62-da1a-4c8e-bda3-fe0b94f38777/ed7dff62-da1a-4c8e-bda3-fe0b94f38777.json",
      "type": "application/json"
    },
    {
      "rel": "parent",
      "href": "../catalog.json",
      "type": "application/json"
    }
  ],
  "extent": {
    "spatial": {
      "bbox": [
        [
          8.531129744755127,
          47.36660981447953,
          8.531816936766223,
          47.36707668984851
        ]
      ]
    },
    "temporal": {
      "interval": [
        [
          "2025-05-06T07:14:12.813547Z",
          "2025-05-07T19:01:06.900019Z"
        ]
      ]
    }
  },
  "license": "proprietary"
}