{
  "type": "Feature",
  "stac_version": "1.0.0",
  "id": "13365cfc-91f5-4b5d-919b-847f0e59a4b8",
  "properties": {
    "title": "Groundwork campaign labels",
    "description": "Labels created from a Groundwork campaign!",
    "label:description": "Labels for project 15691_tile_1",
    "label:type": "vector",
    "label:properties": [
      "default"
    ],
    "label:classes": [
      {
        "classes": [
          "Pavement_distress",
          "non_pavement_distress"
        ],
        "name": "default"
      }
    ],
    "label:tasks": [
      "detection"
    ],
    "datetime": "2025-05-07T19:01:14.875555Z"
  },
  "geometry": {
    "type": "Polygon",
    "coordinates": [
      [
        [
          8.555282330960619,
          47.41934846945671
        ],
        [
          8.555291985787573,
          47.419808922234054
        ],
        [
          8.554613561413937,
          47.41981547311806
        ],
        [
          8.554603912455855,
          47.41935502028453
        ],
        [
          8.555282330960619,
          47.41934846945671
        ]
      ]
    ]
  },
  "links": [
    {
      "rel": "source",
      "href": "../e5077c77-32d4-4e2c-8f92-b1991c5468d6/e5077c77-32d4-4e2c-8f92-b1991c5468d6.json",
      "type": "application/json"
    },
    {
      "rel": "root",
      "href": "../../catalog.json",
      "type": "application/json"
    },
    {
      "rel": "collection",
      "href": "../collection.json",
      "type": "application/json"
    },
    {
      "rel": "parent",
      "href": "../collection.json",
      "type": "application/json"
    }
  ],
  "assets": {
    "labels": {
      "href": "./labels.geojson",
      "type": "application/geo+json"
    }
  },
  "bbox": [
    8.554603912455855,
    47.41934846945671,
    8.555291985787573,
    47.41981547311806
  ],
  "stac_extensions": [
    "https://stac-extensions.github.io/label/v1.0.1/schema.json"
  ],
  "collection": "8036317d-7359-4237-8336-bddcac4b8e6a"
}