{
  "type": "Collection",
  "id": "4c38c6e7-b4dc-46f8-b005-4f16097d3b16",
  "stac_version": "1.0.0",
  "description": "14427_tile_0",
  "links": [
    {
      "rel": "root",
      "href": "../catalog.json",
      "type": "application/json"
    },
    {
      "rel": "item",
      "href": "./67cfb0e3-615e-4edd-acac-ba99e4249723/67cfb0e3-615e-4edd-acac-ba99e4249723.json",
      "type": "application/json"
    },
    {
      "rel": "item",
      "href": "./b45a2e00-8471-4882-8be1-0dee87fb3fb5/b45a2e00-8471-4882-8be1-0dee87fb3fb5.json",
      "type": "application/json"
    },
    {
      "rel": "parent",
      "href": "../catalog.json",
      "type": "application/json"
    }
  ],
  "extent": {
    "spatial": {
      "bbox": [
        [
          8.509402371383812,
          47.42530272517695,
          8.510090136050698,
          47.425769466227344
        ]
      ]
    },
    "temporal": {
      "interval": [
        [
          "2025-04-02T11:48:35.265648Z",
          "2025-04-28T08:56:16.034817Z"
        ]
      ]
    }
  },
  "license": "proprietary"
}