{
  "type": "Feature",
  "stac_version": "1.0.0",
  "id": "959b0e23-433f-4e45-9910-b9fd133f785b",
  "properties": {
    "title": "Groundwork campaign labels",
    "description": "Labels created from a Groundwork campaign!",
    "label:description": "Labels for project {B2CEEC40-CB51-4240-96F2-655F1CCA4330}_tile_1",
    "label:type": "vector",
    "label:properties": [
      "default"
    ],
    "label:classes": [
      {
        "classes": [
          "Pavement_distress",
          "Shadows"
        ],
        "name": "default"
      }
    ],
    "label:tasks": [
      "detection"
    ],
    "datetime": "2025-03-20T09:21:05.347533Z"
  },
  "geometry": {
    "type": "Polygon",
    "coordinates": [
      [
        [
          8.501041382231993,
          47.4033133825414
        ],
        [
          8.50104457464169,
          47.40347346419469
        ],
        [
          8.500776994595988,
          47.40347592351891
        ],
        [
          8.500773802990821,
          47.40331584185829
        ],
        [
          8.501041382231993,
          47.4033133825414
        ]
      ]
    ]
  },
  "links": [
    {
      "rel": "source",
      "href": "../0df5d9e0-d85c-4dca-9123-68922b813abc/0df5d9e0-d85c-4dca-9123-68922b813abc.json",
      "type": "application/json"
    },
    {
      "rel": "root",
      "href": "../../catalog.json",
      "type": "application/json"
    },
    {
      "rel": "collection",
      "href": "../collection.json",
      "type": "application/json"
    },
    {
      "rel": "parent",
      "href": "../collection.json",
      "type": "application/json"
    }
  ],
  "assets": {
    "labels": {
      "href": "./labels.geojson",
      "type": "application/geo+json"
    }
  },
  "bbox": [
    8.500773802990821,
    47.4033133825414,
    8.50104457464169,
    47.40347592351891
  ],
  "stac_extensions": [
    "https://stac-extensions.github.io/label/v1.0.1/schema.json"
  ],
  "collection": "bec050df-a126-4867-807b-e97a16e39e24"
}