{
  "type": "Feature",
  "stac_version": "1.0.0",
  "id": "c0fb6f4e-18ad-4956-a911-26391f97e055",
  "properties": {
    "title": "Groundwork campaign labels",
    "description": "Labels created from a Groundwork campaign!",
    "label:description": "Labels for project 14248_tile_0",
    "label:type": "vector",
    "label:properties": [
      "default"
    ],
    "label:classes": [
      {
        "classes": [
          "Pavement_distress",
          "non_pavement_distress"
        ],
        "name": "default"
      }
    ],
    "label:tasks": [
      "detection"
    ],
    "datetime": "2025-05-07T19:01:22.422412Z"
  },
  "geometry": {
    "type": "Polygon",
    "coordinates": [
      [
        [
          8.487110120900454,
          47.37853790589634
        ],
        [
          8.487119178864639,
          47.3789983701056
        ],
        [
          8.486441266187564,
          47.379004520684354
        ],
        [
          8.48643221408357,
          47.378544056422456
        ],
        [
          8.487110120900454,
          47.37853790589634
        ]
      ]
    ]
  },
  "links": [
    {
      "rel": "source",
      "href": "../4cd55dfa-5855-41f1-94e3-e24a7d9b7bb8/4cd55dfa-5855-41f1-94e3-e24a7d9b7bb8.json",
      "type": "application/json"
    },
    {
      "rel": "root",
      "href": "../../catalog.json",
      "type": "application/json"
    },
    {
      "rel": "collection",
      "href": "../collection.json",
      "type": "application/json"
    },
    {
      "rel": "parent",
      "href": "../collection.json",
      "type": "application/json"
    }
  ],
  "assets": {
    "labels": {
      "href": "./labels.geojson",
      "type": "application/geo+json"
    }
  },
  "bbox": [
    8.48643221408357,
    47.37853790589634,
    8.487119178864639,
    47.379004520684354
  ],
  "stac_extensions": [
    "https://stac-extensions.github.io/label/v1.0.1/schema.json"
  ],
  "collection": "b0993658-a372-4eab-89a0-b1d7dd518cc8"
}