{
  "type": "Collection",
  "id": "a605ce27-44d1-476b-a6ee-71b66d4629fe",
  "stac_version": "1.0.0",
  "description": "17377_tile_3",
  "links": [
    {
      "rel": "root",
      "href": "../catalog.json",
      "type": "application/json"
    },
    {
      "rel": "item",
      "href": "./6638dff3-32bb-45b1-9c01-e6448b052045/6638dff3-32bb-45b1-9c01-e6448b052045.json",
      "type": "application/json"
    },
    {
      "rel": "item",
      "href": "./547cae5b-18d7-4f4a-a071-0799f72ec268/547cae5b-18d7-4f4a-a071-0799f72ec268.json",
      "type": "application/json"
    },
    {
      "rel": "parent",
      "href": "../catalog.json",
      "type": "application/json"
    }
  ],
  "extent": {
    "spatial": {
      "bbox": [
        [
          8.520270143840609,
          47.39935436129597,
          8.520957665945494,
          47.39982116910085
        ]
      ]
    },
    "temporal": {
      "interval": [
        [
          "2025-05-06T07:14:41.937202Z",
          "2025-05-07T19:01:02.519478Z"
        ]
      ]
    }
  },
  "license": "proprietary"
}