{
  "type": "Collection",
  "id": "9101e65a-40d9-40c4-a7dd-21aad63c4f2c",
  "stac_version": "1.0.0",
  "description": "{85E6D35F-B5E5-4590-993F-EE3B75B8605E}_tile_3",
  "links": [
    {
      "rel": "root",
      "href": "../catalog.json",
      "type": "application/json"
    },
    {
      "rel": "item",
      "href": "./998a9717-06d6-46e3-945a-12926587482a/998a9717-06d6-46e3-945a-12926587482a.json",
      "type": "application/json"
    },
    {
      "rel": "item",
      "href": "./97c5fb49-de15-4356-aef0-ab6178b62044/97c5fb49-de15-4356-aef0-ab6178b62044.json",
      "type": "application/json"
    },
    {
      "rel": "parent",
      "href": "../catalog.json",
      "type": "application/json"
    }
  ],
  "extent": {
    "spatial": {
      "bbox": [
        [
          8.555853388749416,
          47.371640542476406,
          8.556272799872039,
          47.37169585176395
        ]
      ]
    },
    "temporal": {
      "interval": [
        [
          "2025-01-31T23:46:44.566403Z",
          "2025-03-20T09:20:54.270318Z"
        ]
      ]
    }
  },
  "license": "proprietary"
}