{
  "type": "Feature",
  "stac_version": "1.0.0",
  "id": "a56dd593-629b-4634-b17d-c0f416045f18",
  "properties": {
    "title": "Groundwork campaign labels",
    "description": "Labels created from a Groundwork campaign!",
    "label:description": "Labels for project 9636_tile_0",
    "label:type": "vector",
    "label:properties": [
      "default"
    ],
    "label:classes": [
      {
        "classes": [
          "Pavement_distress",
          "non_pavement_distress"
        ],
        "name": "default"
      }
    ],
    "label:tasks": [
      "detection"
    ],
    "datetime": "2025-05-07T19:01:57.301508Z"
  },
  "geometry": {
    "type": "Polygon",
    "coordinates": [
      [
        [
          8.592714732377962,
          47.363653284587386
        ],
        [
          8.59272470059048,
          47.36411374212452
        ],
        [
          8.592046990206708,
          47.36412051290779
        ],
        [
          8.592037027850552,
          47.363660055312714
        ],
        [
          8.592714732377962,
          47.363653284587386
        ]
      ]
    ]
  },
  "links": [
    {
      "rel": "source",
      "href": "../efb6318e-17ce-419f-9160-40a2923ce634/efb6318e-17ce-419f-9160-40a2923ce634.json",
      "type": "application/json"
    },
    {
      "rel": "root",
      "href": "../../catalog.json",
      "type": "application/json"
    },
    {
      "rel": "collection",
      "href": "../collection.json",
      "type": "application/json"
    },
    {
      "rel": "parent",
      "href": "../collection.json",
      "type": "application/json"
    }
  ],
  "assets": {
    "labels": {
      "href": "./labels.geojson",
      "type": "application/geo+json"
    }
  },
  "bbox": [
    8.592037027850552,
    47.363653284587386,
    8.59272470059048,
    47.36412051290779
  ],
  "stac_extensions": [
    "https://stac-extensions.github.io/label/v1.0.1/schema.json"
  ],
  "collection": "a7b3dd55-35f8-4b82-89bf-50518a0659f8"
}