{
  "type": "Collection",
  "id": "1800852d-5ab3-480b-9b6b-ec3bd9ac442e",
  "stac_version": "1.0.0",
  "description": "{CA877B1F-AA78-4EDF-9027-129DD1A76132}_tile_1",
  "links": [
    {
      "rel": "root",
      "href": "../catalog.json",
      "type": "application/json"
    },
    {
      "rel": "item",
      "href": "./ecf7d511-ba30-4997-9d92-b87bfb76e9ec/ecf7d511-ba30-4997-9d92-b87bfb76e9ec.json",
      "type": "application/json"
    },
    {
      "rel": "item",
      "href": "./bb793123-2647-4a4d-bec2-4819d996f741/bb793123-2647-4a4d-bec2-4819d996f741.json",
      "type": "application/json"
    },
    {
      "rel": "parent",
      "href": "../catalog.json",
      "type": "application/json"
    }
  ],
  "extent": {
    "spatial": {
      "bbox": [
        [
          8.508885524454916,
          47.396225490160354,
          8.509313736459243,
          47.39657923328287
        ]
      ]
    },
    "temporal": {
      "interval": [
        [
          "2025-01-31T23:45:02.203511Z",
          "2025-03-20T09:21:17.252717Z"
        ]
      ]
    }
  },
  "license": "proprietary"
}