{
  "type": "Feature",
  "stac_version": "1.0.0",
  "id": "65581c9e-ffff-403b-b61a-bd9cf18d5192",
  "properties": {
    "title": "Groundwork campaign labels",
    "description": "Labels created from a Groundwork campaign!",
    "label:description": "Labels for project 12474_tile_0",
    "label:type": "vector",
    "label:properties": [
      "default"
    ],
    "label:classes": [
      {
        "classes": [
          "Pavement_distress",
          "non_pavement_distress"
        ],
        "name": "default"
      }
    ],
    "label:tasks": [
      "detection"
    ],
    "datetime": "2025-05-07T19:01:36.113716Z"
  },
  "geometry": {
    "type": "Polygon",
    "coordinates": [
      [
        [
          8.50069612106895,
          47.36825025862478
        ],
        [
          8.500705294715958,
          47.368710723198014
        ],
        [
          8.50002751455356,
          47.36871695357723
        ],
        [
          8.50001834676441,
          47.36825648895069
        ],
        [
          8.50069612106895,
          47.36825025862478
        ]
      ]
    ]
  },
  "links": [
    {
      "rel": "source",
      "href": "../f02d70cd-d261-4b4f-8e3c-0af6ba4f0e92/f02d70cd-d261-4b4f-8e3c-0af6ba4f0e92.json",
      "type": "application/json"
    },
    {
      "rel": "root",
      "href": "../../catalog.json",
      "type": "application/json"
    },
    {
      "rel": "collection",
      "href": "../collection.json",
      "type": "application/json"
    },
    {
      "rel": "parent",
      "href": "../collection.json",
      "type": "application/json"
    }
  ],
  "assets": {
    "labels": {
      "href": "./labels.geojson",
      "type": "application/geo+json"
    }
  },
  "bbox": [
    8.50001834676441,
    47.36825025862478,
    8.500705294715958,
    47.36871695357723
  ],
  "stac_extensions": [
    "https://stac-extensions.github.io/label/v1.0.1/schema.json"
  ],
  "collection": "bfb58f00-6381-42e8-b790-cf4344294245"
}