{
  "type": "Feature",
  "stac_version": "1.0.0",
  "id": "c965fea2-41f3-418d-a8ff-bbd75d7f9017",
  "properties": {
    "title": "Groundwork campaign labels",
    "description": "Labels created from a Groundwork campaign!",
    "label:description": "Labels for project {B64A8DC3-A09D-4345-8149-6063D99FE9A4}_tile_1",
    "label:type": "vector",
    "label:properties": [
      "default"
    ],
    "label:classes": [
      {
        "classes": [
          "Pavement_distress",
          "Shadows"
        ],
        "name": "default"
      }
    ],
    "label:tasks": [
      "detection"
    ],
    "datetime": "2025-03-20T09:20:50.441402Z"
  },
  "geometry": {
    "type": "Polygon",
    "coordinates": [
      [
        [
          8.535439096246648,
          47.388484811655225
        ],
        [
          8.535447777868832,
          47.38890659920082
        ],
        [
          8.53476974479036,
          47.38891303358689
        ],
        [
          8.534761068537989,
          47.38849124599083
        ],
        [
          8.535439096246648,
          47.388484811655225
        ]
      ]
    ]
  },
  "links": [
    {
      "rel": "source",
      "href": "../3d36716f-edc2-414c-957d-5d09e40ed013/3d36716f-edc2-414c-957d-5d09e40ed013.json",
      "type": "application/json"
    },
    {
      "rel": "root",
      "href": "../../catalog.json",
      "type": "application/json"
    },
    {
      "rel": "collection",
      "href": "../collection.json",
      "type": "application/json"
    },
    {
      "rel": "parent",
      "href": "../collection.json",
      "type": "application/json"
    }
  ],
  "assets": {
    "labels": {
      "href": "./labels.geojson",
      "type": "application/geo+json"
    }
  },
  "bbox": [
    8.534761068537989,
    47.388484811655225,
    8.535447777868832,
    47.38891303358689
  ],
  "stac_extensions": [
    "https://stac-extensions.github.io/label/v1.0.1/schema.json"
  ],
  "collection": "15040b1b-98c5-4f47-af9f-404e622a6a04"
}