{
  "type": "Feature",
  "stac_version": "1.0.0",
  "id": "adbfb22d-ec41-4ef8-9374-5d187a7c6116",
  "properties": {
    "title": "Groundwork campaign labels",
    "description": "Labels created from a Groundwork campaign!",
    "label:description": "Labels for project 4853_tile_0",
    "label:type": "vector",
    "label:properties": [
      "default"
    ],
    "label:classes": [
      {
        "classes": [
          "Pavement_distress",
          "non_pavement_distress"
        ],
        "name": "default"
      }
    ],
    "label:tasks": [
      "detection"
    ],
    "datetime": "2025-05-07T19:02:24.528705Z"
  },
  "geometry": {
    "type": "Polygon",
    "coordinates": [
      [
        [
          8.505451433533315,
          47.406463287889125
        ],
        [
          8.505460654943493,
          47.40692374664476
        ],
        [
          8.504782388763978,
          47.40693000490367
        ],
        [
          8.504773173220075,
          47.40646954609441
        ],
        [
          8.505451433533315,
          47.406463287889125
        ]
      ]
    ]
  },
  "links": [
    {
      "rel": "source",
      "href": "../b28b2d95-f7a1-46ef-bd2c-cce7a435e1d2/b28b2d95-f7a1-46ef-bd2c-cce7a435e1d2.json",
      "type": "application/json"
    },
    {
      "rel": "root",
      "href": "../../catalog.json",
      "type": "application/json"
    },
    {
      "rel": "collection",
      "href": "../collection.json",
      "type": "application/json"
    },
    {
      "rel": "parent",
      "href": "../collection.json",
      "type": "application/json"
    }
  ],
  "assets": {
    "labels": {
      "href": "./labels.geojson",
      "type": "application/geo+json"
    }
  },
  "bbox": [
    8.504773173220075,
    47.406463287889125,
    8.505460654943493,
    47.40693000490367
  ],
  "stac_extensions": [
    "https://stac-extensions.github.io/label/v1.0.1/schema.json"
  ],
  "collection": "e0f9bda7-7652-4367-aabb-51cf98ff3fc3"
}