{
  "type": "Feature",
  "stac_version": "1.0.0",
  "id": "3c120c73-eda4-48b6-98f7-1b6f33d63624",
  "properties": {
    "title": "Groundwork campaign labels",
    "description": "Labels created from a Groundwork campaign!",
    "label:description": "Labels for project 16701_tile_0",
    "label:type": "vector",
    "label:properties": [
      "default"
    ],
    "label:classes": [
      {
        "classes": [
          "Pavement_distress",
          "non_pavement_distress"
        ],
        "name": "default"
      }
    ],
    "label:tasks": [
      "detection"
    ],
    "datetime": "2025-05-07T19:01:07.978356Z"
  },
  "geometry": {
    "type": "Polygon",
    "coordinates": [
      [
        [
          8.574589721101882,
          47.40656454078679
        ],
        [
          8.574599540612184,
          47.4070249937911
        ],
        [
          8.573921281587706,
          47.40703165807662
        ],
        [
          8.573911467943343,
          47.406571205015254
        ],
        [
          8.574589721101882,
          47.40656454078679
        ]
      ]
    ]
  },
  "links": [
    {
      "rel": "source",
      "href": "../23981e5f-3137-4f21-8053-826276061e68/23981e5f-3137-4f21-8053-826276061e68.json",
      "type": "application/json"
    },
    {
      "rel": "root",
      "href": "../../catalog.json",
      "type": "application/json"
    },
    {
      "rel": "collection",
      "href": "../collection.json",
      "type": "application/json"
    },
    {
      "rel": "parent",
      "href": "../collection.json",
      "type": "application/json"
    }
  ],
  "assets": {
    "labels": {
      "href": "./labels.geojson",
      "type": "application/geo+json"
    }
  },
  "bbox": [
    8.573911467943343,
    47.40656454078679,
    8.574599540612184,
    47.40703165807662
  ],
  "stac_extensions": [
    "https://stac-extensions.github.io/label/v1.0.1/schema.json"
  ],
  "collection": "4a4231a2-e6fe-47c2-a45d-8f3cb825abab"
}