{
  "type": "Collection",
  "id": "578350fa-22b9-4710-b6dd-54245d28e33e",
  "stac_version": "1.0.0",
  "description": "12902_tile_3",
  "links": [
    {
      "rel": "root",
      "href": "../catalog.json",
      "type": "application/json"
    },
    {
      "rel": "item",
      "href": "./a356901b-b7fb-4478-bccf-5d594875538d/a356901b-b7fb-4478-bccf-5d594875538d.json",
      "type": "application/json"
    },
    {
      "rel": "item",
      "href": "./55ec43bb-3942-4e44-b8e7-035ee67a98f1/55ec43bb-3942-4e44-b8e7-035ee67a98f1.json",
      "type": "application/json"
    },
    {
      "rel": "parent",
      "href": "../catalog.json",
      "type": "application/json"
    }
  ],
  "extent": {
    "spatial": {
      "bbox": [
        [
          8.535555683717387,
          47.384039982049295,
          8.536243138409151,
          47.38450688057365
        ]
      ]
    },
    "temporal": {
      "interval": [
        [
          "2025-05-06T07:12:32.700517Z",
          "2025-05-07T19:01:30.035224Z"
        ]
      ]
    }
  },
  "license": "proprietary"
}