{
  "type": "Feature",
  "stac_version": "1.0.0",
  "id": "05abd8f1-3603-4933-8e90-d29fbc4b7845",
  "properties": {
    "title": "Groundwork campaign labels",
    "description": "Labels created from a Groundwork campaign!",
    "label:description": "Labels for project {F9D2F1EC-DD03-48A0-A408-1DF0C33FD7BB}_tile_1",
    "label:type": "vector",
    "label:properties": [
      "default"
    ],
    "label:classes": [
      {
        "classes": [
          "Pavement_distress",
          "Shadows"
        ],
        "name": "default"
      }
    ],
    "label:tasks": [
      "detection"
    ],
    "datetime": "2025-03-20T09:21:02.671623Z"
  },
  "geometry": {
    "type": "Polygon",
    "coordinates": [
      [
        [
          8.556782313189315,
          47.37130008065005
        ],
        [
          8.556787897294887,
          47.37156628383155
        ],
        [
          8.556644921819517,
          47.37156766785611
        ],
        [
          8.556639338428347,
          47.37130146466775
        ],
        [
          8.556782313189315,
          47.37130008065005
        ]
      ]
    ]
  },
  "links": [
    {
      "rel": "source",
      "href": "../4a7996ef-a4f7-4413-bc1a-4d60af26da68/4a7996ef-a4f7-4413-bc1a-4d60af26da68.json",
      "type": "application/json"
    },
    {
      "rel": "root",
      "href": "../../catalog.json",
      "type": "application/json"
    },
    {
      "rel": "collection",
      "href": "../collection.json",
      "type": "application/json"
    },
    {
      "rel": "parent",
      "href": "../collection.json",
      "type": "application/json"
    }
  ],
  "assets": {
    "labels": {
      "href": "./labels.geojson",
      "type": "application/geo+json"
    }
  },
  "bbox": [
    8.556639338428347,
    47.37130008065005,
    8.556787897294887,
    47.37156766785611
  ],
  "stac_extensions": [
    "https://stac-extensions.github.io/label/v1.0.1/schema.json"
  ],
  "collection": "cfd03712-8eae-4e72-8e1a-b21118286937"
}