{
  "type": "Collection",
  "id": "cf331c52-77f5-44f0-970c-c542c3345612",
  "stac_version": "1.0.0",
  "description": "17391_tile_0",
  "links": [
    {
      "rel": "root",
      "href": "../catalog.json",
      "type": "application/json"
    },
    {
      "rel": "item",
      "href": "./05c663ad-6693-46d8-a0ad-4ea7a075a0f8/05c663ad-6693-46d8-a0ad-4ea7a075a0f8.json",
      "type": "application/json"
    },
    {
      "rel": "item",
      "href": "./06a0a14d-9eb1-4218-9592-c99c37b9f5c0/06a0a14d-9eb1-4218-9592-c99c37b9f5c0.json",
      "type": "application/json"
    },
    {
      "rel": "parent",
      "href": "../catalog.json",
      "type": "application/json"
    }
  ],
  "extent": {
    "spatial": {
      "bbox": [
        [
          8.52368027544265,
          47.334699520898226,
          8.524366992562,
          47.33516635754428
        ]
      ]
    },
    "temporal": {
      "interval": [
        [
          "2025-04-02T11:49:51.500535Z",
          "2025-04-28T08:55:58.758674Z"
        ]
      ]
    }
  },
  "license": "proprietary"
}