{
  "type": "Collection",
  "id": "52539984-c725-43eb-8cc5-b2ff81b3c29d",
  "stac_version": "1.0.0",
  "description": "5008_tile_0",
  "links": [
    {
      "rel": "root",
      "href": "../catalog.json",
      "type": "application/json"
    },
    {
      "rel": "item",
      "href": "./e00ed9fd-ac08-4fb3-9d20-0ce3494e730e/e00ed9fd-ac08-4fb3-9d20-0ce3494e730e.json",
      "type": "application/json"
    },
    {
      "rel": "item",
      "href": "./fb8f1815-0c98-49f1-bbd4-08932f5d919f/fb8f1815-0c98-49f1-bbd4-08932f5d919f.json",
      "type": "application/json"
    },
    {
      "rel": "parent",
      "href": "../catalog.json",
      "type": "application/json"
    }
  ],
  "extent": {
    "spatial": {
      "bbox": [
        [
          8.51337491600066,
          47.3782902350894,
          8.514062107363985,
          47.37875700598684
        ]
      ]
    },
    "temporal": {
      "interval": [
        [
          "2025-04-02T11:45:17.382271Z",
          "2025-04-28T08:57:07.006648Z"
        ]
      ]
    }
  },
  "license": "proprietary"
}