{
  "type": "Collection",
  "id": "261d2bff-2752-4afe-8b86-685a9332ecbb",
  "stac_version": "1.0.0",
  "description": "{E010BB6D-57AC-48DD-8CD0-309292C6AF31}_tile_0",
  "links": [
    {
      "rel": "root",
      "href": "../catalog.json",
      "type": "application/json"
    },
    {
      "rel": "item",
      "href": "./ff179746-d28e-4391-aa16-d336f33c9257/ff179746-d28e-4391-aa16-d336f33c9257.json",
      "type": "application/json"
    },
    {
      "rel": "item",
      "href": "./6468899d-3b1c-4e59-9c64-de948b346216/6468899d-3b1c-4e59-9c64-de948b346216.json",
      "type": "application/json"
    },
    {
      "rel": "parent",
      "href": "../catalog.json",
      "type": "application/json"
    }
  ],
  "extent": {
    "spatial": {
      "bbox": [
        [
          8.505935139085647,
          47.375315551080526,
          8.506398955568029,
          47.375605775258414
        ]
      ]
    },
    "temporal": {
      "interval": [
        [
          "2025-01-31T23:44:19.756549Z",
          "2025-03-20T09:21:27.164337Z"
        ]
      ]
    }
  },
  "license": "proprietary"
}