{
  "type": "Feature",
  "stac_version": "1.0.0",
  "id": "3ee98f75-512f-4a6c-8529-3b2a719a22e2",
  "properties": {
    "title": "Groundwork campaign labels",
    "description": "Labels created from a Groundwork campaign!",
    "label:description": "Labels for project {5199FF71-44C3-44DE-956E-28C45B264674}_tile_5",
    "label:type": "vector",
    "label:properties": [
      "default"
    ],
    "label:classes": [
      {
        "classes": [
          "Pavement_distress",
          "Shadows"
        ],
        "name": "default"
      }
    ],
    "label:tasks": [
      "detection"
    ],
    "datetime": "2025-03-20T09:21:10.327225Z"
  },
  "geometry": {
    "type": "Polygon",
    "coordinates": [
      [
        [
          8.542870017847802,
          47.380317526208756
        ],
        [
          8.542871788024044,
          47.380402963023634
        ],
        [
          8.542748649513994,
          47.380404139986666
        ],
        [
          8.542746879535255,
          47.380318703169934
        ],
        [
          8.542870017847802,
          47.380317526208756
        ]
      ]
    ]
  },
  "links": [
    {
      "rel": "source",
      "href": "../c2037555-ab86-482a-ba28-e114ed9a5c5d/c2037555-ab86-482a-ba28-e114ed9a5c5d.json",
      "type": "application/json"
    },
    {
      "rel": "root",
      "href": "../../catalog.json",
      "type": "application/json"
    },
    {
      "rel": "collection",
      "href": "../collection.json",
      "type": "application/json"
    },
    {
      "rel": "parent",
      "href": "../collection.json",
      "type": "application/json"
    }
  ],
  "assets": {
    "labels": {
      "href": "./labels.geojson",
      "type": "application/geo+json"
    }
  },
  "bbox": [
    8.542746879535255,
    47.380317526208756,
    8.542871788024044,
    47.380404139986666
  ],
  "stac_extensions": [
    "https://stac-extensions.github.io/label/v1.0.1/schema.json"
  ],
  "collection": "d9edfd26-36bd-466b-85e2-c951c2d7f163"
}