{
  "type": "Feature",
  "stac_version": "1.0.0",
  "id": "364405a4-d776-4999-8341-6d2c24d02af8",
  "properties": {
    "title": "Groundwork campaign labels",
    "description": "Labels created from a Groundwork campaign!",
    "label:description": "Labels for project 11707_tile_3",
    "label:type": "vector",
    "label:properties": [
      "default"
    ],
    "label:classes": [
      {
        "classes": [
          "Pavement_distress",
          "non_pavement_distress"
        ],
        "name": "default"
      }
    ],
    "label:tasks": [
      "detection"
    ],
    "datetime": "2025-05-07T19:01:40.240023Z"
  },
  "geometry": {
    "type": "Polygon",
    "coordinates": [
      [
        [
          8.50035658047509,
          47.38716731478786
        ],
        [
          8.500365754464761,
          47.38762777672253
        ],
        [
          8.499687733473927,
          47.38763400508443
        ],
        [
          8.499678565346288,
          47.3871735430964
        ],
        [
          8.50035658047509,
          47.38716731478786
        ]
      ]
    ]
  },
  "links": [
    {
      "rel": "source",
      "href": "../f60797b1-2979-4096-a3d1-15c0fb534dfb/f60797b1-2979-4096-a3d1-15c0fb534dfb.json",
      "type": "application/json"
    },
    {
      "rel": "root",
      "href": "../../catalog.json",
      "type": "application/json"
    },
    {
      "rel": "collection",
      "href": "../collection.json",
      "type": "application/json"
    },
    {
      "rel": "parent",
      "href": "../collection.json",
      "type": "application/json"
    }
  ],
  "assets": {
    "labels": {
      "href": "./labels.geojson",
      "type": "application/geo+json"
    }
  },
  "bbox": [
    8.499678565346288,
    47.38716731478786,
    8.500365754464761,
    47.38763400508443
  ],
  "stac_extensions": [
    "https://stac-extensions.github.io/label/v1.0.1/schema.json"
  ],
  "collection": "b1b23bf6-d601-4203-bc62-44ef5ae31452"
}