{
  "type": "Feature",
  "stac_version": "1.0.0",
  "id": "5b89917b-35e4-420f-ac00-a0820dabb0ab",
  "properties": {
    "title": "Groundwork campaign labels",
    "description": "Labels created from a Groundwork campaign!",
    "label:description": "Labels for project 8233_tile_2",
    "label:type": "vector",
    "label:properties": [
      "default"
    ],
    "label:classes": [
      {
        "classes": [
          "Pavement_distress",
          "non_pavement_distress"
        ],
        "name": "default"
      }
    ],
    "label:tasks": [
      "detection"
    ],
    "datetime": "2025-05-07T19:02:09.004158Z"
  },
  "geometry": {
    "type": "Polygon",
    "coordinates": [
      [
        [
          8.483858392121748,
          47.37580409366038
        ],
        [
          8.483867421504872,
          47.376264558510904
        ],
        [
          8.483189543247876,
          47.37627068999621
        ],
        [
          8.483180519724359,
          47.375810225093204
        ],
        [
          8.483858392121748,
          47.37580409366038
        ]
      ]
    ]
  },
  "links": [
    {
      "rel": "source",
      "href": "../5a0179c7-f243-4f61-b5eb-409521c81fa9/5a0179c7-f243-4f61-b5eb-409521c81fa9.json",
      "type": "application/json"
    },
    {
      "rel": "root",
      "href": "../../catalog.json",
      "type": "application/json"
    },
    {
      "rel": "collection",
      "href": "../collection.json",
      "type": "application/json"
    },
    {
      "rel": "parent",
      "href": "../collection.json",
      "type": "application/json"
    }
  ],
  "assets": {
    "labels": {
      "href": "./labels.geojson",
      "type": "application/geo+json"
    }
  },
  "bbox": [
    8.483180519724359,
    47.37580409366038,
    8.483867421504872,
    47.37627068999621
  ],
  "stac_extensions": [
    "https://stac-extensions.github.io/label/v1.0.1/schema.json"
  ],
  "collection": "24f8240b-3660-4c15-b6aa-8d744c0d86ed"
}