{
  "type": "Feature",
  "stac_version": "1.0.0",
  "id": "6803277c-b702-4908-95e9-e9874ec9f083",
  "properties": {
    "title": "Groundwork campaign labels",
    "description": "Labels created from a Groundwork campaign!",
    "label:description": "Labels for project 14040_tile_0",
    "label:type": "vector",
    "label:properties": [
      "default"
    ],
    "label:classes": [
      {
        "classes": [
          "Pavement_distress",
          "non_pavement_distress"
        ],
        "name": "default"
      }
    ],
    "label:tasks": [
      "detection"
    ],
    "datetime": "2025-05-07T19:01:24.216197Z"
  },
  "geometry": {
    "type": "Polygon",
    "coordinates": [
      [
        [
          8.499603191784603,
          47.38072658194104
        ],
        [
          8.499612358143795,
          47.381187044849085
        ],
        [
          8.498934419065604,
          47.38119326879441
        ],
        [
          8.498925258567029,
          47.38073280583311
        ],
        [
          8.499603191784603,
          47.38072658194104
        ]
      ]
    ]
  },
  "links": [
    {
      "rel": "source",
      "href": "../0b674b50-8202-4172-8c42-fdcb5f495b56/0b674b50-8202-4172-8c42-fdcb5f495b56.json",
      "type": "application/json"
    },
    {
      "rel": "root",
      "href": "../../catalog.json",
      "type": "application/json"
    },
    {
      "rel": "collection",
      "href": "../collection.json",
      "type": "application/json"
    },
    {
      "rel": "parent",
      "href": "../collection.json",
      "type": "application/json"
    }
  ],
  "assets": {
    "labels": {
      "href": "./labels.geojson",
      "type": "application/geo+json"
    }
  },
  "bbox": [
    8.498925258567029,
    47.38072658194104,
    8.499612358143795,
    47.38119326879441
  ],
  "stac_extensions": [
    "https://stac-extensions.github.io/label/v1.0.1/schema.json"
  ],
  "collection": "e2a8ffd2-7f00-4206-b133-e0aaa2f33de9"
}