{
  "type": "Collection",
  "id": "b3448eb6-f2b6-46d5-bd7d-0c63ba90d833",
  "stac_version": "1.0.0",
  "description": "{746D5D13-1EBD-403C-A665-B3FCB0E070C8}_tile_0",
  "links": [
    {
      "rel": "root",
      "href": "../catalog.json",
      "type": "application/json"
    },
    {
      "rel": "item",
      "href": "./fcefefa6-3384-46af-8648-9af1ecb493ad/fcefefa6-3384-46af-8648-9af1ecb493ad.json",
      "type": "application/json"
    },
    {
      "rel": "item",
      "href": "./5f5e5805-b80e-403d-af6a-9da7d9c88c25/5f5e5805-b80e-403d-af6a-9da7d9c88c25.json",
      "type": "application/json"
    },
    {
      "rel": "parent",
      "href": "../catalog.json",
      "type": "application/json"
    }
  ],
  "extent": {
    "spatial": {
      "bbox": [
        [
          8.481667228545794,
          47.37920696086022,
          8.481765204607713,
          47.379275284422306
        ]
      ]
    },
    "temporal": {
      "interval": [
        [
          "2025-01-31T23:46:29.556733Z",
          "2025-03-20T09:20:57.578309Z"
        ]
      ]
    }
  },
  "license": "proprietary"
}