{
  "type": "Feature",
  "stac_version": "1.0.0",
  "id": "a001a40d-a8af-4aac-b7d4-5ded510d48fb",
  "properties": {
    "title": "Groundwork campaign labels",
    "description": "Labels created from a Groundwork campaign!",
    "label:description": "Labels for project 17735_tile_3",
    "label:type": "vector",
    "label:properties": [
      "default"
    ],
    "label:classes": [
      {
        "classes": [
          "Pavement_distress",
          "non_pavement_distress"
        ],
        "name": "default"
      }
    ],
    "label:tasks": [
      "detection"
    ],
    "datetime": "2025-05-07T19:01:00.811129Z"
  },
  "geometry": {
    "type": "Polygon",
    "coordinates": [
      [
        [
          8.548313059908242,
          47.37796621175445
        ],
        [
          8.548322646929758,
          47.37842667107133
        ],
        [
          8.54764474884664,
          47.37843318108033
        ],
        [
          8.54763516768488,
          47.37797272170772
        ],
        [
          8.548313059908242,
          47.37796621175445
        ]
      ]
    ]
  },
  "links": [
    {
      "rel": "source",
      "href": "../e275a058-d656-4c8c-a226-169df62ca9a9/e275a058-d656-4c8c-a226-169df62ca9a9.json",
      "type": "application/json"
    },
    {
      "rel": "root",
      "href": "../../catalog.json",
      "type": "application/json"
    },
    {
      "rel": "collection",
      "href": "../collection.json",
      "type": "application/json"
    },
    {
      "rel": "parent",
      "href": "../collection.json",
      "type": "application/json"
    }
  ],
  "assets": {
    "labels": {
      "href": "./labels.geojson",
      "type": "application/geo+json"
    }
  },
  "bbox": [
    8.54763516768488,
    47.37796621175445,
    8.548322646929758,
    47.37843318108033
  ],
  "stac_extensions": [
    "https://stac-extensions.github.io/label/v1.0.1/schema.json"
  ],
  "collection": "4595fefa-ba23-42db-92bc-f79535143482"
}