{
  "type": "Collection",
  "id": "8e019da5-3388-4315-9e08-c3e0b76eefaf",
  "stac_version": "1.0.0",
  "description": "1135_tile_0",
  "links": [
    {
      "rel": "root",
      "href": "../catalog.json",
      "type": "application/json"
    },
    {
      "rel": "item",
      "href": "./8e87e510-5b46-4f23-b665-d4d04a0b79f2/8e87e510-5b46-4f23-b665-d4d04a0b79f2.json",
      "type": "application/json"
    },
    {
      "rel": "item",
      "href": "./006f4245-1bcf-4acf-a5f9-d206ffef7e66/006f4245-1bcf-4acf-a5f9-d206ffef7e66.json",
      "type": "application/json"
    },
    {
      "rel": "parent",
      "href": "../catalog.json",
      "type": "application/json"
    }
  ],
  "extent": {
    "spatial": {
      "bbox": [
        [
          8.543189418447193,
          47.37846938368157,
          8.543876866295806,
          47.37893632719807
        ]
      ]
    },
    "temporal": {
      "interval": [
        [
          "2025-05-06T07:07:34.540133Z",
          "2025-05-07T19:02:41.434894Z"
        ]
      ]
    }
  },
  "license": "proprietary"
}