{
  "type": "Feature",
  "stac_version": "1.0.0",
  "id": "f89ebd8b-68d4-4ff1-b3c0-7b1955ad2d28",
  "properties": {
    "title": "Groundwork campaign labels",
    "description": "Labels created from a Groundwork campaign!",
    "label:description": "Labels for project 10575_tile_0",
    "label:type": "vector",
    "label:properties": [
      "default"
    ],
    "label:classes": [
      {
        "classes": [
          "Pavement_distress",
          "non_pavement_distress"
        ],
        "name": "default"
      }
    ],
    "label:tasks": [
      "detection"
    ],
    "datetime": "2025-05-07T19:01:49.873095Z"
  },
  "geometry": {
    "type": "Polygon",
    "coordinates": [
      [
        [
          8.515913640479733,
          47.37764593916399
        ],
        [
          8.515922947323777,
          47.3781064011938
        ],
        [
          8.51524504939209,
          47.37811272093038
        ],
        [
          8.5152357484079,
          47.37765225884651
        ],
        [
          8.515913640479733,
          47.37764593916399
        ]
      ]
    ]
  },
  "links": [
    {
      "rel": "source",
      "href": "../ba7f8411-ba29-432e-be2c-1a51b783f616/ba7f8411-ba29-432e-be2c-1a51b783f616.json",
      "type": "application/json"
    },
    {
      "rel": "root",
      "href": "../../catalog.json",
      "type": "application/json"
    },
    {
      "rel": "collection",
      "href": "../collection.json",
      "type": "application/json"
    },
    {
      "rel": "parent",
      "href": "../collection.json",
      "type": "application/json"
    }
  ],
  "assets": {
    "labels": {
      "href": "./labels.geojson",
      "type": "application/geo+json"
    }
  },
  "bbox": [
    8.5152357484079,
    47.37764593916399,
    8.515922947323777,
    47.37811272093038
  ],
  "stac_extensions": [
    "https://stac-extensions.github.io/label/v1.0.1/schema.json"
  ],
  "collection": "3b7ad1b1-4fde-4777-b8b0-33d3bdd79ab6"
}