{
  "type": "Feature",
  "stac_version": "1.0.0",
  "id": "089fe878-8fd5-4d34-bca0-868873888af1",
  "properties": {
    "title": "Groundwork campaign labels",
    "description": "Labels created from a Groundwork campaign!",
    "label:description": "Labels for project {44B53EFB-3C09-47C3-AC27-4101F7F8F977}_tile_0",
    "label:type": "vector",
    "label:properties": [
      "default"
    ],
    "label:classes": [
      {
        "classes": [
          "Pavement_distress",
          "Shadows"
        ],
        "name": "default"
      }
    ],
    "label:tasks": [
      "detection"
    ],
    "datetime": "2025-03-20T09:21:15.714678Z"
  },
  "geometry": {
    "type": "Polygon",
    "coordinates": [
      [
        [
          8.595997248775308,
          47.357760914088395
        ],
        [
          8.595999650015555,
          47.35787153195061
        ],
        [
          8.59539613530285,
          47.35787757950946
        ],
        [
          8.595393735315334,
          47.357766961634816
        ],
        [
          8.595997248775308,
          47.357760914088395
        ]
      ]
    ]
  },
  "links": [
    {
      "rel": "source",
      "href": "../80b9e69c-f5ed-4d37-bf37-c966759628ad/80b9e69c-f5ed-4d37-bf37-c966759628ad.json",
      "type": "application/json"
    },
    {
      "rel": "root",
      "href": "../../catalog.json",
      "type": "application/json"
    },
    {
      "rel": "collection",
      "href": "../collection.json",
      "type": "application/json"
    },
    {
      "rel": "parent",
      "href": "../collection.json",
      "type": "application/json"
    }
  ],
  "assets": {
    "labels": {
      "href": "./labels.geojson",
      "type": "application/geo+json"
    }
  },
  "bbox": [
    8.595393735315334,
    47.357760914088395,
    8.595999650015555,
    47.35787757950946
  ],
  "stac_extensions": [
    "https://stac-extensions.github.io/label/v1.0.1/schema.json"
  ],
  "collection": "2561e1c0-c85d-4e28-92f8-e4dba2539588"
}