{
  "type": "Collection",
  "id": "d05d2d2d-4ddf-4661-96e7-2bf9f3f77b5f",
  "stac_version": "1.0.0",
  "description": "{0461A0EC-831E-4083-BF50-0B8B02316D13}_tile_0",
  "links": [
    {
      "rel": "root",
      "href": "../catalog.json",
      "type": "application/json"
    },
    {
      "rel": "item",
      "href": "./db3c14a8-ca31-4bee-aed7-3e4c28b2ae26/db3c14a8-ca31-4bee-aed7-3e4c28b2ae26.json",
      "type": "application/json"
    },
    {
      "rel": "item",
      "href": "./0a488491-7c58-4d92-8528-45c69881f167/0a488491-7c58-4d92-8528-45c69881f167.json",
      "type": "application/json"
    },
    {
      "rel": "parent",
      "href": "../catalog.json",
      "type": "application/json"
    }
  ],
  "extent": {
    "spatial": {
      "bbox": [
        [
          8.508373918086576,
          47.36961953754309,
          8.509056187394226,
          47.36984885408172
        ]
      ]
    },
    "temporal": {
      "interval": [
        [
          "2025-01-31T23:44:45.504947Z",
          "2025-03-20T09:21:21.313675Z"
        ]
      ]
    }
  },
  "license": "proprietary"
}