{
  "type": "Feature",
  "stac_version": "1.0.0",
  "id": "f5959411-0e55-4d8e-9f92-017be9dd5cf8",
  "properties": {
    "title": "Groundwork campaign labels",
    "description": "Labels created from a Groundwork campaign!",
    "label:description": "Labels for project 16339_tile_0",
    "label:type": "vector",
    "label:properties": [
      "default"
    ],
    "label:classes": [
      {
        "classes": [
          "Pavement_distress",
          "non_pavement_distress"
        ],
        "name": "default"
      }
    ],
    "label:tasks": [
      "detection"
    ],
    "datetime": "2025-05-07T19:01:09.772200Z"
  },
  "geometry": {
    "type": "Polygon",
    "coordinates": [
      [
        [
          8.551993378597432,
          47.391286772719695
        ],
        [
          8.552002999859715,
          47.39174722983773
        ],
        [
          8.551324932635469,
          47.39175376144296
        ],
        [
          8.551315317235867,
          47.39129330426903
        ],
        [
          8.551993378597432,
          47.391286772719695
        ]
      ]
    ]
  },
  "links": [
    {
      "rel": "source",
      "href": "../5867d692-b894-4066-8730-1f6b550f1ae1/5867d692-b894-4066-8730-1f6b550f1ae1.json",
      "type": "application/json"
    },
    {
      "rel": "root",
      "href": "../../catalog.json",
      "type": "application/json"
    },
    {
      "rel": "collection",
      "href": "../collection.json",
      "type": "application/json"
    },
    {
      "rel": "parent",
      "href": "../collection.json",
      "type": "application/json"
    }
  ],
  "assets": {
    "labels": {
      "href": "./labels.geojson",
      "type": "application/geo+json"
    }
  },
  "bbox": [
    8.551315317235867,
    47.391286772719695,
    8.552002999859715,
    47.39175376144296
  ],
  "stac_extensions": [
    "https://stac-extensions.github.io/label/v1.0.1/schema.json"
  ],
  "collection": "2bfc65f1-9da0-4461-98b1-4ff3b5524934"
}