{
  "type": "Feature",
  "stac_version": "1.0.0",
  "id": "50bae045-31fa-4a3e-947d-3ebba5a192c0",
  "properties": {
    "title": "Groundwork campaign labels",
    "description": "Labels created from a Groundwork campaign!",
    "label:description": "Labels for project 10618_tile_1",
    "label:type": "vector",
    "label:properties": [
      "default"
    ],
    "label:classes": [
      {
        "classes": [
          "Pavement Distress",
          "Non-Pavement Distress"
        ],
        "name": "default"
      }
    ],
    "label:tasks": [
      "detection"
    ],
    "datetime": "2025-04-28T08:56:35.862145Z"
  },
  "geometry": {
    "type": "Polygon",
    "coordinates": [
      [
        [
          8.480390999832816,
          47.39840210544334
        ],
        [
          8.480400003081842,
          47.39886256735283
        ],
        [
          8.47972183667743,
          47.398868678447364
        ],
        [
          8.479712839293017,
          47.39840821648555
        ],
        [
          8.480390999832816,
          47.39840210544334
        ]
      ]
    ]
  },
  "links": [
    {
      "rel": "source",
      "href": "../a5e54b52-0c38-4245-8574-f390383ebe23/a5e54b52-0c38-4245-8574-f390383ebe23.json",
      "type": "application/json"
    },
    {
      "rel": "root",
      "href": "../../catalog.json",
      "type": "application/json"
    },
    {
      "rel": "collection",
      "href": "../collection.json",
      "type": "application/json"
    },
    {
      "rel": "parent",
      "href": "../collection.json",
      "type": "application/json"
    }
  ],
  "assets": {
    "labels": {
      "href": "./labels.geojson",
      "type": "application/geo+json"
    }
  },
  "bbox": [
    8.479712839293017,
    47.39840210544334,
    8.480400003081842,
    47.398868678447364
  ],
  "stac_extensions": [
    "https://stac-extensions.github.io/label/v1.0.1/schema.json"
  ],
  "collection": "3dd1ba58-ebd9-4e8b-8c39-571135eb71fb"
}