{
  "type": "Feature",
  "stac_version": "1.0.0",
  "id": "6b5c0ba7-33a0-433e-9367-d72df6a997b3",
  "properties": {
    "title": "Groundwork campaign labels",
    "description": "Labels created from a Groundwork campaign!",
    "label:description": "Labels for project 3839_tile_1",
    "label:type": "vector",
    "label:properties": [
      "default"
    ],
    "label:classes": [
      {
        "classes": [
          "Pavement_distress",
          "non_pavement_distress"
        ],
        "name": "default"
      }
    ],
    "label:tasks": [
      "detection"
    ],
    "datetime": "2025-05-07T19:02:28.949795Z"
  },
  "geometry": {
    "type": "Polygon",
    "coordinates": [
      [
        [
          8.533819129737605,
          47.33254122919638
        ],
        [
          8.533828583337414,
          47.33300169597707
        ],
        [
          8.533151261183407,
          47.33300812092502
        ],
        [
          8.533141813433419,
          47.33254765408942
        ],
        [
          8.533819129737605,
          47.33254122919638
        ]
      ]
    ]
  },
  "links": [
    {
      "rel": "source",
      "href": "../ceee0bc7-d27a-4fce-a67c-74aec5f372c6/ceee0bc7-d27a-4fce-a67c-74aec5f372c6.json",
      "type": "application/json"
    },
    {
      "rel": "root",
      "href": "../../catalog.json",
      "type": "application/json"
    },
    {
      "rel": "collection",
      "href": "../collection.json",
      "type": "application/json"
    },
    {
      "rel": "parent",
      "href": "../collection.json",
      "type": "application/json"
    }
  ],
  "assets": {
    "labels": {
      "href": "./labels.geojson",
      "type": "application/geo+json"
    }
  },
  "bbox": [
    8.533141813433419,
    47.33254122919638,
    8.533828583337414,
    47.33300812092502
  ],
  "stac_extensions": [
    "https://stac-extensions.github.io/label/v1.0.1/schema.json"
  ],
  "collection": "275e0fd3-7ea3-4be1-a1fe-e68330c4aa61"
}