{
  "type": "Collection",
  "id": "72f165a7-9b60-49e4-a1f4-08736223f495",
  "stac_version": "1.0.0",
  "description": "{CBF7794B-9531-41B7-8F9F-D4CF47BFA547}_tile_0",
  "links": [
    {
      "rel": "root",
      "href": "../catalog.json",
      "type": "application/json"
    },
    {
      "rel": "item",
      "href": "./23f1f47d-3ccf-43e6-80ba-b882e0a8ed9b/23f1f47d-3ccf-43e6-80ba-b882e0a8ed9b.json",
      "type": "application/json"
    },
    {
      "rel": "item",
      "href": "./aaf9f47a-da56-45d6-91c7-4335eb6e85b2/aaf9f47a-da56-45d6-91c7-4335eb6e85b2.json",
      "type": "application/json"
    },
    {
      "rel": "parent",
      "href": "../catalog.json",
      "type": "application/json"
    }
  ],
  "extent": {
    "spatial": {
      "bbox": [
        [
          8.56733950173014,
          47.402504950339036,
          8.567445060147996,
          47.40279910047967
        ]
      ]
    },
    "temporal": {
      "interval": [
        [
          "2025-01-31T23:45:33.673442Z",
          "2025-03-20T09:21:10.424050Z"
        ]
      ]
    }
  },
  "license": "proprietary"
}