{
  "type": "Collection",
  "id": "4b2aa5d8-4626-4b40-b21f-013b5baaeea3",
  "stac_version": "1.0.0",
  "description": "6710_tile_0",
  "links": [
    {
      "rel": "root",
      "href": "../catalog.json",
      "type": "application/json"
    },
    {
      "rel": "item",
      "href": "./542e3111-3862-4b9f-9354-c7eee30979b8/542e3111-3862-4b9f-9354-c7eee30979b8.json",
      "type": "application/json"
    },
    {
      "rel": "item",
      "href": "./b6627c09-8da8-4810-b6bb-87f6c6701095/b6627c09-8da8-4810-b6bb-87f6c6701095.json",
      "type": "application/json"
    },
    {
      "rel": "parent",
      "href": "../catalog.json",
      "type": "application/json"
    }
  ],
  "extent": {
    "spatial": {
      "bbox": [
        [
          8.522361705081634,
          47.41340747048444,
          8.523049426586175,
          47.41387428834824
        ]
      ]
    },
    "temporal": {
      "interval": [
        [
          "2025-04-02T11:45:47.492989Z",
          "2025-04-28T08:56:58.463958Z"
        ]
      ]
    }
  },
  "license": "proprietary"
}