{
  "type": "Collection",
  "id": "dc93d15f-8791-455e-a6cf-5862aa5acfab",
  "stac_version": "1.0.0",
  "description": "{2AF6A5FC-2875-4B61-A75B-3B3C7806284C}_tile_2",
  "links": [
    {
      "rel": "root",
      "href": "../catalog.json",
      "type": "application/json"
    },
    {
      "rel": "item",
      "href": "./60760a25-ba05-49cf-a222-238216482f0a/60760a25-ba05-49cf-a222-238216482f0a.json",
      "type": "application/json"
    },
    {
      "rel": "item",
      "href": "./cb8fd2b2-e380-4013-b013-e86202bc7867/cb8fd2b2-e380-4013-b013-e86202bc7867.json",
      "type": "application/json"
    },
    {
      "rel": "parent",
      "href": "../catalog.json",
      "type": "application/json"
    }
  ],
  "extent": {
    "spatial": {
      "bbox": [
        [
          8.505034395957306,
          47.3635175733255,
          8.50571642952408,
          47.363739676037206
        ]
      ]
    },
    "temporal": {
      "interval": [
        [
          "2025-01-31T23:45:44.418099Z",
          "2025-03-20T09:21:08.015941Z"
        ]
      ]
    }
  },
  "license": "proprietary"
}