{
  "type": "Feature",
  "stac_version": "1.0.0",
  "id": "8c11f4e5-2fae-46ef-b473-22bc9f185b26",
  "properties": {
    "title": "Groundwork campaign labels",
    "description": "Labels created from a Groundwork campaign!",
    "label:description": "Labels for project 7091_tile_0",
    "label:type": "vector",
    "label:properties": [
      "default"
    ],
    "label:classes": [
      {
        "classes": [
          "Pavement Distress",
          "Non-Pavement Distress"
        ],
        "name": "default"
      }
    ],
    "label:tasks": [
      "detection"
    ],
    "datetime": "2025-04-28T08:56:56.622754Z"
  },
  "geometry": {
    "type": "Polygon",
    "coordinates": [
      [
        [
          8.530956678651755,
          47.34027096987246
        ],
        [
          8.530966108899344,
          47.34073143584377
        ],
        [
          8.530288688165015,
          47.34073784397146
        ],
        [
          8.530279263768962,
          47.34027737794536
        ],
        [
          8.530956678651755,
          47.34027096987246
        ]
      ]
    ]
  },
  "links": [
    {
      "rel": "source",
      "href": "../005dd42e-eaa1-4245-a3f6-ca4de29b8fc4/005dd42e-eaa1-4245-a3f6-ca4de29b8fc4.json",
      "type": "application/json"
    },
    {
      "rel": "root",
      "href": "../../catalog.json",
      "type": "application/json"
    },
    {
      "rel": "collection",
      "href": "../collection.json",
      "type": "application/json"
    },
    {
      "rel": "parent",
      "href": "../collection.json",
      "type": "application/json"
    }
  ],
  "assets": {
    "labels": {
      "href": "./labels.geojson",
      "type": "application/geo+json"
    }
  },
  "bbox": [
    8.530279263768962,
    47.34027096987246,
    8.530966108899344,
    47.34073784397146
  ],
  "stac_extensions": [
    "https://stac-extensions.github.io/label/v1.0.1/schema.json"
  ],
  "collection": "81306b38-f72d-4ac2-952f-ed44626770c3"
}