{
  "type": "Feature",
  "stac_version": "1.0.0",
  "id": "4693a7ff-094e-452c-9389-ee778b0147d2",
  "properties": {
    "title": "Groundwork campaign labels",
    "description": "Labels created from a Groundwork campaign!",
    "label:description": "Labels for project 13778_tile_0",
    "label:type": "vector",
    "label:properties": [
      "default"
    ],
    "label:classes": [
      {
        "classes": [
          "Pavement Distress",
          "Non-Pavement Distress"
        ],
        "name": "default"
      }
    ],
    "label:tasks": [
      "detection"
    ],
    "datetime": "2025-04-28T08:56:17.755225Z"
  },
  "geometry": {
    "type": "Polygon",
    "coordinates": [
      [
        [
          8.50235848935441,
          47.362646300701904
        ],
        [
          8.50236767639935,
          47.363106765922176
        ],
        [
          8.501689967730178,
          47.36311300607108
        ],
        [
          8.50168078654185,
          47.36265254079742
        ],
        [
          8.50235848935441,
          47.362646300701904
        ]
      ]
    ]
  },
  "links": [
    {
      "rel": "source",
      "href": "../5d7e4ba1-9d53-4221-b322-60f035292eb7/5d7e4ba1-9d53-4221-b322-60f035292eb7.json",
      "type": "application/json"
    },
    {
      "rel": "root",
      "href": "../../catalog.json",
      "type": "application/json"
    },
    {
      "rel": "collection",
      "href": "../collection.json",
      "type": "application/json"
    },
    {
      "rel": "parent",
      "href": "../collection.json",
      "type": "application/json"
    }
  ],
  "assets": {
    "labels": {
      "href": "./labels.geojson",
      "type": "application/geo+json"
    }
  },
  "bbox": [
    8.50168078654185,
    47.362646300701904,
    8.50236767639935,
    47.36311300607108
  ],
  "stac_extensions": [
    "https://stac-extensions.github.io/label/v1.0.1/schema.json"
  ],
  "collection": "e76a98df-62cb-4e4b-9201-660e71703839"
}