{
  "type": "Collection",
  "id": "d083d705-12af-4a76-8087-b9af3d5ccbb9",
  "stac_version": "1.0.0",
  "description": "16949_tile_5",
  "links": [
    {
      "rel": "root",
      "href": "../catalog.json",
      "type": "application/json"
    },
    {
      "rel": "item",
      "href": "./471d1654-3957-4c58-a221-2ab4f783b869/471d1654-3957-4c58-a221-2ab4f783b869.json",
      "type": "application/json"
    },
    {
      "rel": "item",
      "href": "./af633b3c-0894-4824-b866-50f53553eb0a/af633b3c-0894-4824-b866-50f53553eb0a.json",
      "type": "application/json"
    },
    {
      "rel": "parent",
      "href": "../catalog.json",
      "type": "application/json"
    }
  ],
  "extent": {
    "spatial": {
      "bbox": [
        [
          8.560612023925387,
          47.382446345806116,
          8.56129967161164,
          47.38291338961145
        ]
      ]
    },
    "temporal": {
      "interval": [
        [
          "2025-04-02T11:49:40.422927Z",
          "2025-04-28T08:56:02.040506Z"
        ]
      ]
    }
  },
  "license": "proprietary"
}