{
  "type": "Feature",
  "stac_version": "1.0.0",
  "id": "81b22f4a-35f1-49ce-b958-fd2cdfd96683",
  "properties": {
    "title": "Groundwork campaign labels",
    "description": "Labels created from a Groundwork campaign!",
    "label:description": "Labels for project 4313_tile_3",
    "label:type": "vector",
    "label:properties": [
      "default"
    ],
    "label:classes": [
      {
        "classes": [
          "Pavement_distress",
          "non_pavement_distress"
        ],
        "name": "default"
      }
    ],
    "label:tasks": [
      "detection"
    ],
    "datetime": "2025-05-07T19:02:27.169547Z"
  },
  "geometry": {
    "type": "Polygon",
    "coordinates": [
      [
        [
          8.577978044298213,
          47.401809650004964
        ],
        [
          8.577987892233452,
          47.40227010340697
        ],
        [
          8.577309694219192,
          47.402276787597046
        ],
        [
          8.577299852148824,
          47.4018163341378
        ],
        [
          8.577978044298213,
          47.401809650004964
        ]
      ]
    ]
  },
  "links": [
    {
      "rel": "source",
      "href": "../7a00262b-f133-46f9-a188-eaabedaee902/7a00262b-f133-46f9-a188-eaabedaee902.json",
      "type": "application/json"
    },
    {
      "rel": "root",
      "href": "../../catalog.json",
      "type": "application/json"
    },
    {
      "rel": "collection",
      "href": "../collection.json",
      "type": "application/json"
    },
    {
      "rel": "parent",
      "href": "../collection.json",
      "type": "application/json"
    }
  ],
  "assets": {
    "labels": {
      "href": "./labels.geojson",
      "type": "application/geo+json"
    }
  },
  "bbox": [
    8.577299852148824,
    47.401809650004964,
    8.577987892233452,
    47.402276787597046
  ],
  "stac_extensions": [
    "https://stac-extensions.github.io/label/v1.0.1/schema.json"
  ],
  "collection": "bf8b876d-0fb8-493f-8ab9-5449bcc80917"
}