{
  "type": "Feature",
  "stac_version": "1.0.0",
  "id": "3c121930-2980-4519-9d62-6939aa2c60a5",
  "properties": {
    "title": "Groundwork campaign labels",
    "description": "Labels created from a Groundwork campaign!",
    "label:description": "Labels for project 13928_tile_1",
    "label:type": "vector",
    "label:properties": [
      "default"
    ],
    "label:classes": [
      {
        "classes": [
          "Pavement_distress",
          "non_pavement_distress"
        ],
        "name": "default"
      }
    ],
    "label:tasks": [
      "detection"
    ],
    "datetime": "2025-05-07T19:01:24.469478Z"
  },
  "geometry": {
    "type": "Polygon",
    "coordinates": [
      [
        [
          8.513703195696618,
          47.37645129441009
        ],
        [
          8.513712483219853,
          47.37691175678724
        ],
        [
          8.513034600230382,
          47.376918063543954
        ],
        [
          8.513025318566749,
          47.37645760111283
        ],
        [
          8.513703195696618,
          47.37645129441009
        ]
      ]
    ]
  },
  "links": [
    {
      "rel": "source",
      "href": "../3ad7f5bf-ab5d-4dde-9441-d241311229be/3ad7f5bf-ab5d-4dde-9441-d241311229be.json",
      "type": "application/json"
    },
    {
      "rel": "root",
      "href": "../../catalog.json",
      "type": "application/json"
    },
    {
      "rel": "collection",
      "href": "../collection.json",
      "type": "application/json"
    },
    {
      "rel": "parent",
      "href": "../collection.json",
      "type": "application/json"
    }
  ],
  "assets": {
    "labels": {
      "href": "./labels.geojson",
      "type": "application/geo+json"
    }
  },
  "bbox": [
    8.513025318566749,
    47.37645129441009,
    8.513712483219853,
    47.376918063543954
  ],
  "stac_extensions": [
    "https://stac-extensions.github.io/label/v1.0.1/schema.json"
  ],
  "collection": "24134aef-0700-40d3-95f4-e3ba634f4f29"
}