{
  "type": "Collection",
  "id": "4ae58e34-be62-4eb7-91ac-1aaf5275f44d",
  "stac_version": "1.0.0",
  "description": "{FC7C222A-9359-4640-9931-56D9B152789D}_tile_0",
  "links": [
    {
      "rel": "root",
      "href": "../catalog.json",
      "type": "application/json"
    },
    {
      "rel": "item",
      "href": "./6e75c1eb-889c-439b-96f6-7d5fc1136a00/6e75c1eb-889c-439b-96f6-7d5fc1136a00.json",
      "type": "application/json"
    },
    {
      "rel": "item",
      "href": "./17b2d988-1ecc-4e2c-9c77-4203daf899a0/17b2d988-1ecc-4e2c-9c77-4203daf899a0.json",
      "type": "application/json"
    },
    {
      "rel": "parent",
      "href": "../catalog.json",
      "type": "application/json"
    }
  ],
  "extent": {
    "spatial": {
      "bbox": [
        [
          8.577931291336668,
          47.401602173166324,
          8.578318009055023,
          47.40191259071434
        ]
      ]
    },
    "temporal": {
      "interval": [
        [
          "2025-01-31T23:45:13.767351Z",
          "2025-03-20T09:21:14.919023Z"
        ]
      ]
    }
  },
  "license": "proprietary"
}