{
  "type": "Feature",
  "stac_version": "1.0.0",
  "id": "49263727-82c4-436b-8561-397c4886bd9e",
  "properties": {
    "title": "Groundwork campaign labels",
    "description": "Labels created from a Groundwork campaign!",
    "label:description": "Labels for project 15815_tile_3",
    "label:type": "vector",
    "label:properties": [
      "default"
    ],
    "label:classes": [
      {
        "classes": [
          "Pavement Distress",
          "Non-Pavement Distress"
        ],
        "name": "default"
      }
    ],
    "label:tasks": [
      "detection"
    ],
    "datetime": "2025-04-28T08:56:09.200537Z"
  },
  "geometry": {
    "type": "Polygon",
    "coordinates": [
      [
        [
          8.527897978450179,
          47.37433129487917
        ],
        [
          8.527907388319774,
          47.37479175639784
        ],
        [
          8.527229534014188,
          47.374798146519566
        ],
        [
          8.527220130003652,
          47.37433768494621
        ],
        [
          8.527897978450179,
          47.37433129487917
        ]
      ]
    ]
  },
  "links": [
    {
      "rel": "source",
      "href": "../5a9395f3-2233-40bb-b4f9-9b8b3fdfc2dc/5a9395f3-2233-40bb-b4f9-9b8b3fdfc2dc.json",
      "type": "application/json"
    },
    {
      "rel": "root",
      "href": "../../catalog.json",
      "type": "application/json"
    },
    {
      "rel": "collection",
      "href": "../collection.json",
      "type": "application/json"
    },
    {
      "rel": "parent",
      "href": "../collection.json",
      "type": "application/json"
    }
  ],
  "assets": {
    "labels": {
      "href": "./labels.geojson",
      "type": "application/geo+json"
    }
  },
  "bbox": [
    8.527220130003652,
    47.37433129487917,
    8.527907388319774,
    47.374798146519566
  ],
  "stac_extensions": [
    "https://stac-extensions.github.io/label/v1.0.1/schema.json"
  ],
  "collection": "942a7c59-12ed-4ef0-beb9-51832527563b"
}