{
  "type": "Collection",
  "id": "c6120d5e-1e38-49c7-a7da-9fa15143e797",
  "stac_version": "1.0.0",
  "description": "3389_tile_2",
  "links": [
    {
      "rel": "root",
      "href": "../catalog.json",
      "type": "application/json"
    },
    {
      "rel": "item",
      "href": "./4fe52c00-ec6a-43e3-8dcf-83f639c909a5/4fe52c00-ec6a-43e3-8dcf-83f639c909a5.json",
      "type": "application/json"
    },
    {
      "rel": "item",
      "href": "./a2e24d9f-ba75-4208-b9b6-0e003ec62a36/a2e24d9f-ba75-4208-b9b6-0e003ec62a36.json",
      "type": "application/json"
    },
    {
      "rel": "parent",
      "href": "../catalog.json",
      "type": "application/json"
    }
  ],
  "extent": {
    "spatial": {
      "bbox": [
        [
          8.515718216399476,
          47.375505103270875,
          8.516405391804192,
          47.37597188813544
        ]
      ]
    },
    "temporal": {
      "interval": [
        [
          "2025-05-06T07:08:22.886692Z",
          "2025-05-07T19:02:30.700726Z"
        ]
      ]
    }
  },
  "license": "proprietary"
}