{
  "type": "Collection",
  "id": "85faec78-e7de-4d8b-a432-2575e1b78a4e",
  "stac_version": "1.0.0",
  "description": "{491DDAA2-433F-4FFF-B109-6C44F7BF321D}_tile_1",
  "links": [
    {
      "rel": "root",
      "href": "../catalog.json",
      "type": "application/json"
    },
    {
      "rel": "item",
      "href": "./cdf1f016-9e6d-4967-bd56-4af47039bd96/cdf1f016-9e6d-4967-bd56-4af47039bd96.json",
      "type": "application/json"
    },
    {
      "rel": "item",
      "href": "./128e07e1-ac08-4bf4-aa5f-b9c0c6780166/128e07e1-ac08-4bf4-aa5f-b9c0c6780166.json",
      "type": "application/json"
    },
    {
      "rel": "parent",
      "href": "../catalog.json",
      "type": "application/json"
    }
  ],
  "extent": {
    "spatial": {
      "bbox": [
        [
          8.479380394151795,
          47.38260554922505,
          8.479840046249118,
          47.382618682585466
        ]
      ]
    },
    "temporal": {
      "interval": [
        [
          "2025-01-31T23:46:47.793761Z",
          "2025-03-20T09:20:53.633076Z"
        ]
      ]
    }
  },
  "license": "proprietary"
}