{
  "type": "Feature",
  "stac_version": "1.0.0",
  "id": "403e9a4d-456a-44b2-9068-d2317e9a74b0",
  "properties": {
    "title": "Groundwork campaign labels",
    "description": "Labels created from a Groundwork campaign!",
    "label:description": "Labels for project 11109_tile_2",
    "label:type": "vector",
    "label:properties": [
      "default"
    ],
    "label:classes": [
      {
        "classes": [
          "Pavement Distress",
          "Non-Pavement Distress"
        ],
        "name": "default"
      }
    ],
    "label:tasks": [
      "detection"
    ],
    "datetime": "2025-04-28T08:56:31.833063Z"
  },
  "geometry": {
    "type": "Polygon",
    "coordinates": [
      [
        [
          8.550544316533982,
          47.354917094268934
        ],
        [
          8.550553918666262,
          47.355377556612325
        ],
        [
          8.54987631411141,
          47.35538407975437
        ],
        [
          8.549866717833792,
          47.35492361735518
        ],
        [
          8.550544316533982,
          47.354917094268934
        ]
      ]
    ]
  },
  "links": [
    {
      "rel": "source",
      "href": "../2e87fde7-eced-47f1-afb9-c258a544e505/2e87fde7-eced-47f1-afb9-c258a544e505.json",
      "type": "application/json"
    },
    {
      "rel": "root",
      "href": "../../catalog.json",
      "type": "application/json"
    },
    {
      "rel": "collection",
      "href": "../collection.json",
      "type": "application/json"
    },
    {
      "rel": "parent",
      "href": "../collection.json",
      "type": "application/json"
    }
  ],
  "assets": {
    "labels": {
      "href": "./labels.geojson",
      "type": "application/geo+json"
    }
  },
  "bbox": [
    8.549866717833792,
    47.354917094268934,
    8.550553918666262,
    47.35538407975437
  ],
  "stac_extensions": [
    "https://stac-extensions.github.io/label/v1.0.1/schema.json"
  ],
  "collection": "183a91d9-85a2-419c-aa75-a7221df999ab"
}