{
  "type": "Collection",
  "id": "98e2d118-3130-4663-9cf5-6b0e6d61ea14",
  "stac_version": "1.0.0",
  "description": "12839_tile_2",
  "links": [
    {
      "rel": "root",
      "href": "../catalog.json",
      "type": "application/json"
    },
    {
      "rel": "item",
      "href": "./658b6bfb-2837-4637-93f0-16032f2c4abb/658b6bfb-2837-4637-93f0-16032f2c4abb.json",
      "type": "application/json"
    },
    {
      "rel": "item",
      "href": "./d817cc56-ca65-4243-af66-e7acd92ad80c/d817cc56-ca65-4243-af66-e7acd92ad80c.json",
      "type": "application/json"
    },
    {
      "rel": "parent",
      "href": "../catalog.json",
      "type": "application/json"
    }
  ],
  "extent": {
    "spatial": {
      "bbox": [
        [
          8.591157670719047,
          47.40056759292866,
          8.59184581284967,
          47.401034810886145
        ]
      ]
    },
    "temporal": {
      "interval": [
        [
          "2025-04-02T11:47:50.260849Z",
          "2025-04-28T08:56:22.843068Z"
        ]
      ]
    }
  },
  "license": "proprietary"
}