{
  "type": "Collection",
  "id": "16cc4a3b-9224-4af1-9a4b-9994b7ee5d28",
  "stac_version": "1.0.0",
  "description": "10113_tile_2",
  "links": [
    {
      "rel": "root",
      "href": "../catalog.json",
      "type": "application/json"
    },
    {
      "rel": "item",
      "href": "./9a7bc18e-56d2-4288-8593-986583d90b82/9a7bc18e-56d2-4288-8593-986583d90b82.json",
      "type": "application/json"
    },
    {
      "rel": "item",
      "href": "./43f5db9f-3996-4670-bbac-4300b1c9a560/43f5db9f-3996-4670-bbac-4300b1c9a560.json",
      "type": "application/json"
    },
    {
      "rel": "parent",
      "href": "../catalog.json",
      "type": "application/json"
    }
  ],
  "extent": {
    "spatial": {
      "bbox": [
        [
          8.55473520264972,
          47.36085732159722,
          8.555422521588936,
          47.36132433443727
        ]
      ]
    },
    "temporal": {
      "interval": [
        [
          "2025-05-06T07:11:00.493126Z",
          "2025-05-07T19:01:53.345827Z"
        ]
      ]
    }
  },
  "license": "proprietary"
}