{
  "type": "Feature",
  "stac_version": "1.0.0",
  "id": "0d69cb8e-5074-42c7-b6e2-4179799bce3a",
  "properties": {
    "title": "Groundwork campaign labels",
    "description": "Labels created from a Groundwork campaign!",
    "label:description": "Labels for project 17657_tile_1",
    "label:type": "vector",
    "label:properties": [
      "default"
    ],
    "label:classes": [
      {
        "classes": [
          "Pavement Distress",
          "Non-Pavement Distress"
        ],
        "name": "default"
      }
    ],
    "label:tasks": [
      "detection"
    ],
    "datetime": "2025-04-28T08:55:56.836676Z"
  },
  "geometry": {
    "type": "Polygon",
    "coordinates": [
      [
        [
          8.509815605303707,
          47.37890618734233
        ],
        [
          8.509824859645235,
          47.37936664968768
        ],
        [
          8.509146944946263,
          47.37937293361044
        ],
        [
          8.509137696464897,
          47.378912471211336
        ],
        [
          8.509815605303707,
          47.37890618734233
        ]
      ]
    ]
  },
  "links": [
    {
      "rel": "source",
      "href": "../ffb313be-ebfc-4d07-896a-191b1d6f46e6/ffb313be-ebfc-4d07-896a-191b1d6f46e6.json",
      "type": "application/json"
    },
    {
      "rel": "root",
      "href": "../../catalog.json",
      "type": "application/json"
    },
    {
      "rel": "collection",
      "href": "../collection.json",
      "type": "application/json"
    },
    {
      "rel": "parent",
      "href": "../collection.json",
      "type": "application/json"
    }
  ],
  "assets": {
    "labels": {
      "href": "./labels.geojson",
      "type": "application/geo+json"
    }
  },
  "bbox": [
    8.509137696464897,
    47.37890618734233,
    8.509824859645235,
    47.37937293361044
  ],
  "stac_extensions": [
    "https://stac-extensions.github.io/label/v1.0.1/schema.json"
  ],
  "collection": "dc1a78f7-b49b-4bab-8999-fe0d1dd0369d"
}