{
  "type": "Collection",
  "id": "a4921ba0-489f-48d4-9382-5c3bad8f381c",
  "stac_version": "1.0.0",
  "description": "{9CE3BAED-F6F1-46DD-9164-EAA518D3E7D3}_tile_1",
  "links": [
    {
      "rel": "root",
      "href": "../catalog.json",
      "type": "application/json"
    },
    {
      "rel": "item",
      "href": "./4670e4ba-e652-4395-9c87-407c6d0e6b51/4670e4ba-e652-4395-9c87-407c6d0e6b51.json",
      "type": "application/json"
    },
    {
      "rel": "item",
      "href": "./2c97a345-8201-4965-aabb-a0d16c79c6d9/2c97a345-8201-4965-aabb-a0d16c79c6d9.json",
      "type": "application/json"
    },
    {
      "rel": "parent",
      "href": "../catalog.json",
      "type": "application/json"
    }
  ],
  "extent": {
    "spatial": {
      "bbox": [
        [
          8.531926974440584,
          47.37385080387001,
          8.532487685834505,
          47.374083600724035
        ]
      ]
    },
    "temporal": {
      "interval": [
        [
          "2025-01-31T23:44:05.093270Z",
          "2025-03-20T09:21:30.436625Z"
        ]
      ]
    }
  },
  "license": "proprietary"
}