{
  "type": "Feature",
  "stac_version": "1.0.0",
  "id": "c5a558d1-2444-4be3-93a5-f4a84842a2b0",
  "properties": {
    "title": "Groundwork campaign labels",
    "description": "Labels created from a Groundwork campaign!",
    "label:description": "Labels for project 1777_tile_0",
    "label:type": "vector",
    "label:properties": [
      "default"
    ],
    "label:classes": [
      {
        "classes": [
          "Pavement Distress",
          "Non-Pavement Distress"
        ],
        "name": "default"
      }
    ],
    "label:tasks": [
      "detection"
    ],
    "datetime": "2025-04-28T08:57:24.897757Z"
  },
  "geometry": {
    "type": "Polygon",
    "coordinates": [
      [
        [
          8.538383916408835,
          47.405446720492236
        ],
        [
          8.538393422520718,
          47.405907176707686
        ],
        [
          8.537715173250904,
          47.40591362837083
        ],
        [
          8.537705673004906,
          47.405453172100174
        ],
        [
          8.538383916408835,
          47.405446720492236
        ]
      ]
    ]
  },
  "links": [
    {
      "rel": "source",
      "href": "../edf5b29b-55cc-45a6-839e-7f923e823165/edf5b29b-55cc-45a6-839e-7f923e823165.json",
      "type": "application/json"
    },
    {
      "rel": "root",
      "href": "../../catalog.json",
      "type": "application/json"
    },
    {
      "rel": "collection",
      "href": "../collection.json",
      "type": "application/json"
    },
    {
      "rel": "parent",
      "href": "../collection.json",
      "type": "application/json"
    }
  ],
  "assets": {
    "labels": {
      "href": "./labels.geojson",
      "type": "application/geo+json"
    }
  },
  "bbox": [
    8.537705673004906,
    47.405446720492236,
    8.538393422520718,
    47.40591362837083
  ],
  "stac_extensions": [
    "https://stac-extensions.github.io/label/v1.0.1/schema.json"
  ],
  "collection": "8aa5c157-e3c8-4399-8d98-b65f44db7cb4"
}