{
  "type": "Collection",
  "id": "ff9065ed-2e58-4b19-af53-9770f88eb66f",
  "stac_version": "1.0.0",
  "description": "{DC705D0A-441C-4B87-B5B9-084C24246C1C}_tile_0",
  "links": [
    {
      "rel": "root",
      "href": "../catalog.json",
      "type": "application/json"
    },
    {
      "rel": "item",
      "href": "./12fd996a-71da-4fcd-882b-c8bad2fb80cf/12fd996a-71da-4fcd-882b-c8bad2fb80cf.json",
      "type": "application/json"
    },
    {
      "rel": "item",
      "href": "./79c24ccf-6d8d-430d-81ab-695357d67c35/79c24ccf-6d8d-430d-81ab-695357d67c35.json",
      "type": "application/json"
    },
    {
      "rel": "parent",
      "href": "../catalog.json",
      "type": "application/json"
    }
  ],
  "extent": {
    "spatial": {
      "bbox": [
        [
          8.470666800388095,
          47.383874533349896,
          8.47135003985331,
          47.38415219354139
        ]
      ]
    },
    "temporal": {
      "interval": [
        [
          "2025-01-31T23:44:04.418985Z",
          "2025-03-20T09:21:30.500655Z"
        ]
      ]
    }
  },
  "license": "proprietary"
}