{
  "type": "Feature",
  "stac_version": "1.0.0",
  "id": "b6357ff7-75f0-451e-9a0f-1c6bbbbb1afb",
  "properties": {
    "title": "Groundwork campaign labels",
    "description": "Labels created from a Groundwork campaign!",
    "label:description": "Labels for project {7A0B622F-8E5F-4183-94EA-E8AF1BE3D075}_tile_0",
    "label:type": "vector",
    "label:properties": [
      "default"
    ],
    "label:classes": [
      {
        "classes": [
          "Pavement_distress",
          "Shadows"
        ],
        "name": "default"
      }
    ],
    "label:tasks": [
      "detection"
    ],
    "datetime": "2025-03-20T09:21:17.397362Z"
  },
  "geometry": {
    "type": "Polygon",
    "coordinates": [
      [
        [
          8.512982351048134,
          47.41525540493089
        ],
        [
          8.512990586973736,
          47.41566370067323
        ],
        [
          8.51271102160653,
          47.415666298462334
        ],
        [
          8.51270278782531,
          47.4152580027003
        ],
        [
          8.512982351048134,
          47.41525540493089
        ]
      ]
    ]
  },
  "links": [
    {
      "rel": "source",
      "href": "../a264b705-3790-4243-a5fa-9b865e6a18fd/a264b705-3790-4243-a5fa-9b865e6a18fd.json",
      "type": "application/json"
    },
    {
      "rel": "root",
      "href": "../../catalog.json",
      "type": "application/json"
    },
    {
      "rel": "collection",
      "href": "../collection.json",
      "type": "application/json"
    },
    {
      "rel": "parent",
      "href": "../collection.json",
      "type": "application/json"
    }
  ],
  "assets": {
    "labels": {
      "href": "./labels.geojson",
      "type": "application/geo+json"
    }
  },
  "bbox": [
    8.51270278782531,
    47.41525540493089,
    8.512990586973736,
    47.415666298462334
  ],
  "stac_extensions": [
    "https://stac-extensions.github.io/label/v1.0.1/schema.json"
  ],
  "collection": "dc954268-7f3c-4e32-9d1b-eae456a3315a"
}