{
  "type": "Feature",
  "stac_version": "1.0.0",
  "id": "c6ca3f0e-44fe-432a-8a0d-c91e3c631038",
  "properties": {
    "title": "Groundwork campaign labels",
    "description": "Labels created from a Groundwork campaign!",
    "label:description": "Labels for project 2301_tile_0",
    "label:type": "vector",
    "label:properties": [
      "default"
    ],
    "label:classes": [
      {
        "classes": [
          "Pavement_distress",
          "non_pavement_distress"
        ],
        "name": "default"
      }
    ],
    "label:tasks": [
      "detection"
    ],
    "datetime": "2025-05-07T19:02:37.045455Z"
  },
  "geometry": {
    "type": "Polygon",
    "coordinates": [
      [
        [
          8.58989336154904,
          47.40012640889127
        ],
        [
          8.589903312230518,
          47.40058686150806
        ],
        [
          8.5892251371733,
          47.40059361567416
        ],
        [
          8.589215192356258,
          47.40013316299952
        ],
        [
          8.58989336154904,
          47.40012640889127
        ]
      ]
    ]
  },
  "links": [
    {
      "rel": "source",
      "href": "../624c63c6-e990-4f61-825f-3bc32ecaef77/624c63c6-e990-4f61-825f-3bc32ecaef77.json",
      "type": "application/json"
    },
    {
      "rel": "root",
      "href": "../../catalog.json",
      "type": "application/json"
    },
    {
      "rel": "collection",
      "href": "../collection.json",
      "type": "application/json"
    },
    {
      "rel": "parent",
      "href": "../collection.json",
      "type": "application/json"
    }
  ],
  "assets": {
    "labels": {
      "href": "./labels.geojson",
      "type": "application/geo+json"
    }
  },
  "bbox": [
    8.589215192356258,
    47.40012640889127,
    8.589903312230518,
    47.40059361567416
  ],
  "stac_extensions": [
    "https://stac-extensions.github.io/label/v1.0.1/schema.json"
  ],
  "collection": "906d7c29-248b-4f77-9d38-06dd67581d8d"
}