{
  "type": "Feature",
  "stac_version": "1.0.0",
  "id": "232a0a09-a77f-466d-af56-271d89602a7b",
  "properties": {
    "title": "Groundwork campaign labels",
    "description": "Labels created from a Groundwork campaign!",
    "label:description": "Labels for project 13628_tile_0",
    "label:type": "vector",
    "label:properties": [
      "default"
    ],
    "label:classes": [
      {
        "classes": [
          "Pavement Distress",
          "Non-Pavement Distress"
        ],
        "name": "default"
      }
    ],
    "label:tasks": [
      "detection"
    ],
    "datetime": "2025-04-28T08:56:19.486758Z"
  },
  "geometry": {
    "type": "Polygon",
    "coordinates": [
      [
        [
          8.501707428189345,
          47.3819818385956
        ],
        [
          8.501716612960447,
          47.382442301157894
        ],
        [
          8.50103865814994,
          47.382448537459375
        ],
        [
          8.501029479239714,
          47.381988074843726
        ],
        [
          8.501707428189345,
          47.3819818385956
        ]
      ]
    ]
  },
  "links": [
    {
      "rel": "source",
      "href": "../4b595b1f-4a4d-4616-8eef-acadcdd9b6a9/4b595b1f-4a4d-4616-8eef-acadcdd9b6a9.json",
      "type": "application/json"
    },
    {
      "rel": "root",
      "href": "../../catalog.json",
      "type": "application/json"
    },
    {
      "rel": "collection",
      "href": "../collection.json",
      "type": "application/json"
    },
    {
      "rel": "parent",
      "href": "../collection.json",
      "type": "application/json"
    }
  ],
  "assets": {
    "labels": {
      "href": "./labels.geojson",
      "type": "application/geo+json"
    }
  },
  "bbox": [
    8.501029479239714,
    47.3819818385956,
    8.501716612960447,
    47.382448537459375
  ],
  "stac_extensions": [
    "https://stac-extensions.github.io/label/v1.0.1/schema.json"
  ],
  "collection": "8a64dc2b-5229-436d-8e76-7aa1490955bd"
}