{
  "type": "Feature",
  "stac_version": "1.0.0",
  "id": "0a488491-7c58-4d92-8528-45c69881f167",
  "properties": {
    "title": "Groundwork campaign labels",
    "description": "Labels created from a Groundwork campaign!",
    "label:description": "Labels for project {0461A0EC-831E-4083-BF50-0B8B02316D13}_tile_0",
    "label:type": "vector",
    "label:properties": [
      "default"
    ],
    "label:classes": [
      {
        "classes": [
          "Pavement_distress",
          "Shadows"
        ],
        "name": "default"
      }
    ],
    "label:tasks": [
      "detection"
    ],
    "datetime": "2025-03-20T09:21:21.313675Z"
  },
  "geometry": {
    "type": "Polygon",
    "coordinates": [
      [
        [
          8.509051708827393,
          47.36961953754309
        ],
        [
          8.509056187394226,
          47.36984257466133
        ],
        [
          8.508378393815901,
          47.36984885408172
        ],
        [
          8.508373918086576,
          47.36962581693744
        ],
        [
          8.509051708827393,
          47.36961953754309
        ]
      ]
    ]
  },
  "links": [
    {
      "rel": "source",
      "href": "../db3c14a8-ca31-4bee-aed7-3e4c28b2ae26/db3c14a8-ca31-4bee-aed7-3e4c28b2ae26.json",
      "type": "application/json"
    },
    {
      "rel": "root",
      "href": "../../catalog.json",
      "type": "application/json"
    },
    {
      "rel": "collection",
      "href": "../collection.json",
      "type": "application/json"
    },
    {
      "rel": "parent",
      "href": "../collection.json",
      "type": "application/json"
    }
  ],
  "assets": {
    "labels": {
      "href": "./labels.geojson",
      "type": "application/geo+json"
    }
  },
  "bbox": [
    8.508373918086576,
    47.36961953754309,
    8.509056187394226,
    47.36984885408172
  ],
  "stac_extensions": [
    "https://stac-extensions.github.io/label/v1.0.1/schema.json"
  ],
  "collection": "d05d2d2d-4ddf-4661-96e7-2bf9f3f77b5f"
}