{
  "type": "Feature",
  "stac_version": "1.0.0",
  "id": "3f9e372d-8985-4136-ae98-0da19277596f",
  "properties": {
    "title": "Groundwork campaign labels",
    "description": "Labels created from a Groundwork campaign!",
    "label:description": "Labels for project {4595E4D4-4C14-4D34-B85A-5259525DE09E}_tile_1",
    "label:type": "vector",
    "label:properties": [
      "default"
    ],
    "label:classes": [
      {
        "classes": [
          "Pavement_distress",
          "Shadows"
        ],
        "name": "default"
      }
    ],
    "label:tasks": [
      "detection"
    ],
    "datetime": "2025-03-20T09:21:24.611189Z"
  },
  "geometry": {
    "type": "Polygon",
    "coordinates": [
      [
        [
          8.550487107008415,
          47.41133692639102
        ],
        [
          8.550496718887526,
          47.41179738074256
        ],
        [
          8.550146958690831,
          47.41180074452452
        ],
        [
          8.550137349836955,
          47.41134029014418
        ],
        [
          8.550487107008415,
          47.41133692639102
        ]
      ]
    ]
  },
  "links": [
    {
      "rel": "source",
      "href": "../a952bf0a-80f3-4b38-a59f-17db21f19e2b/a952bf0a-80f3-4b38-a59f-17db21f19e2b.json",
      "type": "application/json"
    },
    {
      "rel": "root",
      "href": "../../catalog.json",
      "type": "application/json"
    },
    {
      "rel": "collection",
      "href": "../collection.json",
      "type": "application/json"
    },
    {
      "rel": "parent",
      "href": "../collection.json",
      "type": "application/json"
    }
  ],
  "assets": {
    "labels": {
      "href": "./labels.geojson",
      "type": "application/geo+json"
    }
  },
  "bbox": [
    8.550137349836955,
    47.41133692639102,
    8.550496718887526,
    47.41180074452452
  ],
  "stac_extensions": [
    "https://stac-extensions.github.io/label/v1.0.1/schema.json"
  ],
  "collection": "0815fb3d-11ca-46ab-a221-e78551d17c4a"
}