{
  "type": "Feature",
  "stac_version": "1.0.0",
  "id": "a92902b3-a847-4390-b886-6b9745512ea4",
  "properties": {
    "title": "Groundwork campaign labels",
    "description": "Labels created from a Groundwork campaign!",
    "label:description": "Labels for project {AA2E0CBE-15F4-41FD-A460-5EB2842B135D}_tile_0",
    "label:type": "vector",
    "label:properties": [
      "default"
    ],
    "label:classes": [
      {
        "classes": [
          "Pavement_distress",
          "Shadows"
        ],
        "name": "default"
      }
    ],
    "label:tasks": [
      "detection"
    ],
    "datetime": "2025-03-20T09:21:21.864837Z"
  },
  "geometry": {
    "type": "Polygon",
    "coordinates": [
      [
        [
          8.585115050430938,
          47.35785058493147
        ],
        [
          8.585124951871808,
          47.3583110439314
        ],
        [
          8.584447314330738,
          47.35831777009226
        ],
        [
          8.584437418744995,
          47.357857311034785
        ],
        [
          8.585115050430938,
          47.35785058493147
        ]
      ]
    ]
  },
  "links": [
    {
      "rel": "source",
      "href": "../3621c75e-bc77-416f-a5fd-f31be2e343af/3621c75e-bc77-416f-a5fd-f31be2e343af.json",
      "type": "application/json"
    },
    {
      "rel": "root",
      "href": "../../catalog.json",
      "type": "application/json"
    },
    {
      "rel": "collection",
      "href": "../collection.json",
      "type": "application/json"
    },
    {
      "rel": "parent",
      "href": "../collection.json",
      "type": "application/json"
    }
  ],
  "assets": {
    "labels": {
      "href": "./labels.geojson",
      "type": "application/geo+json"
    }
  },
  "bbox": [
    8.584437418744995,
    47.35785058493147,
    8.585124951871808,
    47.35831777009226
  ],
  "stac_extensions": [
    "https://stac-extensions.github.io/label/v1.0.1/schema.json"
  ],
  "collection": "7605cf99-c1b4-4fb7-b07c-1ef6e370c0dd"
}