{
  "type": "Feature",
  "stac_version": "1.0.0",
  "id": "67b97495-4cf4-435d-bfcc-eeefcc880d37",
  "properties": {
    "title": "Groundwork campaign labels",
    "description": "Labels created from a Groundwork campaign!",
    "label:description": "Labels for project {CFDAA0FB-B09D-4DBC-8364-C98A2F1012BD}_tile_0",
    "label:type": "vector",
    "label:properties": [
      "default"
    ],
    "label:classes": [
      {
        "classes": [
          "Pavement_distress",
          "Shadows"
        ],
        "name": "default"
      }
    ],
    "label:tasks": [
      "detection"
    ],
    "datetime": "2025-03-20T09:21:19.474883Z"
  },
  "geometry": {
    "type": "Polygon",
    "coordinates": [
      [
        [
          8.492963683627954,
          47.38538023525938
        ],
        [
          8.492972793380105,
          47.38584069803702
        ],
        [
          8.49271059843319,
          47.385843090344224
        ],
        [
          8.492701490947859,
          47.3853826275461
        ],
        [
          8.492963683627954,
          47.38538023525938
        ]
      ]
    ]
  },
  "links": [
    {
      "rel": "source",
      "href": "../5bbd5d74-0b4c-469f-8606-52045cfafa54/5bbd5d74-0b4c-469f-8606-52045cfafa54.json",
      "type": "application/json"
    },
    {
      "rel": "root",
      "href": "../../catalog.json",
      "type": "application/json"
    },
    {
      "rel": "collection",
      "href": "../collection.json",
      "type": "application/json"
    },
    {
      "rel": "parent",
      "href": "../collection.json",
      "type": "application/json"
    }
  ],
  "assets": {
    "labels": {
      "href": "./labels.geojson",
      "type": "application/geo+json"
    }
  },
  "bbox": [
    8.492701490947859,
    47.38538023525938,
    8.492972793380105,
    47.385843090344224
  ],
  "stac_extensions": [
    "https://stac-extensions.github.io/label/v1.0.1/schema.json"
  ],
  "collection": "e26fb8b0-1e7f-4333-a818-4cb72462511a"
}