{
  "type": "Feature",
  "stac_version": "1.0.0",
  "id": "8fcc31d9-46fd-4c34-93ad-b6fc6c8d4a96",
  "properties": {
    "title": "Groundwork campaign labels",
    "description": "Labels created from a Groundwork campaign!",
    "label:description": "Labels for project {D2D52893-E464-4A9F-A21D-5BF565F3A673}_tile_0",
    "label:type": "vector",
    "label:properties": [
      "default"
    ],
    "label:classes": [
      {
        "classes": [
          "Pavement_distress",
          "Shadows"
        ],
        "name": "default"
      }
    ],
    "label:tasks": [
      "detection"
    ],
    "datetime": "2025-03-20T09:21:11.427639Z"
  },
  "geometry": {
    "type": "Polygon",
    "coordinates": [
      [
        [
          8.512749818460076,
          47.416210134431864
        ],
        [
          8.512752502752251,
          47.416343235217525
        ],
        [
          8.5124583591184,
          47.416345967811246
        ],
        [
          8.512455675561737,
          47.41621286701885
        ],
        [
          8.512749818460076,
          47.416210134431864
        ]
      ]
    ]
  },
  "links": [
    {
      "rel": "source",
      "href": "../1205a019-fa2d-4c0d-a52a-777dfd31466f/1205a019-fa2d-4c0d-a52a-777dfd31466f.json",
      "type": "application/json"
    },
    {
      "rel": "root",
      "href": "../../catalog.json",
      "type": "application/json"
    },
    {
      "rel": "collection",
      "href": "../collection.json",
      "type": "application/json"
    },
    {
      "rel": "parent",
      "href": "../collection.json",
      "type": "application/json"
    }
  ],
  "assets": {
    "labels": {
      "href": "./labels.geojson",
      "type": "application/geo+json"
    }
  },
  "bbox": [
    8.512455675561737,
    47.416210134431864,
    8.512752502752251,
    47.416345967811246
  ],
  "stac_extensions": [
    "https://stac-extensions.github.io/label/v1.0.1/schema.json"
  ],
  "collection": "6f0c84c6-f297-41ae-920e-ffd805553f48"
}