{
  "type": "Feature",
  "stac_version": "1.0.0",
  "id": "f69ca2ca-a19e-43b3-ad51-2cc6c38ebcc5",
  "properties": {
    "title": "Groundwork campaign labels",
    "description": "Labels created from a Groundwork campaign!",
    "label:description": "Labels for project 10773_tile_4",
    "label:type": "vector",
    "label:properties": [
      "default"
    ],
    "label:classes": [
      {
        "classes": [
          "Pavement_distress",
          "non_pavement_distress"
        ],
        "name": "default"
      }
    ],
    "label:tasks": [
      "detection"
    ],
    "datetime": "2025-05-07T19:01:47.716878Z"
  },
  "geometry": {
    "type": "Polygon",
    "coordinates": [
      [
        [
          8.517093998276799,
          47.3764898497101
        ],
        [
          8.517103315122577,
          47.376950311806944
        ],
        [
          8.51642543204686,
          47.37695663847691
        ],
        [
          8.51641612106067,
          47.37649617632597
        ],
        [
          8.517093998276799,
          47.3764898497101
        ]
      ]
    ]
  },
  "links": [
    {
      "rel": "source",
      "href": "../1cc0635a-4d79-4a73-ade5-a28ed6eb2068/1cc0635a-4d79-4a73-ade5-a28ed6eb2068.json",
      "type": "application/json"
    },
    {
      "rel": "root",
      "href": "../../catalog.json",
      "type": "application/json"
    },
    {
      "rel": "collection",
      "href": "../collection.json",
      "type": "application/json"
    },
    {
      "rel": "parent",
      "href": "../collection.json",
      "type": "application/json"
    }
  ],
  "assets": {
    "labels": {
      "href": "./labels.geojson",
      "type": "application/geo+json"
    }
  },
  "bbox": [
    8.51641612106067,
    47.3764898497101,
    8.517103315122577,
    47.37695663847691
  ],
  "stac_extensions": [
    "https://stac-extensions.github.io/label/v1.0.1/schema.json"
  ],
  "collection": "35cea5f6-8fbe-479c-bb64-5d816a373c13"
}