{
  "type": "Feature",
  "stac_version": "1.0.0",
  "id": "3d7a38a6-696c-4334-9893-ef9fe5bd3389",
  "properties": {
    "title": "Groundwork campaign labels",
    "description": "Labels created from a Groundwork campaign!",
    "label:description": "Labels for project 15964_tile_1",
    "label:type": "vector",
    "label:properties": [
      "default"
    ],
    "label:classes": [
      {
        "classes": [
          "Pavement_distress",
          "non_pavement_distress"
        ],
        "name": "default"
      }
    ],
    "label:tasks": [
      "detection"
    ],
    "datetime": "2025-05-07T19:01:11.833084Z"
  },
  "geometry": {
    "type": "Polygon",
    "coordinates": [
      [
        [
          8.540210842743363,
          47.386984907611264
        ],
        [
          8.540220361336301,
          47.38744536632544
        ],
        [
          8.5395423474456,
          47.38745182874104
        ],
        [
          8.539532834714455,
          47.38699136997158
        ],
        [
          8.540210842743363,
          47.386984907611264
        ]
      ]
    ]
  },
  "links": [
    {
      "rel": "source",
      "href": "../c0bf9c97-831e-4279-83fa-d94d2f9f2c1f/c0bf9c97-831e-4279-83fa-d94d2f9f2c1f.json",
      "type": "application/json"
    },
    {
      "rel": "root",
      "href": "../../catalog.json",
      "type": "application/json"
    },
    {
      "rel": "collection",
      "href": "../collection.json",
      "type": "application/json"
    },
    {
      "rel": "parent",
      "href": "../collection.json",
      "type": "application/json"
    }
  ],
  "assets": {
    "labels": {
      "href": "./labels.geojson",
      "type": "application/geo+json"
    }
  },
  "bbox": [
    8.539532834714455,
    47.386984907611264,
    8.540220361336301,
    47.38745182874104
  ],
  "stac_extensions": [
    "https://stac-extensions.github.io/label/v1.0.1/schema.json"
  ],
  "collection": "b8a59b60-371c-4c42-b7a0-02f4e3a72e6a"
}