{
  "type": "Feature",
  "stac_version": "1.0.0",
  "id": "34357dc3-f8c3-4a55-a06e-2da2ff87cf37",
  "properties": {
    "title": "Groundwork campaign labels",
    "description": "Labels created from a Groundwork campaign!",
    "label:description": "Labels for project 9785_tile_2",
    "label:type": "vector",
    "label:properties": [
      "default"
    ],
    "label:classes": [
      {
        "classes": [
          "Pavement_distress",
          "non_pavement_distress"
        ],
        "name": "default"
      }
    ],
    "label:tasks": [
      "detection"
    ],
    "datetime": "2025-05-07T19:01:54.970933Z"
  },
  "geometry": {
    "type": "Polygon",
    "coordinates": [
      [
        [
          8.507885304372126,
          47.3568176899643
        ],
        [
          8.50789453817166,
          47.35727815554763
        ],
        [
          8.507216904294657,
          47.357284428161556
        ],
        [
          8.507207676350417,
          47.35682396252456
        ],
        [
          8.507885304372126,
          47.3568176899643
        ]
      ]
    ]
  },
  "links": [
    {
      "rel": "source",
      "href": "../b98dc4bd-00ee-486f-9b65-c4208b351a86/b98dc4bd-00ee-486f-9b65-c4208b351a86.json",
      "type": "application/json"
    },
    {
      "rel": "root",
      "href": "../../catalog.json",
      "type": "application/json"
    },
    {
      "rel": "collection",
      "href": "../collection.json",
      "type": "application/json"
    },
    {
      "rel": "parent",
      "href": "../collection.json",
      "type": "application/json"
    }
  ],
  "assets": {
    "labels": {
      "href": "./labels.geojson",
      "type": "application/geo+json"
    }
  },
  "bbox": [
    8.507207676350417,
    47.3568176899643,
    8.50789453817166,
    47.357284428161556
  ],
  "stac_extensions": [
    "https://stac-extensions.github.io/label/v1.0.1/schema.json"
  ],
  "collection": "60c94d80-bfe0-4149-a65c-328a649f891f"
}