{
  "type": "Feature",
  "stac_version": "1.0.0",
  "id": "79c24ccf-6d8d-430d-81ab-695357d67c35",
  "properties": {
    "title": "Groundwork campaign labels",
    "description": "Labels created from a Groundwork campaign!",
    "label:description": "Labels for project {DC705D0A-441C-4B87-B5B9-084C24246C1C}_tile_0",
    "label:type": "vector",
    "label:properties": [
      "default"
    ],
    "label:classes": [
      {
        "classes": [
          "Pavement_distress",
          "Shadows"
        ],
        "name": "default"
      }
    ],
    "label:tasks": [
      "detection"
    ],
    "datetime": "2025-03-20T09:21:30.500655Z"
  },
  "geometry": {
    "type": "Polygon",
    "coordinates": [
      [
        [
          8.471344776958851,
          47.383874533349896
        ],
        [
          8.47135003985331,
          47.3841461355774
        ],
        [
          8.470672059825226,
          47.38415219354139
        ],
        [
          8.470666800388095,
          47.383880591283315
        ],
        [
          8.471344776958851,
          47.383874533349896
        ]
      ]
    ]
  },
  "links": [
    {
      "rel": "source",
      "href": "../12fd996a-71da-4fcd-882b-c8bad2fb80cf/12fd996a-71da-4fcd-882b-c8bad2fb80cf.json",
      "type": "application/json"
    },
    {
      "rel": "root",
      "href": "../../catalog.json",
      "type": "application/json"
    },
    {
      "rel": "collection",
      "href": "../collection.json",
      "type": "application/json"
    },
    {
      "rel": "parent",
      "href": "../collection.json",
      "type": "application/json"
    }
  ],
  "assets": {
    "labels": {
      "href": "./labels.geojson",
      "type": "application/geo+json"
    }
  },
  "bbox": [
    8.470666800388095,
    47.383874533349896,
    8.47135003985331,
    47.38415219354139
  ],
  "stac_extensions": [
    "https://stac-extensions.github.io/label/v1.0.1/schema.json"
  ],
  "collection": "ff9065ed-2e58-4b19-af53-9770f88eb66f"
}