{
  "type": "Feature",
  "stac_version": "1.0.0",
  "id": "ed97f866-e6e0-4f94-8781-6a6b01db30c5",
  "properties": {
    "title": "Groundwork campaign labels",
    "description": "Labels created from a Groundwork campaign!",
    "label:description": "Labels for project 7321_tile_1",
    "label:type": "vector",
    "label:properties": [
      "default"
    ],
    "label:classes": [
      {
        "classes": [
          "Pavement_distress",
          "non_pavement_distress"
        ],
        "name": "default"
      }
    ],
    "label:tasks": [
      "detection"
    ],
    "datetime": "2025-05-07T19:02:13.992235Z"
  },
  "geometry": {
    "type": "Polygon",
    "coordinates": [
      [
        [
          8.558830001702072,
          47.362193295135555
        ],
        [
          8.558839676768491,
          47.36265375577648
        ],
        [
          8.558161980690356,
          47.36266032756845
        ],
        [
          8.558152311480157,
          47.362199866871315
        ],
        [
          8.558830001702072,
          47.362193295135555
        ]
      ]
    ]
  },
  "links": [
    {
      "rel": "source",
      "href": "../c868d5d6-cc86-452a-a228-630527cdd1d8/c868d5d6-cc86-452a-a228-630527cdd1d8.json",
      "type": "application/json"
    },
    {
      "rel": "root",
      "href": "../../catalog.json",
      "type": "application/json"
    },
    {
      "rel": "collection",
      "href": "../collection.json",
      "type": "application/json"
    },
    {
      "rel": "parent",
      "href": "../collection.json",
      "type": "application/json"
    }
  ],
  "assets": {
    "labels": {
      "href": "./labels.geojson",
      "type": "application/geo+json"
    }
  },
  "bbox": [
    8.558152311480157,
    47.362193295135555,
    8.558839676768491,
    47.36266032756845
  ],
  "stac_extensions": [
    "https://stac-extensions.github.io/label/v1.0.1/schema.json"
  ],
  "collection": "a05fab81-72b7-411b-a6f2-dbd25795c915"
}