{
  "type": "Collection",
  "id": "d3acdac3-081c-4bfa-822a-329c9fbe1ac4",
  "stac_version": "1.0.0",
  "description": "15327_tile_2",
  "links": [
    {
      "rel": "root",
      "href": "../catalog.json",
      "type": "application/json"
    },
    {
      "rel": "item",
      "href": "./2d382066-baa0-4572-832a-6e694223e253/2d382066-baa0-4572-832a-6e694223e253.json",
      "type": "application/json"
    },
    {
      "rel": "item",
      "href": "./2b9b2114-31ed-4292-8094-e33ced43a60e/2b9b2114-31ed-4292-8094-e33ced43a60e.json",
      "type": "application/json"
    },
    {
      "rel": "parent",
      "href": "../catalog.json",
      "type": "application/json"
    }
  ],
  "extent": {
    "spatial": {
      "bbox": [
        [
          8.498936418649587,
          47.383950307328305,
          8.499623559920387,
          47.38441699378626
        ]
      ]
    },
    "temporal": {
      "interval": [
        [
          "2025-04-02T11:49:04.800912Z",
          "2025-04-28T08:56:12.411904Z"
        ]
      ]
    }
  },
  "license": "proprietary"
}