{
  "type": "Feature",
  "stac_version": "1.0.0",
  "id": "c064e976-cffe-494d-9cd7-2537dd5b6e89",
  "properties": {
    "title": "Groundwork campaign labels",
    "description": "Labels created from a Groundwork campaign!",
    "label:description": "Labels for project 10557_tile_3",
    "label:type": "vector",
    "label:properties": [
      "default"
    ],
    "label:classes": [
      {
        "classes": [
          "Pavement_distress",
          "non_pavement_distress"
        ],
        "name": "default"
      }
    ],
    "label:tasks": [
      "detection"
    ],
    "datetime": "2025-05-07T19:01:49.947317Z"
  },
  "geometry": {
    "type": "Polygon",
    "coordinates": [
      [
        [
          8.552628462452454,
          47.35735539712139
        ],
        [
          8.552638083038827,
          47.35781585895379
        ],
        [
          8.55196044773043,
          47.35782239433231
        ],
        [
          8.551950832999246,
          47.357361932444014
        ],
        [
          8.552628462452454,
          47.35735539712139
        ]
      ]
    ]
  },
  "links": [
    {
      "rel": "source",
      "href": "../6b6e0990-a752-4bed-96e0-de89574e044b/6b6e0990-a752-4bed-96e0-de89574e044b.json",
      "type": "application/json"
    },
    {
      "rel": "root",
      "href": "../../catalog.json",
      "type": "application/json"
    },
    {
      "rel": "collection",
      "href": "../collection.json",
      "type": "application/json"
    },
    {
      "rel": "parent",
      "href": "../collection.json",
      "type": "application/json"
    }
  ],
  "assets": {
    "labels": {
      "href": "./labels.geojson",
      "type": "application/geo+json"
    }
  },
  "bbox": [
    8.551950832999246,
    47.35735539712139,
    8.552638083038827,
    47.35782239433231
  ],
  "stac_extensions": [
    "https://stac-extensions.github.io/label/v1.0.1/schema.json"
  ],
  "collection": "2d7f2d7f-0b02-4ea1-b3d0-66d2e7e83af2"
}