{
  "type": "Collection",
  "id": "766b04be-6d83-447c-bc3c-50b17ab77201",
  "stac_version": "1.0.0",
  "description": "{211D40B6-0FFE-4462-90C8-BEA9FA9813A2}_tile_1",
  "links": [
    {
      "rel": "root",
      "href": "../catalog.json",
      "type": "application/json"
    },
    {
      "rel": "item",
      "href": "./80b41fcd-5c3c-4fbf-aa7c-0653b7b83a90/80b41fcd-5c3c-4fbf-aa7c-0653b7b83a90.json",
      "type": "application/json"
    },
    {
      "rel": "item",
      "href": "./7d25c514-7907-4097-b364-c82515b5720f/7d25c514-7907-4097-b364-c82515b5720f.json",
      "type": "application/json"
    },
    {
      "rel": "parent",
      "href": "../catalog.json",
      "type": "application/json"
    }
  ],
  "extent": {
    "spatial": {
      "bbox": [
        [
          8.513203281684326,
          47.32642927001917,
          8.513406964810283,
          47.32649590804925
        ]
      ]
    },
    "temporal": {
      "interval": [
        [
          "2025-01-31T23:46:14.654407Z",
          "2025-03-20T09:21:01.232260Z"
        ]
      ]
    }
  },
  "license": "proprietary"
}