{
  "type": "Collection",
  "id": "09cb1e1b-a124-44be-bb13-a6297913e725",
  "stac_version": "1.0.0",
  "description": "10534_tile_6",
  "links": [
    {
      "rel": "root",
      "href": "../catalog.json",
      "type": "application/json"
    },
    {
      "rel": "item",
      "href": "./507bd8ea-0224-4f8a-91d5-edbdcf544df8/507bd8ea-0224-4f8a-91d5-edbdcf544df8.json",
      "type": "application/json"
    },
    {
      "rel": "item",
      "href": "./c13d7c4b-4eb4-414a-be56-026a3750be98/c13d7c4b-4eb4-414a-be56-026a3750be98.json",
      "type": "application/json"
    },
    {
      "rel": "parent",
      "href": "../catalog.json",
      "type": "application/json"
    }
  ],
  "extent": {
    "spatial": {
      "bbox": [
        [
          8.524980914979835,
          47.39752462994043,
          8.525668453630589,
          47.39799146529081
        ]
      ]
    },
    "temporal": {
      "interval": [
        [
          "2025-05-06T07:11:12.752767Z",
          "2025-05-07T19:01:50.301215Z"
        ]
      ]
    }
  },
  "license": "proprietary"
}