{
  "type": "Collection",
  "id": "2d2c0f8b-f197-49c7-85f0-6628d6a0aa9d",
  "stac_version": "1.0.0",
  "description": "{B64A8DC3-A09D-4345-8149-6063D99FE9A4}_tile_2",
  "links": [
    {
      "rel": "root",
      "href": "../catalog.json",
      "type": "application/json"
    },
    {
      "rel": "item",
      "href": "./67c57350-480c-4800-9e1b-28ce90bdbfba/67c57350-480c-4800-9e1b-28ce90bdbfba.json",
      "type": "application/json"
    },
    {
      "rel": "item",
      "href": "./a2eac0d0-7860-436b-9f51-299920f600ea/a2eac0d0-7860-436b-9f51-299920f600ea.json",
      "type": "application/json"
    },
    {
      "rel": "parent",
      "href": "../catalog.json",
      "type": "application/json"
    }
  ],
  "extent": {
    "spatial": {
      "bbox": [
        [
          8.535439096246643,
          47.38848425851874,
          8.535506046328834,
          47.38890659920082
        ]
      ]
    },
    "temporal": {
      "interval": [
        [
          "2025-01-31T23:46:20.675362Z",
          "2025-03-20T09:20:59.833457Z"
        ]
      ]
    }
  },
  "license": "proprietary"
}