{
  "type": "Feature",
  "stac_version": "1.0.0",
  "id": "c8f04c86-31f9-40eb-850d-79c0c50e7319",
  "properties": {
    "title": "Groundwork campaign labels",
    "description": "Labels created from a Groundwork campaign!",
    "label:description": "Labels for project {6D3A67BC-25CB-4BC9-99FF-BAA5581FB505}_tile_5",
    "label:type": "vector",
    "label:properties": [
      "default"
    ],
    "label:classes": [
      {
        "classes": [
          "Pavement_distress",
          "Shadows"
        ],
        "name": "default"
      }
    ],
    "label:tasks": [
      "detection"
    ],
    "datetime": "2025-03-20T09:21:22.012963Z"
  },
  "geometry": {
    "type": "Polygon",
    "coordinates": [
      [
        [
          8.564998851674344,
          47.366809000990955
        ],
        [
          8.565005217462009,
          47.36711027819517
        ],
        [
          8.564837103210404,
          47.36711191765864
        ],
        [
          8.56483073837334,
          47.36681064044529
        ],
        [
          8.564998851674344,
          47.366809000990955
        ]
      ]
    ]
  },
  "links": [
    {
      "rel": "source",
      "href": "../488e17d7-5a93-4824-97e5-f02c7e07ed19/488e17d7-5a93-4824-97e5-f02c7e07ed19.json",
      "type": "application/json"
    },
    {
      "rel": "root",
      "href": "../../catalog.json",
      "type": "application/json"
    },
    {
      "rel": "collection",
      "href": "../collection.json",
      "type": "application/json"
    },
    {
      "rel": "parent",
      "href": "../collection.json",
      "type": "application/json"
    }
  ],
  "assets": {
    "labels": {
      "href": "./labels.geojson",
      "type": "application/geo+json"
    }
  },
  "bbox": [
    8.56483073837334,
    47.366809000990955,
    8.565005217462009,
    47.36711191765864
  ],
  "stac_extensions": [
    "https://stac-extensions.github.io/label/v1.0.1/schema.json"
  ],
  "collection": "776e8cb8-c687-417e-b1c8-9ef86277079d"
}