{
  "type": "Collection",
  "id": "83f1cc4a-32e3-45c0-902f-5618044f025f",
  "stac_version": "1.0.0",
  "description": "15564_tile_3",
  "links": [
    {
      "rel": "root",
      "href": "../catalog.json",
      "type": "application/json"
    },
    {
      "rel": "item",
      "href": "./b59885ad-4171-4217-b575-d1d7fa31b075/b59885ad-4171-4217-b575-d1d7fa31b075.json",
      "type": "application/json"
    },
    {
      "rel": "item",
      "href": "./256a5e04-5751-42a9-bf54-8792e65988db/256a5e04-5751-42a9-bf54-8792e65988db.json",
      "type": "application/json"
    },
    {
      "rel": "parent",
      "href": "../catalog.json",
      "type": "application/json"
    }
  ],
  "extent": {
    "spatial": {
      "bbox": [
        [
          8.468034038103461,
          47.39896733108702,
          8.468721109514556,
          47.399433836333024
        ]
      ]
    },
    "temporal": {
      "interval": [
        [
          "2025-04-02T11:49:08.150252Z",
          "2025-04-28T08:56:11.399210Z"
        ]
      ]
    }
  },
  "license": "proprietary"
}