{
  "type": "Feature",
  "stac_version": "1.0.0",
  "id": "8cecf733-1757-4923-921a-07c25499984a",
  "properties": {
    "title": "Groundwork campaign labels",
    "description": "Labels created from a Groundwork campaign!",
    "label:description": "Labels for project 17735_tile_1",
    "label:type": "vector",
    "label:properties": [
      "default"
    ],
    "label:classes": [
      {
        "classes": [
          "Pavement_distress",
          "non_pavement_distress"
        ],
        "name": "default"
      }
    ],
    "label:tasks": [
      "detection"
    ],
    "datetime": "2025-05-07T19:01:01.098365Z"
  },
  "geometry": {
    "type": "Polygon",
    "coordinates": [
      [
        [
          8.54765534100547,
          47.37843307939205
        ],
        [
          8.547664922424975,
          47.37889353869804
        ],
        [
          8.546987018318399,
          47.37890004484383
        ],
        [
          8.546977442758765,
          47.37843958548219
        ],
        [
          8.54765534100547,
          47.37843307939205
        ]
      ]
    ]
  },
  "links": [
    {
      "rel": "source",
      "href": "../489ca5d5-50e0-4b36-b2ce-48c7d8140f84/489ca5d5-50e0-4b36-b2ce-48c7d8140f84.json",
      "type": "application/json"
    },
    {
      "rel": "root",
      "href": "../../catalog.json",
      "type": "application/json"
    },
    {
      "rel": "collection",
      "href": "../collection.json",
      "type": "application/json"
    },
    {
      "rel": "parent",
      "href": "../collection.json",
      "type": "application/json"
    }
  ],
  "assets": {
    "labels": {
      "href": "./labels.geojson",
      "type": "application/geo+json"
    }
  },
  "bbox": [
    8.546977442758765,
    47.37843307939205,
    8.547664922424975,
    47.37890004484383
  ],
  "stac_extensions": [
    "https://stac-extensions.github.io/label/v1.0.1/schema.json"
  ],
  "collection": "f3bf913b-1864-4c15-b851-b2b7ebbcfea2"
}