{
  "type": "Collection",
  "id": "57f93d84-0b7a-40c7-a818-abb547eaa0f2",
  "stac_version": "1.0.0",
  "description": "14420_tile_0",
  "links": [
    {
      "rel": "root",
      "href": "../catalog.json",
      "type": "application/json"
    },
    {
      "rel": "item",
      "href": "./cd44196c-af66-4a6b-a803-73b33b7e63d7/cd44196c-af66-4a6b-a803-73b33b7e63d7.json",
      "type": "application/json"
    },
    {
      "rel": "item",
      "href": "./af18da4e-f77b-4113-92d3-1bf9ee2cbe35/af18da4e-f77b-4113-92d3-1bf9ee2cbe35.json",
      "type": "application/json"
    },
    {
      "rel": "parent",
      "href": "../catalog.json",
      "type": "application/json"
    }
  ],
  "extent": {
    "spatial": {
      "bbox": [
        [
          8.51123246721398,
          47.42482521034126,
          8.511920241327294,
          47.42529196206241
        ]
      ]
    },
    "temporal": {
      "interval": [
        [
          "2025-05-06T07:13:05.649596Z",
          "2025-05-07T19:01:21.964855Z"
        ]
      ]
    }
  },
  "license": "proprietary"
}