{
  "type": "Feature",
  "stac_version": "1.0.0",
  "id": "5ac2e3ff-c3b2-4299-a11e-e5de0457da73",
  "properties": {
    "title": "Groundwork campaign labels",
    "description": "Labels created from a Groundwork campaign!",
    "label:description": "Labels for project {F204F37D-4EDF-4D50-B0C2-6EC4EB6D8ECD}_tile_2",
    "label:type": "vector",
    "label:properties": [
      "default"
    ],
    "label:classes": [
      {
        "classes": [
          "Pavement_distress",
          "Shadows"
        ],
        "name": "default"
      }
    ],
    "label:tasks": [
      "detection"
    ],
    "datetime": "2025-03-20T09:20:53.827702Z"
  },
  "geometry": {
    "type": "Polygon",
    "coordinates": [
      [
        [
          8.488473323700038,
          47.38078328250331
        ],
        [
          8.488473766574083,
          47.380805766088066
        ],
        [
          8.48779583104714,
          47.38081192461978
        ],
        [
          8.48779538845926,
          47.38078944103244
        ],
        [
          8.488473323700038,
          47.38078328250331
        ]
      ]
    ]
  },
  "links": [
    {
      "rel": "source",
      "href": "../32847c99-24f2-41a7-80a8-14be6c79fdbf/32847c99-24f2-41a7-80a8-14be6c79fdbf.json",
      "type": "application/json"
    },
    {
      "rel": "root",
      "href": "../../catalog.json",
      "type": "application/json"
    },
    {
      "rel": "collection",
      "href": "../collection.json",
      "type": "application/json"
    },
    {
      "rel": "parent",
      "href": "../collection.json",
      "type": "application/json"
    }
  ],
  "assets": {
    "labels": {
      "href": "./labels.geojson",
      "type": "application/geo+json"
    }
  },
  "bbox": [
    8.48779538845926,
    47.38078328250331,
    8.488473766574083,
    47.38081192461978
  ],
  "stac_extensions": [
    "https://stac-extensions.github.io/label/v1.0.1/schema.json"
  ],
  "collection": "5846c4b9-34c3-46d9-83a5-8b31e4b90310"
}