{
  "type": "Feature",
  "stac_version": "1.0.0",
  "id": "c89afd87-12ed-4a67-b7e4-2976ddc9b820",
  "properties": {
    "title": "Groundwork campaign labels",
    "description": "Labels created from a Groundwork campaign!",
    "label:description": "Labels for project {926D72A3-0645-4812-824B-630D62A8E340}_tile_1",
    "label:type": "vector",
    "label:properties": [
      "default"
    ],
    "label:classes": [
      {
        "classes": [
          "Pavement_distress",
          "Shadows"
        ],
        "name": "default"
      }
    ],
    "label:tasks": [
      "detection"
    ],
    "datetime": "2025-03-20T09:21:16.985784Z"
  },
  "geometry": {
    "type": "Polygon",
    "coordinates": [
      [
        [
          8.537252466214714,
          47.37422651232455
        ],
        [
          8.53726195693764,
          47.37468697308732
        ],
        [
          8.536989227506817,
          47.374689566694826
        ],
        [
          8.536979739141218,
          47.37422910590985
        ],
        [
          8.537252466214714,
          47.37422651232455
        ]
      ]
    ]
  },
  "links": [
    {
      "rel": "source",
      "href": "../82830ce7-f45a-4b14-8675-8d0617857c67/82830ce7-f45a-4b14-8675-8d0617857c67.json",
      "type": "application/json"
    },
    {
      "rel": "root",
      "href": "../../catalog.json",
      "type": "application/json"
    },
    {
      "rel": "collection",
      "href": "../collection.json",
      "type": "application/json"
    },
    {
      "rel": "parent",
      "href": "../collection.json",
      "type": "application/json"
    }
  ],
  "assets": {
    "labels": {
      "href": "./labels.geojson",
      "type": "application/geo+json"
    }
  },
  "bbox": [
    8.536979739141218,
    47.37422651232455,
    8.53726195693764,
    47.374689566694826
  ],
  "stac_extensions": [
    "https://stac-extensions.github.io/label/v1.0.1/schema.json"
  ],
  "collection": "b8c8ab21-81e0-4360-8e83-88c1f65377aa"
}