{
  "type": "Feature",
  "stac_version": "1.0.0",
  "id": "eef93941-7f8d-4c0e-b63f-9d703277eb9e",
  "properties": {
    "title": "Groundwork campaign labels",
    "description": "Labels created from a Groundwork campaign!",
    "label:description": "Labels for project 15691_tile_0",
    "label:type": "vector",
    "label:properties": [
      "default"
    ],
    "label:classes": [
      {
        "classes": [
          "Pavement_distress",
          "non_pavement_distress"
        ],
        "name": "default"
      }
    ],
    "label:tasks": [
      "detection"
    ],
    "datetime": "2025-05-07T19:01:14.976041Z"
  },
  "geometry": {
    "type": "Polygon",
    "coordinates": [
      [
        [
          8.555179466549273,
          47.41962561069633
        ],
        [
          8.5551891205368,
          47.420086063441644
        ],
        [
          8.554510692617246,
          47.420092613721145
        ],
        [
          8.554501044498656,
          47.41963216091969
        ],
        [
          8.555179466549273,
          47.41962561069633
        ]
      ]
    ]
  },
  "links": [
    {
      "rel": "source",
      "href": "../664fa765-2c1f-42e8-9c37-0f21b0b9d60f/664fa765-2c1f-42e8-9c37-0f21b0b9d60f.json",
      "type": "application/json"
    },
    {
      "rel": "root",
      "href": "../../catalog.json",
      "type": "application/json"
    },
    {
      "rel": "collection",
      "href": "../collection.json",
      "type": "application/json"
    },
    {
      "rel": "parent",
      "href": "../collection.json",
      "type": "application/json"
    }
  ],
  "assets": {
    "labels": {
      "href": "./labels.geojson",
      "type": "application/geo+json"
    }
  },
  "bbox": [
    8.554501044498656,
    47.41962561069633,
    8.5551891205368,
    47.420092613721145
  ],
  "stac_extensions": [
    "https://stac-extensions.github.io/label/v1.0.1/schema.json"
  ],
  "collection": "3612cbd8-31a6-4584-833f-11292a76a4b7"
}