{
  "type": "Collection",
  "id": "205a2e20-8cd3-4444-ad85-e902b72770a7",
  "stac_version": "1.0.0",
  "description": "{484A3B09-8498-4483-A697-E5A9090B2621}_tile_1",
  "links": [
    {
      "rel": "root",
      "href": "../catalog.json",
      "type": "application/json"
    },
    {
      "rel": "item",
      "href": "./861eea0f-b643-4ea2-ad56-e27ffe6e170d/861eea0f-b643-4ea2-ad56-e27ffe6e170d.json",
      "type": "application/json"
    },
    {
      "rel": "item",
      "href": "./d425f39d-aa9d-426b-9a04-38172bcfdaf4/d425f39d-aa9d-426b-9a04-38172bcfdaf4.json",
      "type": "application/json"
    },
    {
      "rel": "parent",
      "href": "../catalog.json",
      "type": "application/json"
    }
  ],
  "extent": {
    "spatial": {
      "bbox": [
        [
          8.567252692036426,
          47.3512522405304,
          8.567630329511958,
          47.351716298747235
        ]
      ]
    },
    "temporal": {
      "interval": [
        [
          "2025-01-31T23:46:12.462740Z",
          "2025-03-20T09:21:01.613700Z"
        ]
      ]
    }
  },
  "license": "proprietary"
}