{
  "type": "Collection",
  "id": "4dcc753d-7a8b-46a8-b7bf-15d2f67428f3",
  "stac_version": "1.0.0",
  "description": "9055_tile_1",
  "links": [
    {
      "rel": "root",
      "href": "../catalog.json",
      "type": "application/json"
    },
    {
      "rel": "item",
      "href": "./31b0f17c-ef37-413a-b5ed-ef8f19f466d5/31b0f17c-ef37-413a-b5ed-ef8f19f466d5.json",
      "type": "application/json"
    },
    {
      "rel": "item",
      "href": "./b6d29bf2-d0e3-46dd-b396-f76969f8e15c/b6d29bf2-d0e3-46dd-b396-f76969f8e15c.json",
      "type": "application/json"
    },
    {
      "rel": "parent",
      "href": "../catalog.json",
      "type": "application/json"
    }
  ],
  "extent": {
    "spatial": {
      "bbox": [
        [
          8.53338355031495,
          47.41034058818396,
          8.534071326207892,
          47.41080747032118
        ]
      ]
    },
    "temporal": {
      "interval": [
        [
          "2025-05-06T07:10:09.524054Z",
          "2025-05-07T19:02:06.046724Z"
        ]
      ]
    }
  },
  "license": "proprietary"
}