{
  "type": "Collection",
  "id": "212a7cf9-e662-4327-883d-7e2d7e368186",
  "stac_version": "1.0.0",
  "description": "6216_tile_0",
  "links": [
    {
      "rel": "root",
      "href": "../catalog.json",
      "type": "application/json"
    },
    {
      "rel": "item",
      "href": "./2653b90d-d1eb-49fb-b076-6a0cf8173bdb/2653b90d-d1eb-49fb-b076-6a0cf8173bdb.json",
      "type": "application/json"
    },
    {
      "rel": "item",
      "href": "./3450a147-35eb-461c-a155-8a31273e134d/3450a147-35eb-461c-a155-8a31273e134d.json",
      "type": "application/json"
    },
    {
      "rel": "parent",
      "href": "../catalog.json",
      "type": "application/json"
    }
  ],
  "extent": {
    "spatial": {
      "bbox": [
        [
          8.506807907059798,
          47.401354215121025,
          8.50749534015584,
          47.40182094466597
        ]
      ]
    },
    "temporal": {
      "interval": [
        [
          "2025-04-02T11:45:39.944205Z",
          "2025-04-28T08:57:00.640315Z"
        ]
      ]
    }
  },
  "license": "proprietary"
}