{
  "type": "Feature",
  "stac_version": "1.0.0",
  "id": "2d8e3d12-9ab9-4615-b1a7-b3e7c53da7da",
  "properties": {
    "title": "Groundwork campaign labels",
    "description": "Labels created from a Groundwork campaign!",
    "label:description": "Labels for project 3415_tile_1",
    "label:type": "vector",
    "label:properties": [
      "default"
    ],
    "label:classes": [
      {
        "classes": [
          "Pavement_distress",
          "non_pavement_distress"
        ],
        "name": "default"
      }
    ],
    "label:tasks": [
      "detection"
    ],
    "datetime": "2025-05-07T19:02:30.451672Z"
  },
  "geometry": {
    "type": "Polygon",
    "coordinates": [
      [
        [
          8.522236441456549,
          47.37325565687101
        ],
        [
          8.522245802190294,
          47.37371611900379
        ],
        [
          8.521567960892613,
          47.37372247587811
        ],
        [
          8.521558606017718,
          47.37326201369094
        ],
        [
          8.522236441456549,
          47.37325565687101
        ]
      ]
    ]
  },
  "links": [
    {
      "rel": "source",
      "href": "../b41fcd0e-2770-4638-ae88-6257a97db18a/b41fcd0e-2770-4638-ae88-6257a97db18a.json",
      "type": "application/json"
    },
    {
      "rel": "root",
      "href": "../../catalog.json",
      "type": "application/json"
    },
    {
      "rel": "collection",
      "href": "../collection.json",
      "type": "application/json"
    },
    {
      "rel": "parent",
      "href": "../collection.json",
      "type": "application/json"
    }
  ],
  "assets": {
    "labels": {
      "href": "./labels.geojson",
      "type": "application/geo+json"
    }
  },
  "bbox": [
    8.521558606017718,
    47.37325565687101,
    8.522245802190294,
    47.37372247587811
  ],
  "stac_extensions": [
    "https://stac-extensions.github.io/label/v1.0.1/schema.json"
  ],
  "collection": "d010e95a-3f69-4819-b24a-5bfaf9693f11"
}