{
  "type": "Feature",
  "stac_version": "1.0.0",
  "id": "ed1dfb34-a6a4-4615-a20e-503f8cd79339",
  "properties": {
    "title": "Groundwork campaign labels",
    "description": "Labels created from a Groundwork campaign!",
    "label:description": "Labels for project 5803_tile_0",
    "label:type": "vector",
    "label:properties": [
      "default"
    ],
    "label:classes": [
      {
        "classes": [
          "Pavement Distress",
          "Non-Pavement Distress"
        ],
        "name": "default"
      }
    ],
    "label:tasks": [
      "detection"
    ],
    "datetime": "2025-04-28T08:57:02.996387Z"
  },
  "geometry": {
    "type": "Polygon",
    "coordinates": [
      [
        [
          8.541289052761192,
          47.41598461797407
        ],
        [
          8.541298585903304,
          47.416445072414426
        ],
        [
          8.54062020268854,
          47.416451541125085
        ],
        [
          8.540610675414628,
          47.41599108662934
        ],
        [
          8.541289052761192,
          47.41598461797407
        ]
      ]
    ]
  },
  "links": [
    {
      "rel": "source",
      "href": "../4121f63c-2e6a-430e-b015-8dd20f2fa51e/4121f63c-2e6a-430e-b015-8dd20f2fa51e.json",
      "type": "application/json"
    },
    {
      "rel": "root",
      "href": "../../catalog.json",
      "type": "application/json"
    },
    {
      "rel": "collection",
      "href": "../collection.json",
      "type": "application/json"
    },
    {
      "rel": "parent",
      "href": "../collection.json",
      "type": "application/json"
    }
  ],
  "assets": {
    "labels": {
      "href": "./labels.geojson",
      "type": "application/geo+json"
    }
  },
  "bbox": [
    8.540610675414628,
    47.41598461797407,
    8.541298585903304,
    47.416451541125085
  ],
  "stac_extensions": [
    "https://stac-extensions.github.io/label/v1.0.1/schema.json"
  ],
  "collection": "ffc86518-340f-4791-b464-f2d69846d731"
}