{
  "type": "Collection",
  "id": "4047d2d5-a63d-441d-bcc1-11fbd65592e3",
  "stac_version": "1.0.0",
  "description": "{E68A7F8F-D72F-417C-AC07-BA33870434BB}_tile_0",
  "links": [
    {
      "rel": "root",
      "href": "../catalog.json",
      "type": "application/json"
    },
    {
      "rel": "item",
      "href": "./d90ccd75-ceb8-4bc1-8ba6-1f145fa6eb2b/d90ccd75-ceb8-4bc1-8ba6-1f145fa6eb2b.json",
      "type": "application/json"
    },
    {
      "rel": "item",
      "href": "./1a9f7251-21b7-4557-ae41-9fdf7495a913/1a9f7251-21b7-4557-ae41-9fdf7495a913.json",
      "type": "application/json"
    },
    {
      "rel": "parent",
      "href": "../catalog.json",
      "type": "application/json"
    }
  ],
  "extent": {
    "spatial": {
      "bbox": [
        [
          8.538624337232175,
          47.42183425551549,
          8.539014155901443,
          47.42229832826926
        ]
      ]
    },
    "temporal": {
      "interval": [
        [
          "2025-01-31T23:44:01.364234Z",
          "2025-03-20T09:21:31.198252Z"
        ]
      ]
    }
  },
  "license": "proprietary"
}