{
  "type": "Feature",
  "stac_version": "1.0.0",
  "id": "4b2fb8bb-2f3a-4ee3-8fe9-5a2b71bf5486",
  "properties": {
    "title": "Groundwork campaign labels",
    "description": "Labels created from a Groundwork campaign!",
    "label:description": "Labels for project 3646_tile_0",
    "label:type": "vector",
    "label:properties": [
      "default"
    ],
    "label:classes": [
      {
        "classes": [
          "Pavement_distress",
          "non_pavement_distress"
        ],
        "name": "default"
      }
    ],
    "label:tasks": [
      "detection"
    ],
    "datetime": "2025-05-07T19:02:29.506715Z"
  },
  "geometry": {
    "type": "Polygon",
    "coordinates": [
      [
        [
          8.592130302727574,
          47.398258295719856
        ],
        [
          8.592140272404956,
          47.39871874841157
        ],
        [
          8.591462121430823,
          47.398725515716784
        ],
        [
          8.591452157617455,
          47.398265062967134
        ],
        [
          8.592130302727574,
          47.398258295719856
        ]
      ]
    ]
  },
  "links": [
    {
      "rel": "source",
      "href": "../e4dcbf7d-e6a2-4f7f-8acd-87675b89d380/e4dcbf7d-e6a2-4f7f-8acd-87675b89d380.json",
      "type": "application/json"
    },
    {
      "rel": "root",
      "href": "../../catalog.json",
      "type": "application/json"
    },
    {
      "rel": "collection",
      "href": "../collection.json",
      "type": "application/json"
    },
    {
      "rel": "parent",
      "href": "../collection.json",
      "type": "application/json"
    }
  ],
  "assets": {
    "labels": {
      "href": "./labels.geojson",
      "type": "application/geo+json"
    }
  },
  "bbox": [
    8.591452157617455,
    47.398258295719856,
    8.592140272404956,
    47.398725515716784
  ],
  "stac_extensions": [
    "https://stac-extensions.github.io/label/v1.0.1/schema.json"
  ],
  "collection": "f8879426-1984-4501-92fc-d89bde1d6327"
}