{
  "type": "Collection",
  "id": "795f8b5b-08e9-41e6-9354-c5c9467c152e",
  "stac_version": "1.0.0",
  "description": "{F393934B-2811-45C0-B4A2-D340CA7C6306}_tile_0",
  "links": [
    {
      "rel": "root",
      "href": "../catalog.json",
      "type": "application/json"
    },
    {
      "rel": "item",
      "href": "./b1f1d3fe-5526-4292-9930-e2fe1f4fe18b/b1f1d3fe-5526-4292-9930-e2fe1f4fe18b.json",
      "type": "application/json"
    },
    {
      "rel": "item",
      "href": "./b43f5f88-1a90-4002-a675-640da93b9379/b43f5f88-1a90-4002-a675-640da93b9379.json",
      "type": "application/json"
    },
    {
      "rel": "parent",
      "href": "../catalog.json",
      "type": "application/json"
    }
  ],
  "extent": {
    "spatial": {
      "bbox": [
        [
          8.474400934168562,
          47.39072763039098,
          8.474482907840734,
          47.390789509849185
        ]
      ]
    },
    "temporal": {
      "interval": [
        [
          "2025-01-31T23:46:29.343305Z",
          "2025-03-20T09:20:57.656828Z"
        ]
      ]
    }
  },
  "license": "proprietary"
}