{
  "type": "Collection",
  "id": "9ad21b67-8fd1-405c-9a61-eabb0dead826",
  "stac_version": "1.0.0",
  "description": "8463_tile_0",
  "links": [
    {
      "rel": "root",
      "href": "../catalog.json",
      "type": "application/json"
    },
    {
      "rel": "item",
      "href": "./600f4d2a-b202-44c0-b710-65b2bbce7dae/600f4d2a-b202-44c0-b710-65b2bbce7dae.json",
      "type": "application/json"
    },
    {
      "rel": "item",
      "href": "./b32f3920-a8e5-4d2c-99ab-d78dd3ce6b12/b32f3920-a8e5-4d2c-99ab-d78dd3ce6b12.json",
      "type": "application/json"
    },
    {
      "rel": "parent",
      "href": "../catalog.json",
      "type": "application/json"
    }
  ],
  "extent": {
    "spatial": {
      "bbox": [
        [
          8.53210070396295,
          47.39561524903847,
          8.532788278670383,
          47.396082125892875
        ]
      ]
    },
    "temporal": {
      "interval": [
        [
          "2025-05-06T07:10:00.210765Z",
          "2025-05-07T19:02:08.393156Z"
        ]
      ]
    }
  },
  "license": "proprietary"
}