{
  "type": "Feature",
  "stac_version": "1.0.0",
  "id": "b5cc7767-4887-4de6-8ead-84f33411ad74",
  "properties": {
    "title": "Groundwork campaign labels",
    "description": "Labels created from a Groundwork campaign!",
    "label:description": "Labels for project 5592_tile_4",
    "label:type": "vector",
    "label:properties": [
      "default"
    ],
    "label:classes": [
      {
        "classes": [
          "Pavement Distress",
          "Non-Pavement Distress"
        ],
        "name": "default"
      }
    ],
    "label:tasks": [
      "detection"
    ],
    "datetime": "2025-04-28T08:57:04.066814Z"
  },
  "geometry": {
    "type": "Polygon",
    "coordinates": [
      [
        [
          8.499907249852402,
          47.36460459945934
        ],
        [
          8.499916416049077,
          47.365065064603584
        ],
        [
          8.499238682178357,
          47.36507129035444
        ],
        [
          8.499229521838737,
          47.36461082515693
        ],
        [
          8.499907249852402,
          47.36460459945934
        ]
      ]
    ]
  },
  "links": [
    {
      "rel": "source",
      "href": "../acdd005a-770b-4bcc-ab84-677bb1bb6274/acdd005a-770b-4bcc-ab84-677bb1bb6274.json",
      "type": "application/json"
    },
    {
      "rel": "root",
      "href": "../../catalog.json",
      "type": "application/json"
    },
    {
      "rel": "collection",
      "href": "../collection.json",
      "type": "application/json"
    },
    {
      "rel": "parent",
      "href": "../collection.json",
      "type": "application/json"
    }
  ],
  "assets": {
    "labels": {
      "href": "./labels.geojson",
      "type": "application/geo+json"
    }
  },
  "bbox": [
    8.499229521838737,
    47.36460459945934,
    8.499916416049077,
    47.36507129035444
  ],
  "stac_extensions": [
    "https://stac-extensions.github.io/label/v1.0.1/schema.json"
  ],
  "collection": "b95bba34-ebbc-4421-ba9b-58058715c2ea"
}