{
  "type": "Feature",
  "stac_version": "1.0.0",
  "id": "1cfb20f3-ab7b-4406-be25-88a495a69afa",
  "properties": {
    "title": "Groundwork campaign labels",
    "description": "Labels created from a Groundwork campaign!",
    "label:description": "Labels for project {3AE42511-8B9C-43E8-B104-21787CDFF204}_tile_0",
    "label:type": "vector",
    "label:properties": [
      "default"
    ],
    "label:classes": [
      {
        "classes": [
          "Pavement_distress",
          "Shadows"
        ],
        "name": "default"
      }
    ],
    "label:tasks": [
      "detection"
    ],
    "datetime": "2025-03-20T09:21:25.052284Z"
  },
  "geometry": {
    "type": "Polygon",
    "coordinates": [
      [
        [
          8.527759172727588,
          47.4124483116001
        ],
        [
          8.527768588178226,
          47.41290876767408
        ],
        [
          8.527090248393003,
          47.41291515693261
        ],
        [
          8.527080838809853,
          47.41245470080387
        ],
        [
          8.527759172727588,
          47.4124483116001
        ]
      ]
    ]
  },
  "links": [
    {
      "rel": "source",
      "href": "../e1c349c2-2ee1-4ffc-a1f1-d6ea92ca5918/e1c349c2-2ee1-4ffc-a1f1-d6ea92ca5918.json",
      "type": "application/json"
    },
    {
      "rel": "root",
      "href": "../../catalog.json",
      "type": "application/json"
    },
    {
      "rel": "collection",
      "href": "../collection.json",
      "type": "application/json"
    },
    {
      "rel": "parent",
      "href": "../collection.json",
      "type": "application/json"
    }
  ],
  "assets": {
    "labels": {
      "href": "./labels.geojson",
      "type": "application/geo+json"
    }
  },
  "bbox": [
    8.527080838809853,
    47.4124483116001,
    8.527768588178226,
    47.41291515693261
  ],
  "stac_extensions": [
    "https://stac-extensions.github.io/label/v1.0.1/schema.json"
  ],
  "collection": "27e699a1-1636-416e-8cf6-3fcffe01bf17"
}