{
  "type": "Collection",
  "id": "03dfb208-b15b-439f-a56a-b29bb39b9615",
  "stac_version": "1.0.0",
  "description": "{1512EDB0-18AA-4338-B094-E04CB29B72F6}_tile_3",
  "links": [
    {
      "rel": "root",
      "href": "../catalog.json",
      "type": "application/json"
    },
    {
      "rel": "item",
      "href": "./f15af3e1-0512-4307-9b65-7193858b7cfa/f15af3e1-0512-4307-9b65-7193858b7cfa.json",
      "type": "application/json"
    },
    {
      "rel": "item",
      "href": "./db9ba51f-6d10-41e9-a58c-42b658b0516b/db9ba51f-6d10-41e9-a58c-42b658b0516b.json",
      "type": "application/json"
    },
    {
      "rel": "parent",
      "href": "../catalog.json",
      "type": "application/json"
    }
  ],
  "extent": {
    "spatial": {
      "bbox": [
        [
          8.516336775459338,
          47.3861926032649,
          8.516545031084254,
          47.38634290867439
        ]
      ]
    },
    "temporal": {
      "interval": [
        [
          "2025-01-31T23:46:42.375833Z",
          "2025-03-20T09:20:54.799909Z"
        ]
      ]
    }
  },
  "license": "proprietary"
}