{
  "type": "Feature",
  "stac_version": "1.0.0",
  "id": "0b2c1925-eec8-4a62-9efa-4aa886cab246",
  "properties": {
    "title": "Groundwork campaign labels",
    "description": "Labels created from a Groundwork campaign!",
    "label:description": "Labels for project {17C12A46-DC5F-4884-8864-F4759DA6DB42}_tile_3",
    "label:type": "vector",
    "label:properties": [
      "default"
    ],
    "label:classes": [
      {
        "classes": [
          "Pavement_distress",
          "Shadows"
        ],
        "name": "default"
      }
    ],
    "label:tasks": [
      "detection"
    ],
    "datetime": "2025-03-20T09:20:49.341419Z"
  },
  "geometry": {
    "type": "Polygon",
    "coordinates": [
      [
        [
          8.531632900917783,
          47.38831579199195
        ],
        [
          8.531639947499691,
          47.38865933775452
        ],
        [
          8.531030779576842,
          47.38866509873929
        ],
        [
          8.531023736924418,
          47.3883215529399
        ],
        [
          8.531632900917783,
          47.38831579199195
        ]
      ]
    ]
  },
  "links": [
    {
      "rel": "source",
      "href": "../8b5b01c5-734a-4996-a4f7-87500ca78b42/8b5b01c5-734a-4996-a4f7-87500ca78b42.json",
      "type": "application/json"
    },
    {
      "rel": "root",
      "href": "../../catalog.json",
      "type": "application/json"
    },
    {
      "rel": "collection",
      "href": "../collection.json",
      "type": "application/json"
    },
    {
      "rel": "parent",
      "href": "../collection.json",
      "type": "application/json"
    }
  ],
  "assets": {
    "labels": {
      "href": "./labels.geojson",
      "type": "application/geo+json"
    }
  },
  "bbox": [
    8.531023736924418,
    47.38831579199195,
    8.531639947499691,
    47.38866509873929
  ],
  "stac_extensions": [
    "https://stac-extensions.github.io/label/v1.0.1/schema.json"
  ],
  "collection": "50975083-c82e-411c-9453-94e602bccb63"
}