{
  "type": "Collection",
  "id": "e0f9bda7-7652-4367-aabb-51cf98ff3fc3",
  "stac_version": "1.0.0",
  "description": "4853_tile_0",
  "links": [
    {
      "rel": "root",
      "href": "../catalog.json",
      "type": "application/json"
    },
    {
      "rel": "item",
      "href": "./b28b2d95-f7a1-46ef-bd2c-cce7a435e1d2/b28b2d95-f7a1-46ef-bd2c-cce7a435e1d2.json",
      "type": "application/json"
    },
    {
      "rel": "item",
      "href": "./adbfb22d-ec41-4ef8-9374-5d187a7c6116/adbfb22d-ec41-4ef8-9374-5d187a7c6116.json",
      "type": "application/json"
    },
    {
      "rel": "parent",
      "href": "../catalog.json",
      "type": "application/json"
    }
  ],
  "extent": {
    "spatial": {
      "bbox": [
        [
          8.504773173220075,
          47.406463287889125,
          8.505460654943493,
          47.40693000490367
        ]
      ]
    },
    "temporal": {
      "interval": [
        [
          "2025-05-06T07:08:53.938004Z",
          "2025-05-07T19:02:24.528705Z"
        ]
      ]
    }
  },
  "license": "proprietary"
}