{
  "type": "Collection",
  "id": "f8879426-1984-4501-92fc-d89bde1d6327",
  "stac_version": "1.0.0",
  "description": "3646_tile_0",
  "links": [
    {
      "rel": "root",
      "href": "../catalog.json",
      "type": "application/json"
    },
    {
      "rel": "item",
      "href": "./e4dcbf7d-e6a2-4f7f-8acd-87675b89d380/e4dcbf7d-e6a2-4f7f-8acd-87675b89d380.json",
      "type": "application/json"
    },
    {
      "rel": "item",
      "href": "./4b2fb8bb-2f3a-4ee3-8fe9-5a2b71bf5486/4b2fb8bb-2f3a-4ee3-8fe9-5a2b71bf5486.json",
      "type": "application/json"
    },
    {
      "rel": "parent",
      "href": "../catalog.json",
      "type": "application/json"
    }
  ],
  "extent": {
    "spatial": {
      "bbox": [
        [
          8.591452157617455,
          47.398258295719856,
          8.592140272404956,
          47.398725515716784
        ]
      ]
    },
    "temporal": {
      "interval": [
        [
          "2025-05-06T07:08:28.370954Z",
          "2025-05-07T19:02:29.506715Z"
        ]
      ]
    }
  },
  "license": "proprietary"
}