{
  "type": "Collection",
  "id": "275e0fd3-7ea3-4be1-a1fe-e68330c4aa61",
  "stac_version": "1.0.0",
  "description": "3839_tile_1",
  "links": [
    {
      "rel": "root",
      "href": "../catalog.json",
      "type": "application/json"
    },
    {
      "rel": "item",
      "href": "./ceee0bc7-d27a-4fce-a67c-74aec5f372c6/ceee0bc7-d27a-4fce-a67c-74aec5f372c6.json",
      "type": "application/json"
    },
    {
      "rel": "item",
      "href": "./6b5c0ba7-33a0-433e-9367-d72df6a997b3/6b5c0ba7-33a0-433e-9367-d72df6a997b3.json",
      "type": "application/json"
    },
    {
      "rel": "parent",
      "href": "../catalog.json",
      "type": "application/json"
    }
  ],
  "extent": {
    "spatial": {
      "bbox": [
        [
          8.533141813433419,
          47.33254122919638,
          8.533828583337414,
          47.33300812092502
        ]
      ]
    },
    "temporal": {
      "interval": [
        [
          "2025-05-06T07:08:31.999348Z",
          "2025-05-07T19:02:28.949795Z"
        ]
      ]
    }
  },
  "license": "proprietary"
}