{
  "type": "Feature",
  "stac_version": "1.0.0",
  "id": "160765f0-59c5-428b-8e9f-1c6a5d3658a8",
  "properties": {
    "title": "Groundwork campaign labels",
    "description": "Labels created from a Groundwork campaign!",
    "label:description": "Labels for project 16340_tile_2",
    "label:type": "vector",
    "label:properties": [
      "default"
    ],
    "label:classes": [
      {
        "classes": [
          "Pavement Distress",
          "Non-Pavement Distress"
        ],
        "name": "default"
      }
    ],
    "label:tasks": [
      "detection"
    ],
    "datetime": "2025-04-28T08:56:05.128599Z"
  },
  "geometry": {
    "type": "Polygon",
    "coordinates": [
      [
        [
          8.528243861618371,
          47.391251413786634
        ],
        [
          8.52825327748795,
          47.391711872879974
        ],
        [
          8.527575207814285,
          47.39171826501164
        ],
        [
          8.527565797807508,
          47.39125780586355
        ],
        [
          8.528243861618371,
          47.391251413786634
        ]
      ]
    ]
  },
  "links": [
    {
      "rel": "source",
      "href": "../2e793a4d-ba9f-471c-88a0-b95cfa3d96a5/2e793a4d-ba9f-471c-88a0-b95cfa3d96a5.json",
      "type": "application/json"
    },
    {
      "rel": "root",
      "href": "../../catalog.json",
      "type": "application/json"
    },
    {
      "rel": "collection",
      "href": "../collection.json",
      "type": "application/json"
    },
    {
      "rel": "parent",
      "href": "../collection.json",
      "type": "application/json"
    }
  ],
  "assets": {
    "labels": {
      "href": "./labels.geojson",
      "type": "application/geo+json"
    }
  },
  "bbox": [
    8.527565797807508,
    47.391251413786634,
    8.52825327748795,
    47.39171826501164
  ],
  "stac_extensions": [
    "https://stac-extensions.github.io/label/v1.0.1/schema.json"
  ],
  "collection": "0bf1a49a-4475-4692-adaa-cae6e132d659"
}