{
  "type": "Feature",
  "stac_version": "1.0.0",
  "id": "04ce22d7-2a46-4d67-9ce2-87eb638f4115",
  "properties": {
    "title": "Groundwork campaign labels",
    "description": "Labels created from a Groundwork campaign!",
    "label:description": "Labels for project 16504_tile_1",
    "label:type": "vector",
    "label:properties": [
      "default"
    ],
    "label:classes": [
      {
        "classes": [
          "Pavement_distress",
          "non_pavement_distress"
        ],
        "name": "default"
      }
    ],
    "label:tasks": [
      "detection"
    ],
    "datetime": "2025-05-07T19:01:08.945243Z"
  },
  "geometry": {
    "type": "Polygon",
    "coordinates": [
      [
        [
          8.554897924809431,
          47.41106234224979
        ],
        [
          8.554907574797602,
          47.411522796271086
        ],
        [
          8.55422925599605,
          47.411529344908246
        ],
        [
          8.554219611874922,
          47.41106889083089
        ],
        [
          8.554897924809431,
          47.41106234224979
        ]
      ]
    ]
  },
  "links": [
    {
      "rel": "source",
      "href": "../d1935263-367d-46a5-a63b-ee14b2bb7fd9/d1935263-367d-46a5-a63b-ee14b2bb7fd9.json",
      "type": "application/json"
    },
    {
      "rel": "root",
      "href": "../../catalog.json",
      "type": "application/json"
    },
    {
      "rel": "collection",
      "href": "../collection.json",
      "type": "application/json"
    },
    {
      "rel": "parent",
      "href": "../collection.json",
      "type": "application/json"
    }
  ],
  "assets": {
    "labels": {
      "href": "./labels.geojson",
      "type": "application/geo+json"
    }
  },
  "bbox": [
    8.554219611874922,
    47.41106234224979,
    8.554907574797602,
    47.411529344908246
  ],
  "stac_extensions": [
    "https://stac-extensions.github.io/label/v1.0.1/schema.json"
  ],
  "collection": "ef1565ea-f202-48d6-98a5-ec38eaefe10e"
}