{
  "type": "Feature",
  "stac_version": "1.0.0",
  "id": "de4ffda7-0b01-4954-b5ba-ed7343a8e565",
  "properties": {
    "title": "Groundwork campaign labels",
    "description": "Labels created from a Groundwork campaign!",
    "label:description": "Labels for project {4D8C5AB1-A5BA-4D28-B727-71942FB24BAF}_tile_2",
    "label:type": "vector",
    "label:properties": [
      "default"
    ],
    "label:classes": [
      {
        "classes": [
          "Pavement_distress",
          "Shadows"
        ],
        "name": "default"
      }
    ],
    "label:tasks": [
      "detection"
    ],
    "datetime": "2025-03-20T09:20:52.331293Z"
  },
  "geometry": {
    "type": "Polygon",
    "coordinates": [
      [
        [
          8.514059294681651,
          47.37861129948317
        ],
        [
          8.514068585662702,
          47.37907176152713
        ],
        [
          8.513390675222022,
          47.37907807037241
        ],
        [
          8.513381390101046,
          47.378617608274496
        ],
        [
          8.514059294681651,
          47.37861129948317
        ]
      ]
    ]
  },
  "links": [
    {
      "rel": "source",
      "href": "../ca070d91-8174-4164-a0bb-f4b227391504/ca070d91-8174-4164-a0bb-f4b227391504.json",
      "type": "application/json"
    },
    {
      "rel": "root",
      "href": "../../catalog.json",
      "type": "application/json"
    },
    {
      "rel": "collection",
      "href": "../collection.json",
      "type": "application/json"
    },
    {
      "rel": "parent",
      "href": "../collection.json",
      "type": "application/json"
    }
  ],
  "assets": {
    "labels": {
      "href": "./labels.geojson",
      "type": "application/geo+json"
    }
  },
  "bbox": [
    8.513381390101046,
    47.37861129948317,
    8.514068585662702,
    47.37907807037241
  ],
  "stac_extensions": [
    "https://stac-extensions.github.io/label/v1.0.1/schema.json"
  ],
  "collection": "f053d591-8b0b-4bc8-92e3-0e6ea76fef3d"
}