{
  "type": "Collection",
  "id": "97e32238-0ce0-4ba1-95c6-2907a3888831",
  "stac_version": "1.0.0",
  "description": "{E87A1D1A-272C-4572-B9F9-DB180B4223AA}_tile_0",
  "links": [
    {
      "rel": "root",
      "href": "../catalog.json",
      "type": "application/json"
    },
    {
      "rel": "item",
      "href": "./78ae2019-af96-474c-8772-e3cf07a94794/78ae2019-af96-474c-8772-e3cf07a94794.json",
      "type": "application/json"
    },
    {
      "rel": "item",
      "href": "./f38f63ce-7136-4bb1-bcfb-2e132281cc5e/f38f63ce-7136-4bb1-bcfb-2e132281cc5e.json",
      "type": "application/json"
    },
    {
      "rel": "parent",
      "href": "../catalog.json",
      "type": "application/json"
    }
  ],
  "extent": {
    "spatial": {
      "bbox": [
        [
          8.556248764822108,
          47.36251848054503,
          8.556936118089542,
          47.36298550191389
        ]
      ]
    },
    "temporal": {
      "interval": [
        [
          "2025-01-31T23:43:49.574733Z",
          "2025-03-20T09:21:33.859123Z"
        ]
      ]
    }
  },
  "license": "proprietary"
}