{
  "type": "Collection",
  "id": "932ecda2-6792-4f06-a1d8-a1e5c74a54f2",
  "stac_version": "1.0.0",
  "description": "{EF40E910-9EB9-465F-A5C9-287429007528}_tile_1",
  "links": [
    {
      "rel": "root",
      "href": "../catalog.json",
      "type": "application/json"
    },
    {
      "rel": "item",
      "href": "./2b5ece6d-55fb-4a09-81a3-0e8c70033022/2b5ece6d-55fb-4a09-81a3-0e8c70033022.json",
      "type": "application/json"
    },
    {
      "rel": "item",
      "href": "./081006df-0320-46d2-92d4-90c7cc23f15c/081006df-0320-46d2-92d4-90c7cc23f15c.json",
      "type": "application/json"
    },
    {
      "rel": "parent",
      "href": "../catalog.json",
      "type": "application/json"
    }
  ],
  "extent": {
    "spatial": {
      "bbox": [
        [
          8.549744435026065,
          47.39237498432396,
          8.550055833692467,
          47.39257669127847
        ]
      ]
    },
    "temporal": {
      "interval": [
        [
          "2025-01-31T23:45:24.913157Z",
          "2025-03-20T09:21:12.424492Z"
        ]
      ]
    }
  },
  "license": "proprietary"
}