{
  "type": "Feature",
  "stac_version": "1.0.0",
  "id": "5a7a8321-d812-4739-a3ff-0e7a1e26861c",
  "properties": {
    "title": "Groundwork campaign labels",
    "description": "Labels created from a Groundwork campaign!",
    "label:description": "Labels for project 9311_tile_0",
    "label:type": "vector",
    "label:properties": [
      "default"
    ],
    "label:classes": [
      {
        "classes": [
          "Pavement Distress",
          "Non-Pavement Distress"
        ],
        "name": "default"
      }
    ],
    "label:tasks": [
      "detection"
    ],
    "datetime": "2025-04-28T08:56:45.982220Z"
  },
  "geometry": {
    "type": "Polygon",
    "coordinates": [
      [
        [
          8.512608020038952,
          47.3978742295425
        ],
        [
          8.51261730185045,
          47.39833468896089
        ],
        [
          8.511939145948778,
          47.39834098925923
        ],
        [
          8.511929870001623,
          47.397880529786896
        ],
        [
          8.512608020038952,
          47.3978742295425
        ]
      ]
    ]
  },
  "links": [
    {
      "rel": "source",
      "href": "../9f43eb66-4fad-4ad0-a7c5-787055ade5c0/9f43eb66-4fad-4ad0-a7c5-787055ade5c0.json",
      "type": "application/json"
    },
    {
      "rel": "root",
      "href": "../../catalog.json",
      "type": "application/json"
    },
    {
      "rel": "collection",
      "href": "../collection.json",
      "type": "application/json"
    },
    {
      "rel": "parent",
      "href": "../collection.json",
      "type": "application/json"
    }
  ],
  "assets": {
    "labels": {
      "href": "./labels.geojson",
      "type": "application/geo+json"
    }
  },
  "bbox": [
    8.511929870001623,
    47.3978742295425,
    8.51261730185045,
    47.39834098925923
  ],
  "stac_extensions": [
    "https://stac-extensions.github.io/label/v1.0.1/schema.json"
  ],
  "collection": "ea1a9aa7-c8e2-47f3-bad3-34b1709a3269"
}