{
  "type": "Collection",
  "id": "e26fb8b0-1e7f-4333-a818-4cb72462511a",
  "stac_version": "1.0.0",
  "description": "{CFDAA0FB-B09D-4DBC-8364-C98A2F1012BD}_tile_0",
  "links": [
    {
      "rel": "root",
      "href": "../catalog.json",
      "type": "application/json"
    },
    {
      "rel": "item",
      "href": "./5bbd5d74-0b4c-469f-8606-52045cfafa54/5bbd5d74-0b4c-469f-8606-52045cfafa54.json",
      "type": "application/json"
    },
    {
      "rel": "item",
      "href": "./67b97495-4cf4-435d-bfcc-eeefcc880d37/67b97495-4cf4-435d-bfcc-eeefcc880d37.json",
      "type": "application/json"
    },
    {
      "rel": "parent",
      "href": "../catalog.json",
      "type": "application/json"
    }
  ],
  "extent": {
    "spatial": {
      "bbox": [
        [
          8.492701490947859,
          47.38538023525938,
          8.492972793380105,
          47.385843090344224
        ]
      ]
    },
    "temporal": {
      "interval": [
        [
          "2025-01-31T23:44:51.711145Z",
          "2025-03-20T09:21:19.474883Z"
        ]
      ]
    }
  },
  "license": "proprietary"
}