{
  "type": "Feature",
  "stac_version": "1.0.0",
  "id": "3c8a11cc-90ab-4d61-a7b4-0590e0674b84",
  "properties": {
    "title": "Groundwork campaign labels",
    "description": "Labels created from a Groundwork campaign!",
    "label:description": "Labels for project {56E4E87A-8C32-4C58-9C77-0896961E2BA1}_tile_0",
    "label:type": "vector",
    "label:properties": [
      "default"
    ],
    "label:classes": [
      {
        "classes": [
          "Pavement_distress",
          "Shadows"
        ],
        "name": "default"
      }
    ],
    "label:tasks": [
      "detection"
    ],
    "datetime": "2025-03-20T09:21:19.150910Z"
  },
  "geometry": {
    "type": "Polygon",
    "coordinates": [
      [
        [
          8.584651449978859,
          47.36067070213405
        ],
        [
          8.584653479820195,
          47.3607651321358
        ],
        [
          8.583975811005047,
          47.36077185552465
        ],
        [
          8.58397378236458,
          47.36067742551114
        ],
        [
          8.584651449978859,
          47.36067070213405
        ]
      ]
    ]
  },
  "links": [
    {
      "rel": "source",
      "href": "../9c1f27cc-a956-4737-809d-93c59972bc69/9c1f27cc-a956-4737-809d-93c59972bc69.json",
      "type": "application/json"
    },
    {
      "rel": "root",
      "href": "../../catalog.json",
      "type": "application/json"
    },
    {
      "rel": "collection",
      "href": "../collection.json",
      "type": "application/json"
    },
    {
      "rel": "parent",
      "href": "../collection.json",
      "type": "application/json"
    }
  ],
  "assets": {
    "labels": {
      "href": "./labels.geojson",
      "type": "application/geo+json"
    }
  },
  "bbox": [
    8.58397378236458,
    47.36067070213405,
    8.584653479820195,
    47.36077185552465
  ],
  "stac_extensions": [
    "https://stac-extensions.github.io/label/v1.0.1/schema.json"
  ],
  "collection": "270756d7-c740-4971-9ef6-89e779aa656b"
}