{
  "type": "Collection",
  "id": "86549479-9186-4f88-b499-d22f905baff0",
  "stac_version": "1.0.0",
  "description": "15102_tile_0",
  "links": [
    {
      "rel": "root",
      "href": "../catalog.json",
      "type": "application/json"
    },
    {
      "rel": "item",
      "href": "./2322b447-e050-4841-a5cd-b3b3667f282b/2322b447-e050-4841-a5cd-b3b3667f282b.json",
      "type": "application/json"
    },
    {
      "rel": "item",
      "href": "./6ac91199-0917-4c91-9d40-673274a748c6/6ac91199-0917-4c91-9d40-673274a748c6.json",
      "type": "application/json"
    },
    {
      "rel": "parent",
      "href": "../catalog.json",
      "type": "application/json"
    }
  ],
  "extent": {
    "spatial": {
      "bbox": [
        [
          8.481575890865763,
          47.36357002309357,
          8.482262621200904,
          47.36403661185577
        ]
      ]
    },
    "temporal": {
      "interval": [
        [
          "2025-04-02T11:48:59.448210Z",
          "2025-04-28T08:56:13.137109Z"
        ]
      ]
    }
  },
  "license": "proprietary"
}