{
  "type": "Feature",
  "stac_version": "1.0.0",
  "id": "c4788cc4-d0ef-4ddc-bf6b-7c85c0896e0b",
  "properties": {
    "title": "Groundwork campaign labels",
    "description": "Labels created from a Groundwork campaign!",
    "label:description": "Labels for project 1786_tile_0",
    "label:type": "vector",
    "label:properties": [
      "default"
    ],
    "label:classes": [
      {
        "classes": [
          "Pavement Distress",
          "Non-Pavement Distress"
        ],
        "name": "default"
      }
    ],
    "label:tasks": [
      "detection"
    ],
    "datetime": "2025-04-28T08:57:24.753926Z"
  },
  "geometry": {
    "type": "Polygon",
    "coordinates": [
      [
        [
          8.562853941101666,
          47.40868249520579
        ],
        [
          8.562863659481549,
          47.40914294890182
        ],
        [
          8.562185371997307,
          47.40914954426485
        ],
        [
          8.5621756594839,
          47.408689090512354
        ],
        [
          8.562853941101666,
          47.40868249520579
        ]
      ]
    ]
  },
  "links": [
    {
      "rel": "source",
      "href": "../4d312df9-0b91-482a-a395-971bba6a00b9/4d312df9-0b91-482a-a395-971bba6a00b9.json",
      "type": "application/json"
    },
    {
      "rel": "root",
      "href": "../../catalog.json",
      "type": "application/json"
    },
    {
      "rel": "collection",
      "href": "../collection.json",
      "type": "application/json"
    },
    {
      "rel": "parent",
      "href": "../collection.json",
      "type": "application/json"
    }
  ],
  "assets": {
    "labels": {
      "href": "./labels.geojson",
      "type": "application/geo+json"
    }
  },
  "bbox": [
    8.5621756594839,
    47.40868249520579,
    8.562863659481549,
    47.40914954426485
  ],
  "stac_extensions": [
    "https://stac-extensions.github.io/label/v1.0.1/schema.json"
  ],
  "collection": "9d14afa1-97b5-4f15-900e-4f8725eedad0"
}