{
  "type": "Feature",
  "stac_version": "1.0.0",
  "id": "560345a2-5acd-4b16-a05b-2841e55d85a4",
  "properties": {
    "title": "Groundwork campaign labels",
    "description": "Labels created from a Groundwork campaign!",
    "label:description": "Labels for project 16339_tile_2",
    "label:type": "vector",
    "label:properties": [
      "default"
    ],
    "label:classes": [
      {
        "classes": [
          "Pavement_distress",
          "non_pavement_distress"
        ],
        "name": "default"
      }
    ],
    "label:tasks": [
      "detection"
    ],
    "datetime": "2025-05-07T19:01:09.595430Z"
  },
  "geometry": {
    "type": "Polygon",
    "coordinates": [
      [
        [
          8.552005367617825,
          47.39186054544644
        ],
        [
          8.552014989088134,
          47.392321002481474
        ],
        [
          8.551336914558295,
          47.392327534156344
        ],
        [
          8.551327298950795,
          47.391867077065406
        ],
        [
          8.552005367617825,
          47.39186054544644
        ]
      ]
    ]
  },
  "links": [
    {
      "rel": "source",
      "href": "../a2277eb5-561b-4ea6-b479-b4e6cd614236/a2277eb5-561b-4ea6-b479-b4e6cd614236.json",
      "type": "application/json"
    },
    {
      "rel": "root",
      "href": "../../catalog.json",
      "type": "application/json"
    },
    {
      "rel": "collection",
      "href": "../collection.json",
      "type": "application/json"
    },
    {
      "rel": "parent",
      "href": "../collection.json",
      "type": "application/json"
    }
  ],
  "assets": {
    "labels": {
      "href": "./labels.geojson",
      "type": "application/geo+json"
    }
  },
  "bbox": [
    8.551327298950795,
    47.39186054544644,
    8.552014989088134,
    47.392327534156344
  ],
  "stac_extensions": [
    "https://stac-extensions.github.io/label/v1.0.1/schema.json"
  ],
  "collection": "cffeb505-a8df-4d1a-892c-d9a8d0ccdc32"
}