{
  "type": "Collection",
  "id": "1a3efe14-394b-4592-a118-ec14e195f751",
  "stac_version": "1.0.0",
  "description": "13768_tile_3",
  "links": [
    {
      "rel": "root",
      "href": "../catalog.json",
      "type": "application/json"
    },
    {
      "rel": "item",
      "href": "./dd595442-42aa-405b-8708-2f5bb8f7c871/dd595442-42aa-405b-8708-2f5bb8f7c871.json",
      "type": "application/json"
    },
    {
      "rel": "item",
      "href": "./3fca78cd-7184-4990-84c1-2c5aada488ad/3fca78cd-7184-4990-84c1-2c5aada488ad.json",
      "type": "application/json"
    },
    {
      "rel": "parent",
      "href": "../catalog.json",
      "type": "application/json"
    }
  ],
  "extent": {
    "spatial": {
      "bbox": [
        [
          8.509164272536513,
          47.3529991068759,
          8.509851101806296,
          47.353465856936666
        ]
      ]
    },
    "temporal": {
      "interval": [
        [
          "2025-04-02T11:48:17.563374Z",
          "2025-04-28T08:56:17.906212Z"
        ]
      ]
    }
  },
  "license": "proprietary"
}