{
  "type": "Collection",
  "id": "e67c9d55-00d1-4f73-abac-a663998da845",
  "stac_version": "1.0.0",
  "description": "{5199FF71-44C3-44DE-956E-28C45B264674}_tile_0",
  "links": [
    {
      "rel": "root",
      "href": "../catalog.json",
      "type": "application/json"
    },
    {
      "rel": "item",
      "href": "./790b3d2b-d4e3-4b40-b70d-f0bf046241a8/790b3d2b-d4e3-4b40-b70d-f0bf046241a8.json",
      "type": "application/json"
    },
    {
      "rel": "item",
      "href": "./369583d4-64c7-4da5-ab57-8995df2f04ce/369583d4-64c7-4da5-ab57-8995df2f04ce.json",
      "type": "application/json"
    },
    {
      "rel": "parent",
      "href": "../catalog.json",
      "type": "application/json"
    }
  ],
  "extent": {
    "spatial": {
      "bbox": [
        [
          8.542080259067538,
          47.38086459942322,
          8.542767728383291,
          47.38133153617703
        ]
      ]
    },
    "temporal": {
      "interval": [
        [
          "2025-01-31T23:46:55.242593Z",
          "2025-03-20T09:20:52.155319Z"
        ]
      ]
    }
  },
  "license": "proprietary"
}