{
  "type": "Feature",
  "stac_version": "1.0.0",
  "id": "2e97e371-454c-4f26-b700-926df962faa7",
  "properties": {
    "title": "Groundwork campaign labels",
    "description": "Labels created from a Groundwork campaign!",
    "label:description": "Labels for project {E9E93996-DCBD-4B45-8459-2AA61D615DFF}_tile_0",
    "label:type": "vector",
    "label:properties": [
      "default"
    ],
    "label:classes": [
      {
        "classes": [
          "Pavement_distress",
          "Shadows"
        ],
        "name": "default"
      }
    ],
    "label:tasks": [
      "detection"
    ],
    "datetime": "2025-03-20T09:20:59.200428Z"
  },
  "geometry": {
    "type": "Polygon",
    "coordinates": [
      [
        [
          8.574252993141812,
          47.38393337999218
        ],
        [
          8.574254200517636,
          47.383990037702006
        ],
        [
          8.574129730269169,
          47.38399126115478
        ],
        [
          8.574128523025745,
          47.383934603443656
        ],
        [
          8.574252993141812,
          47.38393337999218
        ]
      ]
    ]
  },
  "links": [
    {
      "rel": "source",
      "href": "../c8f2c0db-4a15-4e4d-9faa-ee6189a13ca5/c8f2c0db-4a15-4e4d-9faa-ee6189a13ca5.json",
      "type": "application/json"
    },
    {
      "rel": "root",
      "href": "../../catalog.json",
      "type": "application/json"
    },
    {
      "rel": "collection",
      "href": "../collection.json",
      "type": "application/json"
    },
    {
      "rel": "parent",
      "href": "../collection.json",
      "type": "application/json"
    }
  ],
  "assets": {
    "labels": {
      "href": "./labels.geojson",
      "type": "application/geo+json"
    }
  },
  "bbox": [
    8.574128523025745,
    47.38393337999218,
    8.574254200517636,
    47.38399126115478
  ],
  "stac_extensions": [
    "https://stac-extensions.github.io/label/v1.0.1/schema.json"
  ],
  "collection": "b472f78c-9532-4825-98ae-4bd1467ad425"
}