{
  "type": "Feature",
  "stac_version": "1.0.0",
  "id": "27c9ee3d-8402-4c1b-8653-35a1bec4e8cf",
  "properties": {
    "title": "Groundwork campaign labels",
    "description": "Labels created from a Groundwork campaign!",
    "label:description": "Labels for project 64_tile_2",
    "label:type": "vector",
    "label:properties": [
      "default"
    ],
    "label:classes": [
      {
        "classes": [
          "Pavement Distress",
          "Non-Pavement Distress"
        ],
        "name": "default"
      }
    ],
    "label:tasks": [
      "detection"
    ],
    "datetime": "2025-04-28T08:57:30.659012Z"
  },
  "geometry": {
    "type": "Polygon",
    "coordinates": [
      [
        [
          8.530114890204091,
          47.383266803286894
        ],
        [
          8.530124320831339,
          47.38372726336267
        ],
        [
          8.529446353053018,
          47.383733666492425
        ],
        [
          8.529436928286788,
          47.38327320636186
        ],
        [
          8.530114890204091,
          47.383266803286894
        ]
      ]
    ]
  },
  "links": [
    {
      "rel": "source",
      "href": "../d9482773-8e3e-4f7b-8d2c-97e56a5cae81/d9482773-8e3e-4f7b-8d2c-97e56a5cae81.json",
      "type": "application/json"
    },
    {
      "rel": "root",
      "href": "../../catalog.json",
      "type": "application/json"
    },
    {
      "rel": "collection",
      "href": "../collection.json",
      "type": "application/json"
    },
    {
      "rel": "parent",
      "href": "../collection.json",
      "type": "application/json"
    }
  ],
  "assets": {
    "labels": {
      "href": "./labels.geojson",
      "type": "application/geo+json"
    }
  },
  "bbox": [
    8.529436928286788,
    47.383266803286894,
    8.530124320831339,
    47.383733666492425
  ],
  "stac_extensions": [
    "https://stac-extensions.github.io/label/v1.0.1/schema.json"
  ],
  "collection": "21e5643c-5f64-427b-acdc-d555ce516392"
}