{
  "type": "Collection",
  "id": "b8213d2c-b3c6-41ae-95d6-03af57fffaf8",
  "stac_version": "1.0.0",
  "description": "15747_tile_0",
  "links": [
    {
      "rel": "root",
      "href": "../catalog.json",
      "type": "application/json"
    },
    {
      "rel": "item",
      "href": "./7ff98702-409e-4f51-a7fb-e8ccb6b01753/7ff98702-409e-4f51-a7fb-e8ccb6b01753.json",
      "type": "application/json"
    },
    {
      "rel": "item",
      "href": "./cc2d6ab9-caf6-47e1-aa1b-040d76ddbe91/cc2d6ab9-caf6-47e1-aa1b-040d76ddbe91.json",
      "type": "application/json"
    },
    {
      "rel": "parent",
      "href": "../catalog.json",
      "type": "application/json"
    }
  ],
  "extent": {
    "spatial": {
      "bbox": [
        [
          8.544321529037562,
          47.41867735481634,
          8.545009505991064,
          47.419144299053386
        ]
      ]
    },
    "temporal": {
      "interval": [
        [
          "2025-04-02T11:49:12.949702Z",
          "2025-04-28T08:56:09.889216Z"
        ]
      ]
    }
  },
  "license": "proprietary"
}