{
  "type": "Collection",
  "id": "35cea5f6-8fbe-479c-bb64-5d816a373c13",
  "stac_version": "1.0.0",
  "description": "10773_tile_4",
  "links": [
    {
      "rel": "root",
      "href": "../catalog.json",
      "type": "application/json"
    },
    {
      "rel": "item",
      "href": "./1cc0635a-4d79-4a73-ade5-a28ed6eb2068/1cc0635a-4d79-4a73-ade5-a28ed6eb2068.json",
      "type": "application/json"
    },
    {
      "rel": "item",
      "href": "./f69ca2ca-a19e-43b3-ad51-2cc6c38ebcc5/f69ca2ca-a19e-43b3-ad51-2cc6c38ebcc5.json",
      "type": "application/json"
    },
    {
      "rel": "parent",
      "href": "../catalog.json",
      "type": "application/json"
    }
  ],
  "extent": {
    "spatial": {
      "bbox": [
        [
          8.51641612106067,
          47.3764898497101,
          8.517103315122577,
          47.37695663847691
        ]
      ]
    },
    "temporal": {
      "interval": [
        [
          "2025-05-06T07:11:24.922871Z",
          "2025-05-07T19:01:47.716878Z"
        ]
      ]
    }
  },
  "license": "proprietary"
}