{
  "type": "Collection",
  "id": "b8c8f222-4f9d-486b-b59d-9f6dd98e4212",
  "stac_version": "1.0.0",
  "description": "17681_tile_3",
  "links": [
    {
      "rel": "root",
      "href": "../catalog.json",
      "type": "application/json"
    },
    {
      "rel": "item",
      "href": "./943d4cda-0286-47cf-aed9-18c76ba91b57/943d4cda-0286-47cf-aed9-18c76ba91b57.json",
      "type": "application/json"
    },
    {
      "rel": "item",
      "href": "./f6068ef2-310e-4758-a06f-4860c55f4bc8/f6068ef2-310e-4758-a06f-4860c55f4bc8.json",
      "type": "application/json"
    },
    {
      "rel": "parent",
      "href": "../catalog.json",
      "type": "application/json"
    }
  ],
  "extent": {
    "spatial": {
      "bbox": [
        [
          8.546370448688702,
          47.38236078426048,
          8.547057973890357,
          47.38282774563832
        ]
      ]
    },
    "temporal": {
      "interval": [
        [
          "2025-05-07T13:21:07.970234Z",
          "2025-05-07T19:00:59.373901Z"
        ]
      ]
    }
  },
  "license": "proprietary"
}