{
  "type": "Collection",
  "id": "d9c42c03-a4bf-4901-8b35-c08664fd4229",
  "stac_version": "1.0.0",
  "description": "13420_tile_1",
  "links": [
    {
      "rel": "root",
      "href": "../catalog.json",
      "type": "application/json"
    },
    {
      "rel": "item",
      "href": "./aa17e3b4-a0b6-439b-9d3f-044e959bcd77/aa17e3b4-a0b6-439b-9d3f-044e959bcd77.json",
      "type": "application/json"
    },
    {
      "rel": "item",
      "href": "./6f4e0dbb-cb6f-4d50-bdb5-5fc67eb5cf6a/6f4e0dbb-cb6f-4d50-bdb5-5fc67eb5cf6a.json",
      "type": "application/json"
    },
    {
      "rel": "parent",
      "href": "../catalog.json",
      "type": "application/json"
    }
  ],
  "extent": {
    "spatial": {
      "bbox": [
        [
          8.548763717314543,
          47.39959581556998,
          8.549451485526026,
          47.40006278832023
        ]
      ]
    },
    "temporal": {
      "interval": [
        [
          "2025-05-06T07:12:48.248528Z",
          "2025-05-07T19:01:26.229203Z"
        ]
      ]
    }
  },
  "license": "proprietary"
}