{
  "type": "Feature",
  "stac_version": "1.0.0",
  "id": "9278d6da-ea69-4e99-a652-1626713f7a4d",
  "properties": {
    "title": "Groundwork campaign labels",
    "description": "Labels created from a Groundwork campaign!",
    "label:description": "Labels for project {0CE77ACD-DD23-4366-BED5-219B84882C44}_tile_0",
    "label:type": "vector",
    "label:properties": [
      "default"
    ],
    "label:classes": [
      {
        "classes": [
          "Pavement_distress",
          "Shadows"
        ],
        "name": "default"
      }
    ],
    "label:tasks": [
      "detection"
    ],
    "datetime": "2025-03-20T09:21:14.334027Z"
  },
  "geometry": {
    "type": "Polygon",
    "coordinates": [
      [
        [
          8.49413669428349,
          47.37739991029598
        ],
        [
          8.494141200095132,
          47.377627444180526
        ],
        [
          8.49381284501074,
          47.37763044384001
        ],
        [
          8.493808340601658,
          47.37740290994279
        ],
        [
          8.49413669428349,
          47.37739991029598
        ]
      ]
    ]
  },
  "links": [
    {
      "rel": "source",
      "href": "../ac5a57c7-58e4-4d61-8795-b5b3dd13c27e/ac5a57c7-58e4-4d61-8795-b5b3dd13c27e.json",
      "type": "application/json"
    },
    {
      "rel": "root",
      "href": "../../catalog.json",
      "type": "application/json"
    },
    {
      "rel": "collection",
      "href": "../collection.json",
      "type": "application/json"
    },
    {
      "rel": "parent",
      "href": "../collection.json",
      "type": "application/json"
    }
  ],
  "assets": {
    "labels": {
      "href": "./labels.geojson",
      "type": "application/geo+json"
    }
  },
  "bbox": [
    8.493808340601658,
    47.37739991029598,
    8.494141200095132,
    47.37763044384001
  ],
  "stac_extensions": [
    "https://stac-extensions.github.io/label/v1.0.1/schema.json"
  ],
  "collection": "d2585dd7-b4bf-4dfe-a540-3c4ab5d5dd79"
}