{
  "type": "Feature",
  "stac_version": "1.0.0",
  "id": "65a5f77e-249b-4aac-ab7b-26dcee23346a",
  "properties": {
    "title": "Groundwork campaign labels",
    "description": "Labels created from a Groundwork campaign!",
    "label:description": "Labels for project {2AA259B6-938D-45F9-82FD-611DEBAE24F6}_tile_0",
    "label:type": "vector",
    "label:properties": [
      "default"
    ],
    "label:classes": [
      {
        "classes": [
          "Pavement_distress",
          "Shadows"
        ],
        "name": "default"
      }
    ],
    "label:tasks": [
      "detection"
    ],
    "datetime": "2025-03-20T09:21:05.078457Z"
  },
  "geometry": {
    "type": "Polygon",
    "coordinates": [
      [
        [
          8.50546774006695,
          47.38279810950108
        ],
        [
          8.50547695749415,
          47.383258571646245
        ],
        [
          8.504798992735502,
          47.3832648300302
        ],
        [
          8.504789781169343,
          47.382804367831426
        ],
        [
          8.50546774006695,
          47.38279810950108
        ]
      ]
    ]
  },
  "links": [
    {
      "rel": "source",
      "href": "../ebbd6cc7-bd52-413a-8bc8-37526ea34ca4/ebbd6cc7-bd52-413a-8bc8-37526ea34ca4.json",
      "type": "application/json"
    },
    {
      "rel": "root",
      "href": "../../catalog.json",
      "type": "application/json"
    },
    {
      "rel": "collection",
      "href": "../collection.json",
      "type": "application/json"
    },
    {
      "rel": "parent",
      "href": "../collection.json",
      "type": "application/json"
    }
  ],
  "assets": {
    "labels": {
      "href": "./labels.geojson",
      "type": "application/geo+json"
    }
  },
  "bbox": [
    8.504789781169343,
    47.38279810950108,
    8.50547695749415,
    47.3832648300302
  ],
  "stac_extensions": [
    "https://stac-extensions.github.io/label/v1.0.1/schema.json"
  ],
  "collection": "9aa68c3c-5012-404b-a6f8-63b39ef2a3f0"
}