{
  "type": "Feature",
  "stac_version": "1.0.0",
  "id": "5db11e3b-a85f-4736-9c63-bd75ff2779db",
  "properties": {
    "title": "Groundwork campaign labels",
    "description": "Labels created from a Groundwork campaign!",
    "label:description": "Labels for project 18093_tile_7",
    "label:type": "vector",
    "label:properties": [
      "default"
    ],
    "label:classes": [
      {
        "classes": [
          "Pavement_distress",
          "non_pavement_distress"
        ],
        "name": "default"
      }
    ],
    "label:tasks": [
      "detection"
    ],
    "datetime": "2025-05-07T19:01:01.532220Z"
  },
  "geometry": {
    "type": "Polygon",
    "coordinates": [
      [
        [
          8.52247249027699,
          47.34090684335012
        ],
        [
          8.52248184733573,
          47.341367309929815
        ],
        [
          8.521804417497622,
          47.341373668231
        ],
        [
          8.521795066290597,
          47.34091320159695
        ],
        [
          8.52247249027699,
          47.34090684335012
        ]
      ]
    ]
  },
  "links": [
    {
      "rel": "source",
      "href": "../3f130a10-a7fe-4cbe-bd76-44c61ccd9c5b/3f130a10-a7fe-4cbe-bd76-44c61ccd9c5b.json",
      "type": "application/json"
    },
    {
      "rel": "root",
      "href": "../../catalog.json",
      "type": "application/json"
    },
    {
      "rel": "collection",
      "href": "../collection.json",
      "type": "application/json"
    },
    {
      "rel": "parent",
      "href": "../collection.json",
      "type": "application/json"
    }
  ],
  "assets": {
    "labels": {
      "href": "./labels.geojson",
      "type": "application/geo+json"
    }
  },
  "bbox": [
    8.521795066290597,
    47.34090684335012,
    8.52248184733573,
    47.341373668231
  ],
  "stac_extensions": [
    "https://stac-extensions.github.io/label/v1.0.1/schema.json"
  ],
  "collection": "44bec486-d846-4904-97df-8d22640e3e4a"
}