{
  "type": "Collection",
  "id": "9ce3fa40-972d-431a-9121-881048cb0496",
  "stac_version": "1.0.0",
  "description": "6680_tile_0",
  "links": [
    {
      "rel": "root",
      "href": "../catalog.json",
      "type": "application/json"
    },
    {
      "rel": "item",
      "href": "./5ba089e5-2193-4369-b6b5-91ff8b60cc25/5ba089e5-2193-4369-b6b5-91ff8b60cc25.json",
      "type": "application/json"
    },
    {
      "rel": "item",
      "href": "./526df093-4086-4a44-8a52-b86e7b3a4b66/526df093-4086-4a44-8a52-b86e7b3a4b66.json",
      "type": "application/json"
    },
    {
      "rel": "parent",
      "href": "../catalog.json",
      "type": "application/json"
    }
  ],
  "extent": {
    "spatial": {
      "bbox": [
        [
          8.501805302847663,
          47.41921313412447,
          8.502492923969205,
          47.419679832073626
        ]
      ]
    },
    "temporal": {
      "interval": [
        [
          "2025-05-06T07:09:22.989576Z",
          "2025-05-07T19:02:17.552317Z"
        ]
      ]
    }
  },
  "license": "proprietary"
}