{
  "type": "Feature",
  "stac_version": "1.0.0",
  "id": "cd4c9709-a85e-4677-a2f1-88e8a73f1061",
  "properties": {
    "title": "Groundwork campaign labels",
    "description": "Labels created from a Groundwork campaign!",
    "label:description": "Labels for project {3386827B-D79E-4E18-9446-8A2B911EB223}_tile_0",
    "label:type": "vector",
    "label:properties": [
      "default"
    ],
    "label:classes": [
      {
        "classes": [
          "Pavement_distress",
          "Shadows"
        ],
        "name": "default"
      }
    ],
    "label:tasks": [
      "detection"
    ],
    "datetime": "2025-03-20T09:21:15.398191Z"
  },
  "geometry": {
    "type": "Polygon",
    "coordinates": [
      [
        [
          8.565802603861494,
          47.37232331069648
        ],
        [
          8.565806692701942,
          47.3725166673589
        ],
        [
          8.565128872002399,
          47.372523280052725
        ],
        [
          8.565124785622016,
          47.3723299233666
        ],
        [
          8.565802603861494,
          47.37232331069648
        ]
      ]
    ]
  },
  "links": [
    {
      "rel": "source",
      "href": "../1fd5429f-23be-4cb9-83ae-50534607fb60/1fd5429f-23be-4cb9-83ae-50534607fb60.json",
      "type": "application/json"
    },
    {
      "rel": "root",
      "href": "../../catalog.json",
      "type": "application/json"
    },
    {
      "rel": "collection",
      "href": "../collection.json",
      "type": "application/json"
    },
    {
      "rel": "parent",
      "href": "../collection.json",
      "type": "application/json"
    }
  ],
  "assets": {
    "labels": {
      "href": "./labels.geojson",
      "type": "application/geo+json"
    }
  },
  "bbox": [
    8.565124785622016,
    47.37232331069648,
    8.565806692701942,
    47.372523280052725
  ],
  "stac_extensions": [
    "https://stac-extensions.github.io/label/v1.0.1/schema.json"
  ],
  "collection": "7e882bd8-0bb5-424a-8f39-377f08400660"
}