{
  "type": "Feature",
  "stac_version": "1.0.0",
  "id": "fcf86c03-caa6-46e1-a070-6ea475a667cb",
  "properties": {
    "title": "Groundwork campaign labels",
    "description": "Labels created from a Groundwork campaign!",
    "label:description": "Labels for project 15555_tile_0",
    "label:type": "vector",
    "label:properties": [
      "default"
    ],
    "label:classes": [
      {
        "classes": [
          "Pavement Distress",
          "Non-Pavement Distress"
        ],
        "name": "default"
      }
    ],
    "label:tasks": [
      "detection"
    ],
    "datetime": "2025-04-28T08:56:11.877178Z"
  },
  "geometry": {
    "type": "Polygon",
    "coordinates": [
      [
        [
          8.46760725811933,
          47.40102082870216
        ],
        [
          8.467616151237234,
          47.401481291231605
        ],
        [
          8.466937950004477,
          47.40148732724652
        ],
        [
          8.466929062751827,
          47.40102686466538
        ],
        [
          8.46760725811933,
          47.40102082870216
        ]
      ]
    ]
  },
  "links": [
    {
      "rel": "source",
      "href": "../754ff073-f4de-43e7-a46e-83e3f284b16d/754ff073-f4de-43e7-a46e-83e3f284b16d.json",
      "type": "application/json"
    },
    {
      "rel": "root",
      "href": "../../catalog.json",
      "type": "application/json"
    },
    {
      "rel": "collection",
      "href": "../collection.json",
      "type": "application/json"
    },
    {
      "rel": "parent",
      "href": "../collection.json",
      "type": "application/json"
    }
  ],
  "assets": {
    "labels": {
      "href": "./labels.geojson",
      "type": "application/geo+json"
    }
  },
  "bbox": [
    8.466929062751827,
    47.40102082870216,
    8.467616151237234,
    47.40148732724652
  ],
  "stac_extensions": [
    "https://stac-extensions.github.io/label/v1.0.1/schema.json"
  ],
  "collection": "ac4ab7ff-48e2-493c-8ae4-667e125f697f"
}