{
  "type": "Feature",
  "stac_version": "1.0.0",
  "id": "a6a3b1ef-81c9-4ca9-ae0a-1b3f4e0ad4bf",
  "properties": {
    "title": "Groundwork campaign labels",
    "description": "Labels created from a Groundwork campaign!",
    "label:description": "Labels for project 9383_tile_1",
    "label:type": "vector",
    "label:properties": [
      "default"
    ],
    "label:classes": [
      {
        "classes": [
          "Pavement_distress",
          "non_pavement_distress"
        ],
        "name": "default"
      }
    ],
    "label:tasks": [
      "detection"
    ],
    "datetime": "2025-05-07T19:02:01.723422Z"
  },
  "geometry": {
    "type": "Polygon",
    "coordinates": [
      [
        [
          8.54725502975123,
          47.42489020010915
        ],
        [
          8.547264616126382,
          47.42535065274393
        ],
        [
          8.546586120104909,
          47.42535715647932
        ],
        [
          8.546576539599895,
          47.42489670378885
        ],
        [
          8.54725502975123,
          47.42489020010915
        ]
      ]
    ]
  },
  "links": [
    {
      "rel": "source",
      "href": "../5832c148-66e1-4073-af8b-4a84a926aa38/5832c148-66e1-4073-af8b-4a84a926aa38.json",
      "type": "application/json"
    },
    {
      "rel": "root",
      "href": "../../catalog.json",
      "type": "application/json"
    },
    {
      "rel": "collection",
      "href": "../collection.json",
      "type": "application/json"
    },
    {
      "rel": "parent",
      "href": "../collection.json",
      "type": "application/json"
    }
  ],
  "assets": {
    "labels": {
      "href": "./labels.geojson",
      "type": "application/geo+json"
    }
  },
  "bbox": [
    8.546576539599895,
    47.42489020010915,
    8.547264616126382,
    47.42535715647932
  ],
  "stac_extensions": [
    "https://stac-extensions.github.io/label/v1.0.1/schema.json"
  ],
  "collection": "749d5933-e82e-4a57-8909-8eb1eed5beee"
}