{
  "type": "Feature",
  "stac_version": "1.0.0",
  "id": "9c44bc06-2d95-48cb-a829-bc07315e363a",
  "properties": {
    "title": "Groundwork campaign labels",
    "description": "Labels created from a Groundwork campaign!",
    "label:description": "Labels for project {BCE677D1-7C06-4CB7-9FA9-28975FF77674}_tile_0",
    "label:type": "vector",
    "label:properties": [
      "default"
    ],
    "label:classes": [
      {
        "classes": [
          "Pavement_distress",
          "Shadows"
        ],
        "name": "default"
      }
    ],
    "label:tasks": [
      "detection"
    ],
    "datetime": "2025-03-20T09:21:02.901207Z"
  },
  "geometry": {
    "type": "Polygon",
    "coordinates": [
      [
        [
          8.510709059704821,
          47.35294428354483
        ],
        [
          8.510710903964963,
          47.35303601698884
        ],
        [
          8.510565330237627,
          47.35303736851094
        ],
        [
          8.510563486228058,
          47.35294563506469
        ],
        [
          8.510709059704821,
          47.35294428354483
        ]
      ]
    ]
  },
  "links": [
    {
      "rel": "source",
      "href": "../fba8581e-5c80-4a09-930f-1b31b95e97b6/fba8581e-5c80-4a09-930f-1b31b95e97b6.json",
      "type": "application/json"
    },
    {
      "rel": "root",
      "href": "../../catalog.json",
      "type": "application/json"
    },
    {
      "rel": "collection",
      "href": "../collection.json",
      "type": "application/json"
    },
    {
      "rel": "parent",
      "href": "../collection.json",
      "type": "application/json"
    }
  ],
  "assets": {
    "labels": {
      "href": "./labels.geojson",
      "type": "application/geo+json"
    }
  },
  "bbox": [
    8.510563486228058,
    47.35294428354483,
    8.510710903964963,
    47.35303736851094
  ],
  "stac_extensions": [
    "https://stac-extensions.github.io/label/v1.0.1/schema.json"
  ],
  "collection": "7124b19c-4e05-4b6b-8f5e-6e9c33562b80"
}