{
  "type": "Feature",
  "stac_version": "1.0.0",
  "id": "e1a98dac-fab2-42c8-b2e7-9d9738e5abde",
  "properties": {
    "title": "Groundwork campaign labels",
    "description": "Labels created from a Groundwork campaign!",
    "label:description": "Labels for project 6733_tile_3",
    "label:type": "vector",
    "label:properties": [
      "default"
    ],
    "label:classes": [
      {
        "classes": [
          "Pavement_distress",
          "non_pavement_distress"
        ],
        "name": "default"
      }
    ],
    "label:tasks": [
      "detection"
    ],
    "datetime": "2025-05-07T19:02:17.046057Z"
  },
  "geometry": {
    "type": "Polygon",
    "coordinates": [
      [
        [
          8.496178833874817,
          47.38167907270829
        ],
        [
          8.49618797079,
          47.38213953575487
        ],
        [
          8.495510019184378,
          47.38214573958847
        ],
        [
          8.495500888130035,
          47.38168527648885
        ],
        [
          8.496178833874817,
          47.38167907270829
        ]
      ]
    ]
  },
  "links": [
    {
      "rel": "source",
      "href": "../b18fb5c5-80a3-4903-9c71-7a279e554779/b18fb5c5-80a3-4903-9c71-7a279e554779.json",
      "type": "application/json"
    },
    {
      "rel": "root",
      "href": "../../catalog.json",
      "type": "application/json"
    },
    {
      "rel": "collection",
      "href": "../collection.json",
      "type": "application/json"
    },
    {
      "rel": "parent",
      "href": "../collection.json",
      "type": "application/json"
    }
  ],
  "assets": {
    "labels": {
      "href": "./labels.geojson",
      "type": "application/geo+json"
    }
  },
  "bbox": [
    8.495500888130035,
    47.38167907270829,
    8.49618797079,
    47.38214573958847
  ],
  "stac_extensions": [
    "https://stac-extensions.github.io/label/v1.0.1/schema.json"
  ],
  "collection": "21b4e361-d735-42fc-b192-ad139fcb0874"
}