{
  "type": "Feature",
  "stac_version": "1.0.0",
  "id": "d425f39d-aa9d-426b-9a04-38172bcfdaf4",
  "properties": {
    "title": "Groundwork campaign labels",
    "description": "Labels created from a Groundwork campaign!",
    "label:description": "Labels for project {484A3B09-8498-4483-A697-E5A9090B2621}_tile_1",
    "label:type": "vector",
    "label:properties": [
      "default"
    ],
    "label:classes": [
      {
        "classes": [
          "Pavement_distress",
          "Shadows"
        ],
        "name": "default"
      }
    ],
    "label:tasks": [
      "detection"
    ],
    "datetime": "2025-03-20T09:21:01.613700Z"
  },
  "geometry": {
    "type": "Polygon",
    "coordinates": [
      [
        [
          8.567620580480565,
          47.3512522405304
        ],
        [
          8.567630329511958,
          47.35171270193773
        ],
        [
          8.56726243788941,
          47.351716298747235
        ],
        [
          8.567252692036426,
          47.351255837309104
        ],
        [
          8.567620580480565,
          47.3512522405304
        ]
      ]
    ]
  },
  "links": [
    {
      "rel": "source",
      "href": "../861eea0f-b643-4ea2-ad56-e27ffe6e170d/861eea0f-b643-4ea2-ad56-e27ffe6e170d.json",
      "type": "application/json"
    },
    {
      "rel": "root",
      "href": "../../catalog.json",
      "type": "application/json"
    },
    {
      "rel": "collection",
      "href": "../collection.json",
      "type": "application/json"
    },
    {
      "rel": "parent",
      "href": "../collection.json",
      "type": "application/json"
    }
  ],
  "assets": {
    "labels": {
      "href": "./labels.geojson",
      "type": "application/geo+json"
    }
  },
  "bbox": [
    8.567252692036426,
    47.3512522405304,
    8.567630329511958,
    47.351716298747235
  ],
  "stac_extensions": [
    "https://stac-extensions.github.io/label/v1.0.1/schema.json"
  ],
  "collection": "205a2e20-8cd3-4444-ad85-e902b72770a7"
}