{
  "type": "Feature",
  "stac_version": "1.0.0",
  "id": "0487dad9-c256-47f6-bdcd-2bb428b084a0",
  "properties": {
    "title": "Groundwork campaign labels",
    "description": "Labels created from a Groundwork campaign!",
    "label:description": "Labels for project {11B4E3C0-8A08-4199-8DE5-B6BC4DB9D57D}_tile_1",
    "label:type": "vector",
    "label:properties": [
      "default"
    ],
    "label:classes": [
      {
        "classes": [
          "Pavement_distress",
          "Shadows"
        ],
        "name": "default"
      }
    ],
    "label:tasks": [
      "detection"
    ],
    "datetime": "2025-03-20T09:21:01.555145Z"
  },
  "geometry": {
    "type": "Polygon",
    "coordinates": [
      [
        [
          8.538318009601975,
          47.34012461856153
        ],
        [
          8.538327503423096,
          47.3405850839455
        ],
        [
          8.537963655894918,
          47.34058854952558
        ],
        [
          8.537954165216671,
          47.3401280841119
        ],
        [
          8.538318009601975,
          47.34012461856153
        ]
      ]
    ]
  },
  "links": [
    {
      "rel": "source",
      "href": "../08e25102-e901-4676-a679-5d42012fca4a/08e25102-e901-4676-a679-5d42012fca4a.json",
      "type": "application/json"
    },
    {
      "rel": "root",
      "href": "../../catalog.json",
      "type": "application/json"
    },
    {
      "rel": "collection",
      "href": "../collection.json",
      "type": "application/json"
    },
    {
      "rel": "parent",
      "href": "../collection.json",
      "type": "application/json"
    }
  ],
  "assets": {
    "labels": {
      "href": "./labels.geojson",
      "type": "application/geo+json"
    }
  },
  "bbox": [
    8.537954165216671,
    47.34012461856153,
    8.538327503423096,
    47.34058854952558
  ],
  "stac_extensions": [
    "https://stac-extensions.github.io/label/v1.0.1/schema.json"
  ],
  "collection": "0d502ba2-66fd-466f-aeef-1d738a5e390d"
}