{
  "type": "Collection",
  "id": "897670e2-73fc-4639-8ed4-930ee32ff8db",
  "stac_version": "1.0.0",
  "description": "14645_tile_0",
  "links": [
    {
      "rel": "root",
      "href": "../catalog.json",
      "type": "application/json"
    },
    {
      "rel": "item",
      "href": "./6472ff93-5c30-41da-80cb-f93a9067e644/6472ff93-5c30-41da-80cb-f93a9067e644.json",
      "type": "application/json"
    },
    {
      "rel": "item",
      "href": "./0efef5da-961a-4288-a44f-525f56cef083/0efef5da-961a-4288-a44f-525f56cef083.json",
      "type": "application/json"
    },
    {
      "rel": "parent",
      "href": "../catalog.json",
      "type": "application/json"
    }
  ],
  "extent": {
    "spatial": {
      "bbox": [
        [
          8.507678721177415,
          47.40044935506959,
          8.508366150016716,
          47.40091608978997
        ]
      ]
    },
    "temporal": {
      "interval": [
        [
          "2025-05-06T07:13:08.235327Z",
          "2025-05-07T19:01:21.536147Z"
        ]
      ]
    }
  },
  "license": "proprietary"
}