{
  "type": "Feature",
  "stac_version": "1.0.0",
  "id": "2fda03d4-7f69-497f-b81b-984d56130866",
  "properties": {
    "title": "Groundwork campaign labels",
    "description": "Labels created from a Groundwork campaign!",
    "label:description": "Labels for project {F204F37D-4EDF-4D50-B0C2-6EC4EB6D8ECD}_tile_0",
    "label:type": "vector",
    "label:properties": [
      "default"
    ],
    "label:classes": [
      {
        "classes": [
          "Pavement_distress",
          "Shadows"
        ],
        "name": "default"
      }
    ],
    "label:tasks": [
      "detection"
    ],
    "datetime": "2025-03-20T09:21:33.404637Z"
  },
  "geometry": {
    "type": "Polygon",
    "coordinates": [
      [
        [
          8.488473766574083,
          47.380805766088066
        ],
        [
          8.48848283671706,
          47.38126622986943
        ],
        [
          8.48780489532943,
          47.38127238845383
        ],
        [
          8.48779583104714,
          47.38081192461978
        ],
        [
          8.488473766574083,
          47.380805766088066
        ]
      ]
    ]
  },
  "links": [
    {
      "rel": "source",
      "href": "../7ad9f108-7588-4486-8fce-b642c8331f75/7ad9f108-7588-4486-8fce-b642c8331f75.json",
      "type": "application/json"
    },
    {
      "rel": "root",
      "href": "../../catalog.json",
      "type": "application/json"
    },
    {
      "rel": "collection",
      "href": "../collection.json",
      "type": "application/json"
    },
    {
      "rel": "parent",
      "href": "../collection.json",
      "type": "application/json"
    }
  ],
  "assets": {
    "labels": {
      "href": "./labels.geojson",
      "type": "application/geo+json"
    }
  },
  "bbox": [
    8.48779583104714,
    47.380805766088066,
    8.48848283671706,
    47.38127238845383
  ],
  "stac_extensions": [
    "https://stac-extensions.github.io/label/v1.0.1/schema.json"
  ],
  "collection": "3675b86f-823a-406d-8f33-b147dbc827f0"
}