{
  "type": "Feature",
  "stac_version": "1.0.0",
  "id": "ed8b4afb-c1cd-46a1-9cc9-9870e05f220c",
  "properties": {
    "title": "Groundwork campaign labels",
    "description": "Labels created from a Groundwork campaign!",
    "label:description": "Labels for project 5506_tile_1",
    "label:type": "vector",
    "label:properties": [
      "default"
    ],
    "label:classes": [
      {
        "classes": [
          "Pavement_distress",
          "non_pavement_distress"
        ],
        "name": "default"
      }
    ],
    "label:tasks": [
      "detection"
    ],
    "datetime": "2025-05-07T19:02:22.898509Z"
  },
  "geometry": {
    "type": "Polygon",
    "coordinates": [
      [
        [
          8.530938593262677,
          47.37958001919125
        ],
        [
          8.530948030354908,
          47.38004047972091
        ],
        [
          8.530270109610168,
          47.38004688769269
        ],
        [
          8.530260678378147,
          47.3795864271082
        ],
        [
          8.530938593262677,
          47.37958001919125
        ]
      ]
    ]
  },
  "links": [
    {
      "rel": "source",
      "href": "../cbe2595d-9004-40d1-abae-258678e3b69e/cbe2595d-9004-40d1-abae-258678e3b69e.json",
      "type": "application/json"
    },
    {
      "rel": "root",
      "href": "../../catalog.json",
      "type": "application/json"
    },
    {
      "rel": "collection",
      "href": "../collection.json",
      "type": "application/json"
    },
    {
      "rel": "parent",
      "href": "../collection.json",
      "type": "application/json"
    }
  ],
  "assets": {
    "labels": {
      "href": "./labels.geojson",
      "type": "application/geo+json"
    }
  },
  "bbox": [
    8.530260678378147,
    47.37958001919125,
    8.530948030354908,
    47.38004688769269
  ],
  "stac_extensions": [
    "https://stac-extensions.github.io/label/v1.0.1/schema.json"
  ],
  "collection": "8754b557-3e17-4788-865f-24b6f3f84f80"
}