{
  "type": "Collection",
  "id": "87ea8a10-00c6-4be2-97d4-aa5519c88264",
  "stac_version": "1.0.0",
  "description": "{9E160ABC-BE89-414E-9355-A5BF16C829A5}_tile_1",
  "links": [
    {
      "rel": "root",
      "href": "../catalog.json",
      "type": "application/json"
    },
    {
      "rel": "item",
      "href": "./202dd580-963a-40f3-8fd0-6e2a4ea7e290/202dd580-963a-40f3-8fd0-6e2a4ea7e290.json",
      "type": "application/json"
    },
    {
      "rel": "item",
      "href": "./898e3d67-f6b1-418f-94e1-2a1e6b34d99a/898e3d67-f6b1-418f-94e1-2a1e6b34d99a.json",
      "type": "application/json"
    },
    {
      "rel": "parent",
      "href": "../catalog.json",
      "type": "application/json"
    }
  ],
  "extent": {
    "spatial": {
      "bbox": [
        [
          8.507905544160918,
          47.324683944219096,
          8.508498026666341,
          47.32481712005376
        ]
      ]
    },
    "temporal": {
      "interval": [
        [
          "2025-01-31T23:45:32.608108Z",
          "2025-03-20T09:21:10.604788Z"
        ]
      ]
    }
  },
  "license": "proprietary"
}