{
  "type": "Collection",
  "id": "07975b63-eff7-46c0-80c7-f884257a8439",
  "stac_version": "1.0.0",
  "description": "10604_tile_2",
  "links": [
    {
      "rel": "root",
      "href": "../catalog.json",
      "type": "application/json"
    },
    {
      "rel": "item",
      "href": "./34fa1b9d-769d-4fb1-83d1-93fd51c4373e/34fa1b9d-769d-4fb1-83d1-93fd51c4373e.json",
      "type": "application/json"
    },
    {
      "rel": "item",
      "href": "./207d586b-4ac1-4c54-82fc-541669aed55a/207d586b-4ac1-4c54-82fc-541669aed55a.json",
      "type": "application/json"
    },
    {
      "rel": "parent",
      "href": "../catalog.json",
      "type": "application/json"
    }
  ],
  "extent": {
    "spatial": {
      "bbox": [
        [
          8.526924781962524,
          47.393071762707905,
          8.527612279683488,
          47.39353860995861
        ]
      ]
    },
    "temporal": {
      "interval": [
        [
          "2025-04-02T11:47:04.084740Z",
          "2025-04-28T08:56:36.274758Z"
        ]
      ]
    }
  },
  "license": "proprietary"
}