{
  "type": "Collection",
  "id": "dc1a78f7-b49b-4bab-8999-fe0d1dd0369d",
  "stac_version": "1.0.0",
  "description": "17657_tile_1",
  "links": [
    {
      "rel": "root",
      "href": "../catalog.json",
      "type": "application/json"
    },
    {
      "rel": "item",
      "href": "./ffb313be-ebfc-4d07-896a-191b1d6f46e6/ffb313be-ebfc-4d07-896a-191b1d6f46e6.json",
      "type": "application/json"
    },
    {
      "rel": "item",
      "href": "./0d69cb8e-5074-42c7-b6e2-4179799bce3a/0d69cb8e-5074-42c7-b6e2-4179799bce3a.json",
      "type": "application/json"
    },
    {
      "rel": "parent",
      "href": "../catalog.json",
      "type": "application/json"
    }
  ],
  "extent": {
    "spatial": {
      "bbox": [
        [
          8.509137696464897,
          47.37890618734233,
          8.509824859645235,
          47.37937293361044
        ]
      ]
    },
    "temporal": {
      "interval": [
        [
          "2025-04-02T11:49:59.410212Z",
          "2025-04-28T08:55:56.836676Z"
        ]
      ]
    }
  },
  "license": "proprietary"
}