{
  "type": "Collection",
  "id": "9764be6f-f225-4312-b77c-eafeb22182ef",
  "stac_version": "1.0.0",
  "description": "11276_tile_2",
  "links": [
    {
      "rel": "root",
      "href": "../catalog.json",
      "type": "application/json"
    },
    {
      "rel": "item",
      "href": "./a458ec22-e20d-46a2-be4a-4891228defdb/a458ec22-e20d-46a2-be4a-4891228defdb.json",
      "type": "application/json"
    },
    {
      "rel": "item",
      "href": "./dd1b24ce-a933-43cd-af9f-25e231992628/dd1b24ce-a933-43cd-af9f-25e231992628.json",
      "type": "application/json"
    },
    {
      "rel": "parent",
      "href": "../catalog.json",
      "type": "application/json"
    }
  ],
  "extent": {
    "spatial": {
      "bbox": [
        [
          8.530610992717572,
          47.3412842899835,
          8.531297853734124,
          47.34175116586457
        ]
      ]
    },
    "temporal": {
      "interval": [
        [
          "2025-05-06T07:11:36.711639Z",
          "2025-05-07T19:01:44.475360Z"
        ]
      ]
    }
  },
  "license": "proprietary"
}