{
  "type": "Feature",
  "stac_version": "1.0.0",
  "id": "006f4245-1bcf-4acf-a5f9-d206ffef7e66",
  "properties": {
    "title": "Groundwork campaign labels",
    "description": "Labels created from a Groundwork campaign!",
    "label:description": "Labels for project 1135_tile_0",
    "label:type": "vector",
    "label:properties": [
      "default"
    ],
    "label:classes": [
      {
        "classes": [
          "Pavement_distress",
          "non_pavement_distress"
        ],
        "name": "default"
      }
    ],
    "label:tasks": [
      "detection"
    ],
    "datetime": "2025-05-07T19:02:41.434894Z"
  },
  "geometry": {
    "type": "Polygon",
    "coordinates": [
      [
        [
          8.543867317620654,
          47.37846938368157
        ],
        [
          8.543876866295806,
          47.37892984329822
        ],
        [
          8.543198961262453,
          47.37893632719807
        ],
        [
          8.543189418447193,
          47.37847586752593
        ],
        [
          8.543867317620654,
          47.37846938368157
        ]
      ]
    ]
  },
  "links": [
    {
      "rel": "source",
      "href": "../8e87e510-5b46-4f23-b665-d4d04a0b79f2/8e87e510-5b46-4f23-b665-d4d04a0b79f2.json",
      "type": "application/json"
    },
    {
      "rel": "root",
      "href": "../../catalog.json",
      "type": "application/json"
    },
    {
      "rel": "collection",
      "href": "../collection.json",
      "type": "application/json"
    },
    {
      "rel": "parent",
      "href": "../collection.json",
      "type": "application/json"
    }
  ],
  "assets": {
    "labels": {
      "href": "./labels.geojson",
      "type": "application/geo+json"
    }
  },
  "bbox": [
    8.543189418447193,
    47.37846938368157,
    8.543876866295806,
    47.37893632719807
  ],
  "stac_extensions": [
    "https://stac-extensions.github.io/label/v1.0.1/schema.json"
  ],
  "collection": "8e019da5-3388-4315-9e08-c3e0b76eefaf"
}