{
  "type": "Feature",
  "stac_version": "1.0.0",
  "id": "0043c244-7bdb-47f3-b06c-d99c258a34fe",
  "properties": {
    "title": "Groundwork campaign labels",
    "description": "Labels created from a Groundwork campaign!",
    "label:description": "Labels for project 3389_tile_1",
    "label:type": "vector",
    "label:properties": [
      "default"
    ],
    "label:classes": [
      {
        "classes": [
          "Pavement_distress",
          "non_pavement_distress"
        ],
        "name": "default"
      }
    ],
    "label:tasks": [
      "detection"
    ],
    "datetime": "2025-05-07T19:02:30.784516Z"
  },
  "geometry": {
    "type": "Polygon",
    "coordinates": [
      [
        [
          8.515724519851076,
          47.375757832755035
        ],
        [
          8.515733824728128,
          47.37621829506598
        ],
        [
          8.515055950805872,
          47.37622461369431
        ],
        [
          8.515046651788259,
          47.37576415132928
        ],
        [
          8.515724519851076,
          47.375757832755035
        ]
      ]
    ]
  },
  "links": [
    {
      "rel": "source",
      "href": "../3bd6bfd9-5c72-4f2c-b29b-972e838dbc56/3bd6bfd9-5c72-4f2c-b29b-972e838dbc56.json",
      "type": "application/json"
    },
    {
      "rel": "root",
      "href": "../../catalog.json",
      "type": "application/json"
    },
    {
      "rel": "collection",
      "href": "../collection.json",
      "type": "application/json"
    },
    {
      "rel": "parent",
      "href": "../collection.json",
      "type": "application/json"
    }
  ],
  "assets": {
    "labels": {
      "href": "./labels.geojson",
      "type": "application/geo+json"
    }
  },
  "bbox": [
    8.515046651788259,
    47.375757832755035,
    8.515733824728128,
    47.37622461369431
  ],
  "stac_extensions": [
    "https://stac-extensions.github.io/label/v1.0.1/schema.json"
  ],
  "collection": "fb468997-02b2-42b0-81b8-724ef24a86a3"
}