{
  "type": "Feature",
  "stac_version": "1.0.0",
  "id": "1ca56de6-778e-43db-a48a-c3b160ebe721",
  "properties": {
    "title": "Groundwork campaign labels",
    "description": "Labels created from a Groundwork campaign!",
    "label:description": "Labels for project 13543_tile_2",
    "label:type": "vector",
    "label:properties": [
      "default"
    ],
    "label:classes": [
      {
        "classes": [
          "Pavement_distress",
          "non_pavement_distress"
        ],
        "name": "default"
      }
    ],
    "label:tasks": [
      "detection"
    ],
    "datetime": "2025-05-07T19:01:25.103224Z"
  },
  "geometry": {
    "type": "Polygon",
    "coordinates": [
      [
        [
          8.47862012513833,
          47.38532043820682
        ],
        [
          8.478629110848528,
          47.38578090212406
        ],
        [
          8.477951110842397,
          47.38578700283441
        ],
        [
          8.477942130993934,
          47.385326538864945
        ],
        [
          8.47862012513833,
          47.38532043820682
        ]
      ]
    ]
  },
  "links": [
    {
      "rel": "source",
      "href": "../85f1df12-5f09-4abb-bc87-69184638c848/85f1df12-5f09-4abb-bc87-69184638c848.json",
      "type": "application/json"
    },
    {
      "rel": "root",
      "href": "../../catalog.json",
      "type": "application/json"
    },
    {
      "rel": "collection",
      "href": "../collection.json",
      "type": "application/json"
    },
    {
      "rel": "parent",
      "href": "../collection.json",
      "type": "application/json"
    }
  ],
  "assets": {
    "labels": {
      "href": "./labels.geojson",
      "type": "application/geo+json"
    }
  },
  "bbox": [
    8.477942130993934,
    47.38532043820682,
    8.478629110848528,
    47.38578700283441
  ],
  "stac_extensions": [
    "https://stac-extensions.github.io/label/v1.0.1/schema.json"
  ],
  "collection": "ece09820-fd86-45fd-8e26-a95dee87eb27"
}