{
  "type": "Collection",
  "id": "73d3fde1-0c5e-490b-a2ec-0a1528559304",
  "stac_version": "1.0.0",
  "description": "{CA877B1F-AA78-4EDF-9027-129DD1A76132}_tile_0",
  "links": [
    {
      "rel": "root",
      "href": "../catalog.json",
      "type": "application/json"
    },
    {
      "rel": "item",
      "href": "./8b436a1c-3fd5-4240-8abb-4fc3396ba981/8b436a1c-3fd5-4240-8abb-4fc3396ba981.json",
      "type": "application/json"
    },
    {
      "rel": "item",
      "href": "./9ffb3092-adf5-41d4-bc57-835809dd6b17/9ffb3092-adf5-41d4-bc57-835809dd6b17.json",
      "type": "application/json"
    },
    {
      "rel": "parent",
      "href": "../catalog.json",
      "type": "application/json"
    }
  ],
  "extent": {
    "spatial": {
      "bbox": [
        [
          8.508207394926675,
          47.396229391631124,
          8.508892551761233,
          47.396585511709084
        ]
      ]
    },
    "temporal": {
      "interval": [
        [
          "2025-01-31T23:44:03.520904Z",
          "2025-03-20T09:21:30.783937Z"
        ]
      ]
    }
  },
  "license": "proprietary"
}