{
  "type": "Collection",
  "id": "830bd574-c3ee-42da-97f7-d4312fe546a0",
  "stac_version": "1.0.0",
  "description": "5672_tile_1",
  "links": [
    {
      "rel": "root",
      "href": "../catalog.json",
      "type": "application/json"
    },
    {
      "rel": "item",
      "href": "./079877fb-71e1-4808-9656-a05b79d79cfe/079877fb-71e1-4808-9656-a05b79d79cfe.json",
      "type": "application/json"
    },
    {
      "rel": "item",
      "href": "./4c057eb8-4491-4f2d-81a5-f4bf46dbf9eb/4c057eb8-4491-4f2d-81a5-f4bf46dbf9eb.json",
      "type": "application/json"
    },
    {
      "rel": "parent",
      "href": "../catalog.json",
      "type": "application/json"
    }
  ],
  "extent": {
    "spatial": {
      "bbox": [
        [
          8.503344631960884,
          47.40094993460921,
          8.504032030289292,
          47.4014166441524
        ]
      ]
    },
    "temporal": {
      "interval": [
        [
          "2025-05-06T07:09:05.538083Z",
          "2025-05-07T19:02:21.636501Z"
        ]
      ]
    }
  },
  "license": "proprietary"
}