{
  "type": "Collection",
  "id": "2b26aae4-d621-4ef7-bff6-ca8738b19d7b",
  "stac_version": "1.0.0",
  "description": "16911_tile_0",
  "links": [
    {
      "rel": "root",
      "href": "../catalog.json",
      "type": "application/json"
    },
    {
      "rel": "item",
      "href": "./ae534068-4884-4b16-baef-5214bd58c57f/ae534068-4884-4b16-baef-5214bd58c57f.json",
      "type": "application/json"
    },
    {
      "rel": "item",
      "href": "./14ca597f-78cc-4a13-a853-72c3c205b05b/14ca597f-78cc-4a13-a853-72c3c205b05b.json",
      "type": "application/json"
    },
    {
      "rel": "parent",
      "href": "../catalog.json",
      "type": "application/json"
    }
  ],
  "extent": {
    "spatial": {
      "bbox": [
        [
          8.530842052118093,
          47.36697863970829,
          8.531529246435552,
          47.367445513359556
        ]
      ]
    },
    "temporal": {
      "interval": [
        [
          "2025-05-06T07:14:12.895296Z",
          "2025-05-07T19:01:06.708352Z"
        ]
      ]
    }
  },
  "license": "proprietary"
}