{
  "type": "Feature",
  "stac_version": "1.0.0",
  "id": "6ccb34f1-8f0f-424b-b386-9209073f582f",
  "properties": {
    "title": "Groundwork campaign labels",
    "description": "Labels created from a Groundwork campaign!",
    "label:description": "Labels for project 9744_tile_0",
    "label:type": "vector",
    "label:properties": [
      "default"
    ],
    "label:classes": [
      {
        "classes": [
          "Pavement_distress",
          "non_pavement_distress"
        ],
        "name": "default"
      }
    ],
    "label:tasks": [
      "detection"
    ],
    "datetime": "2025-05-07T19:01:56.569723Z"
  },
  "geometry": {
    "type": "Polygon",
    "coordinates": [
      [
        [
          8.568586132895096,
          47.4164307315476
        ],
        [
          8.568595902294653,
          47.41689118362664
        ],
        [
          8.567917516773997,
          47.41689781264256
        ],
        [
          8.567907753242597,
          47.41643736050672
        ],
        [
          8.568586132895096,
          47.4164307315476
        ]
      ]
    ]
  },
  "links": [
    {
      "rel": "source",
      "href": "../fef5a62a-f2df-4969-95b7-f3fdc71fe041/fef5a62a-f2df-4969-95b7-f3fdc71fe041.json",
      "type": "application/json"
    },
    {
      "rel": "root",
      "href": "../../catalog.json",
      "type": "application/json"
    },
    {
      "rel": "collection",
      "href": "../collection.json",
      "type": "application/json"
    },
    {
      "rel": "parent",
      "href": "../collection.json",
      "type": "application/json"
    }
  ],
  "assets": {
    "labels": {
      "href": "./labels.geojson",
      "type": "application/geo+json"
    }
  },
  "bbox": [
    8.567907753242597,
    47.4164307315476,
    8.568595902294653,
    47.41689781264256
  ],
  "stac_extensions": [
    "https://stac-extensions.github.io/label/v1.0.1/schema.json"
  ],
  "collection": "275e53c7-6dff-47e1-aacf-f0ea2f68a6d8"
}