{
  "type": "Collection",
  "id": "27e39159-741f-48af-abf0-0e45bf27c673",
  "stac_version": "1.0.0",
  "description": "9917_tile_2",
  "links": [
    {
      "rel": "root",
      "href": "../catalog.json",
      "type": "application/json"
    },
    {
      "rel": "item",
      "href": "./1c5a4387-8226-4f6f-afa9-c10fd7c9ea12/1c5a4387-8226-4f6f-afa9-c10fd7c9ea12.json",
      "type": "application/json"
    },
    {
      "rel": "item",
      "href": "./541d5159-762d-4250-95b3-ad39d77eeddb/541d5159-762d-4250-95b3-ad39d77eeddb.json",
      "type": "application/json"
    },
    {
      "rel": "parent",
      "href": "../catalog.json",
      "type": "application/json"
    }
  ],
  "extent": {
    "spatial": {
      "bbox": [
        [
          8.515382188560448,
          47.32530800659148,
          8.516068714016289,
          47.32577479645203
        ]
      ]
    },
    "temporal": {
      "interval": [
        [
          "2025-05-06T07:10:58.312854Z",
          "2025-05-07T19:01:53.691178Z"
        ]
      ]
    }
  },
  "license": "proprietary"
}