{
  "type": "Collection",
  "id": "bf8b876d-0fb8-493f-8ab9-5449bcc80917",
  "stac_version": "1.0.0",
  "description": "4313_tile_3",
  "links": [
    {
      "rel": "root",
      "href": "../catalog.json",
      "type": "application/json"
    },
    {
      "rel": "item",
      "href": "./7a00262b-f133-46f9-a188-eaabedaee902/7a00262b-f133-46f9-a188-eaabedaee902.json",
      "type": "application/json"
    },
    {
      "rel": "item",
      "href": "./81b22f4a-35f1-49ce-b958-fd2cdfd96683/81b22f4a-35f1-49ce-b958-fd2cdfd96683.json",
      "type": "application/json"
    },
    {
      "rel": "parent",
      "href": "../catalog.json",
      "type": "application/json"
    }
  ],
  "extent": {
    "spatial": {
      "bbox": [
        [
          8.577299852148824,
          47.401809650004964,
          8.577987892233452,
          47.402276787597046
        ]
      ]
    },
    "temporal": {
      "interval": [
        [
          "2025-05-06T07:08:40.403449Z",
          "2025-05-07T19:02:27.169547Z"
        ]
      ]
    }
  },
  "license": "proprietary"
}