{
  "type": "Collection",
  "id": "30c0c041-7c26-4d8e-ab81-c4cb482fd776",
  "stac_version": "1.0.0",
  "description": "6587_tile_2",
  "links": [
    {
      "rel": "root",
      "href": "../catalog.json",
      "type": "application/json"
    },
    {
      "rel": "item",
      "href": "./e01da1b6-486d-406d-8d56-dea832951da6/e01da1b6-486d-406d-8d56-dea832951da6.json",
      "type": "application/json"
    },
    {
      "rel": "item",
      "href": "./c9788854-a959-4b9a-bac5-34a521b40c7e/c9788854-a959-4b9a-bac5-34a521b40c7e.json",
      "type": "application/json"
    },
    {
      "rel": "parent",
      "href": "../catalog.json",
      "type": "application/json"
    }
  ],
  "extent": {
    "spatial": {
      "bbox": [
        [
          8.52569810241974,
          47.43267485875634,
          8.526386101483165,
          47.433141693080344
        ]
      ]
    },
    "temporal": {
      "interval": [
        [
          "2025-05-06T07:09:19.084370Z",
          "2025-05-07T19:02:18.607358Z"
        ]
      ]
    }
  },
  "license": "proprietary"
}