{
  "type": "Feature",
  "stac_version": "1.0.0",
  "id": "6532ef5c-f8f7-4460-8637-b156ef047806",
  "properties": {
    "title": "Groundwork campaign labels",
    "description": "Labels created from a Groundwork campaign!",
    "label:description": "Labels for project {6ED72E0E-E1EA-4D01-9321-4E340DBCADCB}_tile_0",
    "label:type": "vector",
    "label:properties": [
      "default"
    ],
    "label:classes": [
      {
        "classes": [
          "Pavement_distress",
          "Shadows"
        ],
        "name": "default"
      }
    ],
    "label:tasks": [
      "detection"
    ],
    "datetime": "2025-03-20T09:21:02.618685Z"
  },
  "geometry": {
    "type": "Polygon",
    "coordinates": [
      [
        [
          8.478208255633879,
          47.40786377591525
        ],
        [
          8.47820988784078,
          47.407947414292146
        ],
        [
          8.478065487888363,
          47.407948712880106
        ],
        [
          8.478063855908324,
          47.40786507450118
        ],
        [
          8.478208255633879,
          47.40786377591525
        ]
      ]
    ]
  },
  "links": [
    {
      "rel": "source",
      "href": "../c349b1ac-a783-4539-b0ca-213f2d8df676/c349b1ac-a783-4539-b0ca-213f2d8df676.json",
      "type": "application/json"
    },
    {
      "rel": "root",
      "href": "../../catalog.json",
      "type": "application/json"
    },
    {
      "rel": "collection",
      "href": "../collection.json",
      "type": "application/json"
    },
    {
      "rel": "parent",
      "href": "../collection.json",
      "type": "application/json"
    }
  ],
  "assets": {
    "labels": {
      "href": "./labels.geojson",
      "type": "application/geo+json"
    }
  },
  "bbox": [
    8.478063855908324,
    47.40786377591525,
    8.47820988784078,
    47.407948712880106
  ],
  "stac_extensions": [
    "https://stac-extensions.github.io/label/v1.0.1/schema.json"
  ],
  "collection": "a9da1b37-2788-4269-b084-e098203e9f90"
}