{
  "type": "Feature",
  "stac_version": "1.0.0",
  "id": "1f0b566e-ae07-4865-9833-58683dfbc12c",
  "properties": {
    "title": "Groundwork campaign labels",
    "description": "Labels created from a Groundwork campaign!",
    "label:description": "Labels for project 11026_tile_0",
    "label:type": "vector",
    "label:properties": [
      "default"
    ],
    "label:classes": [
      {
        "classes": [
          "Pavement Distress",
          "Non-Pavement Distress"
        ],
        "name": "default"
      }
    ],
    "label:tasks": [
      "detection"
    ],
    "datetime": "2025-04-28T08:56:32.711039Z"
  },
  "geometry": {
    "type": "Polygon",
    "coordinates": [
      [
        [
          8.533175164649633,
          47.368672941609674
        ],
        [
          8.533184619131541,
          47.36913340348707
        ],
        [
          8.5325068374697,
          47.369139824607444
        ],
        [
          8.532497388845579,
          47.36867936267507
        ],
        [
          8.533175164649633,
          47.368672941609674
        ]
      ]
    ]
  },
  "links": [
    {
      "rel": "source",
      "href": "../45e48450-ede9-47d3-ba7b-2ac2906802f5/45e48450-ede9-47d3-ba7b-2ac2906802f5.json",
      "type": "application/json"
    },
    {
      "rel": "root",
      "href": "../../catalog.json",
      "type": "application/json"
    },
    {
      "rel": "collection",
      "href": "../collection.json",
      "type": "application/json"
    },
    {
      "rel": "parent",
      "href": "../collection.json",
      "type": "application/json"
    }
  ],
  "assets": {
    "labels": {
      "href": "./labels.geojson",
      "type": "application/geo+json"
    }
  },
  "bbox": [
    8.532497388845579,
    47.368672941609674,
    8.533184619131541,
    47.369139824607444
  ],
  "stac_extensions": [
    "https://stac-extensions.github.io/label/v1.0.1/schema.json"
  ],
  "collection": "ab45a5d6-6486-4c7d-8931-1cf2b2197a07"
}