{
  "type": "Collection",
  "id": "3900e287-b6fb-4b00-822d-2da52747e41c",
  "stac_version": "1.0.0",
  "description": "{F8FFE73D-4E57-4238-A8BC-063D145643C0}_tile_0",
  "links": [
    {
      "rel": "root",
      "href": "../catalog.json",
      "type": "application/json"
    },
    {
      "rel": "item",
      "href": "./96281052-256a-4df1-884c-32749b696c03/96281052-256a-4df1-884c-32749b696c03.json",
      "type": "application/json"
    },
    {
      "rel": "item",
      "href": "./de9b3ce0-5d09-4a92-8088-357d61ab4f8b/de9b3ce0-5d09-4a92-8088-357d61ab4f8b.json",
      "type": "application/json"
    },
    {
      "rel": "parent",
      "href": "../catalog.json",
      "type": "application/json"
    }
  ],
  "extent": {
    "spatial": {
      "bbox": [
        [
          8.539571512054755,
          47.41418022827726,
          8.540252656695243,
          47.414321589719734
        ]
      ]
    },
    "temporal": {
      "interval": [
        [
          "2025-01-31T23:44:56.939499Z",
          "2025-03-20T09:21:18.360651Z"
        ]
      ]
    }
  },
  "license": "proprietary"
}