{
  "type": "Feature",
  "stac_version": "1.0.0",
  "id": "fd7dc53d-affc-4286-91bf-04fa94414c78",
  "properties": {
    "title": "Groundwork campaign labels",
    "description": "Labels created from a Groundwork campaign!",
    "label:description": "Labels for project 13147_tile_0",
    "label:type": "vector",
    "label:properties": [
      "default"
    ],
    "label:classes": [
      {
        "classes": [
          "Pavement Distress",
          "Non-Pavement Distress"
        ],
        "name": "default"
      }
    ],
    "label:tasks": [
      "detection"
    ],
    "datetime": "2025-04-28T08:56:21.678097Z"
  },
  "geometry": {
    "type": "Polygon",
    "coordinates": [
      [
        [
          8.533771121973833,
          47.39735988806853
        ],
        [
          8.533780586736174,
          47.397820345831974
        ],
        [
          8.533102439930973,
          47.397826770415854
        ],
        [
          8.533092981032746,
          47.39736631259745
        ],
        [
          8.533771121973833,
          47.39735988806853
        ]
      ]
    ]
  },
  "links": [
    {
      "rel": "source",
      "href": "../eecedae1-fa0e-4a6c-90f4-9848d59e41a6/eecedae1-fa0e-4a6c-90f4-9848d59e41a6.json",
      "type": "application/json"
    },
    {
      "rel": "root",
      "href": "../../catalog.json",
      "type": "application/json"
    },
    {
      "rel": "collection",
      "href": "../collection.json",
      "type": "application/json"
    },
    {
      "rel": "parent",
      "href": "../collection.json",
      "type": "application/json"
    }
  ],
  "assets": {
    "labels": {
      "href": "./labels.geojson",
      "type": "application/geo+json"
    }
  },
  "bbox": [
    8.533092981032746,
    47.39735988806853,
    8.533780586736174,
    47.397826770415854
  ],
  "stac_extensions": [
    "https://stac-extensions.github.io/label/v1.0.1/schema.json"
  ],
  "collection": "8e8ff9e6-048e-481d-bd79-6e499cc8335b"
}