{
  "type": "Collection",
  "id": "d9c920ac-a0b2-4edd-8e8b-07e156786eef",
  "stac_version": "1.0.0",
  "description": "4665_tile_0",
  "links": [
    {
      "rel": "root",
      "href": "../catalog.json",
      "type": "application/json"
    },
    {
      "rel": "item",
      "href": "./a68a96e6-7ea7-47e0-97eb-688f80a9da8f/a68a96e6-7ea7-47e0-97eb-688f80a9da8f.json",
      "type": "application/json"
    },
    {
      "rel": "item",
      "href": "./db2bd134-512a-4e0f-928f-60d5adddcc33/db2bd134-512a-4e0f-928f-60d5adddcc33.json",
      "type": "application/json"
    },
    {
      "rel": "parent",
      "href": "../catalog.json",
      "type": "application/json"
    }
  ],
  "extent": {
    "spatial": {
      "bbox": [
        [
          8.534361975739223,
          47.35909160072655,
          8.535049098312884,
          47.3595584958643
        ]
      ]
    },
    "temporal": {
      "interval": [
        [
          "2025-04-02T11:45:09.178546Z",
          "2025-04-28T08:57:09.537686Z"
        ]
      ]
    }
  },
  "license": "proprietary"
}