{
  "type": "Feature",
  "stac_version": "1.0.0",
  "id": "93854d40-d7f0-47cd-b100-281e76a8f6aa",
  "properties": {
    "title": "Groundwork campaign labels",
    "description": "Labels created from a Groundwork campaign!",
    "label:description": "Labels for project 15891_tile_0",
    "label:type": "vector",
    "label:properties": [
      "default"
    ],
    "label:classes": [
      {
        "classes": [
          "Pavement_distress",
          "non_pavement_distress"
        ],
        "name": "default"
      }
    ],
    "label:tasks": [
      "detection"
    ],
    "datetime": "2025-05-07T19:01:12.360547Z"
  },
  "geometry": {
    "type": "Polygon",
    "coordinates": [
      [
        [
          8.569820400518424,
          47.36348042195688
        ],
        [
          8.569830170814488,
          47.363940881487565
        ],
        [
          8.56915245973264,
          47.36394751782092
        ],
        [
          8.56914269529302,
          47.36348705823347
        ],
        [
          8.569820400518424,
          47.36348042195688
        ]
      ]
    ]
  },
  "links": [
    {
      "rel": "source",
      "href": "../bf994ad7-6c97-48e0-8171-b713b909a969/bf994ad7-6c97-48e0-8171-b713b909a969.json",
      "type": "application/json"
    },
    {
      "rel": "root",
      "href": "../../catalog.json",
      "type": "application/json"
    },
    {
      "rel": "collection",
      "href": "../collection.json",
      "type": "application/json"
    },
    {
      "rel": "parent",
      "href": "../collection.json",
      "type": "application/json"
    }
  ],
  "assets": {
    "labels": {
      "href": "./labels.geojson",
      "type": "application/geo+json"
    }
  },
  "bbox": [
    8.56914269529302,
    47.36348042195688,
    8.569830170814488,
    47.36394751782092
  ],
  "stac_extensions": [
    "https://stac-extensions.github.io/label/v1.0.1/schema.json"
  ],
  "collection": "66346fc0-b75e-4141-bff1-75a2483fb024"
}