{
  "type": "Feature",
  "stac_version": "1.0.0",
  "id": "d734c2b0-be28-41b1-9f18-01368080378a",
  "properties": {
    "title": "Groundwork campaign labels",
    "description": "Labels created from a Groundwork campaign!",
    "label:description": "Labels for project 7290_tile_0",
    "label:type": "vector",
    "label:properties": [
      "default"
    ],
    "label:classes": [
      {
        "classes": [
          "Pavement_distress",
          "non_pavement_distress"
        ],
        "name": "default"
      }
    ],
    "label:tasks": [
      "detection"
    ],
    "datetime": "2025-05-07T19:02:14.532405Z"
  },
  "geometry": {
    "type": "Polygon",
    "coordinates": [
      [
        [
          8.52313773199581,
          47.35396880471035
        ],
        [
          8.523147097110256,
          47.35442926944999
        ],
        [
          8.522469501283087,
          47.354435631641564
        ],
        [
          8.522460142023236,
          47.35397516684756
        ],
        [
          8.52313773199581,
          47.35396880471035
        ]
      ]
    ]
  },
  "links": [
    {
      "rel": "source",
      "href": "../021bdccf-2a0d-4be8-92f0-f2fcac067a03/021bdccf-2a0d-4be8-92f0-f2fcac067a03.json",
      "type": "application/json"
    },
    {
      "rel": "root",
      "href": "../../catalog.json",
      "type": "application/json"
    },
    {
      "rel": "collection",
      "href": "../collection.json",
      "type": "application/json"
    },
    {
      "rel": "parent",
      "href": "../collection.json",
      "type": "application/json"
    }
  ],
  "assets": {
    "labels": {
      "href": "./labels.geojson",
      "type": "application/geo+json"
    }
  },
  "bbox": [
    8.522460142023236,
    47.35396880471035,
    8.523147097110256,
    47.354435631641564
  ],
  "stac_extensions": [
    "https://stac-extensions.github.io/label/v1.0.1/schema.json"
  ],
  "collection": "c7f7bc39-e538-4fd5-8e59-4cff853af127"
}