{
  "type": "Feature",
  "stac_version": "1.0.0",
  "id": "97c5fb49-de15-4356-aef0-ab6178b62044",
  "properties": {
    "title": "Groundwork campaign labels",
    "description": "Labels created from a Groundwork campaign!",
    "label:description": "Labels for project {85E6D35F-B5E5-4590-993F-EE3B75B8605E}_tile_3",
    "label:type": "vector",
    "label:properties": [
      "default"
    ],
    "label:classes": [
      {
        "classes": [
          "Pavement_distress",
          "Shadows"
        ],
        "name": "default"
      }
    ],
    "label:tasks": [
      "detection"
    ],
    "datetime": "2025-03-20T09:20:54.270318Z"
  },
  "geometry": {
    "type": "Polygon",
    "coordinates": [
      [
        [
          8.556271725043239,
          47.371640542476406
        ],
        [
          8.556272799872039,
          47.37169180457673
        ],
        [
          8.555854463175692,
          47.37169585176395
        ],
        [
          8.555853388749416,
          47.37164458965976
        ],
        [
          8.556271725043239,
          47.371640542476406
        ]
      ]
    ]
  },
  "links": [
    {
      "rel": "source",
      "href": "../998a9717-06d6-46e3-945a-12926587482a/998a9717-06d6-46e3-945a-12926587482a.json",
      "type": "application/json"
    },
    {
      "rel": "root",
      "href": "../../catalog.json",
      "type": "application/json"
    },
    {
      "rel": "collection",
      "href": "../collection.json",
      "type": "application/json"
    },
    {
      "rel": "parent",
      "href": "../collection.json",
      "type": "application/json"
    }
  ],
  "assets": {
    "labels": {
      "href": "./labels.geojson",
      "type": "application/geo+json"
    }
  },
  "bbox": [
    8.555853388749416,
    47.371640542476406,
    8.556272799872039,
    47.37169585176395
  ],
  "stac_extensions": [
    "https://stac-extensions.github.io/label/v1.0.1/schema.json"
  ],
  "collection": "9101e65a-40d9-40c4-a7dd-21aad63c4f2c"
}