{
  "type": "Collection",
  "id": "3d501892-d914-4511-80d4-7651742866c3",
  "stac_version": "1.0.0",
  "description": "{4718300E-3C04-4FF1-83AA-C99D247ADC0D}_tile_0",
  "links": [
    {
      "rel": "root",
      "href": "../catalog.json",
      "type": "application/json"
    },
    {
      "rel": "item",
      "href": "./d52706b7-dc0c-496a-a90a-bbda028725dd/d52706b7-dc0c-496a-a90a-bbda028725dd.json",
      "type": "application/json"
    },
    {
      "rel": "item",
      "href": "./d1b20753-1262-4de4-adc2-1657cb11909c/d1b20753-1262-4de4-adc2-1657cb11909c.json",
      "type": "application/json"
    },
    {
      "rel": "parent",
      "href": "../catalog.json",
      "type": "application/json"
    }
  ],
  "extent": {
    "spatial": {
      "bbox": [
        [
          8.51087002916376,
          47.41703123857774,
          8.511221462969086,
          47.417378877511716
        ]
      ]
    },
    "temporal": {
      "interval": [
        [
          "2025-01-31T23:45:15.451604Z",
          "2025-03-20T09:21:14.463500Z"
        ]
      ]
    }
  },
  "license": "proprietary"
}