{
  "type": "Feature",
  "stac_version": "1.0.0",
  "id": "b32f3920-a8e5-4d2c-99ab-d78dd3ce6b12",
  "properties": {
    "title": "Groundwork campaign labels",
    "description": "Labels created from a Groundwork campaign!",
    "label:description": "Labels for project 8463_tile_0",
    "label:type": "vector",
    "label:properties": [
      "default"
    ],
    "label:classes": [
      {
        "classes": [
          "Pavement_distress",
          "non_pavement_distress"
        ],
        "name": "default"
      }
    ],
    "label:tasks": [
      "detection"
    ],
    "datetime": "2025-05-07T19:02:08.393156Z"
  },
  "geometry": {
    "type": "Polygon",
    "coordinates": [
      [
        [
          8.532778822802333,
          47.39561524903847
        ],
        [
          8.532788278670383,
          47.396075707134244
        ],
        [
          8.532110153967263,
          47.396082125892875
        ],
        [
          8.53210070396295,
          47.395621667742176
        ],
        [
          8.532778822802333,
          47.39561524903847
        ]
      ]
    ]
  },
  "links": [
    {
      "rel": "source",
      "href": "../600f4d2a-b202-44c0-b710-65b2bbce7dae/600f4d2a-b202-44c0-b710-65b2bbce7dae.json",
      "type": "application/json"
    },
    {
      "rel": "root",
      "href": "../../catalog.json",
      "type": "application/json"
    },
    {
      "rel": "collection",
      "href": "../collection.json",
      "type": "application/json"
    },
    {
      "rel": "parent",
      "href": "../collection.json",
      "type": "application/json"
    }
  ],
  "assets": {
    "labels": {
      "href": "./labels.geojson",
      "type": "application/geo+json"
    }
  },
  "bbox": [
    8.53210070396295,
    47.39561524903847,
    8.532788278670383,
    47.396082125892875
  ],
  "stac_extensions": [
    "https://stac-extensions.github.io/label/v1.0.1/schema.json"
  ],
  "collection": "9ad21b67-8fd1-405c-9a61-eabb0dead826"
}