{
  "type": "Collection",
  "id": "72ec93e1-15b2-4cb2-94a5-878884f81261",
  "stac_version": "1.0.0",
  "description": "10057_tile_0",
  "links": [
    {
      "rel": "root",
      "href": "../catalog.json",
      "type": "application/json"
    },
    {
      "rel": "item",
      "href": "./9fa9f7ce-9105-4aec-b97a-ac2927d0a86f/9fa9f7ce-9105-4aec-b97a-ac2927d0a86f.json",
      "type": "application/json"
    },
    {
      "rel": "item",
      "href": "./f69acb9a-6c9c-459d-bfd3-2de563118995/f69acb9a-6c9c-459d-bfd3-2de563118995.json",
      "type": "application/json"
    },
    {
      "rel": "parent",
      "href": "../catalog.json",
      "type": "application/json"
    }
  ],
  "extent": {
    "spatial": {
      "bbox": [
        [
          8.513244864677667,
          47.369541011602664,
          8.513931942048742,
          47.37000778298552
        ]
      ]
    },
    "temporal": {
      "interval": [
        [
          "2025-04-02T11:46:51.477926Z",
          "2025-04-28T08:56:40.003553Z"
        ]
      ]
    }
  },
  "license": "proprietary"
}