{
  "type": "Feature",
  "stac_version": "1.0.0",
  "id": "fe6e5170-f70d-4cb5-a6ac-2fa82563d151",
  "properties": {
    "title": "Groundwork campaign labels",
    "description": "Labels created from a Groundwork campaign!",
    "label:description": "Labels for project 16672_tile_2",
    "label:type": "vector",
    "label:properties": [
      "default"
    ],
    "label:classes": [
      {
        "classes": [
          "Pavement_distress",
          "non_pavement_distress"
        ],
        "name": "default"
      }
    ],
    "label:tasks": [
      "detection"
    ],
    "datetime": "2025-05-07T19:01:07.790538Z"
  },
  "geometry": {
    "type": "Polygon",
    "coordinates": [
      [
        [
          8.504955263272816,
          47.37975621118307
        ],
        [
          8.504964475739305,
          47.3802166737996
        ],
        [
          8.504286549644522,
          47.38022292917761
        ],
        [
          8.504277343038412,
          47.379762466507586
        ],
        [
          8.504955263272816,
          47.37975621118307
        ]
      ]
    ]
  },
  "links": [
    {
      "rel": "source",
      "href": "../4c080e48-8384-46f7-baf4-017aa6af5261/4c080e48-8384-46f7-baf4-017aa6af5261.json",
      "type": "application/json"
    },
    {
      "rel": "root",
      "href": "../../catalog.json",
      "type": "application/json"
    },
    {
      "rel": "collection",
      "href": "../collection.json",
      "type": "application/json"
    },
    {
      "rel": "parent",
      "href": "../collection.json",
      "type": "application/json"
    }
  ],
  "assets": {
    "labels": {
      "href": "./labels.geojson",
      "type": "application/geo+json"
    }
  },
  "bbox": [
    8.504277343038412,
    47.37975621118307,
    8.504964475739305,
    47.38022292917761
  ],
  "stac_extensions": [
    "https://stac-extensions.github.io/label/v1.0.1/schema.json"
  ],
  "collection": "f526b96d-4a68-4f63-b6d5-98c2e70b1cda"
}