{
  "type": "Collection",
  "id": "40ade550-17a6-45f8-b609-e6190350922d",
  "stac_version": "1.0.0",
  "description": "7932_tile_0",
  "links": [
    {
      "rel": "root",
      "href": "../catalog.json",
      "type": "application/json"
    },
    {
      "rel": "item",
      "href": "./ebb2f9e4-61d4-4212-917d-2e577e51aa07/ebb2f9e4-61d4-4212-917d-2e577e51aa07.json",
      "type": "application/json"
    },
    {
      "rel": "item",
      "href": "./1444e8f2-c6e1-4c9b-b4f9-30e25febb1b9/1444e8f2-c6e1-4c9b-b4f9-30e25febb1b9.json",
      "type": "application/json"
    },
    {
      "rel": "parent",
      "href": "../catalog.json",
      "type": "application/json"
    }
  ],
  "extent": {
    "spatial": {
      "bbox": [
        [
          8.50350524627223,
          47.376705909581446,
          8.504192333031531,
          47.37717262353723
        ]
      ]
    },
    "temporal": {
      "interval": [
        [
          "2025-04-02T11:46:08.815814Z",
          "2025-04-28T08:56:52.311481Z"
        ]
      ]
    }
  },
  "license": "proprietary"
}