{
  "type": "Collection",
  "id": "c667f622-73df-4967-be7f-92dcf6c36f49",
  "stac_version": "1.0.0",
  "description": "758_tile_3",
  "links": [
    {
      "rel": "root",
      "href": "../catalog.json",
      "type": "application/json"
    },
    {
      "rel": "item",
      "href": "./8b9218e8-ca67-4a2c-bb9e-471741e2ab72/8b9218e8-ca67-4a2c-bb9e-471741e2ab72.json",
      "type": "application/json"
    },
    {
      "rel": "item",
      "href": "./78f57946-3188-4acc-a1dd-cb8c76dcf22c/78f57946-3188-4acc-a1dd-cb8c76dcf22c.json",
      "type": "application/json"
    },
    {
      "rel": "parent",
      "href": "../catalog.json",
      "type": "application/json"
    }
  ],
  "extent": {
    "spatial": {
      "bbox": [
        [
          8.557173961309243,
          47.38017694641091,
          8.557861550391108,
          47.38064397063978
        ]
      ]
    },
    "temporal": {
      "interval": [
        [
          "2025-05-06T07:07:30.541289Z",
          "2025-05-07T19:02:42.507006Z"
        ]
      ]
    }
  },
  "license": "proprietary"
}