{
  "type": "Collection",
  "id": "27ce2d37-c956-48f1-8759-c3fccfdbad1d",
  "stac_version": "1.0.0",
  "description": "{CC74FA13-8914-4E29-9CD7-00257E6A5DFC}_tile_2",
  "links": [
    {
      "rel": "root",
      "href": "../catalog.json",
      "type": "application/json"
    },
    {
      "rel": "item",
      "href": "./1610db66-eceb-4e4d-b9ce-2a26f4d59d86/1610db66-eceb-4e4d-b9ce-2a26f4d59d86.json",
      "type": "application/json"
    },
    {
      "rel": "item",
      "href": "./85b8c5ef-51a0-484c-9ce3-c9d31c39b47f/85b8c5ef-51a0-484c-9ce3-c9d31c39b47f.json",
      "type": "application/json"
    },
    {
      "rel": "parent",
      "href": "../catalog.json",
      "type": "application/json"
    }
  ],
  "extent": {
    "spatial": {
      "bbox": [
        [
          8.517551500428317,
          47.378222456857195,
          8.517568765733742,
          47.3786829928678
        ]
      ]
    },
    "temporal": {
      "interval": [
        [
          "2025-01-31T23:46:50.536953Z",
          "2025-03-20T09:20:53.056218Z"
        ]
      ]
    }
  },
  "license": "proprietary"
}