{
  "type": "Collection",
  "id": "0b442892-b958-44c8-b02c-a1882b048f27",
  "stac_version": "1.0.0",
  "description": "14506_tile_0",
  "links": [
    {
      "rel": "root",
      "href": "../catalog.json",
      "type": "application/json"
    },
    {
      "rel": "item",
      "href": "./9898482b-9096-4485-9b7d-95e0d5278e31/9898482b-9096-4485-9b7d-95e0d5278e31.json",
      "type": "application/json"
    },
    {
      "rel": "item",
      "href": "./1e4b6ac3-6a8d-490e-a105-ebcc4df5f267/1e4b6ac3-6a8d-490e-a105-ebcc4df5f267.json",
      "type": "application/json"
    },
    {
      "rel": "parent",
      "href": "../catalog.json",
      "type": "application/json"
    }
  ],
  "extent": {
    "spatial": {
      "bbox": [
        [
          8.507011101772864,
          47.42205699345967,
          8.507698804077188,
          47.42252372114168
        ]
      ]
    },
    "temporal": {
      "interval": [
        [
          "2025-05-06T07:13:06.386611Z",
          "2025-05-07T19:01:21.716232Z"
        ]
      ]
    }
  },
  "license": "proprietary"
}