{
  "type": "Feature",
  "stac_version": "1.0.0",
  "id": "6cc2b1a8-9bc7-4619-866d-0ab490c10650",
  "properties": {
    "title": "Groundwork campaign labels",
    "description": "Labels created from a Groundwork campaign!",
    "label:description": "Labels for project 12797_tile_4",
    "label:type": "vector",
    "label:properties": [
      "default"
    ],
    "label:classes": [
      {
        "classes": [
          "Pavement_distress",
          "non_pavement_distress"
        ],
        "name": "default"
      }
    ],
    "label:tasks": [
      "detection"
    ],
    "datetime": "2025-05-07T19:01:31.935848Z"
  },
  "geometry": {
    "type": "Polygon",
    "coordinates": [
      [
        [
          8.514103066505461,
          47.429870798209144
        ],
        [
          8.514112366874858,
          47.43033125283562
        ],
        [
          8.513433803319884,
          47.43033756187412
        ],
        [
          8.5134245088219,
          47.429877107193555
        ],
        [
          8.514103066505461,
          47.429870798209144
        ]
      ]
    ]
  },
  "links": [
    {
      "rel": "source",
      "href": "../249eb6b6-4587-4861-9c45-2f9dc8fe0289/249eb6b6-4587-4861-9c45-2f9dc8fe0289.json",
      "type": "application/json"
    },
    {
      "rel": "root",
      "href": "../../catalog.json",
      "type": "application/json"
    },
    {
      "rel": "collection",
      "href": "../collection.json",
      "type": "application/json"
    },
    {
      "rel": "parent",
      "href": "../collection.json",
      "type": "application/json"
    }
  ],
  "assets": {
    "labels": {
      "href": "./labels.geojson",
      "type": "application/geo+json"
    }
  },
  "bbox": [
    8.5134245088219,
    47.429870798209144,
    8.514112366874858,
    47.43033756187412
  ],
  "stac_extensions": [
    "https://stac-extensions.github.io/label/v1.0.1/schema.json"
  ],
  "collection": "45f95928-c06f-42ba-8658-0456aaf2ea10"
}