{
  "type": "Collection",
  "id": "8dcb929a-552a-4c78-9859-2d830782b877",
  "stac_version": "1.0.0",
  "description": "{0EE5FC34-01CC-4DE8-BC30-9A245777BCF6}_tile_0",
  "links": [
    {
      "rel": "root",
      "href": "../catalog.json",
      "type": "application/json"
    },
    {
      "rel": "item",
      "href": "./3f9b84ac-953e-42fc-8d08-4f96c2c4104e/3f9b84ac-953e-42fc-8d08-4f96c2c4104e.json",
      "type": "application/json"
    },
    {
      "rel": "item",
      "href": "./152fdd66-96d6-4628-a7ed-51fe2d776cae/152fdd66-96d6-4628-a7ed-51fe2d776cae.json",
      "type": "application/json"
    },
    {
      "rel": "parent",
      "href": "../catalog.json",
      "type": "application/json"
    }
  ],
  "extent": {
    "spatial": {
      "bbox": [
        [
          8.527091073003279,
          47.41087408717014,
          8.527778802115355,
          47.411340932793145
        ]
      ]
    },
    "temporal": {
      "interval": [
        [
          "2025-01-31T23:44:52.538298Z",
          "2025-03-20T09:21:19.338711Z"
        ]
      ]
    }
  },
  "license": "proprietary"
}