{
  "type": "Collection",
  "id": "a9da1b37-2788-4269-b084-e098203e9f90",
  "stac_version": "1.0.0",
  "description": "{6ED72E0E-E1EA-4D01-9321-4E340DBCADCB}_tile_0",
  "links": [
    {
      "rel": "root",
      "href": "../catalog.json",
      "type": "application/json"
    },
    {
      "rel": "item",
      "href": "./c349b1ac-a783-4539-b0ca-213f2d8df676/c349b1ac-a783-4539-b0ca-213f2d8df676.json",
      "type": "application/json"
    },
    {
      "rel": "item",
      "href": "./6532ef5c-f8f7-4460-8637-b156ef047806/6532ef5c-f8f7-4460-8637-b156ef047806.json",
      "type": "application/json"
    },
    {
      "rel": "parent",
      "href": "../catalog.json",
      "type": "application/json"
    }
  ],
  "extent": {
    "spatial": {
      "bbox": [
        [
          8.478063855908324,
          47.40786377591525,
          8.47820988784078,
          47.407948712880106
        ]
      ]
    },
    "temporal": {
      "interval": [
        [
          "2025-01-31T23:46:08.257431Z",
          "2025-03-20T09:21:02.618685Z"
        ]
      ]
    }
  },
  "license": "proprietary"
}