{
  "type": "Feature",
  "stac_version": "1.0.0",
  "id": "775b10a7-aac5-44dd-8b2f-10e26c7ec5a2",
  "properties": {
    "title": "Groundwork campaign labels",
    "description": "Labels created from a Groundwork campaign!",
    "label:description": "Labels for project 11170_tile_1",
    "label:type": "vector",
    "label:properties": [
      "default"
    ],
    "label:classes": [
      {
        "classes": [
          "Pavement_distress",
          "non_pavement_distress"
        ],
        "name": "default"
      }
    ],
    "label:tasks": [
      "detection"
    ],
    "datetime": "2025-05-07T19:01:45.378452Z"
  },
  "geometry": {
    "type": "Polygon",
    "coordinates": [
      [
        [
          8.547005153466182,
          47.380281524163635
        ],
        [
          8.547014729598635,
          47.380741983262894
        ],
        [
          8.546336801882884,
          47.380748485587965
        ],
        [
          8.546327231610709,
          47.38028802643308
        ],
        [
          8.547005153466182,
          47.380281524163635
        ]
      ]
    ]
  },
  "links": [
    {
      "rel": "source",
      "href": "../c77e7f97-da7d-4c5e-ab4a-af64d7aa4aca/c77e7f97-da7d-4c5e-ab4a-af64d7aa4aca.json",
      "type": "application/json"
    },
    {
      "rel": "root",
      "href": "../../catalog.json",
      "type": "application/json"
    },
    {
      "rel": "collection",
      "href": "../collection.json",
      "type": "application/json"
    },
    {
      "rel": "parent",
      "href": "../collection.json",
      "type": "application/json"
    }
  ],
  "assets": {
    "labels": {
      "href": "./labels.geojson",
      "type": "application/geo+json"
    }
  },
  "bbox": [
    8.546327231610709,
    47.380281524163635,
    8.547014729598635,
    47.380748485587965
  ],
  "stac_extensions": [
    "https://stac-extensions.github.io/label/v1.0.1/schema.json"
  ],
  "collection": "69222543-6aff-4557-a2b5-5365d226ce7a"
}