{
  "type": "Feature",
  "stac_version": "1.0.0",
  "id": "e1a88f04-fad6-4cfe-8469-f1f710ec48e9",
  "properties": {
    "title": "Groundwork campaign labels",
    "description": "Labels created from a Groundwork campaign!",
    "label:description": "Labels for project {1BB0C094-EBD8-4CCF-9BC0-BB10B6AB606A}_tile_0",
    "label:type": "vector",
    "label:properties": [
      "default"
    ],
    "label:classes": [
      {
        "classes": [
          "Pavement_distress",
          "Shadows"
        ],
        "name": "default"
      }
    ],
    "label:tasks": [
      "detection"
    ],
    "datetime": "2025-03-20T09:21:23.814561Z"
  },
  "geometry": {
    "type": "Polygon",
    "coordinates": [
      [
        [
          8.544607941408394,
          47.3755505678644
        ],
        [
          8.544617383991719,
          47.37600563181575
        ],
        [
          8.544524706773753,
          47.37600651911641
        ],
        [
          8.544515264982106,
          47.375551455157584
        ],
        [
          8.544607941408394,
          47.3755505678644
        ]
      ]
    ]
  },
  "links": [
    {
      "rel": "source",
      "href": "../b7c51265-0f60-40e6-83a9-20991be30e66/b7c51265-0f60-40e6-83a9-20991be30e66.json",
      "type": "application/json"
    },
    {
      "rel": "root",
      "href": "../../catalog.json",
      "type": "application/json"
    },
    {
      "rel": "collection",
      "href": "../collection.json",
      "type": "application/json"
    },
    {
      "rel": "parent",
      "href": "../collection.json",
      "type": "application/json"
    }
  ],
  "assets": {
    "labels": {
      "href": "./labels.geojson",
      "type": "application/geo+json"
    }
  },
  "bbox": [
    8.544515264982106,
    47.3755505678644,
    8.544617383991719,
    47.37600651911641
  ],
  "stac_extensions": [
    "https://stac-extensions.github.io/label/v1.0.1/schema.json"
  ],
  "collection": "8d3c2090-fefd-442d-aa10-63c03999ce43"
}