{
  "type": "Feature",
  "stac_version": "1.0.0",
  "id": "928fcc37-b70c-4a51-a72f-0e210a6068af",
  "properties": {
    "title": "Groundwork campaign labels",
    "description": "Labels created from a Groundwork campaign!",
    "label:description": "Labels for project 11471_tile_0",
    "label:type": "vector",
    "label:properties": [
      "default"
    ],
    "label:classes": [
      {
        "classes": [
          "Pavement Distress",
          "Non-Pavement Distress"
        ],
        "name": "default"
      }
    ],
    "label:tasks": [
      "detection"
    ],
    "datetime": "2025-04-28T08:56:29.642855Z"
  },
  "geometry": {
    "type": "Polygon",
    "coordinates": [
      [
        [
          8.547702543018058,
          47.41824848174023
        ],
        [
          8.547712132060699,
          47.41870893531464
        ],
        [
          8.547033720774131,
          47.418715441686615
        ],
        [
          8.54702413760016,
          47.41825498805654
        ],
        [
          8.547702543018058,
          47.41824848174023
        ]
      ]
    ]
  },
  "links": [
    {
      "rel": "source",
      "href": "../9766e7d7-be9c-4558-9918-ee48683c8b29/9766e7d7-be9c-4558-9918-ee48683c8b29.json",
      "type": "application/json"
    },
    {
      "rel": "root",
      "href": "../../catalog.json",
      "type": "application/json"
    },
    {
      "rel": "collection",
      "href": "../collection.json",
      "type": "application/json"
    },
    {
      "rel": "parent",
      "href": "../collection.json",
      "type": "application/json"
    }
  ],
  "assets": {
    "labels": {
      "href": "./labels.geojson",
      "type": "application/geo+json"
    }
  },
  "bbox": [
    8.54702413760016,
    47.41824848174023,
    8.547712132060699,
    47.418715441686615
  ],
  "stac_extensions": [
    "https://stac-extensions.github.io/label/v1.0.1/schema.json"
  ],
  "collection": "757b4957-41a7-4ea1-9321-8fb8b4ecf595"
}