{
  "type": "Feature",
  "stac_version": "1.0.0",
  "id": "e1f270a0-4206-43a9-a442-42fdc60da265",
  "properties": {
    "title": "Groundwork campaign labels",
    "description": "Labels created from a Groundwork campaign!",
    "label:description": "Labels for project {926D72A3-0645-4812-824B-630D62A8E340}_tile_0",
    "label:type": "vector",
    "label:properties": [
      "default"
    ],
    "label:classes": [
      {
        "classes": [
          "Pavement_distress",
          "Shadows"
        ],
        "name": "default"
      }
    ],
    "label:tasks": [
      "detection"
    ],
    "datetime": "2025-03-20T09:20:47.860943Z"
  },
  "geometry": {
    "type": "Polygon",
    "coordinates": [
      [
        [
          8.536979739141218,
          47.37422910590985
        ],
        [
          8.536989227506817,
          47.374689566694826
        ],
        [
          8.536311375602217,
          47.37469601015138
        ],
        [
          8.53630189309561,
          47.37423554931124
        ],
        [
          8.536979739141218,
          47.37422910590985
        ]
      ]
    ]
  },
  "links": [
    {
      "rel": "source",
      "href": "../c487fca1-5ed2-4ac1-a8c4-305986e0bc2a/c487fca1-5ed2-4ac1-a8c4-305986e0bc2a.json",
      "type": "application/json"
    },
    {
      "rel": "root",
      "href": "../../catalog.json",
      "type": "application/json"
    },
    {
      "rel": "collection",
      "href": "../collection.json",
      "type": "application/json"
    },
    {
      "rel": "parent",
      "href": "../collection.json",
      "type": "application/json"
    }
  ],
  "assets": {
    "labels": {
      "href": "./labels.geojson",
      "type": "application/geo+json"
    }
  },
  "bbox": [
    8.53630189309561,
    47.37422910590985,
    8.536989227506817,
    47.37469601015138
  ],
  "stac_extensions": [
    "https://stac-extensions.github.io/label/v1.0.1/schema.json"
  ],
  "collection": "37e5490a-3007-4f55-8ca6-8479de812042"
}