{
  "type": "Collection",
  "id": "735b9fca-1a97-42db-8944-8f8c439f9dfb",
  "stac_version": "1.0.0",
  "description": "4522_tile_0",
  "links": [
    {
      "rel": "root",
      "href": "../catalog.json",
      "type": "application/json"
    },
    {
      "rel": "item",
      "href": "./94cc82f0-ccea-4f4e-bf6a-935f3dd8eea6/94cc82f0-ccea-4f4e-bf6a-935f3dd8eea6.json",
      "type": "application/json"
    },
    {
      "rel": "item",
      "href": "./af465409-1b70-4a03-81e7-46f769f16257/af465409-1b70-4a03-81e7-46f769f16257.json",
      "type": "application/json"
    },
    {
      "rel": "parent",
      "href": "../catalog.json",
      "type": "application/json"
    }
  ],
  "extent": {
    "spatial": {
      "bbox": [
        [
          8.514250763387999,
          47.36584724171773,
          8.514937801688125,
          47.36631401944625
        ]
      ]
    },
    "temporal": {
      "interval": [
        [
          "2025-04-02T11:45:05.528136Z",
          "2025-04-28T08:57:10.678744Z"
        ]
      ]
    }
  },
  "license": "proprietary"
}