{
  "type": "Feature",
  "stac_version": "1.0.0",
  "id": "83bb2e13-9490-4ea2-9f66-4e68b03a3c6d",
  "properties": {
    "title": "Groundwork campaign labels",
    "description": "Labels created from a Groundwork campaign!",
    "label:description": "Labels for project 9430_tile_4",
    "label:type": "vector",
    "label:properties": [
      "default"
    ],
    "label:classes": [
      {
        "classes": [
          "Pavement_distress",
          "non_pavement_distress"
        ],
        "name": "default"
      }
    ],
    "label:tasks": [
      "detection"
    ],
    "datetime": "2025-05-07T19:02:00.909229Z"
  },
  "geometry": {
    "type": "Polygon",
    "coordinates": [
      [
        [
          8.527016238999877,
          47.364352307867485
        ],
        [
          8.527025639474823,
          47.364812770853284
        ],
        [
          8.526347912040402,
          47.36481915580932
        ],
        [
          8.526338517422317,
          47.36435869276894
        ],
        [
          8.527016238999877,
          47.364352307867485
        ]
      ]
    ]
  },
  "links": [
    {
      "rel": "source",
      "href": "../9462205a-e11d-49fc-a4e2-6f6aeb5d301f/9462205a-e11d-49fc-a4e2-6f6aeb5d301f.json",
      "type": "application/json"
    },
    {
      "rel": "root",
      "href": "../../catalog.json",
      "type": "application/json"
    },
    {
      "rel": "collection",
      "href": "../collection.json",
      "type": "application/json"
    },
    {
      "rel": "parent",
      "href": "../collection.json",
      "type": "application/json"
    }
  ],
  "assets": {
    "labels": {
      "href": "./labels.geojson",
      "type": "application/geo+json"
    }
  },
  "bbox": [
    8.526338517422317,
    47.364352307867485,
    8.527025639474823,
    47.36481915580932
  ],
  "stac_extensions": [
    "https://stac-extensions.github.io/label/v1.0.1/schema.json"
  ],
  "collection": "44ba8920-69d2-4553-825a-13b4e358dedf"
}