{
  "type": "Feature",
  "stac_version": "1.0.0",
  "id": "b85f9085-2217-49bc-813d-60c739e6f8d7",
  "properties": {
    "title": "Groundwork campaign labels",
    "description": "Labels created from a Groundwork campaign!",
    "label:description": "Labels for project 15338_tile_2",
    "label:type": "vector",
    "label:properties": [
      "default"
    ],
    "label:classes": [
      {
        "classes": [
          "Pavement Distress",
          "Non-Pavement Distress"
        ],
        "name": "default"
      }
    ],
    "label:tasks": [
      "detection"
    ],
    "datetime": "2025-04-28T08:56:12.208334Z"
  },
  "geometry": {
    "type": "Polygon",
    "coordinates": [
      [
        [
          8.497583328840022,
          47.38411286181804
        ],
        [
          8.49759247832,
          47.38457332440797
        ],
        [
          8.496914495894087,
          47.38457953648692
        ],
        [
          8.496905352275483,
          47.3841190738438
        ],
        [
          8.497583328840022,
          47.38411286181804
        ]
      ]
    ]
  },
  "links": [
    {
      "rel": "source",
      "href": "../fe23fede-5229-4c82-a8e8-e7acb6b8ee11/fe23fede-5229-4c82-a8e8-e7acb6b8ee11.json",
      "type": "application/json"
    },
    {
      "rel": "root",
      "href": "../../catalog.json",
      "type": "application/json"
    },
    {
      "rel": "collection",
      "href": "../collection.json",
      "type": "application/json"
    },
    {
      "rel": "parent",
      "href": "../collection.json",
      "type": "application/json"
    }
  ],
  "assets": {
    "labels": {
      "href": "./labels.geojson",
      "type": "application/geo+json"
    }
  },
  "bbox": [
    8.496905352275483,
    47.38411286181804,
    8.49759247832,
    47.38457953648692
  ],
  "stac_extensions": [
    "https://stac-extensions.github.io/label/v1.0.1/schema.json"
  ],
  "collection": "eceec3a7-696f-4426-9b67-33d6c17042ec"
}