{
  "type": "Collection",
  "id": "37e5490a-3007-4f55-8ca6-8479de812042",
  "stac_version": "1.0.0",
  "description": "{926D72A3-0645-4812-824B-630D62A8E340}_tile_0",
  "links": [
    {
      "rel": "root",
      "href": "../catalog.json",
      "type": "application/json"
    },
    {
      "rel": "item",
      "href": "./c487fca1-5ed2-4ac1-a8c4-305986e0bc2a/c487fca1-5ed2-4ac1-a8c4-305986e0bc2a.json",
      "type": "application/json"
    },
    {
      "rel": "item",
      "href": "./e1f270a0-4206-43a9-a442-42fdc60da265/e1f270a0-4206-43a9-a442-42fdc60da265.json",
      "type": "application/json"
    },
    {
      "rel": "parent",
      "href": "../catalog.json",
      "type": "application/json"
    }
  ],
  "extent": {
    "spatial": {
      "bbox": [
        [
          8.53630189309561,
          47.37422910590985,
          8.536989227506817,
          47.37469601015138
        ]
      ]
    },
    "temporal": {
      "interval": [
        [
          "2025-01-31T23:47:09.650495Z",
          "2025-03-20T09:20:47.860943Z"
        ]
      ]
    }
  },
  "license": "proprietary"
}