{
  "type": "Collection",
  "id": "61512014-73bf-4688-8bb7-f2add88f2e1d",
  "stac_version": "1.0.0",
  "description": "{E546EAAB-FAD2-4E48-B5D3-20F2984A2666}_tile_0",
  "links": [
    {
      "rel": "root",
      "href": "../catalog.json",
      "type": "application/json"
    },
    {
      "rel": "item",
      "href": "./23ad40fe-98f6-4ef6-b7aa-74ef4214eb03/23ad40fe-98f6-4ef6-b7aa-74ef4214eb03.json",
      "type": "application/json"
    },
    {
      "rel": "item",
      "href": "./77c7013c-d3b5-4ecf-af04-cbeda6c4dd17/77c7013c-d3b5-4ecf-af04-cbeda6c4dd17.json",
      "type": "application/json"
    },
    {
      "rel": "parent",
      "href": "../catalog.json",
      "type": "application/json"
    }
  ],
  "extent": {
    "spatial": {
      "bbox": [
        [
          8.494080575279675,
          47.36920961079328,
          8.49476438473465,
          47.36951978507936
        ]
      ]
    },
    "temporal": {
      "interval": [
        [
          "2025-01-31T23:43:57.552146Z",
          "2025-03-20T09:21:32.065097Z"
        ]
      ]
    }
  },
  "license": "proprietary"
}