{
  "type": "Feature",
  "stac_version": "1.0.0",
  "id": "aaab5799-b79d-4e75-bf25-346c64144164",
  "properties": {
    "title": "Groundwork campaign labels",
    "description": "Labels created from a Groundwork campaign!",
    "label:description": "Labels for project {CF08E479-D64B-4092-AFAE-6FFA24B49977}_tile_1",
    "label:type": "vector",
    "label:properties": [
      "default"
    ],
    "label:classes": [
      {
        "classes": [
          "Pavement_distress",
          "Shadows"
        ],
        "name": "default"
      }
    ],
    "label:tasks": [
      "detection"
    ],
    "datetime": "2025-03-20T09:21:20.944130Z"
  },
  "geometry": {
    "type": "Polygon",
    "coordinates": [
      [
        [
          8.56327962796413,
          47.347259338405294
        ],
        [
          8.563283629850378,
          47.34744909925307
        ],
        [
          8.562680229492917,
          47.34745497570992
        ],
        [
          8.562676229754882,
          47.34726521484148
        ],
        [
          8.56327962796413,
          47.347259338405294
        ]
      ]
    ]
  },
  "links": [
    {
      "rel": "source",
      "href": "../e49bce05-dcb1-438d-a6c4-fa49b9282a3e/e49bce05-dcb1-438d-a6c4-fa49b9282a3e.json",
      "type": "application/json"
    },
    {
      "rel": "root",
      "href": "../../catalog.json",
      "type": "application/json"
    },
    {
      "rel": "collection",
      "href": "../collection.json",
      "type": "application/json"
    },
    {
      "rel": "parent",
      "href": "../collection.json",
      "type": "application/json"
    }
  ],
  "assets": {
    "labels": {
      "href": "./labels.geojson",
      "type": "application/geo+json"
    }
  },
  "bbox": [
    8.562676229754882,
    47.347259338405294,
    8.563283629850378,
    47.34745497570992
  ],
  "stac_extensions": [
    "https://stac-extensions.github.io/label/v1.0.1/schema.json"
  ],
  "collection": "3fa620bc-3bf2-4d7d-a028-794271961024"
}