{
  "type": "Collection",
  "id": "8bbccc41-9735-414c-a654-d5c9aa2a79f1",
  "stac_version": "1.0.0",
  "description": "9264_tile_0",
  "links": [
    {
      "rel": "root",
      "href": "../catalog.json",
      "type": "application/json"
    },
    {
      "rel": "item",
      "href": "./692774e2-eb1b-4596-bd9f-beee0818fd84/692774e2-eb1b-4596-bd9f-beee0818fd84.json",
      "type": "application/json"
    },
    {
      "rel": "item",
      "href": "./4cac0691-4803-46e1-a5ea-b7cb90ecc81b/4cac0691-4803-46e1-a5ea-b7cb90ecc81b.json",
      "type": "application/json"
    },
    {
      "rel": "parent",
      "href": "../catalog.json",
      "type": "application/json"
    }
  ],
  "extent": {
    "spatial": {
      "bbox": [
        [
          8.5740221228206,
          47.361590300722085,
          8.57470961551008,
          47.36205742508981
        ]
      ]
    },
    "temporal": {
      "interval": [
        [
          "2025-05-06T07:10:15.077600Z",
          "2025-05-07T19:02:04.672937Z"
        ]
      ]
    }
  },
  "license": "proprietary"
}