{
  "type": "Collection",
  "id": "57f98c23-0dd3-47c7-a834-d122e9581a36",
  "stac_version": "1.0.0",
  "description": "3569_tile_2",
  "links": [
    {
      "rel": "root",
      "href": "../catalog.json",
      "type": "application/json"
    },
    {
      "rel": "item",
      "href": "./32f57686-9c42-4700-b5db-1278e145fed7/32f57686-9c42-4700-b5db-1278e145fed7.json",
      "type": "application/json"
    },
    {
      "rel": "item",
      "href": "./5f47f309-916d-4c97-b2e8-e0b7606d1398/5f47f309-916d-4c97-b2e8-e0b7606d1398.json",
      "type": "application/json"
    },
    {
      "rel": "parent",
      "href": "../catalog.json",
      "type": "application/json"
    }
  ],
  "extent": {
    "spatial": {
      "bbox": [
        [
          8.57862275003102,
          47.40023144756914,
          8.579310780991326,
          47.40069859304609
        ]
      ]
    },
    "temporal": {
      "interval": [
        [
          "2025-04-02T11:44:48.613742Z",
          "2025-04-28T08:57:15.768259Z"
        ]
      ]
    }
  },
  "license": "proprietary"
}