{
  "type": "Collection",
  "id": "89add141-0317-4f7f-ab1f-9e59e6bc94db",
  "stac_version": "1.0.0",
  "description": "14958_tile_0",
  "links": [
    {
      "rel": "root",
      "href": "../catalog.json",
      "type": "application/json"
    },
    {
      "rel": "item",
      "href": "./d62206d4-6474-4f69-a44e-85c7a06aa9f6/d62206d4-6474-4f69-a44e-85c7a06aa9f6.json",
      "type": "application/json"
    },
    {
      "rel": "item",
      "href": "./ecb4f817-9901-4db5-988e-27332101ce4c/ecb4f817-9901-4db5-988e-27332101ce4c.json",
      "type": "application/json"
    },
    {
      "rel": "parent",
      "href": "../catalog.json",
      "type": "application/json"
    }
  ],
  "extent": {
    "spatial": {
      "bbox": [
        [
          8.505956920522811,
          47.37633515958727,
          8.506644023405421,
          47.37680188779683
        ]
      ]
    },
    "temporal": {
      "interval": [
        [
          "2025-04-02T11:48:52.993981Z",
          "2025-04-28T08:56:13.596309Z"
        ]
      ]
    }
  },
  "license": "proprietary"
}