{
  "type": "Feature",
  "stac_version": "1.0.0",
  "id": "c0c58b7d-4259-43b9-baa5-66f1adb79716",
  "properties": {
    "title": "Groundwork campaign labels",
    "description": "Labels created from a Groundwork campaign!",
    "label:description": "Labels for project 10198_tile_1",
    "label:type": "vector",
    "label:properties": [
      "default"
    ],
    "label:classes": [
      {
        "classes": [
          "Pavement Distress",
          "Non-Pavement Distress"
        ],
        "name": "default"
      }
    ],
    "label:tasks": [
      "detection"
    ],
    "datetime": "2025-04-28T08:56:38.863849Z"
  },
  "geometry": {
    "type": "Polygon",
    "coordinates": [
      [
        [
          8.543898138162923,
          47.410479923878476
        ],
        [
          8.543907692884114,
          47.41094037890508
        ],
        [
          8.54322938014987,
          47.41094686294506
        ],
        [
          8.543219831295653,
          47.4104864078629
        ],
        [
          8.543898138162923,
          47.410479923878476
        ]
      ]
    ]
  },
  "links": [
    {
      "rel": "source",
      "href": "../f2264c46-41e0-4765-97f5-b8ad4ed54dff/f2264c46-41e0-4765-97f5-b8ad4ed54dff.json",
      "type": "application/json"
    },
    {
      "rel": "root",
      "href": "../../catalog.json",
      "type": "application/json"
    },
    {
      "rel": "collection",
      "href": "../collection.json",
      "type": "application/json"
    },
    {
      "rel": "parent",
      "href": "../collection.json",
      "type": "application/json"
    }
  ],
  "assets": {
    "labels": {
      "href": "./labels.geojson",
      "type": "application/geo+json"
    }
  },
  "bbox": [
    8.543219831295653,
    47.410479923878476,
    8.543907692884114,
    47.41094686294506
  ],
  "stac_extensions": [
    "https://stac-extensions.github.io/label/v1.0.1/schema.json"
  ],
  "collection": "411f5d33-345d-4015-ab9e-5fcf20cbb918"
}