{
  "type": "Feature",
  "stac_version": "1.0.0",
  "id": "f725b3ae-c7bf-435e-9e03-345bb9757ebb",
  "properties": {
    "title": "Groundwork campaign labels",
    "description": "Labels created from a Groundwork campaign!",
    "label:description": "Labels for project {E87A1D1A-272C-4572-B9F9-DB180B4223AA}_tile_5",
    "label:type": "vector",
    "label:properties": [
      "default"
    ],
    "label:classes": [
      {
        "classes": [
          "Pavement_distress",
          "Shadows"
        ],
        "name": "default"
      }
    ],
    "label:tasks": [
      "detection"
    ],
    "datetime": "2025-03-20T09:21:05.889498Z"
  },
  "geometry": {
    "type": "Polygon",
    "coordinates": [
      [
        [
          8.557190982588386,
          47.361938426678634
        ],
        [
          8.557193435523615,
          47.362055340563444
        ],
        [
          8.556916800911013,
          47.362058019724095
        ],
        [
          8.556914348582744,
          47.36194110583346
        ],
        [
          8.557190982588386,
          47.361938426678634
        ]
      ]
    ]
  },
  "links": [
    {
      "rel": "source",
      "href": "../2597350f-6a5c-4074-b7df-973539321193/2597350f-6a5c-4074-b7df-973539321193.json",
      "type": "application/json"
    },
    {
      "rel": "root",
      "href": "../../catalog.json",
      "type": "application/json"
    },
    {
      "rel": "collection",
      "href": "../collection.json",
      "type": "application/json"
    },
    {
      "rel": "parent",
      "href": "../collection.json",
      "type": "application/json"
    }
  ],
  "assets": {
    "labels": {
      "href": "./labels.geojson",
      "type": "application/geo+json"
    }
  },
  "bbox": [
    8.556914348582744,
    47.361938426678634,
    8.557193435523615,
    47.362058019724095
  ],
  "stac_extensions": [
    "https://stac-extensions.github.io/label/v1.0.1/schema.json"
  ],
  "collection": "fdb8e433-ad30-4c59-9482-2c67b083be89"
}