{
  "type": "Collection",
  "id": "3f0f7306-9abb-48d6-8a2c-db4e7217e9ab",
  "stac_version": "1.0.0",
  "description": "{3A856F54-2514-4392-80D0-528F27F596E0}_tile_0",
  "links": [
    {
      "rel": "root",
      "href": "../catalog.json",
      "type": "application/json"
    },
    {
      "rel": "item",
      "href": "./ff31610f-6493-4659-a0da-24ed9f7a5cbd/ff31610f-6493-4659-a0da-24ed9f7a5cbd.json",
      "type": "application/json"
    },
    {
      "rel": "item",
      "href": "./c1e47481-b88d-4e29-bac2-cd73de849ca4/c1e47481-b88d-4e29-bac2-cd73de849ca4.json",
      "type": "application/json"
    },
    {
      "rel": "parent",
      "href": "../catalog.json",
      "type": "application/json"
    }
  ],
  "extent": {
    "spatial": {
      "bbox": [
        [
          8.575312400648212,
          47.37839414746851,
          8.575992252461216,
          47.37849255162653
        ]
      ]
    },
    "temporal": {
      "interval": [
        [
          "2025-01-31T23:44:44.899248Z",
          "2025-03-20T09:21:21.532918Z"
        ]
      ]
    }
  },
  "license": "proprietary"
}