{
  "type": "Collection",
  "id": "e82c893a-035e-4643-98ab-4bdff4805a3a",
  "stac_version": "1.0.0",
  "description": "1763_tile_1",
  "links": [
    {
      "rel": "root",
      "href": "../catalog.json",
      "type": "application/json"
    },
    {
      "rel": "item",
      "href": "./8a755b4e-0cce-42ca-8d09-3d3f78bca538/8a755b4e-0cce-42ca-8d09-3d3f78bca538.json",
      "type": "application/json"
    },
    {
      "rel": "item",
      "href": "./1656413e-f265-4024-9fd0-727038ee7543/1656413e-f265-4024-9fd0-727038ee7543.json",
      "type": "application/json"
    },
    {
      "rel": "parent",
      "href": "../catalog.json",
      "type": "application/json"
    }
  ],
  "extent": {
    "spatial": {
      "bbox": [
        [
          8.56330275224826,
          47.40972485119577,
          8.563990775330607,
          47.41019190662548
        ]
      ]
    },
    "temporal": {
      "interval": [
        [
          "2025-05-06T07:07:43.058819Z",
          "2025-05-07T19:02:39.107555Z"
        ]
      ]
    }
  },
  "license": "proprietary"
}