{
  "type": "Feature",
  "stac_version": "1.0.0",
  "id": "1dde0e3c-dc42-4978-93af-cfccc6caf9c5",
  "properties": {
    "title": "Groundwork campaign labels",
    "description": "Labels created from a Groundwork campaign!",
    "label:description": "Labels for project 6929_tile_4",
    "label:type": "vector",
    "label:properties": [
      "default"
    ],
    "label:classes": [
      {
        "classes": [
          "Pavement_distress",
          "non_pavement_distress"
        ],
        "name": "default"
      }
    ],
    "label:tasks": [
      "detection"
    ],
    "datetime": "2025-05-07T19:02:15.449075Z"
  },
  "geometry": {
    "type": "Polygon",
    "coordinates": [
      [
        [
          8.521944705049497,
          47.348280660128076
        ],
        [
          8.521954058849612,
          47.34874112574566
        ],
        [
          8.521276535208115,
          47.348747480938016
        ],
        [
          8.521267187261344,
          47.348287015266116
        ],
        [
          8.521944705049497,
          47.348280660128076
        ]
      ]
    ]
  },
  "links": [
    {
      "rel": "source",
      "href": "../929d3d57-76cd-40f4-9d82-8b94240dc997/929d3d57-76cd-40f4-9d82-8b94240dc997.json",
      "type": "application/json"
    },
    {
      "rel": "root",
      "href": "../../catalog.json",
      "type": "application/json"
    },
    {
      "rel": "collection",
      "href": "../collection.json",
      "type": "application/json"
    },
    {
      "rel": "parent",
      "href": "../collection.json",
      "type": "application/json"
    }
  ],
  "assets": {
    "labels": {
      "href": "./labels.geojson",
      "type": "application/geo+json"
    }
  },
  "bbox": [
    8.521267187261344,
    47.348280660128076,
    8.521954058849612,
    47.348747480938016
  ],
  "stac_extensions": [
    "https://stac-extensions.github.io/label/v1.0.1/schema.json"
  ],
  "collection": "b635b5ac-436a-47eb-a857-a6c8413bba13"
}