{
  "type": "Feature",
  "stac_version": "1.0.0",
  "id": "06a0a14d-9eb1-4218-9592-c99c37b9f5c0",
  "properties": {
    "title": "Groundwork campaign labels",
    "description": "Labels created from a Groundwork campaign!",
    "label:description": "Labels for project 17391_tile_0",
    "label:type": "vector",
    "label:properties": [
      "default"
    ],
    "label:classes": [
      {
        "classes": [
          "Pavement Distress",
          "Non-Pavement Distress"
        ],
        "name": "default"
      }
    ],
    "label:tasks": [
      "detection"
    ],
    "datetime": "2025-04-28T08:55:58.758674Z"
  },
  "geometry": {
    "type": "Polygon",
    "coordinates": [
      [
        [
          8.524357620313562,
          47.334699520898226
        ],
        [
          8.524366992562,
          47.33515998816434
        ],
        [
          8.523689641840743,
          47.33516635754428
        ],
        [
          8.52368027544265,
          47.334705890223695
        ],
        [
          8.524357620313562,
          47.334699520898226
        ]
      ]
    ]
  },
  "links": [
    {
      "rel": "source",
      "href": "../05c663ad-6693-46d8-a0ad-4ea7a075a0f8/05c663ad-6693-46d8-a0ad-4ea7a075a0f8.json",
      "type": "application/json"
    },
    {
      "rel": "root",
      "href": "../../catalog.json",
      "type": "application/json"
    },
    {
      "rel": "collection",
      "href": "../collection.json",
      "type": "application/json"
    },
    {
      "rel": "parent",
      "href": "../collection.json",
      "type": "application/json"
    }
  ],
  "assets": {
    "labels": {
      "href": "./labels.geojson",
      "type": "application/geo+json"
    }
  },
  "bbox": [
    8.52368027544265,
    47.334699520898226,
    8.524366992562,
    47.33516635754428
  ],
  "stac_extensions": [
    "https://stac-extensions.github.io/label/v1.0.1/schema.json"
  ],
  "collection": "cf331c52-77f5-44f0-970c-c542c3345612"
}