{
  "type": "Collection",
  "id": "67aee7ac-15f2-49d3-835a-39da33953ee4",
  "stac_version": "1.0.0",
  "description": "{E7F744D4-9CDE-4306-8D69-4B0C15C5F570}_tile_1",
  "links": [
    {
      "rel": "root",
      "href": "../catalog.json",
      "type": "application/json"
    },
    {
      "rel": "item",
      "href": "./4c70c050-ce85-4207-94ba-60ea4d3c8dd3/4c70c050-ce85-4207-94ba-60ea4d3c8dd3.json",
      "type": "application/json"
    },
    {
      "rel": "item",
      "href": "./ba0e82ed-478c-4fbd-bfbe-c0c81f1c7f0c/ba0e82ed-478c-4fbd-bfbe-c0c81f1c7f0c.json",
      "type": "application/json"
    },
    {
      "rel": "parent",
      "href": "../catalog.json",
      "type": "application/json"
    }
  ],
  "extent": {
    "spatial": {
      "bbox": [
        [
          8.570735163781944,
          47.36415998499302,
          8.571071888835908,
          47.364623649850145
        ]
      ]
    },
    "temporal": {
      "interval": [
        [
          "2025-01-31T23:46:18.561434Z",
          "2025-03-20T09:21:00.283177Z"
        ]
      ]
    }
  },
  "license": "proprietary"
}