{
  "type": "Collection",
  "id": "109b614c-2a0b-42de-a89d-5e806d9ce84f",
  "stac_version": "1.0.0",
  "description": "{227F517C-479F-403E-BAF2-D15422911328}_tile_0",
  "links": [
    {
      "rel": "root",
      "href": "../catalog.json",
      "type": "application/json"
    },
    {
      "rel": "item",
      "href": "./89a77704-775c-4f9e-a676-ce27100dc354/89a77704-775c-4f9e-a676-ce27100dc354.json",
      "type": "application/json"
    },
    {
      "rel": "item",
      "href": "./2861ffd0-2a91-4f94-9b76-73b837d53268/2861ffd0-2a91-4f94-9b76-73b837d53268.json",
      "type": "application/json"
    },
    {
      "rel": "parent",
      "href": "../catalog.json",
      "type": "application/json"
    }
  ],
  "extent": {
    "spatial": {
      "bbox": [
        [
          8.539866556520597,
          47.386021249830016,
          8.540528199796922,
          47.38626133886365
        ]
      ]
    },
    "temporal": {
      "interval": [
        [
          "2025-01-31T23:44:09.454276Z",
          "2025-03-20T09:21:29.418649Z"
        ]
      ]
    }
  },
  "license": "proprietary"
}