{
  "type": "Feature",
  "stac_version": "1.0.0",
  "id": "d1b20753-1262-4de4-adc2-1657cb11909c",
  "properties": {
    "title": "Groundwork campaign labels",
    "description": "Labels created from a Groundwork campaign!",
    "label:description": "Labels for project {4718300E-3C04-4FF1-83AA-C99D247ADC0D}_tile_0",
    "label:type": "vector",
    "label:properties": [
      "default"
    ],
    "label:classes": [
      {
        "classes": [
          "Pavement_distress",
          "Shadows"
        ],
        "name": "default"
      }
    ],
    "label:tasks": [
      "detection"
    ],
    "datetime": "2025-03-20T09:21:14.463500Z"
  },
  "geometry": {
    "type": "Polygon",
    "coordinates": [
      [
        [
          8.511214526257563,
          47.41703123857774
        ],
        [
          8.511221462969086,
          47.41737568181833
        ],
        [
          8.510876963646005,
          47.417378877511716
        ],
        [
          8.51087002916376,
          47.4170344342506
        ],
        [
          8.511214526257563,
          47.41703123857774
        ]
      ]
    ]
  },
  "links": [
    {
      "rel": "source",
      "href": "../d52706b7-dc0c-496a-a90a-bbda028725dd/d52706b7-dc0c-496a-a90a-bbda028725dd.json",
      "type": "application/json"
    },
    {
      "rel": "root",
      "href": "../../catalog.json",
      "type": "application/json"
    },
    {
      "rel": "collection",
      "href": "../collection.json",
      "type": "application/json"
    },
    {
      "rel": "parent",
      "href": "../collection.json",
      "type": "application/json"
    }
  ],
  "assets": {
    "labels": {
      "href": "./labels.geojson",
      "type": "application/geo+json"
    }
  },
  "bbox": [
    8.51087002916376,
    47.41703123857774,
    8.511221462969086,
    47.417378877511716
  ],
  "stac_extensions": [
    "https://stac-extensions.github.io/label/v1.0.1/schema.json"
  ],
  "collection": "3d501892-d914-4511-80d4-7651742866c3"
}