{
  "type": "Collection",
  "id": "798ace1a-b570-49ea-8c22-0295e181c24d",
  "stac_version": "1.0.0",
  "description": "17958_tile_0",
  "links": [
    {
      "rel": "root",
      "href": "../catalog.json",
      "type": "application/json"
    },
    {
      "rel": "item",
      "href": "./673af283-e913-4467-9d3c-03f777794631/673af283-e913-4467-9d3c-03f777794631.json",
      "type": "application/json"
    },
    {
      "rel": "item",
      "href": "./d034c713-4b70-4b33-816e-5fd89d6a0975/d034c713-4b70-4b33-816e-5fd89d6a0975.json",
      "type": "application/json"
    },
    {
      "rel": "parent",
      "href": "../catalog.json",
      "type": "application/json"
    }
  ],
  "extent": {
    "spatial": {
      "bbox": [
        [
          8.52240324283219,
          47.39018009460023,
          8.523090664655856,
          47.390646916083874
        ]
      ]
    },
    "temporal": {
      "interval": [
        [
          "2025-05-07T12:38:18.444514Z",
          "2025-05-07T19:00:59.542527Z"
        ]
      ]
    }
  },
  "license": "proprietary"
}