{
  "type": "Collection",
  "id": "270756d7-c740-4971-9ef6-89e779aa656b",
  "stac_version": "1.0.0",
  "description": "{56E4E87A-8C32-4C58-9C77-0896961E2BA1}_tile_0",
  "links": [
    {
      "rel": "root",
      "href": "../catalog.json",
      "type": "application/json"
    },
    {
      "rel": "item",
      "href": "./9c1f27cc-a956-4737-809d-93c59972bc69/9c1f27cc-a956-4737-809d-93c59972bc69.json",
      "type": "application/json"
    },
    {
      "rel": "item",
      "href": "./3c8a11cc-90ab-4d61-a7b4-0590e0674b84/3c8a11cc-90ab-4d61-a7b4-0590e0674b84.json",
      "type": "application/json"
    },
    {
      "rel": "parent",
      "href": "../catalog.json",
      "type": "application/json"
    }
  ],
  "extent": {
    "spatial": {
      "bbox": [
        [
          8.58397378236458,
          47.36067070213405,
          8.584653479820195,
          47.36077185552465
        ]
      ]
    },
    "temporal": {
      "interval": [
        [
          "2025-01-31T23:44:53.344852Z",
          "2025-03-20T09:21:19.150910Z"
        ]
      ]
    }
  },
  "license": "proprietary"
}