{
  "type": "Collection",
  "id": "1f835444-8538-4e53-a0c9-6840d4e024e0",
  "stac_version": "1.0.0",
  "description": "{3E244DF0-10AF-4400-BA4B-5C5D4924BBDE}_tile_3",
  "links": [
    {
      "rel": "root",
      "href": "../catalog.json",
      "type": "application/json"
    },
    {
      "rel": "item",
      "href": "./dd11666b-5f08-4896-a92a-ef97375a78a4/dd11666b-5f08-4896-a92a-ef97375a78a4.json",
      "type": "application/json"
    },
    {
      "rel": "item",
      "href": "./8aadbfe9-64bf-4d9d-92d2-b2a4ba53439e/8aadbfe9-64bf-4d9d-92d2-b2a4ba53439e.json",
      "type": "application/json"
    },
    {
      "rel": "parent",
      "href": "../catalog.json",
      "type": "application/json"
    }
  ],
  "extent": {
    "spatial": {
      "bbox": [
        [
          8.54962999582148,
          47.369417571096626,
          8.549776283784372,
          47.3695781290409
        ]
      ]
    },
    "temporal": {
      "interval": [
        [
          "2025-01-31T23:45:54.697741Z",
          "2025-03-20T09:21:05.732549Z"
        ]
      ]
    }
  },
  "license": "proprietary"
}