{
  "type": "Collection",
  "id": "ab0f2d10-7b9c-41d9-be58-1d187bc41613",
  "stac_version": "1.0.0",
  "description": "{37715F8B-2589-479C-896B-9F7D58550F75}_tile_1",
  "links": [
    {
      "rel": "root",
      "href": "../catalog.json",
      "type": "application/json"
    },
    {
      "rel": "item",
      "href": "./88b86344-0d77-4016-a960-8f0a2583259f/88b86344-0d77-4016-a960-8f0a2583259f.json",
      "type": "application/json"
    },
    {
      "rel": "item",
      "href": "./7a660388-23d6-4b5c-9655-ee428c05520d/7a660388-23d6-4b5c-9655-ee428c05520d.json",
      "type": "application/json"
    },
    {
      "rel": "parent",
      "href": "../catalog.json",
      "type": "application/json"
    }
  ],
  "extent": {
    "spatial": {
      "bbox": [
        [
          8.523687924557104,
          47.39056291390068,
          8.524374244467904,
          47.39097488333211
        ]
      ]
    },
    "temporal": {
      "interval": [
        [
          "2025-01-31T23:44:07.405754Z",
          "2025-03-20T09:21:29.823865Z"
        ]
      ]
    }
  },
  "license": "proprietary"
}