{
  "type": "Collection",
  "id": "465933c7-f70b-4195-af11-27685e722ace",
  "stac_version": "1.0.0",
  "description": "15082_tile_0",
  "links": [
    {
      "rel": "root",
      "href": "../catalog.json",
      "type": "application/json"
    },
    {
      "rel": "item",
      "href": "./959355e4-af94-4a38-97e7-fb26b0aee2ee/959355e4-af94-4a38-97e7-fb26b0aee2ee.json",
      "type": "application/json"
    },
    {
      "rel": "item",
      "href": "./4570c289-f755-41db-8105-7a6301ff64cb/4570c289-f755-41db-8105-7a6301ff64cb.json",
      "type": "application/json"
    },
    {
      "rel": "parent",
      "href": "../catalog.json",
      "type": "application/json"
    }
  ],
  "extent": {
    "spatial": {
      "bbox": [
        [
          8.58428621746695,
          47.38204834516856,
          8.58497406173421,
          47.38251552603794
        ]
      ]
    },
    "temporal": {
      "interval": [
        [
          "2025-04-02T11:48:57.813442Z",
          "2025-04-28T08:56:13.198939Z"
        ]
      ]
    }
  },
  "license": "proprietary"
}