{
  "type": "Feature",
  "stac_version": "1.0.0",
  "id": "78797ea0-a818-432d-8e6d-fd78802d6f8b",
  "properties": {
    "title": "Groundwork campaign labels",
    "description": "Labels created from a Groundwork campaign!",
    "label:description": "Labels for project 17840_tile_0",
    "label:type": "vector",
    "label:properties": [
      "default"
    ],
    "label:classes": [
      {
        "classes": [
          "Pavement Distress",
          "Non-Pavement Distress"
        ],
        "name": "default"
      }
    ],
    "label:tasks": [
      "detection"
    ],
    "datetime": "2025-04-28T08:55:55.943936Z"
  },
  "geometry": {
    "type": "Polygon",
    "coordinates": [
      [
        [
          8.548435342273915,
          47.399610883120815
        ],
        [
          8.54844493427551,
          47.40007133934266
        ],
        [
          8.547766760588441,
          47.40007785004201
        ],
        [
          8.547757174451387,
          47.399617393764466
        ],
        [
          8.548435342273915,
          47.399610883120815
        ]
      ]
    ]
  },
  "links": [
    {
      "rel": "source",
      "href": "../15f7e7e3-ae3e-4abd-be91-a466aef5b796/15f7e7e3-ae3e-4abd-be91-a466aef5b796.json",
      "type": "application/json"
    },
    {
      "rel": "root",
      "href": "../../catalog.json",
      "type": "application/json"
    },
    {
      "rel": "collection",
      "href": "../collection.json",
      "type": "application/json"
    },
    {
      "rel": "parent",
      "href": "../collection.json",
      "type": "application/json"
    }
  ],
  "assets": {
    "labels": {
      "href": "./labels.geojson",
      "type": "application/geo+json"
    }
  },
  "bbox": [
    8.547757174451387,
    47.399610883120815,
    8.54844493427551,
    47.40007785004201
  ],
  "stac_extensions": [
    "https://stac-extensions.github.io/label/v1.0.1/schema.json"
  ],
  "collection": "d5eac4e2-6c16-4bad-8986-8ded9b962ab8"
}