{
  "type": "Feature",
  "stac_version": "1.0.0",
  "id": "93acfb0a-9b5d-4ec5-91fe-1f03a45f258c",
  "properties": {
    "title": "Groundwork campaign labels",
    "description": "Labels created from a Groundwork campaign!",
    "label:description": "Labels for project {95A595D5-DA48-41E4-8159-46608BB4C6EF}_tile_1",
    "label:type": "vector",
    "label:properties": [
      "default"
    ],
    "label:classes": [
      {
        "classes": [
          "Pavement_distress",
          "Shadows"
        ],
        "name": "default"
      }
    ],
    "label:tasks": [
      "detection"
    ],
    "datetime": "2025-03-20T09:20:53.574107Z"
  },
  "geometry": {
    "type": "Polygon",
    "coordinates": [
      [
        [
          8.534269676314649,
          47.4040169035057
        ],
        [
          8.534279146580856,
          47.404477360268295
        ],
        [
          8.534255302505624,
          47.40447758630273
        ],
        [
          8.534245832445633,
          47.404017129538246
        ],
        [
          8.534269676314649,
          47.4040169035057
        ]
      ]
    ]
  },
  "links": [
    {
      "rel": "source",
      "href": "../2438eddb-f7b2-4649-bae8-c13b41e74051/2438eddb-f7b2-4649-bae8-c13b41e74051.json",
      "type": "application/json"
    },
    {
      "rel": "root",
      "href": "../../catalog.json",
      "type": "application/json"
    },
    {
      "rel": "collection",
      "href": "../collection.json",
      "type": "application/json"
    },
    {
      "rel": "parent",
      "href": "../collection.json",
      "type": "application/json"
    }
  ],
  "assets": {
    "labels": {
      "href": "./labels.geojson",
      "type": "application/geo+json"
    }
  },
  "bbox": [
    8.534245832445633,
    47.4040169035057,
    8.534279146580856,
    47.40447758630273
  ],
  "stac_extensions": [
    "https://stac-extensions.github.io/label/v1.0.1/schema.json"
  ],
  "collection": "ba0d57c0-3097-4693-beeb-371b4608b76b"
}