{
  "type": "Collection",
  "id": "8aa5c157-e3c8-4399-8d98-b65f44db7cb4",
  "stac_version": "1.0.0",
  "description": "1777_tile_0",
  "links": [
    {
      "rel": "root",
      "href": "../catalog.json",
      "type": "application/json"
    },
    {
      "rel": "item",
      "href": "./edf5b29b-55cc-45a6-839e-7f923e823165/edf5b29b-55cc-45a6-839e-7f923e823165.json",
      "type": "application/json"
    },
    {
      "rel": "item",
      "href": "./c5a558d1-2444-4be3-93a5-f4a84842a2b0/c5a558d1-2444-4be3-93a5-f4a84842a2b0.json",
      "type": "application/json"
    },
    {
      "rel": "parent",
      "href": "../catalog.json",
      "type": "application/json"
    }
  ],
  "extent": {
    "spatial": {
      "bbox": [
        [
          8.537705673004906,
          47.405446720492236,
          8.538393422520718,
          47.40591362837083
        ]
      ]
    },
    "temporal": {
      "interval": [
        [
          "2025-04-02T11:44:19.160696Z",
          "2025-04-28T08:57:24.897757Z"
        ]
      ]
    }
  },
  "license": "proprietary"
}