{
  "type": "Feature",
  "stac_version": "1.0.0",
  "id": "788f2f6c-cae0-418e-8b90-bfc53099d0c8",
  "properties": {
    "title": "Groundwork campaign labels",
    "description": "Labels created from a Groundwork campaign!",
    "label:description": "Labels for project 11072_tile_2",
    "label:type": "vector",
    "label:properties": [
      "default"
    ],
    "label:classes": [
      {
        "classes": [
          "Pavement Distress",
          "Non-Pavement Distress"
        ],
        "name": "default"
      }
    ],
    "label:tasks": [
      "detection"
    ],
    "datetime": "2025-04-28T08:56:32.382595Z"
  },
  "geometry": {
    "type": "Polygon",
    "coordinates": [
      [
        [
          8.532510008862445,
          47.367810311980094
        ],
        [
          8.53251945744059,
          47.368270774032794
        ],
        [
          8.53184168667418,
          47.36827719124798
        ],
        [
          8.531832243953637,
          47.36781672914036
        ],
        [
          8.532510008862445,
          47.367810311980094
        ]
      ]
    ]
  },
  "links": [
    {
      "rel": "source",
      "href": "../6053e70e-bd58-4394-a897-a1c43fc96834/6053e70e-bd58-4394-a897-a1c43fc96834.json",
      "type": "application/json"
    },
    {
      "rel": "root",
      "href": "../../catalog.json",
      "type": "application/json"
    },
    {
      "rel": "collection",
      "href": "../collection.json",
      "type": "application/json"
    },
    {
      "rel": "parent",
      "href": "../collection.json",
      "type": "application/json"
    }
  ],
  "assets": {
    "labels": {
      "href": "./labels.geojson",
      "type": "application/geo+json"
    }
  },
  "bbox": [
    8.531832243953637,
    47.367810311980094,
    8.53251945744059,
    47.36827719124798
  ],
  "stac_extensions": [
    "https://stac-extensions.github.io/label/v1.0.1/schema.json"
  ],
  "collection": "c8d45034-f765-4ae4-a721-fbe2a4462197"
}