{
  "type": "Feature",
  "stac_version": "1.0.0",
  "id": "3564c9f1-e9b6-43b2-9190-1cf69935a34f",
  "properties": {
    "title": "Groundwork campaign labels",
    "description": "Labels created from a Groundwork campaign!",
    "label:description": "Labels for project {11A0A188-9414-4D86-804C-27FB12CD8ACD}_tile_0",
    "label:type": "vector",
    "label:properties": [
      "default"
    ],
    "label:classes": [
      {
        "classes": [
          "Pavement_distress",
          "Shadows"
        ],
        "name": "default"
      }
    ],
    "label:tasks": [
      "detection"
    ],
    "datetime": "2025-03-20T09:21:24.110143Z"
  },
  "geometry": {
    "type": "Polygon",
    "coordinates": [
      [
        [
          8.518929720409064,
          47.391141877453904
        ],
        [
          8.51893905571,
          47.39160233732405
        ],
        [
          8.518619886345178,
          47.3916053208693
        ],
        [
          8.518610553803889,
          47.39114486097367
        ],
        [
          8.518929720409064,
          47.391141877453904
        ]
      ]
    ]
  },
  "links": [
    {
      "rel": "source",
      "href": "../d8d49678-585f-4e1d-a4d5-27aef575f6e5/d8d49678-585f-4e1d-a4d5-27aef575f6e5.json",
      "type": "application/json"
    },
    {
      "rel": "root",
      "href": "../../catalog.json",
      "type": "application/json"
    },
    {
      "rel": "collection",
      "href": "../collection.json",
      "type": "application/json"
    },
    {
      "rel": "parent",
      "href": "../collection.json",
      "type": "application/json"
    }
  ],
  "assets": {
    "labels": {
      "href": "./labels.geojson",
      "type": "application/geo+json"
    }
  },
  "bbox": [
    8.518610553803889,
    47.391141877453904,
    8.51893905571,
    47.3916053208693
  ],
  "stac_extensions": [
    "https://stac-extensions.github.io/label/v1.0.1/schema.json"
  ],
  "collection": "ed92e742-8a18-4127-8ec6-4a80ee55891b"
}