{
  "type": "Collection",
  "id": "f5bac02d-6147-4f1b-9638-3c6f136b8867",
  "stac_version": "1.0.0",
  "description": "10958_tile_0",
  "links": [
    {
      "rel": "root",
      "href": "../catalog.json",
      "type": "application/json"
    },
    {
      "rel": "item",
      "href": "./6cefb1c7-1881-46e2-a513-07300d55752d/6cefb1c7-1881-46e2-a513-07300d55752d.json",
      "type": "application/json"
    },
    {
      "rel": "item",
      "href": "./f81e110c-10cf-45b2-8de8-07a0bf9aab05/f81e110c-10cf-45b2-8de8-07a0bf9aab05.json",
      "type": "application/json"
    },
    {
      "rel": "parent",
      "href": "../catalog.json",
      "type": "application/json"
    }
  ],
  "extent": {
    "spatial": {
      "bbox": [
        [
          8.538039648835838,
          47.40108543640176,
          8.538727344849814,
          47.40155234684955
        ]
      ]
    },
    "temporal": {
      "interval": [
        [
          "2025-04-02T11:47:14.125539Z",
          "2025-04-28T08:56:33.352774Z"
        ]
      ]
    }
  },
  "license": "proprietary"
}