{
  "type": "Feature",
  "stac_version": "1.0.0",
  "id": "2fa3b061-e742-49f0-b85c-736432f0647b",
  "properties": {
    "title": "Groundwork campaign labels",
    "description": "Labels created from a Groundwork campaign!",
    "label:description": "Labels for project 16353_tile_0",
    "label:type": "vector",
    "label:properties": [
      "default"
    ],
    "label:classes": [
      {
        "classes": [
          "Pavement_distress",
          "non_pavement_distress"
        ],
        "name": "default"
      }
    ],
    "label:tasks": [
      "detection"
    ],
    "datetime": "2025-05-07T19:01:09.515686Z"
  },
  "geometry": {
    "type": "Polygon",
    "coordinates": [
      [
        [
          8.51971427086671,
          47.42889739110459
        ],
        [
          8.51972361962554,
          47.42935784541929
        ],
        [
          8.519045069156553,
          47.42936418741188
        ],
        [
          8.519035726268893,
          47.428903733042794
        ],
        [
          8.51971427086671,
          47.42889739110459
        ]
      ]
    ]
  },
  "links": [
    {
      "rel": "source",
      "href": "../ee4b6bbf-63e0-4a7b-83ec-99010a23a1b4/ee4b6bbf-63e0-4a7b-83ec-99010a23a1b4.json",
      "type": "application/json"
    },
    {
      "rel": "root",
      "href": "../../catalog.json",
      "type": "application/json"
    },
    {
      "rel": "collection",
      "href": "../collection.json",
      "type": "application/json"
    },
    {
      "rel": "parent",
      "href": "../collection.json",
      "type": "application/json"
    }
  ],
  "assets": {
    "labels": {
      "href": "./labels.geojson",
      "type": "application/geo+json"
    }
  },
  "bbox": [
    8.519035726268893,
    47.42889739110459,
    8.51972361962554,
    47.42936418741188
  ],
  "stac_extensions": [
    "https://stac-extensions.github.io/label/v1.0.1/schema.json"
  ],
  "collection": "a5fe17ad-e08b-481e-a781-5e87e436a090"
}