{
  "type": "Collection",
  "id": "80bdb116-2409-4e37-a088-a3585f134673",
  "stac_version": "1.0.0",
  "description": "{8185D292-05DB-40A6-8CAB-68CF8FD4EA89}_tile_0",
  "links": [
    {
      "rel": "root",
      "href": "../catalog.json",
      "type": "application/json"
    },
    {
      "rel": "item",
      "href": "./03ba73e7-3a79-4cc2-bc0e-536251cf91f5/03ba73e7-3a79-4cc2-bc0e-536251cf91f5.json",
      "type": "application/json"
    },
    {
      "rel": "item",
      "href": "./1666ade2-a229-4266-9c1f-23d67edd98d8/1666ade2-a229-4266-9c1f-23d67edd98d8.json",
      "type": "application/json"
    },
    {
      "rel": "parent",
      "href": "../catalog.json",
      "type": "application/json"
    }
  ],
  "extent": {
    "spatial": {
      "bbox": [
        [
          8.475790685344116,
          47.38304854017927,
          8.476197383316272,
          47.38333363745588
        ]
      ]
    },
    "temporal": {
      "interval": [
        [
          "2025-01-31T23:45:06.754955Z",
          "2025-03-20T09:21:16.245627Z"
        ]
      ]
    }
  },
  "license": "proprietary"
}