{
  "type": "Collection",
  "id": "815c5b91-4c92-4fab-8aa6-9d02b0c76401",
  "stac_version": "1.0.0",
  "description": "3686_tile_1",
  "links": [
    {
      "rel": "root",
      "href": "../catalog.json",
      "type": "application/json"
    },
    {
      "rel": "item",
      "href": "./c87ca758-ac35-499d-bb91-bcc5d5d42d4d/c87ca758-ac35-499d-bb91-bcc5d5d42d4d.json",
      "type": "application/json"
    },
    {
      "rel": "item",
      "href": "./0a62b4d7-206d-4170-8abb-9f1481c6e1a8/0a62b4d7-206d-4170-8abb-9f1481c6e1a8.json",
      "type": "application/json"
    },
    {
      "rel": "parent",
      "href": "../catalog.json",
      "type": "application/json"
    }
  ],
  "extent": {
    "spatial": {
      "bbox": [
        [
          8.547430401748171,
          47.39823237559265,
          8.54811814097597,
          47.39869934082217
        ]
      ]
    },
    "temporal": {
      "interval": [
        [
          "2025-04-02T11:44:49.386738Z",
          "2025-04-28T08:57:15.571281Z"
        ]
      ]
    }
  },
  "license": "proprietary"
}