{
  "type": "Feature",
  "stac_version": "1.0.0",
  "id": "c3af2acd-453b-4db5-b7fe-03db351e2557",
  "properties": {
    "title": "Groundwork campaign labels",
    "description": "Labels created from a Groundwork campaign!",
    "label:description": "Labels for project 15338_tile_0",
    "label:type": "vector",
    "label:properties": [
      "default"
    ],
    "label:classes": [
      {
        "classes": [
          "Pavement Distress",
          "Non-Pavement Distress"
        ],
        "name": "default"
      }
    ],
    "label:tasks": [
      "detection"
    ],
    "datetime": "2025-04-28T08:56:12.346746Z"
  },
  "geometry": {
    "type": "Polygon",
    "coordinates": [
      [
        [
          8.497362191970195,
          47.384114888443676
        ],
        [
          8.497371339538358,
          47.384575351050955
        ],
        [
          8.496693357060696,
          47.384581561831205
        ],
        [
          8.496684215353907,
          47.384121099170756
        ],
        [
          8.497362191970195,
          47.384114888443676
        ]
      ]
    ]
  },
  "links": [
    {
      "rel": "source",
      "href": "../a5383a84-9780-401d-8f82-0f107cea1256/a5383a84-9780-401d-8f82-0f107cea1256.json",
      "type": "application/json"
    },
    {
      "rel": "root",
      "href": "../../catalog.json",
      "type": "application/json"
    },
    {
      "rel": "collection",
      "href": "../collection.json",
      "type": "application/json"
    },
    {
      "rel": "parent",
      "href": "../collection.json",
      "type": "application/json"
    }
  ],
  "assets": {
    "labels": {
      "href": "./labels.geojson",
      "type": "application/geo+json"
    }
  },
  "bbox": [
    8.496684215353907,
    47.384114888443676,
    8.497371339538358,
    47.384581561831205
  ],
  "stac_extensions": [
    "https://stac-extensions.github.io/label/v1.0.1/schema.json"
  ],
  "collection": "8ccccde1-cf31-4fce-8206-283f5fb647ee"
}