{
  "type": "Feature",
  "stac_version": "1.0.0",
  "id": "442ca89e-b172-45c7-83a0-58b6ada02dc2",
  "properties": {
    "title": "Groundwork campaign labels",
    "description": "Labels created from a Groundwork campaign!",
    "label:description": "Labels for project 14387_tile_0",
    "label:type": "vector",
    "label:properties": [
      "default"
    ],
    "label:classes": [
      {
        "classes": [
          "Pavement_distress",
          "non_pavement_distress"
        ],
        "name": "default"
      }
    ],
    "label:tasks": [
      "detection"
    ],
    "datetime": "2025-05-07T19:01:22.344128Z"
  },
  "geometry": {
    "type": "Polygon",
    "coordinates": [
      [
        [
          8.506563521002612,
          47.40390743223975
        ],
        [
          8.506572751586909,
          47.40436789127597
        ],
        [
          8.505894518105535,
          47.404374156069025
        ],
        [
          8.505885293386942,
          47.403913696979174
        ],
        [
          8.506563521002612,
          47.40390743223975
        ]
      ]
    ]
  },
  "links": [
    {
      "rel": "source",
      "href": "../96c4fdd8-a6eb-40d8-bd57-8d09281b3d31/96c4fdd8-a6eb-40d8-bd57-8d09281b3d31.json",
      "type": "application/json"
    },
    {
      "rel": "root",
      "href": "../../catalog.json",
      "type": "application/json"
    },
    {
      "rel": "collection",
      "href": "../collection.json",
      "type": "application/json"
    },
    {
      "rel": "parent",
      "href": "../collection.json",
      "type": "application/json"
    }
  ],
  "assets": {
    "labels": {
      "href": "./labels.geojson",
      "type": "application/geo+json"
    }
  },
  "bbox": [
    8.505885293386942,
    47.40390743223975,
    8.506572751586909,
    47.404374156069025
  ],
  "stac_extensions": [
    "https://stac-extensions.github.io/label/v1.0.1/schema.json"
  ],
  "collection": "b100bce1-f031-48a3-b13d-a7571ae0db5e"
}