{
  "type": "Collection",
  "id": "32e0b15f-9da2-4c81-8592-2f40e64252b8",
  "stac_version": "1.0.0",
  "description": "12691_tile_0",
  "links": [
    {
      "rel": "root",
      "href": "../catalog.json",
      "type": "application/json"
    },
    {
      "rel": "item",
      "href": "./1c4d40aa-fc53-4003-8523-c82ed37526e2/1c4d40aa-fc53-4003-8523-c82ed37526e2.json",
      "type": "application/json"
    },
    {
      "rel": "item",
      "href": "./b5854124-7422-4b14-94a9-d5f37d289ade/b5854124-7422-4b14-94a9-d5f37d289ade.json",
      "type": "application/json"
    },
    {
      "rel": "parent",
      "href": "../catalog.json",
      "type": "application/json"
    }
  ],
  "extent": {
    "spatial": {
      "bbox": [
        [
          8.527036474054682,
          47.40619179108727,
          8.527724142199283,
          47.40665863707978
        ]
      ]
    },
    "temporal": {
      "interval": [
        [
          "2025-04-02T11:47:47.453688Z",
          "2025-04-28T08:56:23.667696Z"
        ]
      ]
    }
  },
  "license": "proprietary"
}