{
  "type": "Feature",
  "stac_version": "1.0.0",
  "id": "9179ac1c-43cb-42e2-8ef5-e54f5ca3c5d5",
  "properties": {
    "title": "Groundwork campaign labels",
    "description": "Labels created from a Groundwork campaign!",
    "label:description": "Labels for project {E87A1D1A-272C-4572-B9F9-DB180B4223AA}_tile_1",
    "label:type": "vector",
    "label:properties": [
      "default"
    ],
    "label:classes": [
      {
        "classes": [
          "Pavement_distress",
          "Shadows"
        ],
        "name": "default"
      }
    ],
    "label:tasks": [
      "detection"
    ],
    "datetime": "2025-03-20T09:20:59.346884Z"
  },
  "geometry": {
    "type": "Polygon",
    "coordinates": [
      [
        [
          8.557203096419673,
          47.362515801361454
        ],
        [
          8.557212757483223,
          47.36297626209471
        ],
        [
          8.556936118089542,
          47.36297894130118
        ],
        [
          8.55692645941655,
          47.36251848054503
        ],
        [
          8.557203096419673,
          47.362515801361454
        ]
      ]
    ]
  },
  "links": [
    {
      "rel": "source",
      "href": "../e6156dea-67cb-4f48-8ea1-e94697cfb760/e6156dea-67cb-4f48-8ea1-e94697cfb760.json",
      "type": "application/json"
    },
    {
      "rel": "root",
      "href": "../../catalog.json",
      "type": "application/json"
    },
    {
      "rel": "collection",
      "href": "../collection.json",
      "type": "application/json"
    },
    {
      "rel": "parent",
      "href": "../collection.json",
      "type": "application/json"
    }
  ],
  "assets": {
    "labels": {
      "href": "./labels.geojson",
      "type": "application/geo+json"
    }
  },
  "bbox": [
    8.55692645941655,
    47.362515801361454,
    8.557212757483223,
    47.36297894130118
  ],
  "stac_extensions": [
    "https://stac-extensions.github.io/label/v1.0.1/schema.json"
  ],
  "collection": "0752dbdb-62ec-47eb-95e4-e65c00348394"
}