{
  "type": "Collection",
  "id": "3627df1c-043d-494d-838d-fff6078c68d4",
  "stac_version": "1.0.0",
  "description": "15564_tile_1",
  "links": [
    {
      "rel": "root",
      "href": "../catalog.json",
      "type": "application/json"
    },
    {
      "rel": "item",
      "href": "./a547158d-2b25-4ced-83d3-e2ecf6aa9124/a547158d-2b25-4ced-83d3-e2ecf6aa9124.json",
      "type": "application/json"
    },
    {
      "rel": "item",
      "href": "./c13011d5-fe2d-4c02-93d9-805eec59cf95/c13011d5-fe2d-4c02-93d9-805eec59cf95.json",
      "type": "application/json"
    },
    {
      "rel": "parent",
      "href": "../catalog.json",
      "type": "application/json"
    }
  ],
  "extent": {
    "spatial": {
      "bbox": [
        [
          8.467705549899256,
          47.39897025839846,
          8.468392618544383,
          47.39943676174035
        ]
      ]
    },
    "temporal": {
      "interval": [
        [
          "2025-04-02T11:49:07.715075Z",
          "2025-04-28T08:56:11.537186Z"
        ]
      ]
    }
  },
  "license": "proprietary"
}