{
  "type": "Feature",
  "stac_version": "1.0.0",
  "id": "901604d4-7715-43ef-9920-a4e49393db8b",
  "properties": {
    "title": "Groundwork campaign labels",
    "description": "Labels created from a Groundwork campaign!",
    "label:description": "Labels for project {DFCCE886-372C-4FB8-A6AF-ED9303DF1DE6}_tile_3",
    "label:type": "vector",
    "label:properties": [
      "default"
    ],
    "label:classes": [
      {
        "classes": [
          "Pavement_distress",
          "Shadows"
        ],
        "name": "default"
      }
    ],
    "label:tasks": [
      "detection"
    ],
    "datetime": "2025-03-20T09:21:02.327881Z"
  },
  "geometry": {
    "type": "Polygon",
    "coordinates": [
      [
        [
          8.54261414660377,
          47.387528660660706
        ],
        [
          8.542623686076857,
          47.38798911909782
        ],
        [
          8.542243623813217,
          47.38799274998624
        ],
        [
          8.542234087625994,
          47.387532291518006
        ],
        [
          8.54261414660377,
          47.387528660660706
        ]
      ]
    ]
  },
  "links": [
    {
      "rel": "source",
      "href": "../a55ba13a-32ae-4290-bcee-a035eb24fb65/a55ba13a-32ae-4290-bcee-a035eb24fb65.json",
      "type": "application/json"
    },
    {
      "rel": "root",
      "href": "../../catalog.json",
      "type": "application/json"
    },
    {
      "rel": "collection",
      "href": "../collection.json",
      "type": "application/json"
    },
    {
      "rel": "parent",
      "href": "../collection.json",
      "type": "application/json"
    }
  ],
  "assets": {
    "labels": {
      "href": "./labels.geojson",
      "type": "application/geo+json"
    }
  },
  "bbox": [
    8.542234087625994,
    47.387528660660706,
    8.542623686076857,
    47.38799274998624
  ],
  "stac_extensions": [
    "https://stac-extensions.github.io/label/v1.0.1/schema.json"
  ],
  "collection": "cbb93fae-702c-4054-a22b-05fdb4aae37b"
}