{
  "type": "Collection",
  "id": "0441899c-c80f-4147-806b-eecbb60c1c2f",
  "stac_version": "1.0.0",
  "description": "6092_tile_0",
  "links": [
    {
      "rel": "root",
      "href": "../catalog.json",
      "type": "application/json"
    },
    {
      "rel": "item",
      "href": "./21addcf4-dcb0-4e90-8c7d-5f1a6f79d4f7/21addcf4-dcb0-4e90-8c7d-5f1a6f79d4f7.json",
      "type": "application/json"
    },
    {
      "rel": "item",
      "href": "./cdcba9f6-ccdf-45ab-90a0-54900e6723ef/cdcba9f6-ccdf-45ab-90a0-54900e6723ef.json",
      "type": "application/json"
    },
    {
      "rel": "parent",
      "href": "../catalog.json",
      "type": "application/json"
    }
  ],
  "extent": {
    "spatial": {
      "bbox": [
        [
          8.5040984217991,
          47.36179645646579,
          8.504785321309596,
          47.362263175958304
        ]
      ]
    },
    "temporal": {
      "interval": [
        [
          "2025-04-02T11:45:38.289608Z",
          "2025-04-28T08:57:01.122151Z"
        ]
      ]
    }
  },
  "license": "proprietary"
}