{
  "type": "Collection",
  "id": "774f8ae3-5b36-410f-a550-10881f4926ca",
  "stac_version": "1.0.0",
  "description": "{B2CEEC40-CB51-4240-96F2-655F1CCA4330}_tile_0",
  "links": [
    {
      "rel": "root",
      "href": "../catalog.json",
      "type": "application/json"
    },
    {
      "rel": "item",
      "href": "./dd8b0b3e-9a4e-49f2-b563-2684a6657426/dd8b0b3e-9a4e-49f2-b563-2684a6657426.json",
      "type": "application/json"
    },
    {
      "rel": "item",
      "href": "./df099fe5-fcd8-4503-bf3a-467f28b33052/df099fe5-fcd8-4503-bf3a-467f28b33052.json",
      "type": "application/json"
    },
    {
      "rel": "parent",
      "href": "../catalog.json",
      "type": "application/json"
    }
  ],
  "extent": {
    "spatial": {
      "bbox": [
        [
          8.500095582228848,
          47.40331584185829,
          8.500776994595988,
          47.40348215427633
        ]
      ]
    },
    "temporal": {
      "interval": [
        [
          "2025-01-31T23:45:08.266018Z",
          "2025-03-20T09:21:15.951405Z"
        ]
      ]
    }
  },
  "license": "proprietary"
}