{
  "type": "Collection",
  "id": "9422e56a-e502-40bd-a720-5b08055046dc",
  "stac_version": "1.0.0",
  "description": "9901_tile_0",
  "links": [
    {
      "rel": "root",
      "href": "../catalog.json",
      "type": "application/json"
    },
    {
      "rel": "item",
      "href": "./ee03b6f0-524f-4380-a0c8-fee98e8c3765/ee03b6f0-524f-4380-a0c8-fee98e8c3765.json",
      "type": "application/json"
    },
    {
      "rel": "item",
      "href": "./d638554d-e81f-4a6c-9d0e-872d41cc039a/d638554d-e81f-4a6c-9d0e-872d41cc039a.json",
      "type": "application/json"
    },
    {
      "rel": "parent",
      "href": "../catalog.json",
      "type": "application/json"
    }
  ],
  "extent": {
    "spatial": {
      "bbox": [
        [
          8.527337577509588,
          47.40763445499431,
          8.528025266862631,
          47.40810130251944
        ]
      ]
    },
    "temporal": {
      "interval": [
        [
          "2025-05-06T07:10:57.006253Z",
          "2025-05-07T19:01:53.997513Z"
        ]
      ]
    }
  },
  "license": "proprietary"
}