{
  "type": "Feature",
  "stac_version": "1.0.0",
  "id": "fd11c2cb-9147-4caa-af67-fbb8adfd0f4c",
  "properties": {
    "title": "Groundwork campaign labels",
    "description": "Labels created from a Groundwork campaign!",
    "label:description": "Labels for project 2580_tile_0",
    "label:type": "vector",
    "label:properties": [
      "default"
    ],
    "label:classes": [
      {
        "classes": [
          "Pavement_distress",
          "non_pavement_distress"
        ],
        "name": "default"
      }
    ],
    "label:tasks": [
      "detection"
    ],
    "datetime": "2025-05-07T19:02:35.036991Z"
  },
  "geometry": {
    "type": "Polygon",
    "coordinates": [
      [
        [
          8.58772674128993,
          47.40698157983246
        ],
        [
          8.587736674519101,
          47.40744203164547
        ],
        [
          8.587058411845325,
          47.40744877307887
        ],
        [
          8.587048484482114,
          47.40698832120808
        ],
        [
          8.58772674128993,
          47.40698157983246
        ]
      ]
    ]
  },
  "links": [
    {
      "rel": "source",
      "href": "../4a440122-5c36-46b2-b8ee-bd4be4d8a27f/4a440122-5c36-46b2-b8ee-bd4be4d8a27f.json",
      "type": "application/json"
    },
    {
      "rel": "root",
      "href": "../../catalog.json",
      "type": "application/json"
    },
    {
      "rel": "collection",
      "href": "../collection.json",
      "type": "application/json"
    },
    {
      "rel": "parent",
      "href": "../collection.json",
      "type": "application/json"
    }
  ],
  "assets": {
    "labels": {
      "href": "./labels.geojson",
      "type": "application/geo+json"
    }
  },
  "bbox": [
    8.587048484482114,
    47.40698157983246,
    8.587736674519101,
    47.40744877307887
  ],
  "stac_extensions": [
    "https://stac-extensions.github.io/label/v1.0.1/schema.json"
  ],
  "collection": "3707d36e-78a1-4030-a5d3-4938a23367e1"
}