{
  "type": "Feature",
  "stac_version": "1.0.0",
  "id": "1caea14a-e04d-458d-b513-0c8ee4439f95",
  "properties": {
    "title": "Groundwork campaign labels",
    "description": "Labels created from a Groundwork campaign!",
    "label:description": "Labels for project 12654_tile_1",
    "label:type": "vector",
    "label:properties": [
      "default"
    ],
    "label:classes": [
      {
        "classes": [
          "Pavement_distress",
          "non_pavement_distress"
        ],
        "name": "default"
      }
    ],
    "label:tasks": [
      "detection"
    ],
    "datetime": "2025-05-07T19:01:34.028031Z"
  },
  "geometry": {
    "type": "Polygon",
    "coordinates": [
      [
        [
          8.515767182095084,
          47.36679470534448
        ],
        [
          8.515776485765889,
          47.36725516890715
        ],
        [
          8.51509872590875,
          47.367261487797215
        ],
        [
          8.5150894280954,
          47.366801024180496
        ],
        [
          8.515767182095084,
          47.36679470534448
        ]
      ]
    ]
  },
  "links": [
    {
      "rel": "source",
      "href": "../353a8024-8237-4125-af74-44b84122439b/353a8024-8237-4125-af74-44b84122439b.json",
      "type": "application/json"
    },
    {
      "rel": "root",
      "href": "../../catalog.json",
      "type": "application/json"
    },
    {
      "rel": "collection",
      "href": "../collection.json",
      "type": "application/json"
    },
    {
      "rel": "parent",
      "href": "../collection.json",
      "type": "application/json"
    }
  ],
  "assets": {
    "labels": {
      "href": "./labels.geojson",
      "type": "application/geo+json"
    }
  },
  "bbox": [
    8.5150894280954,
    47.36679470534448,
    8.515776485765889,
    47.367261487797215
  ],
  "stac_extensions": [
    "https://stac-extensions.github.io/label/v1.0.1/schema.json"
  ],
  "collection": "1c90e866-47b7-49f6-88fa-d913cdb73cce"
}