{
  "type": "Collection",
  "id": "aca22efe-d3f6-4a2d-b4e8-daa5668183c1",
  "stac_version": "1.0.0",
  "description": "{55950D84-412A-4820-A2BA-FA57717BDCD6}_tile_0",
  "links": [
    {
      "rel": "root",
      "href": "../catalog.json",
      "type": "application/json"
    },
    {
      "rel": "item",
      "href": "./e62cd0d2-dd88-4056-8e7b-383c4a70fc38/e62cd0d2-dd88-4056-8e7b-383c4a70fc38.json",
      "type": "application/json"
    },
    {
      "rel": "item",
      "href": "./ee4a3c31-a401-4b07-b579-31584a1f7c4c/ee4a3c31-a401-4b07-b579-31584a1f7c4c.json",
      "type": "application/json"
    },
    {
      "rel": "parent",
      "href": "../catalog.json",
      "type": "application/json"
    }
  ],
  "extent": {
    "spatial": {
      "bbox": [
        [
          8.547889549336324,
          47.40317434458259,
          8.548011018972975,
          47.4033472477516
        ]
      ]
    },
    "temporal": {
      "interval": [
        [
          "2025-01-31T23:46:05.860225Z",
          "2025-03-20T09:21:03.168409Z"
        ]
      ]
    }
  },
  "license": "proprietary"
}