{
  "type": "Collection",
  "id": "9d5d2586-8008-460f-bef7-ff58510ade64",
  "stac_version": "1.0.0",
  "description": "13466_tile_2",
  "links": [
    {
      "rel": "root",
      "href": "../catalog.json",
      "type": "application/json"
    },
    {
      "rel": "item",
      "href": "./b433a4ba-9e5e-4cc0-ba40-edded9d52758/b433a4ba-9e5e-4cc0-ba40-edded9d52758.json",
      "type": "application/json"
    },
    {
      "rel": "item",
      "href": "./ebd99b23-63e3-46df-9c69-0e91448bbd3b/ebd99b23-63e3-46df-9c69-0e91448bbd3b.json",
      "type": "application/json"
    },
    {
      "rel": "parent",
      "href": "../catalog.json",
      "type": "application/json"
    }
  ],
  "extent": {
    "spatial": {
      "bbox": [
        [
          8.481996025473117,
          47.38456517547302,
          8.482683030169728,
          47.38503176369833
        ]
      ]
    },
    "temporal": {
      "interval": [
        [
          "2025-05-06T07:12:48.568542Z",
          "2025-05-07T19:01:25.951657Z"
        ]
      ]
    }
  },
  "license": "proprietary"
}