{
  "type": "Collection",
  "id": "d06fdc52-4519-4e2e-b3c3-3a1e2e01a39d",
  "stac_version": "1.0.0",
  "description": "{D6DA3266-B018-4164-8D9A-EF79798029D7}_tile_0",
  "links": [
    {
      "rel": "root",
      "href": "../catalog.json",
      "type": "application/json"
    },
    {
      "rel": "item",
      "href": "./cb6418f3-4bbc-43f6-843d-beb0490b5d62/cb6418f3-4bbc-43f6-843d-beb0490b5d62.json",
      "type": "application/json"
    },
    {
      "rel": "item",
      "href": "./b85b1e50-120e-4da3-9525-538c1fa3a9ba/b85b1e50-120e-4da3-9525-538c1fa3a9ba.json",
      "type": "application/json"
    },
    {
      "rel": "parent",
      "href": "../catalog.json",
      "type": "application/json"
    }
  ],
  "extent": {
    "spatial": {
      "bbox": [
        [
          8.533053020399047,
          47.36646210913692,
          8.533254903184513,
          47.366625872101054
        ]
      ]
    },
    "temporal": {
      "interval": [
        [
          "2025-01-31T23:45:33.467928Z",
          "2025-03-20T09:21:10.484789Z"
        ]
      ]
    }
  },
  "license": "proprietary"
}