{
  "type": "Feature",
  "stac_version": "1.0.0",
  "id": "1c184a44-971b-4423-a26c-81eeacf187a2",
  "properties": {
    "title": "Groundwork campaign labels",
    "description": "Labels created from a Groundwork campaign!",
    "label:description": "Labels for project {FDB0717F-552A-4A19-B165-CF44C63AC6F1}_tile_0",
    "label:type": "vector",
    "label:properties": [
      "default"
    ],
    "label:classes": [
      {
        "classes": [
          "Pavement_distress",
          "Shadows"
        ],
        "name": "default"
      }
    ],
    "label:tasks": [
      "detection"
    ],
    "datetime": "2025-03-20T09:21:33.271149Z"
  },
  "geometry": {
    "type": "Polygon",
    "coordinates": [
      [
        [
          8.510894512044555,
          47.362167079299674
        ],
        [
          8.510901222448823,
          47.36250073627255
        ],
        [
          8.510547812533657,
          47.362504017043975
        ],
        [
          8.510541104342378,
          47.36217036005078
        ],
        [
          8.510894512044555,
          47.362167079299674
        ]
      ]
    ]
  },
  "links": [
    {
      "rel": "source",
      "href": "../ef8bae83-5f57-4e73-ac93-79e1d9b85e8e/ef8bae83-5f57-4e73-ac93-79e1d9b85e8e.json",
      "type": "application/json"
    },
    {
      "rel": "root",
      "href": "../../catalog.json",
      "type": "application/json"
    },
    {
      "rel": "collection",
      "href": "../collection.json",
      "type": "application/json"
    },
    {
      "rel": "parent",
      "href": "../collection.json",
      "type": "application/json"
    }
  ],
  "assets": {
    "labels": {
      "href": "./labels.geojson",
      "type": "application/geo+json"
    }
  },
  "bbox": [
    8.510541104342378,
    47.362167079299674,
    8.510901222448823,
    47.362504017043975
  ],
  "stac_extensions": [
    "https://stac-extensions.github.io/label/v1.0.1/schema.json"
  ],
  "collection": "3e279512-a85d-405f-bb32-85f3dcf79751"
}