{
  "type": "Feature",
  "stac_version": "1.0.0",
  "id": "a9b48300-b343-4ef1-9a70-e3c7717ab319",
  "properties": {
    "title": "Groundwork campaign labels",
    "description": "Labels created from a Groundwork campaign!",
    "label:description": "Labels for project {0B3B7B88-19E3-4CEB-9408-06BBB9F3F1F9}_tile_0",
    "label:type": "vector",
    "label:properties": [
      "default"
    ],
    "label:classes": [
      {
        "classes": [
          "Pavement_distress",
          "Shadows"
        ],
        "name": "default"
      }
    ],
    "label:tasks": [
      "detection"
    ],
    "datetime": "2025-03-20T09:21:22.829762Z"
  },
  "geometry": {
    "type": "Polygon",
    "coordinates": [
      [
        [
          8.512615634013073,
          47.398251950164045
        ],
        [
          8.51261730185045,
          47.398334688960894
        ],
        [
          8.51193914594878,
          47.39834098925923
        ],
        [
          8.51193747916516,
          47.39825825045268
        ],
        [
          8.512615634013073,
          47.398251950164045
        ]
      ]
    ]
  },
  "links": [
    {
      "rel": "source",
      "href": "../b8a24b3d-363f-4323-9b9f-1fc7608d3e40/b8a24b3d-363f-4323-9b9f-1fc7608d3e40.json",
      "type": "application/json"
    },
    {
      "rel": "root",
      "href": "../../catalog.json",
      "type": "application/json"
    },
    {
      "rel": "collection",
      "href": "../collection.json",
      "type": "application/json"
    },
    {
      "rel": "parent",
      "href": "../collection.json",
      "type": "application/json"
    }
  ],
  "assets": {
    "labels": {
      "href": "./labels.geojson",
      "type": "application/geo+json"
    }
  },
  "bbox": [
    8.51193747916516,
    47.398251950164045,
    8.51261730185045,
    47.39834098925923
  ],
  "stac_extensions": [
    "https://stac-extensions.github.io/label/v1.0.1/schema.json"
  ],
  "collection": "9afbe14c-798c-4e5d-9d5e-2d629f2fe33b"
}