{
  "type": "Feature",
  "stac_version": "1.0.0",
  "id": "2c8faa22-b7a7-40e0-bf4e-b5abe2897dba",
  "properties": {
    "title": "Groundwork campaign labels",
    "description": "Labels created from a Groundwork campaign!",
    "label:description": "Labels for project 9774_tile_3",
    "label:type": "vector",
    "label:properties": [
      "default"
    ],
    "label:classes": [
      {
        "classes": [
          "Pavement_distress",
          "non_pavement_distress"
        ],
        "name": "default"
      }
    ],
    "label:tasks": [
      "detection"
    ],
    "datetime": "2025-05-07T19:01:55.671727Z"
  },
  "geometry": {
    "type": "Polygon",
    "coordinates": [
      [
        [
          8.525764519752663,
          47.35854423241605
        ],
        [
          8.525773908378586,
          47.3590046963098
        ],
        [
          8.525096254676066,
          47.359011073922154
        ],
        [
          8.525086871905728,
          47.35855060997384
        ],
        [
          8.525764519752663,
          47.35854423241605
        ]
      ]
    ]
  },
  "links": [
    {
      "rel": "source",
      "href": "../31ccaa1c-f4ad-49a6-b980-be424eb32eed/31ccaa1c-f4ad-49a6-b980-be424eb32eed.json",
      "type": "application/json"
    },
    {
      "rel": "root",
      "href": "../../catalog.json",
      "type": "application/json"
    },
    {
      "rel": "collection",
      "href": "../collection.json",
      "type": "application/json"
    },
    {
      "rel": "parent",
      "href": "../collection.json",
      "type": "application/json"
    }
  ],
  "assets": {
    "labels": {
      "href": "./labels.geojson",
      "type": "application/geo+json"
    }
  },
  "bbox": [
    8.525086871905728,
    47.35854423241605,
    8.525773908378586,
    47.359011073922154
  ],
  "stac_extensions": [
    "https://stac-extensions.github.io/label/v1.0.1/schema.json"
  ],
  "collection": "a3562c85-e153-4411-b922-c73741b8b620"
}