{
  "type": "Collection",
  "id": "ea1a9aa7-c8e2-47f3-bad3-34b1709a3269",
  "stac_version": "1.0.0",
  "description": "9311_tile_0",
  "links": [
    {
      "rel": "root",
      "href": "../catalog.json",
      "type": "application/json"
    },
    {
      "rel": "item",
      "href": "./9f43eb66-4fad-4ad0-a7c5-787055ade5c0/9f43eb66-4fad-4ad0-a7c5-787055ade5c0.json",
      "type": "application/json"
    },
    {
      "rel": "item",
      "href": "./5a7a8321-d812-4739-a3ff-0e7a1e26861c/5a7a8321-d812-4739-a3ff-0e7a1e26861c.json",
      "type": "application/json"
    },
    {
      "rel": "parent",
      "href": "../catalog.json",
      "type": "application/json"
    }
  ],
  "extent": {
    "spatial": {
      "bbox": [
        [
          8.511929870001623,
          47.3978742295425,
          8.51261730185045,
          47.39834098925923
        ]
      ]
    },
    "temporal": {
      "interval": [
        [
          "2025-04-02T11:46:31.286088Z",
          "2025-04-28T08:56:45.982220Z"
        ]
      ]
    }
  },
  "license": "proprietary"
}