{
  "type": "Feature",
  "stac_version": "1.0.0",
  "id": "7f7bea4d-fd01-49bd-a1c6-2e1cab0b263e",
  "properties": {
    "title": "Groundwork campaign labels",
    "description": "Labels created from a Groundwork campaign!",
    "label:description": "Labels for project 6330_tile_0",
    "label:type": "vector",
    "label:properties": [
      "default"
    ],
    "label:classes": [
      {
        "classes": [
          "Pavement Distress",
          "Non-Pavement Distress"
        ],
        "name": "default"
      }
    ],
    "label:tasks": [
      "detection"
    ],
    "datetime": "2025-04-28T08:57:00.217901Z"
  },
  "geometry": {
    "type": "Polygon",
    "coordinates": [
      [
        [
          8.5471894318193,
          47.3763434815654
        ],
        [
          8.547199008832541,
          47.376803941204756
        ],
        [
          8.546521131265745,
          47.37681044461711
        ],
        [
          8.546511560111908,
          47.37634998492208
        ],
        [
          8.5471894318193,
          47.3763434815654
        ]
      ]
    ]
  },
  "links": [
    {
      "rel": "source",
      "href": "../c3b24340-e584-4575-a9a0-fe59502f4347/c3b24340-e584-4575-a9a0-fe59502f4347.json",
      "type": "application/json"
    },
    {
      "rel": "root",
      "href": "../../catalog.json",
      "type": "application/json"
    },
    {
      "rel": "collection",
      "href": "../collection.json",
      "type": "application/json"
    },
    {
      "rel": "parent",
      "href": "../collection.json",
      "type": "application/json"
    }
  ],
  "assets": {
    "labels": {
      "href": "./labels.geojson",
      "type": "application/geo+json"
    }
  },
  "bbox": [
    8.546511560111908,
    47.3763434815654,
    8.547199008832541,
    47.37681044461711
  ],
  "stac_extensions": [
    "https://stac-extensions.github.io/label/v1.0.1/schema.json"
  ],
  "collection": "cf218724-9db7-4145-a03f-f8d5ec7bbcc8"
}