{
  "type": "Collection",
  "id": "66bff32b-8604-4ea0-82ea-38871688dd58",
  "stac_version": "1.0.0",
  "description": "12849_tile_2",
  "links": [
    {
      "rel": "root",
      "href": "../catalog.json",
      "type": "application/json"
    },
    {
      "rel": "item",
      "href": "./f82ddf42-c3fc-4104-b6f8-795dcaa75ce5/f82ddf42-c3fc-4104-b6f8-795dcaa75ce5.json",
      "type": "application/json"
    },
    {
      "rel": "item",
      "href": "./79459a88-5c3d-45be-800a-b89d19f6dd4e/79459a88-5c3d-45be-800a-b89d19f6dd4e.json",
      "type": "application/json"
    },
    {
      "rel": "parent",
      "href": "../catalog.json",
      "type": "application/json"
    }
  ],
  "extent": {
    "spatial": {
      "bbox": [
        [
          8.473772497217015,
          47.41503498939723,
          8.474459825073225,
          47.41550152555017
        ]
      ]
    },
    "temporal": {
      "interval": [
        [
          "2025-05-06T07:12:29.344655Z",
          "2025-05-07T19:01:30.927892Z"
        ]
      ]
    }
  },
  "license": "proprietary"
}