{
  "type": "Collection",
  "id": "24af22b7-bda2-4173-8924-4952b383b9d3",
  "stac_version": "1.0.0",
  "description": "6518_tile_1",
  "links": [
    {
      "rel": "root",
      "href": "../catalog.json",
      "type": "application/json"
    },
    {
      "rel": "item",
      "href": "./bda1a469-9203-4cf7-83c7-f48dbad2e4cb/bda1a469-9203-4cf7-83c7-f48dbad2e4cb.json",
      "type": "application/json"
    },
    {
      "rel": "item",
      "href": "./d1986550-1616-470a-b68c-0d3602acc23c/d1986550-1616-470a-b68c-0d3602acc23c.json",
      "type": "application/json"
    },
    {
      "rel": "parent",
      "href": "../catalog.json",
      "type": "application/json"
    }
  ],
  "extent": {
    "spatial": {
      "bbox": [
        [
          8.592489398487526,
          47.39990664469927,
          8.593177543421834,
          47.400373870457805
        ]
      ]
    },
    "temporal": {
      "interval": [
        [
          "2025-05-06T07:09:15.185779Z",
          "2025-05-07T19:02:19.404686Z"
        ]
      ]
    }
  },
  "license": "proprietary"
}