{
  "type": "Collection",
  "id": "8ac3f903-2ba7-4ea7-9868-f1b5c56f66f9",
  "stac_version": "1.0.0",
  "description": "{D90BF3B7-D87A-441A-887B-7FE583A8B7CF}_tile_0",
  "links": [
    {
      "rel": "root",
      "href": "../catalog.json",
      "type": "application/json"
    },
    {
      "rel": "item",
      "href": "./794ada8f-e2ee-4e49-a31d-ab564f572454/794ada8f-e2ee-4e49-a31d-ab564f572454.json",
      "type": "application/json"
    },
    {
      "rel": "item",
      "href": "./7afecd34-e672-46c1-891e-4c3c8290f6cf/7afecd34-e672-46c1-891e-4c3c8290f6cf.json",
      "type": "application/json"
    },
    {
      "rel": "parent",
      "href": "../catalog.json",
      "type": "application/json"
    }
  ],
  "extent": {
    "spatial": {
      "bbox": [
        [
          8.53877717415638,
          47.391639740232534,
          8.538912495562517,
          47.39210139634708
        ]
      ]
    },
    "temporal": {
      "interval": [
        [
          "2025-01-31T23:44:49.907899Z",
          "2025-03-20T09:21:19.943951Z"
        ]
      ]
    }
  },
  "license": "proprietary"
}