{
  "type": "Collection",
  "id": "4019f00a-c235-46fe-a67c-85e174f322b2",
  "stac_version": "1.0.0",
  "description": "{24AA8343-A44F-42AB-A155-0870AB8BFF3F}_tile_0",
  "links": [
    {
      "rel": "root",
      "href": "../catalog.json",
      "type": "application/json"
    },
    {
      "rel": "item",
      "href": "./6bc691ae-f94f-4af1-bec3-479bbd17996f/6bc691ae-f94f-4af1-bec3-479bbd17996f.json",
      "type": "application/json"
    },
    {
      "rel": "item",
      "href": "./0094897a-a3b3-4815-9632-9ffe9254e3f3/0094897a-a3b3-4815-9632-9ffe9254e3f3.json",
      "type": "application/json"
    },
    {
      "rel": "parent",
      "href": "../catalog.json",
      "type": "application/json"
    }
  ],
  "extent": {
    "spatial": {
      "bbox": [
        [
          8.494405595387512,
          47.42279615558039,
          8.49459897057848,
          47.42285996408441
        ]
      ]
    },
    "temporal": {
      "interval": [
        [
          "2025-01-31T23:46:09.022770Z",
          "2025-03-20T09:21:02.462365Z"
        ]
      ]
    }
  },
  "license": "proprietary"
}