{
  "type": "Feature",
  "stac_version": "1.0.0",
  "id": "781ca66f-d514-4dff-9a53-eb3b4ee76f8d",
  "properties": {
    "title": "Groundwork campaign labels",
    "description": "Labels created from a Groundwork campaign!",
    "label:description": "Labels for project {940798F1-B1B4-4A27-B12A-77292057A18E}_tile_0",
    "label:type": "vector",
    "label:properties": [
      "default"
    ],
    "label:classes": [
      {
        "classes": [
          "Pavement_distress",
          "Shadows"
        ],
        "name": "default"
      }
    ],
    "label:tasks": [
      "detection"
    ],
    "datetime": "2025-03-20T09:21:32.145237Z"
  },
  "geometry": {
    "type": "Polygon",
    "coordinates": [
      [
        [
          8.499037824982695,
          47.38419396944968
        ],
        [
          8.499044284942018,
          47.384518631466115
        ],
        [
          8.498366303382909,
          47.38452485207118
        ],
        [
          8.498359847556314,
          47.384200190017225
        ],
        [
          8.499037824982695,
          47.38419396944968
        ]
      ]
    ]
  },
  "links": [
    {
      "rel": "source",
      "href": "../495369f4-0e50-41f3-8223-99d0f1055178/495369f4-0e50-41f3-8223-99d0f1055178.json",
      "type": "application/json"
    },
    {
      "rel": "root",
      "href": "../../catalog.json",
      "type": "application/json"
    },
    {
      "rel": "collection",
      "href": "../collection.json",
      "type": "application/json"
    },
    {
      "rel": "parent",
      "href": "../collection.json",
      "type": "application/json"
    }
  ],
  "assets": {
    "labels": {
      "href": "./labels.geojson",
      "type": "application/geo+json"
    }
  },
  "bbox": [
    8.498359847556314,
    47.38419396944968,
    8.499044284942018,
    47.38452485207118
  ],
  "stac_extensions": [
    "https://stac-extensions.github.io/label/v1.0.1/schema.json"
  ],
  "collection": "d415595f-9bc9-4f10-9f8a-2a588f6ef81d"
}