{
  "type": "Feature",
  "stac_version": "1.0.0",
  "id": "ed7dff62-da1a-4c8e-bda3-fe0b94f38777",
  "properties": {
    "title": "Groundwork campaign labels",
    "description": "Labels created from a Groundwork campaign!",
    "label:description": "Labels for project 16911_tile_1",
    "label:type": "vector",
    "label:properties": [
      "default"
    ],
    "label:classes": [
      {
        "classes": [
          "Pavement_distress",
          "non_pavement_distress"
        ],
        "name": "default"
      }
    ],
    "label:tasks": [
      "detection"
    ],
    "datetime": "2025-05-07T19:01:06.900019Z"
  },
  "geometry": {
    "type": "Polygon",
    "coordinates": [
      [
        [
          8.531807494474826,
          47.36660981447953
        ],
        [
          8.531816936766223,
          47.36707027675749
        ],
        [
          8.531139181189191,
          47.36707668984851
        ],
        [
          8.531129744755127,
          47.366616227515685
        ],
        [
          8.531807494474826,
          47.36660981447953
        ]
      ]
    ]
  },
  "links": [
    {
      "rel": "source",
      "href": "../dd1d79d8-d01a-451a-8b73-7d802ead2dcb/dd1d79d8-d01a-451a-8b73-7d802ead2dcb.json",
      "type": "application/json"
    },
    {
      "rel": "root",
      "href": "../../catalog.json",
      "type": "application/json"
    },
    {
      "rel": "collection",
      "href": "../collection.json",
      "type": "application/json"
    },
    {
      "rel": "parent",
      "href": "../collection.json",
      "type": "application/json"
    }
  ],
  "assets": {
    "labels": {
      "href": "./labels.geojson",
      "type": "application/geo+json"
    }
  },
  "bbox": [
    8.531129744755127,
    47.36660981447953,
    8.531816936766223,
    47.36707668984851
  ],
  "stac_extensions": [
    "https://stac-extensions.github.io/label/v1.0.1/schema.json"
  ],
  "collection": "228e9ccb-9646-4c3d-9c3e-d82cd384f100"
}