{
  "type": "Collection",
  "id": "137aba51-3c36-477c-a21b-63262653c00c",
  "stac_version": "1.0.0",
  "description": "{DFC7344C-4D46-4F4A-9ED2-ED887E34C28B}_tile_2",
  "links": [
    {
      "rel": "root",
      "href": "../catalog.json",
      "type": "application/json"
    },
    {
      "rel": "item",
      "href": "./79c8f123-7fee-4280-ae7e-fc06f7f083e4/79c8f123-7fee-4280-ae7e-fc06f7f083e4.json",
      "type": "application/json"
    },
    {
      "rel": "item",
      "href": "./23fcf3c2-a7f2-4971-ac92-5cfff82bd68d/23fcf3c2-a7f2-4971-ac92-5cfff82bd68d.json",
      "type": "application/json"
    },
    {
      "rel": "parent",
      "href": "../catalog.json",
      "type": "application/json"
    }
  ],
  "extent": {
    "spatial": {
      "bbox": [
        [
          8.565751202299873,
          47.367135114926064,
          8.565965776573279,
          47.367268484982596
        ]
      ]
    },
    "temporal": {
      "interval": [
        [
          "2025-01-31T23:45:42.594710Z",
          "2025-03-20T09:21:08.559281Z"
        ]
      ]
    }
  },
  "license": "proprietary"
}