{
  "type": "Collection",
  "id": "42f99db1-7c2c-43bc-a202-34c8d22b9f19",
  "stac_version": "1.0.0",
  "description": "11777_tile_0",
  "links": [
    {
      "rel": "root",
      "href": "../catalog.json",
      "type": "application/json"
    },
    {
      "rel": "item",
      "href": "./06a24b3a-60a1-4265-b4ae-a210c35b457d/06a24b3a-60a1-4265-b4ae-a210c35b457d.json",
      "type": "application/json"
    },
    {
      "rel": "item",
      "href": "./a91353e8-236e-4d51-ac00-a2bd376a4037/a91353e8-236e-4d51-ac00-a2bd376a4037.json",
      "type": "application/json"
    },
    {
      "rel": "parent",
      "href": "../catalog.json",
      "type": "application/json"
    }
  ],
  "extent": {
    "spatial": {
      "bbox": [
        [
          8.489558647121896,
          47.38490946176406,
          8.490245720777587,
          47.38537609375715
        ]
      ]
    },
    "temporal": {
      "interval": [
        [
          "2025-05-06T07:11:57.411783Z",
          "2025-05-07T19:01:39.393223Z"
        ]
      ]
    }
  },
  "license": "proprietary"
}