{
  "type": "Feature",
  "stac_version": "1.0.0",
  "id": "d034c713-4b70-4b33-816e-5fd89d6a0975",
  "properties": {
    "title": "Groundwork campaign labels",
    "description": "Labels created from a Groundwork campaign!",
    "label:description": "Labels for project 17958_tile_0",
    "label:type": "vector",
    "label:properties": [
      "default"
    ],
    "label:classes": [
      {
        "classes": [
          "Pavement_distress",
          "non_pavement_distress"
        ],
        "name": "default"
      }
    ],
    "label:tasks": [
      "detection"
    ],
    "datetime": "2025-05-07T19:00:59.542527Z"
  },
  "geometry": {
    "type": "Polygon",
    "coordinates": [
      [
        [
          8.523081293622223,
          47.39018009460023
        ],
        [
          8.523090664655856,
          47.39064055426918
        ],
        [
          8.522412608003238,
          47.390646916083874
        ],
        [
          8.52240324283219,
          47.39018645636048
        ],
        [
          8.523081293622223,
          47.39018009460023
        ]
      ]
    ]
  },
  "links": [
    {
      "rel": "source",
      "href": "../673af283-e913-4467-9d3c-03f777794631/673af283-e913-4467-9d3c-03f777794631.json",
      "type": "application/json"
    },
    {
      "rel": "root",
      "href": "../../catalog.json",
      "type": "application/json"
    },
    {
      "rel": "collection",
      "href": "../collection.json",
      "type": "application/json"
    },
    {
      "rel": "parent",
      "href": "../collection.json",
      "type": "application/json"
    }
  ],
  "assets": {
    "labels": {
      "href": "./labels.geojson",
      "type": "application/geo+json"
    }
  },
  "bbox": [
    8.52240324283219,
    47.39018009460023,
    8.523090664655856,
    47.390646916083874
  ],
  "stac_extensions": [
    "https://stac-extensions.github.io/label/v1.0.1/schema.json"
  ],
  "collection": "798ace1a-b570-49ea-8c22-0295e181c24d"
}