{
  "type": "Feature",
  "stac_version": "1.0.0",
  "id": "9c75fece-c632-437b-86e3-bf7920bbce36",
  "properties": {
    "title": "Groundwork campaign labels",
    "description": "Labels created from a Groundwork campaign!",
    "label:description": "Labels for project 4421_tile_0",
    "label:type": "vector",
    "label:properties": [
      "default"
    ],
    "label:classes": [
      {
        "classes": [
          "Pavement Distress",
          "Non-Pavement Distress"
        ],
        "name": "default"
      }
    ],
    "label:tasks": [
      "detection"
    ],
    "datetime": "2025-04-28T08:57:11.966124Z"
  },
  "geometry": {
    "type": "Polygon",
    "coordinates": [
      [
        [
          8.535181349643567,
          47.34853889717662
        ],
        [
          8.535190817868093,
          47.34899936167297
        ],
        [
          8.534513292540026,
          47.34900579460068
        ],
        [
          8.534503830168838,
          47.348545330049284
        ],
        [
          8.535181349643567,
          47.34853889717662
        ]
      ]
    ]
  },
  "links": [
    {
      "rel": "source",
      "href": "../890c930c-f67c-4936-9b0f-ddc199c25b89/890c930c-f67c-4936-9b0f-ddc199c25b89.json",
      "type": "application/json"
    },
    {
      "rel": "root",
      "href": "../../catalog.json",
      "type": "application/json"
    },
    {
      "rel": "collection",
      "href": "../collection.json",
      "type": "application/json"
    },
    {
      "rel": "parent",
      "href": "../collection.json",
      "type": "application/json"
    }
  ],
  "assets": {
    "labels": {
      "href": "./labels.geojson",
      "type": "application/geo+json"
    }
  },
  "bbox": [
    8.534503830168838,
    47.34853889717662,
    8.535190817868093,
    47.34900579460068
  ],
  "stac_extensions": [
    "https://stac-extensions.github.io/label/v1.0.1/schema.json"
  ],
  "collection": "7ad57558-baf1-405c-a39f-b9603aa34ca6"
}