{
  "type": "Collection",
  "id": "93563e81-86a4-44ca-811a-1c8c2854debe",
  "stac_version": "1.0.0",
  "description": "{F58D6826-C006-4C3E-B4A7-8E6E07011362}_tile_0",
  "links": [
    {
      "rel": "root",
      "href": "../catalog.json",
      "type": "application/json"
    },
    {
      "rel": "item",
      "href": "./d9b6aa90-0e4f-40af-9863-dfb846f83212/d9b6aa90-0e4f-40af-9863-dfb846f83212.json",
      "type": "application/json"
    },
    {
      "rel": "item",
      "href": "./b1286de3-d6ee-45b5-b673-b09629416cc5/b1286de3-d6ee-45b5-b673-b09629416cc5.json",
      "type": "application/json"
    },
    {
      "rel": "parent",
      "href": "../catalog.json",
      "type": "application/json"
    }
  ],
  "extent": {
    "spatial": {
      "bbox": [
        [
          8.502093835630417,
          47.4209916547164,
          8.502168224180398,
          47.42106786881707
        ]
      ]
    },
    "temporal": {
      "interval": [
        [
          "2025-01-31T23:46:34.295955Z",
          "2025-03-20T09:20:56.514086Z"
        ]
      ]
    }
  },
  "license": "proprietary"
}