{
  "type": "Feature",
  "stac_version": "1.0.0",
  "id": "f2c9be0a-4466-4fbc-a7ba-ba3d28ef3eca",
  "properties": {
    "title": "Groundwork campaign labels",
    "description": "Labels created from a Groundwork campaign!",
    "label:description": "Labels for project 4984_tile_1",
    "label:type": "vector",
    "label:properties": [
      "default"
    ],
    "label:classes": [
      {
        "classes": [
          "Pavement Distress",
          "Non-Pavement Distress"
        ],
        "name": "default"
      }
    ],
    "label:tasks": [
      "detection"
    ],
    "datetime": "2025-04-28T08:57:07.205676Z"
  },
  "geometry": {
    "type": "Polygon",
    "coordinates": [
      [
        [
          8.520354892907655,
          47.336718748107124
        ],
        [
          8.52036423093286,
          47.33717921542688
        ],
        [
          8.519686854070825,
          47.33718556129713
        ],
        [
          8.519677521896426,
          47.33672509392311
        ],
        [
          8.520354892907655,
          47.336718748107124
        ]
      ]
    ]
  },
  "links": [
    {
      "rel": "source",
      "href": "../184bcf93-8f4a-43d1-9b1e-3537b17f723e/184bcf93-8f4a-43d1-9b1e-3537b17f723e.json",
      "type": "application/json"
    },
    {
      "rel": "root",
      "href": "../../catalog.json",
      "type": "application/json"
    },
    {
      "rel": "collection",
      "href": "../collection.json",
      "type": "application/json"
    },
    {
      "rel": "parent",
      "href": "../collection.json",
      "type": "application/json"
    }
  ],
  "assets": {
    "labels": {
      "href": "./labels.geojson",
      "type": "application/geo+json"
    }
  },
  "bbox": [
    8.519677521896426,
    47.336718748107124,
    8.52036423093286,
    47.33718556129713
  ],
  "stac_extensions": [
    "https://stac-extensions.github.io/label/v1.0.1/schema.json"
  ],
  "collection": "209122ea-1dab-44b5-a210-ad4dfbe0ab5e"
}