{
  "type": "Collection",
  "id": "f313a64c-cffd-4fad-bfdd-da158e3190fc",
  "stac_version": "1.0.0",
  "description": "12086_tile_4",
  "links": [
    {
      "rel": "root",
      "href": "../catalog.json",
      "type": "application/json"
    },
    {
      "rel": "item",
      "href": "./75ce95dd-7e5d-421c-b5cb-ec5f670d7142/75ce95dd-7e5d-421c-b5cb-ec5f670d7142.json",
      "type": "application/json"
    },
    {
      "rel": "item",
      "href": "./af9ad7c5-0e16-4dca-8d72-5a255926faa5/af9ad7c5-0e16-4dca-8d72-5a255926faa5.json",
      "type": "application/json"
    },
    {
      "rel": "parent",
      "href": "../catalog.json",
      "type": "application/json"
    }
  ],
  "extent": {
    "spatial": {
      "bbox": [
        [
          8.541572244895294,
          47.37986649689053,
          8.542259696995444,
          47.38033343084544
        ]
      ]
    },
    "temporal": {
      "interval": [
        [
          "2025-04-02T11:47:39.532312Z",
          "2025-04-28T08:56:26.014320Z"
        ]
      ]
    }
  },
  "license": "proprietary"
}