{
  "type": "Collection",
  "id": "a7385d62-41a6-4a29-b2ea-9d1d2c7c3a05",
  "stac_version": "1.0.0",
  "description": "18148_tile_0",
  "links": [
    {
      "rel": "root",
      "href": "../catalog.json",
      "type": "application/json"
    },
    {
      "rel": "item",
      "href": "./4bc94985-7c36-4bd2-9bcc-2e41ecf14b3c/4bc94985-7c36-4bd2-9bcc-2e41ecf14b3c.json",
      "type": "application/json"
    },
    {
      "rel": "item",
      "href": "./75d9cb8c-bf44-43e5-b8bd-bcfacb56833c/75d9cb8c-bf44-43e5-b8bd-bcfacb56833c.json",
      "type": "application/json"
    },
    {
      "rel": "parent",
      "href": "../catalog.json",
      "type": "application/json"
    }
  ],
  "extent": {
    "spatial": {
      "bbox": [
        [
          8.543292012874538,
          47.432169813525526,
          8.543980155535369,
          47.43263674979418
        ]
      ]
    },
    "temporal": {
      "interval": [
        [
          "2025-04-02T11:50:07.473947Z",
          "2025-04-28T08:55:54.404510Z"
        ]
      ]
    }
  },
  "license": "proprietary"
}