{
  "type": "Collection",
  "id": "a518c548-1e21-4d87-981c-93d1694a455d",
  "stac_version": "1.0.0",
  "description": "1782_tile_0",
  "links": [
    {
      "rel": "root",
      "href": "../catalog.json",
      "type": "application/json"
    },
    {
      "rel": "item",
      "href": "./bacc7676-8ab5-4271-919f-a84d690ea10f/bacc7676-8ab5-4271-919f-a84d690ea10f.json",
      "type": "application/json"
    },
    {
      "rel": "item",
      "href": "./23f2527d-2c94-4fe2-a5e3-456c7908529d/23f2527d-2c94-4fe2-a5e3-456c7908529d.json",
      "type": "application/json"
    },
    {
      "rel": "parent",
      "href": "../catalog.json",
      "type": "application/json"
    }
  ],
  "extent": {
    "spatial": {
      "bbox": [
        [
          8.539844865633405,
          47.39913609763781,
          8.540532551857444,
          47.3996030188206
        ]
      ]
    },
    "temporal": {
      "interval": [
        [
          "2025-05-06T07:07:44.290435Z",
          "2025-05-07T19:02:39.034397Z"
        ]
      ]
    }
  },
  "license": "proprietary"
}