{
  "type": "Feature",
  "stac_version": "1.0.0",
  "id": "6163389e-02f6-4b18-b101-d36252efad82",
  "properties": {
    "title": "Groundwork campaign labels",
    "description": "Labels created from a Groundwork campaign!",
    "label:description": "Labels for project 4696_tile_3",
    "label:type": "vector",
    "label:properties": [
      "default"
    ],
    "label:classes": [
      {
        "classes": [
          "Pavement_distress",
          "non_pavement_distress"
        ],
        "name": "default"
      }
    ],
    "label:tasks": [
      "detection"
    ],
    "datetime": "2025-05-07T19:02:26.113880Z"
  },
  "geometry": {
    "type": "Polygon",
    "coordinates": [
      [
        [
          8.527141965478005,
          47.370510095587946
        ],
        [
          8.52715136813301,
          47.37097055770436
        ],
        [
          8.526473562364725,
          47.37097694339099
        ],
        [
          8.526464165567942,
          47.37051648121997
        ],
        [
          8.527141965478005,
          47.370510095587946
        ]
      ]
    ]
  },
  "links": [
    {
      "rel": "source",
      "href": "../521e74c4-a47e-4974-b7d7-186f7444542e/521e74c4-a47e-4974-b7d7-186f7444542e.json",
      "type": "application/json"
    },
    {
      "rel": "root",
      "href": "../../catalog.json",
      "type": "application/json"
    },
    {
      "rel": "collection",
      "href": "../collection.json",
      "type": "application/json"
    },
    {
      "rel": "parent",
      "href": "../collection.json",
      "type": "application/json"
    }
  ],
  "assets": {
    "labels": {
      "href": "./labels.geojson",
      "type": "application/geo+json"
    }
  },
  "bbox": [
    8.526464165567942,
    47.370510095587946,
    8.52715136813301,
    47.37097694339099
  ],
  "stac_extensions": [
    "https://stac-extensions.github.io/label/v1.0.1/schema.json"
  ],
  "collection": "1348983e-c780-41e1-9e3f-23e9ce225eb9"
}