{
  "type": "Feature",
  "stac_version": "1.0.0",
  "id": "16e25213-48cf-4055-9b4f-c310f270fee4",
  "properties": {
    "title": "Groundwork campaign labels",
    "description": "Labels created from a Groundwork campaign!",
    "label:description": "Labels for project 1458_tile_0",
    "label:type": "vector",
    "label:properties": [
      "default"
    ],
    "label:classes": [
      {
        "classes": [
          "Pavement_distress",
          "non_pavement_distress"
        ],
        "name": "default"
      }
    ],
    "label:tasks": [
      "detection"
    ],
    "datetime": "2025-05-07T19:02:40.115156Z"
  },
  "geometry": {
    "type": "Polygon",
    "coordinates": [
      [
        [
          8.580613605844405,
          47.35059193733276
        ],
        [
          8.580623467030621,
          47.35105239772022
        ],
        [
          8.579945921227134,
          47.351059097455284
        ],
        [
          8.579936065894474,
          47.35059863701051
        ],
        [
          8.580613605844405,
          47.35059193733276
        ]
      ]
    ]
  },
  "links": [
    {
      "rel": "source",
      "href": "../e4d66e1f-9290-4829-90a6-7d34c1bfeeff/e4d66e1f-9290-4829-90a6-7d34c1bfeeff.json",
      "type": "application/json"
    },
    {
      "rel": "root",
      "href": "../../catalog.json",
      "type": "application/json"
    },
    {
      "rel": "collection",
      "href": "../collection.json",
      "type": "application/json"
    },
    {
      "rel": "parent",
      "href": "../collection.json",
      "type": "application/json"
    }
  ],
  "assets": {
    "labels": {
      "href": "./labels.geojson",
      "type": "application/geo+json"
    }
  },
  "bbox": [
    8.579936065894474,
    47.35059193733276,
    8.580623467030621,
    47.351059097455284
  ],
  "stac_extensions": [
    "https://stac-extensions.github.io/label/v1.0.1/schema.json"
  ],
  "collection": "8c29b224-c9a6-48c4-ad48-0d8fee48b57b"
}