{
  "type": "Collection",
  "id": "4595fefa-ba23-42db-92bc-f79535143482",
  "stac_version": "1.0.0",
  "description": "17735_tile_3",
  "links": [
    {
      "rel": "root",
      "href": "../catalog.json",
      "type": "application/json"
    },
    {
      "rel": "item",
      "href": "./e275a058-d656-4c8c-a226-169df62ca9a9/e275a058-d656-4c8c-a226-169df62ca9a9.json",
      "type": "application/json"
    },
    {
      "rel": "item",
      "href": "./a001a40d-a8af-4aac-b7d4-5ded510d48fb/a001a40d-a8af-4aac-b7d4-5ded510d48fb.json",
      "type": "application/json"
    },
    {
      "rel": "parent",
      "href": "../catalog.json",
      "type": "application/json"
    }
  ],
  "extent": {
    "spatial": {
      "bbox": [
        [
          8.54763516768488,
          47.37796621175445,
          8.548322646929758,
          47.37843318108033
        ]
      ]
    },
    "temporal": {
      "interval": [
        [
          "2025-05-07T10:26:56.656700Z",
          "2025-05-07T19:01:00.811129Z"
        ]
      ]
    }
  },
  "license": "proprietary"
}