{
  "type": "Collection",
  "id": "860ac9dc-66e3-47e5-8693-66e8cf961122",
  "stac_version": "1.0.0",
  "description": "{A5C5EF36-01DF-40F0-BE8D-564152F0A29D}_tile_3",
  "links": [
    {
      "rel": "root",
      "href": "../catalog.json",
      "type": "application/json"
    },
    {
      "rel": "item",
      "href": "./d2dc905c-df8c-42cb-b918-fe94ddae7688/d2dc905c-df8c-42cb-b918-fe94ddae7688.json",
      "type": "application/json"
    },
    {
      "rel": "item",
      "href": "./5a4f6d6b-bb63-432e-8c8a-27b478cca112/5a4f6d6b-bb63-432e-8c8a-27b478cca112.json",
      "type": "application/json"
    },
    {
      "rel": "parent",
      "href": "../catalog.json",
      "type": "application/json"
    }
  ],
  "extent": {
    "spatial": {
      "bbox": [
        [
          8.50981477386682,
          47.378860740854385,
          8.510255186730594,
          47.37890618734233
        ]
      ]
    },
    "temporal": {
      "interval": [
        [
          "2025-01-31T23:46:19.902739Z",
          "2025-03-20T09:20:59.971063Z"
        ]
      ]
    }
  },
  "license": "proprietary"
}