{
  "type": "Collection",
  "id": "1348983e-c780-41e1-9e3f-23e9ce225eb9",
  "stac_version": "1.0.0",
  "description": "4696_tile_3",
  "links": [
    {
      "rel": "root",
      "href": "../catalog.json",
      "type": "application/json"
    },
    {
      "rel": "item",
      "href": "./521e74c4-a47e-4974-b7d7-186f7444542e/521e74c4-a47e-4974-b7d7-186f7444542e.json",
      "type": "application/json"
    },
    {
      "rel": "item",
      "href": "./6163389e-02f6-4b18-b101-d36252efad82/6163389e-02f6-4b18-b101-d36252efad82.json",
      "type": "application/json"
    },
    {
      "rel": "parent",
      "href": "../catalog.json",
      "type": "application/json"
    }
  ],
  "extent": {
    "spatial": {
      "bbox": [
        [
          8.526464165567942,
          47.370510095587946,
          8.52715136813301,
          47.37097694339099
        ]
      ]
    },
    "temporal": {
      "interval": [
        [
          "2025-05-06T07:08:45.813514Z",
          "2025-05-07T19:02:26.113880Z"
        ]
      ]
    }
  },
  "license": "proprietary"
}