{
  "type": "Collection",
  "id": "d312b9a3-23b3-4d58-ae23-db2752fe96bc",
  "stac_version": "1.0.0",
  "description": "15608_tile_0",
  "links": [
    {
      "rel": "root",
      "href": "../catalog.json",
      "type": "application/json"
    },
    {
      "rel": "item",
      "href": "./477f8a8c-fdc9-4e6f-b611-6715508ab5bd/477f8a8c-fdc9-4e6f-b611-6715508ab5bd.json",
      "type": "application/json"
    },
    {
      "rel": "item",
      "href": "./e0f25ee3-a66a-4cb5-8985-9a49d32ff30d/e0f25ee3-a66a-4cb5-8985-9a49d32ff30d.json",
      "type": "application/json"
    },
    {
      "rel": "parent",
      "href": "../catalog.json",
      "type": "application/json"
    }
  ],
  "extent": {
    "spatial": {
      "bbox": [
        [
          8.485991533039122,
          47.39627738856613,
          8.486678722978654,
          47.39674399825712
        ]
      ]
    },
    "temporal": {
      "interval": [
        [
          "2025-05-06T07:13:30.866720Z",
          "2025-05-07T19:01:15.420816Z"
        ]
      ]
    }
  },
  "license": "proprietary"
}