{
  "type": "Feature",
  "stac_version": "1.0.0",
  "id": "f8a6b721-4854-49c4-937a-1b267800d94e",
  "properties": {
    "title": "Groundwork campaign labels",
    "description": "Labels created from a Groundwork campaign!",
    "label:description": "Labels for project {11B4E3C0-8A08-4199-8DE5-B6BC4DB9D57D}_tile_2",
    "label:type": "vector",
    "label:properties": [
      "default"
    ],
    "label:classes": [
      {
        "classes": [
          "Pavement_distress",
          "Shadows"
        ],
        "name": "default"
      }
    ],
    "label:tasks": [
      "detection"
    ],
    "datetime": "2025-03-20T09:20:50.237510Z"
  },
  "geometry": {
    "type": "Polygon",
    "coordinates": [
      [
        [
          8.537944674702866,
          47.33966761863503
        ],
        [
          8.537954165216671,
          47.3401280841119
        ],
        [
          8.537276752998388,
          47.34013453327919
        ],
        [
          8.53726726833595,
          47.33967406774714
        ],
        [
          8.537944674702866,
          47.33966761863503
        ]
      ]
    ]
  },
  "links": [
    {
      "rel": "source",
      "href": "../55ae14e2-d24a-4e17-8c6a-4df80f653b6a/55ae14e2-d24a-4e17-8c6a-4df80f653b6a.json",
      "type": "application/json"
    },
    {
      "rel": "root",
      "href": "../../catalog.json",
      "type": "application/json"
    },
    {
      "rel": "collection",
      "href": "../collection.json",
      "type": "application/json"
    },
    {
      "rel": "parent",
      "href": "../collection.json",
      "type": "application/json"
    }
  ],
  "assets": {
    "labels": {
      "href": "./labels.geojson",
      "type": "application/geo+json"
    }
  },
  "bbox": [
    8.53726726833595,
    47.33966761863503,
    8.537954165216671,
    47.34013453327919
  ],
  "stac_extensions": [
    "https://stac-extensions.github.io/label/v1.0.1/schema.json"
  ],
  "collection": "1c248bf5-bd93-4dd0-96f4-48197dd53c93"
}