{
  "type": "Collection",
  "id": "fba4d9bd-c260-4f37-b23e-0f9423aa9ee5",
  "stac_version": "1.0.0",
  "description": "{D27B26A0-EDE2-40C9-AC33-4ABE501638CD}_tile_0",
  "links": [
    {
      "rel": "root",
      "href": "../catalog.json",
      "type": "application/json"
    },
    {
      "rel": "item",
      "href": "./cf34ac6b-0548-4277-a0c7-4714e2a1ecae/cf34ac6b-0548-4277-a0c7-4714e2a1ecae.json",
      "type": "application/json"
    },
    {
      "rel": "item",
      "href": "./e1d496b9-6865-43b2-9555-c1d1689ca9cd/e1d496b9-6865-43b2-9555-c1d1689ca9cd.json",
      "type": "application/json"
    },
    {
      "rel": "parent",
      "href": "../catalog.json",
      "type": "application/json"
    }
  ],
  "extent": {
    "spatial": {
      "bbox": [
        [
          8.502683900799468,
          47.364882236993246,
          8.503362512027644,
          47.364932550908186
        ]
      ]
    },
    "temporal": {
      "interval": [
        [
          "2025-01-31T23:44:48.061514Z",
          "2025-03-20T09:21:20.368874Z"
        ]
      ]
    }
  },
  "license": "proprietary"
}