{
  "type": "Collection",
  "id": "9ccb08ac-9123-4c2e-9e43-c4b4b8da29bf",
  "stac_version": "1.0.0",
  "description": "12522_tile_1",
  "links": [
    {
      "rel": "root",
      "href": "../catalog.json",
      "type": "application/json"
    },
    {
      "rel": "item",
      "href": "./1cdebb9c-2692-44ee-87a9-a270e84573b2/1cdebb9c-2692-44ee-87a9-a270e84573b2.json",
      "type": "application/json"
    },
    {
      "rel": "item",
      "href": "./8bfccf3c-2ed9-4d37-9ed6-2a886477f188/8bfccf3c-2ed9-4d37-9ed6-2a886477f188.json",
      "type": "application/json"
    },
    {
      "rel": "parent",
      "href": "../catalog.json",
      "type": "application/json"
    }
  ],
  "extent": {
    "spatial": {
      "bbox": [
        [
          8.48168894748362,
          47.36887519516766,
          8.482375747183989,
          47.36934178383998
        ]
      ]
    },
    "temporal": {
      "interval": [
        [
          "2025-04-02T11:47:45.485356Z",
          "2025-04-28T08:56:24.301172Z"
        ]
      ]
    }
  },
  "license": "proprietary"
}