{
  "type": "Collection",
  "id": "c948fb82-8ab7-4250-b8b2-0727744770b8",
  "stac_version": "1.0.0",
  "description": "2715_tile_1",
  "links": [
    {
      "rel": "root",
      "href": "../catalog.json",
      "type": "application/json"
    },
    {
      "rel": "item",
      "href": "./ee7d22f6-10e3-474d-9665-e6d205ad2058/ee7d22f6-10e3-474d-9665-e6d205ad2058.json",
      "type": "application/json"
    },
    {
      "rel": "item",
      "href": "./01b77fe3-a3a0-412b-abf0-d1d8ca003f69/01b77fe3-a3a0-412b-abf0-d1d8ca003f69.json",
      "type": "application/json"
    },
    {
      "rel": "parent",
      "href": "../catalog.json",
      "type": "application/json"
    }
  ],
  "extent": {
    "spatial": {
      "bbox": [
        [
          8.551350754763925,
          47.36107800193735,
          8.552038047716366,
          47.36154499515479
        ]
      ]
    },
    "temporal": {
      "interval": [
        [
          "2025-04-02T11:44:37.646236Z",
          "2025-04-28T08:57:19.083846Z"
        ]
      ]
    }
  },
  "license": "proprietary"
}