{
  "type": "Feature",
  "stac_version": "1.0.0",
  "id": "b49d8226-78ce-45d0-931c-9a8f5a7c8486",
  "properties": {
    "title": "Groundwork campaign labels",
    "description": "Labels created from a Groundwork campaign!",
    "label:description": "Labels for project 3946_tile_5",
    "label:type": "vector",
    "label:properties": [
      "default"
    ],
    "label:classes": [
      {
        "classes": [
          "Pavement Distress",
          "Non-Pavement Distress"
        ],
        "name": "default"
      }
    ],
    "label:tasks": [
      "detection"
    ],
    "datetime": "2025-04-28T08:57:14.104214Z"
  },
  "geometry": {
    "type": "Polygon",
    "coordinates": [
      [
        [
          8.588926249802025,
          47.37478670659644
        ],
        [
          8.588936187358652,
          47.37524716290527
        ],
        [
          8.588258334827978,
          47.37525391142547
        ],
        [
          8.588248403130192,
          47.37479345505891
        ],
        [
          8.588926249802025,
          47.37478670659644
        ]
      ]
    ]
  },
  "links": [
    {
      "rel": "source",
      "href": "../47304964-4742-446b-854e-011dd073b783/47304964-4742-446b-854e-011dd073b783.json",
      "type": "application/json"
    },
    {
      "rel": "root",
      "href": "../../catalog.json",
      "type": "application/json"
    },
    {
      "rel": "collection",
      "href": "../collection.json",
      "type": "application/json"
    },
    {
      "rel": "parent",
      "href": "../collection.json",
      "type": "application/json"
    }
  ],
  "assets": {
    "labels": {
      "href": "./labels.geojson",
      "type": "application/geo+json"
    }
  },
  "bbox": [
    8.588248403130192,
    47.37478670659644,
    8.588936187358652,
    47.37525391142547
  ],
  "stac_extensions": [
    "https://stac-extensions.github.io/label/v1.0.1/schema.json"
  ],
  "collection": "3797d5f0-b1bd-4865-9630-f24d52dd6ee9"
}