{
  "type": "Collection",
  "id": "6f0c84c6-f297-41ae-920e-ffd805553f48",
  "stac_version": "1.0.0",
  "description": "{D2D52893-E464-4A9F-A21D-5BF565F3A673}_tile_0",
  "links": [
    {
      "rel": "root",
      "href": "../catalog.json",
      "type": "application/json"
    },
    {
      "rel": "item",
      "href": "./1205a019-fa2d-4c0d-a52a-777dfd31466f/1205a019-fa2d-4c0d-a52a-777dfd31466f.json",
      "type": "application/json"
    },
    {
      "rel": "item",
      "href": "./8fcc31d9-46fd-4c34-93ad-b6fc6c8d4a96/8fcc31d9-46fd-4c34-93ad-b6fc6c8d4a96.json",
      "type": "application/json"
    },
    {
      "rel": "parent",
      "href": "../catalog.json",
      "type": "application/json"
    }
  ],
  "extent": {
    "spatial": {
      "bbox": [
        [
          8.512455675561737,
          47.416210134431864,
          8.512752502752251,
          47.416345967811246
        ]
      ]
    },
    "temporal": {
      "interval": [
        [
          "2025-01-31T23:45:29.604385Z",
          "2025-03-20T09:21:11.427639Z"
        ]
      ]
    }
  },
  "license": "proprietary"
}