{
  "type": "Feature",
  "stac_version": "1.0.0",
  "id": "898e3d67-f6b1-418f-94e1-2a1e6b34d99a",
  "properties": {
    "title": "Groundwork campaign labels",
    "description": "Labels created from a Groundwork campaign!",
    "label:description": "Labels for project {9E160ABC-BE89-414E-9355-A5BF16C829A5}_tile_1",
    "label:type": "vector",
    "label:properties": [
      "default"
    ],
    "label:classes": [
      {
        "classes": [
          "Pavement_distress",
          "Shadows"
        ],
        "name": "default"
      }
    ],
    "label:tasks": [
      "detection"
    ],
    "datetime": "2025-03-20T09:21:10.604788Z"
  },
  "geometry": {
    "type": "Polygon",
    "coordinates": [
      [
        [
          8.508495465836218,
          47.324683944219096
        ],
        [
          8.508498026666341,
          47.32481165267328
        ],
        [
          8.507908103578167,
          47.32481712005376
        ],
        [
          8.507905544160918,
          47.32468941158662
        ],
        [
          8.508495465836218,
          47.324683944219096
        ]
      ]
    ]
  },
  "links": [
    {
      "rel": "source",
      "href": "../202dd580-963a-40f3-8fd0-6e2a4ea7e290/202dd580-963a-40f3-8fd0-6e2a4ea7e290.json",
      "type": "application/json"
    },
    {
      "rel": "root",
      "href": "../../catalog.json",
      "type": "application/json"
    },
    {
      "rel": "collection",
      "href": "../collection.json",
      "type": "application/json"
    },
    {
      "rel": "parent",
      "href": "../collection.json",
      "type": "application/json"
    }
  ],
  "assets": {
    "labels": {
      "href": "./labels.geojson",
      "type": "application/geo+json"
    }
  },
  "bbox": [
    8.507905544160918,
    47.324683944219096,
    8.508498026666341,
    47.32481712005376
  ],
  "stac_extensions": [
    "https://stac-extensions.github.io/label/v1.0.1/schema.json"
  ],
  "collection": "87ea8a10-00c6-4be2-97d4-aa5519c88264"
}