{
  "type": "Collection",
  "id": "09267e39-6c06-4973-bbd8-141251171172",
  "stac_version": "1.0.0",
  "description": "9633_tile_2",
  "links": [
    {
      "rel": "root",
      "href": "../catalog.json",
      "type": "application/json"
    },
    {
      "rel": "item",
      "href": "./d4477624-6e3a-40c8-89b7-2b21f1d274ee/d4477624-6e3a-40c8-89b7-2b21f1d274ee.json",
      "type": "application/json"
    },
    {
      "rel": "item",
      "href": "./00427772-49f0-41ee-a86d-951fdb70e901/00427772-49f0-41ee-a86d-951fdb70e901.json",
      "type": "application/json"
    },
    {
      "rel": "parent",
      "href": "../catalog.json",
      "type": "application/json"
    }
  ],
  "extent": {
    "spatial": {
      "bbox": [
        [
          8.536532771830913,
          47.365637443032234,
          8.537219997344586,
          47.36610434982261
        ]
      ]
    },
    "temporal": {
      "interval": [
        [
          "2025-05-06T07:10:42.614371Z",
          "2025-05-07T19:01:57.456914Z"
        ]
      ]
    }
  },
  "license": "proprietary"
}