{
  "type": "Feature",
  "stac_version": "1.0.0",
  "id": "27a21215-bf68-4098-86d4-47e3db85a7f0",
  "properties": {
    "title": "Groundwork campaign labels",
    "description": "Labels created from a Groundwork campaign!",
    "label:description": "Labels for project 16056_tile_1",
    "label:type": "vector",
    "label:properties": [
      "default"
    ],
    "label:classes": [
      {
        "classes": [
          "Pavement_distress",
          "non_pavement_distress"
        ],
        "name": "default"
      }
    ],
    "label:tasks": [
      "detection"
    ],
    "datetime": "2025-05-07T19:01:11.263872Z"
  },
  "geometry": {
    "type": "Polygon",
    "coordinates": [
      [
        [
          8.473252456821617,
          47.38826861723458
        ],
        [
          8.47326139661437,
          47.388729081152036
        ],
        [
          8.472583358451663,
          47.3887351503355
        ],
        [
          8.47257442452132,
          47.38827468636608
        ],
        [
          8.473252456821617,
          47.38826861723458
        ]
      ]
    ]
  },
  "links": [
    {
      "rel": "source",
      "href": "../b7318f08-c96a-4917-94d3-a12731546dc7/b7318f08-c96a-4917-94d3-a12731546dc7.json",
      "type": "application/json"
    },
    {
      "rel": "root",
      "href": "../../catalog.json",
      "type": "application/json"
    },
    {
      "rel": "collection",
      "href": "../collection.json",
      "type": "application/json"
    },
    {
      "rel": "parent",
      "href": "../collection.json",
      "type": "application/json"
    }
  ],
  "assets": {
    "labels": {
      "href": "./labels.geojson",
      "type": "application/geo+json"
    }
  },
  "bbox": [
    8.47257442452132,
    47.38826861723458,
    8.47326139661437,
    47.3887351503355
  ],
  "stac_extensions": [
    "https://stac-extensions.github.io/label/v1.0.1/schema.json"
  ],
  "collection": "62b9662e-0689-4d91-a09f-23958c4c4f5c"
}