{
  "type": "Collection",
  "id": "85ceffae-b891-4b09-b8d0-361e8a5bb4f4",
  "stac_version": "1.0.0",
  "description": "4728_tile_0",
  "links": [
    {
      "rel": "root",
      "href": "../catalog.json",
      "type": "application/json"
    },
    {
      "rel": "item",
      "href": "./6f937332-4719-4393-ab85-152067e60696/6f937332-4719-4393-ab85-152067e60696.json",
      "type": "application/json"
    },
    {
      "rel": "item",
      "href": "./d3621852-d72e-4786-acfa-a305071ccaa6/d3621852-d72e-4786-acfa-a305071ccaa6.json",
      "type": "application/json"
    },
    {
      "rel": "parent",
      "href": "../catalog.json",
      "type": "application/json"
    }
  ],
  "extent": {
    "spatial": {
      "bbox": [
        [
          8.573398139928397,
          47.37257869698592,
          8.574085769144729,
          47.37304581619576
        ]
      ]
    },
    "temporal": {
      "interval": [
        [
          "2025-04-02T11:45:11.138909Z",
          "2025-04-28T08:57:09.019028Z"
        ]
      ]
    }
  },
  "license": "proprietary"
}