{
  "type": "Feature",
  "stac_version": "1.0.0",
  "id": "93641b6d-f5d4-4634-8340-759bf03ac14d",
  "properties": {
    "title": "Groundwork campaign labels",
    "description": "Labels created from a Groundwork campaign!",
    "label:description": "Labels for project 7541_tile_2",
    "label:type": "vector",
    "label:properties": [
      "default"
    ],
    "label:classes": [
      {
        "classes": [
          "Pavement Distress",
          "Non-Pavement Distress"
        ],
        "name": "default"
      }
    ],
    "label:tasks": [
      "detection"
    ],
    "datetime": "2025-04-28T08:56:54.656305Z"
  },
  "geometry": {
    "type": "Polygon",
    "coordinates": [
      [
        [
          8.51641924895208,
          47.3766508628371
        ],
        [
          8.516428559992518,
          47.37711132496601
        ],
        [
          8.51575067478683,
          47.377117647673195
        ],
        [
          8.515741369606022,
          47.376657185490174
        ],
        [
          8.51641924895208,
          47.3766508628371
        ]
      ]
    ]
  },
  "links": [
    {
      "rel": "source",
      "href": "../8515207a-3e57-4900-8b80-7e7a1c1f949b/8515207a-3e57-4900-8b80-7e7a1c1f949b.json",
      "type": "application/json"
    },
    {
      "rel": "root",
      "href": "../../catalog.json",
      "type": "application/json"
    },
    {
      "rel": "collection",
      "href": "../collection.json",
      "type": "application/json"
    },
    {
      "rel": "parent",
      "href": "../collection.json",
      "type": "application/json"
    }
  ],
  "assets": {
    "labels": {
      "href": "./labels.geojson",
      "type": "application/geo+json"
    }
  },
  "bbox": [
    8.515741369606022,
    47.3766508628371,
    8.516428559992518,
    47.377117647673195
  ],
  "stac_extensions": [
    "https://stac-extensions.github.io/label/v1.0.1/schema.json"
  ],
  "collection": "080288ed-97a7-4c37-b033-1f06f672eab5"
}