{
  "type": "Feature",
  "stac_version": "1.0.0",
  "id": "db2bd134-512a-4e0f-928f-60d5adddcc33",
  "properties": {
    "title": "Groundwork campaign labels",
    "description": "Labels created from a Groundwork campaign!",
    "label:description": "Labels for project 4665_tile_0",
    "label:type": "vector",
    "label:properties": [
      "default"
    ],
    "label:classes": [
      {
        "classes": [
          "Pavement Distress",
          "Non-Pavement Distress"
        ],
        "name": "default"
      }
    ],
    "label:tasks": [
      "detection"
    ],
    "datetime": "2025-04-28T08:57:09.537686Z"
  },
  "geometry": {
    "type": "Polygon",
    "coordinates": [
      [
        [
          8.535039629427104,
          47.35909160072655
        ],
        [
          8.535049098312884,
          47.359552063782296
        ],
        [
          8.534371438769337,
          47.3595584958643
        ],
        [
          8.534361975739223,
          47.35909803275353
        ],
        [
          8.535039629427104,
          47.35909160072655
        ]
      ]
    ]
  },
  "links": [
    {
      "rel": "source",
      "href": "../a68a96e6-7ea7-47e0-97eb-688f80a9da8f/a68a96e6-7ea7-47e0-97eb-688f80a9da8f.json",
      "type": "application/json"
    },
    {
      "rel": "root",
      "href": "../../catalog.json",
      "type": "application/json"
    },
    {
      "rel": "collection",
      "href": "../collection.json",
      "type": "application/json"
    },
    {
      "rel": "parent",
      "href": "../collection.json",
      "type": "application/json"
    }
  ],
  "assets": {
    "labels": {
      "href": "./labels.geojson",
      "type": "application/geo+json"
    }
  },
  "bbox": [
    8.534361975739223,
    47.35909160072655,
    8.535049098312884,
    47.3595584958643
  ],
  "stac_extensions": [
    "https://stac-extensions.github.io/label/v1.0.1/schema.json"
  ],
  "collection": "d9c920ac-a0b2-4edd-8e8b-07e156786eef"
}