{
  "type": "Feature",
  "stac_version": "1.0.0",
  "id": "2861ffd0-2a91-4f94-9b76-73b837d53268",
  "properties": {
    "title": "Groundwork campaign labels",
    "description": "Labels created from a Groundwork campaign!",
    "label:description": "Labels for project {227F517C-479F-403E-BAF2-D15422911328}_tile_0",
    "label:type": "vector",
    "label:properties": [
      "default"
    ],
    "label:classes": [
      {
        "classes": [
          "Pavement_distress",
          "Shadows"
        ],
        "name": "default"
      }
    ],
    "label:tasks": [
      "detection"
    ],
    "datetime": "2025-03-20T09:21:29.418649Z"
  },
  "geometry": {
    "type": "Polygon",
    "coordinates": [
      [
        [
          8.540523364872783,
          47.386021249830016
        ],
        [
          8.540528199796922,
          47.38625507658546
        ],
        [
          8.539871388561185,
          47.38626133886365
        ],
        [
          8.539866556520597,
          47.38602751208098
        ],
        [
          8.540523364872783,
          47.386021249830016
        ]
      ]
    ]
  },
  "links": [
    {
      "rel": "source",
      "href": "../89a77704-775c-4f9e-a676-ce27100dc354/89a77704-775c-4f9e-a676-ce27100dc354.json",
      "type": "application/json"
    },
    {
      "rel": "root",
      "href": "../../catalog.json",
      "type": "application/json"
    },
    {
      "rel": "collection",
      "href": "../collection.json",
      "type": "application/json"
    },
    {
      "rel": "parent",
      "href": "../collection.json",
      "type": "application/json"
    }
  ],
  "assets": {
    "labels": {
      "href": "./labels.geojson",
      "type": "application/geo+json"
    }
  },
  "bbox": [
    8.539866556520597,
    47.386021249830016,
    8.540528199796922,
    47.38626133886365
  ],
  "stac_extensions": [
    "https://stac-extensions.github.io/label/v1.0.1/schema.json"
  ],
  "collection": "109b614c-2a0b-42de-a89d-5e806d9ce84f"
}