{
  "type": "Collection",
  "id": "41ca5336-7182-4770-9dfa-02ad519ecba2",
  "stac_version": "1.0.0",
  "description": "{0AAD9530-FA2E-4441-A1B6-A055D6673346}_tile_0",
  "links": [
    {
      "rel": "root",
      "href": "../catalog.json",
      "type": "application/json"
    },
    {
      "rel": "item",
      "href": "./e1354d6d-d2a9-4580-b1a6-1b5020434918/e1354d6d-d2a9-4580-b1a6-1b5020434918.json",
      "type": "application/json"
    },
    {
      "rel": "item",
      "href": "./78c8e64e-073f-4374-bf2b-057459d24c64/78c8e64e-073f-4374-bf2b-057459d24c64.json",
      "type": "application/json"
    },
    {
      "rel": "parent",
      "href": "../catalog.json",
      "type": "application/json"
    }
  ],
  "extent": {
    "spatial": {
      "bbox": [
        [
          8.553945217828291,
          47.35777542971918,
          8.554412786551445,
          47.35824031530963
        ]
      ]
    },
    "temporal": {
      "interval": [
        [
          "2025-01-31T23:44:22.725318Z",
          "2025-03-20T09:21:26.505361Z"
        ]
      ]
    }
  },
  "license": "proprietary"
}