{
  "type": "Feature",
  "stac_version": "1.0.0",
  "id": "466d0691-8b5b-447b-acac-c3ef7f8292fe",
  "properties": {
    "title": "Groundwork campaign labels",
    "description": "Labels created from a Groundwork campaign!",
    "label:description": "Labels for project {A77E52CA-AC88-41D8-A7F2-2DCB179FF35F}_tile_1",
    "label:type": "vector",
    "label:properties": [
      "default"
    ],
    "label:classes": [
      {
        "classes": [
          "Pavement_distress",
          "Shadows"
        ],
        "name": "default"
      }
    ],
    "label:tasks": [
      "detection"
    ],
    "datetime": "2025-03-20T09:21:29.959262Z"
  },
  "geometry": {
    "type": "Polygon",
    "coordinates": [
      [
        [
          8.57248436481041,
          47.353096279992386
        ],
        [
          8.572494156212478,
          47.35355674073208
        ],
        [
          8.57198067864045,
          47.353561782059515
        ],
        [
          8.571970891674727,
          47.35310132127675
        ],
        [
          8.57248436481041,
          47.353096279992386
        ]
      ]
    ]
  },
  "links": [
    {
      "rel": "source",
      "href": "../2dd13613-87a8-4c9f-a570-9ab0b7fcebb4/2dd13613-87a8-4c9f-a570-9ab0b7fcebb4.json",
      "type": "application/json"
    },
    {
      "rel": "root",
      "href": "../../catalog.json",
      "type": "application/json"
    },
    {
      "rel": "collection",
      "href": "../collection.json",
      "type": "application/json"
    },
    {
      "rel": "parent",
      "href": "../collection.json",
      "type": "application/json"
    }
  ],
  "assets": {
    "labels": {
      "href": "./labels.geojson",
      "type": "application/geo+json"
    }
  },
  "bbox": [
    8.571970891674727,
    47.353096279992386,
    8.572494156212478,
    47.353561782059515
  ],
  "stac_extensions": [
    "https://stac-extensions.github.io/label/v1.0.1/schema.json"
  ],
  "collection": "62def6b5-dd62-48c5-9a08-7c895c4cc771"
}