{
  "type": "Collection",
  "id": "9fceed51-6a00-4392-8437-7a0a5ad54a2e",
  "stac_version": "1.0.0",
  "description": "14886_tile_0",
  "links": [
    {
      "rel": "root",
      "href": "../catalog.json",
      "type": "application/json"
    },
    {
      "rel": "item",
      "href": "./87b12829-b8e0-4f48-8d40-901065429d34/87b12829-b8e0-4f48-8d40-901065429d34.json",
      "type": "application/json"
    },
    {
      "rel": "item",
      "href": "./63510223-8fc6-4cdf-81f7-28c296d02371/63510223-8fc6-4cdf-81f7-28c296d02371.json",
      "type": "application/json"
    },
    {
      "rel": "parent",
      "href": "../catalog.json",
      "type": "application/json"
    }
  ],
  "extent": {
    "spatial": {
      "bbox": [
        [
          8.509000299405129,
          47.37555949058338,
          8.509687418231211,
          47.37602623653094
        ]
      ]
    },
    "temporal": {
      "interval": [
        [
          "2025-04-02T11:48:51.251603Z",
          "2025-04-28T08:56:13.888995Z"
        ]
      ]
    }
  },
  "license": "proprietary"
}