{
  "type": "Collection",
  "id": "0e8ec1d0-994e-4d29-b08d-b8beafb26e4e",
  "stac_version": "1.0.0",
  "description": "7959_tile_1",
  "links": [
    {
      "rel": "root",
      "href": "../catalog.json",
      "type": "application/json"
    },
    {
      "rel": "item",
      "href": "./f4b9ab35-cd98-4bfc-b42b-a4f94dc09c59/f4b9ab35-cd98-4bfc-b42b-a4f94dc09c59.json",
      "type": "application/json"
    },
    {
      "rel": "item",
      "href": "./d4217231-83a2-492c-b4e7-c0c565560b11/d4217231-83a2-492c-b4e7-c0c565560b11.json",
      "type": "application/json"
    },
    {
      "rel": "parent",
      "href": "../catalog.json",
      "type": "application/json"
    }
  ],
  "extent": {
    "spatial": {
      "bbox": [
        [
          8.486174869769608,
          47.37393387469919,
          8.48686177296848,
          47.374400488649215
        ]
      ]
    },
    "temporal": {
      "interval": [
        [
          "2025-05-06T07:09:55.365768Z",
          "2025-05-07T19:02:10.041864Z"
        ]
      ]
    }
  },
  "license": "proprietary"
}