{
  "type": "Feature",
  "stac_version": "1.0.0",
  "id": "49e5feed-8e8c-45b1-b30d-75a56881cf5a",
  "properties": {
    "title": "Groundwork campaign labels",
    "description": "Labels created from a Groundwork campaign!",
    "label:description": "Labels for project 6829_tile_0",
    "label:type": "vector",
    "label:properties": [
      "default"
    ],
    "label:classes": [
      {
        "classes": [
          "Pavement Distress",
          "Non-Pavement Distress"
        ],
        "name": "default"
      }
    ],
    "label:tasks": [
      "detection"
    ],
    "datetime": "2025-04-28T08:56:58.237904Z"
  },
  "geometry": {
    "type": "Polygon",
    "coordinates": [
      [
        [
          8.539400455487698,
          47.368784686605224
        ],
        [
          8.539409963803196,
          47.369245147952626
        ],
        [
          8.53873218147633,
          47.3692516056322
        ],
        [
          8.53872267901861,
          47.368791144229604
        ],
        [
          8.539400455487698,
          47.368784686605224
        ]
      ]
    ]
  },
  "links": [
    {
      "rel": "source",
      "href": "../f7a2abf5-e48f-41c6-9815-d0430c7b48f6/f7a2abf5-e48f-41c6-9815-d0430c7b48f6.json",
      "type": "application/json"
    },
    {
      "rel": "root",
      "href": "../../catalog.json",
      "type": "application/json"
    },
    {
      "rel": "collection",
      "href": "../collection.json",
      "type": "application/json"
    },
    {
      "rel": "parent",
      "href": "../collection.json",
      "type": "application/json"
    }
  ],
  "assets": {
    "labels": {
      "href": "./labels.geojson",
      "type": "application/geo+json"
    }
  },
  "bbox": [
    8.53872267901861,
    47.368784686605224,
    8.539409963803196,
    47.3692516056322
  ],
  "stac_extensions": [
    "https://stac-extensions.github.io/label/v1.0.1/schema.json"
  ],
  "collection": "6bef184f-389c-47a3-9f25-085e4e0c11d5"
}