{
  "type": "Collection",
  "id": "7f35dc2b-0ec0-447e-a2d3-2e46d43ac342",
  "stac_version": "1.0.0",
  "description": "{2AA259B6-938D-45F9-82FD-611DEBAE24F6}_tile_5",
  "links": [
    {
      "rel": "root",
      "href": "../catalog.json",
      "type": "application/json"
    },
    {
      "rel": "item",
      "href": "./06fc2930-413d-4d36-b641-dbde8de8c4d2/06fc2930-413d-4d36-b641-dbde8de8c4d2.json",
      "type": "application/json"
    },
    {
      "rel": "item",
      "href": "./334de287-be4d-4543-8387-630d5960db50/334de287-be4d-4543-8387-630d5960db50.json",
      "type": "application/json"
    },
    {
      "rel": "parent",
      "href": "../catalog.json",
      "type": "application/json"
    }
  ],
  "extent": {
    "spatial": {
      "bbox": [
        [
          8.505456254512277,
          47.38221837402868,
          8.506103372512323,
          47.38233764728995
        ]
      ]
    },
    "temporal": {
      "interval": [
        [
          "2025-01-31T23:46:32.359363Z",
          "2025-03-20T09:20:56.981657Z"
        ]
      ]
    }
  },
  "license": "proprietary"
}