{
  "type": "Collection",
  "id": "d010e95a-3f69-4819-b24a-5bfaf9693f11",
  "stac_version": "1.0.0",
  "description": "3415_tile_1",
  "links": [
    {
      "rel": "root",
      "href": "../catalog.json",
      "type": "application/json"
    },
    {
      "rel": "item",
      "href": "./b41fcd0e-2770-4638-ae88-6257a97db18a/b41fcd0e-2770-4638-ae88-6257a97db18a.json",
      "type": "application/json"
    },
    {
      "rel": "item",
      "href": "./2d8e3d12-9ab9-4615-b1a7-b3e7c53da7da/2d8e3d12-9ab9-4615-b1a7-b3e7c53da7da.json",
      "type": "application/json"
    },
    {
      "rel": "parent",
      "href": "../catalog.json",
      "type": "application/json"
    }
  ],
  "extent": {
    "spatial": {
      "bbox": [
        [
          8.521558606017718,
          47.37325565687101,
          8.522245802190294,
          47.37372247587811
        ]
      ]
    },
    "temporal": {
      "interval": [
        [
          "2025-05-06T07:08:23.589078Z",
          "2025-05-07T19:02:30.451672Z"
        ]
      ]
    }
  },
  "license": "proprietary"
}