{
  "type": "Collection",
  "id": "dd6e88d1-508e-44e2-9855-d86e8521f0a6",
  "stac_version": "1.0.0",
  "description": "15964_tile_2",
  "links": [
    {
      "rel": "root",
      "href": "../catalog.json",
      "type": "application/json"
    },
    {
      "rel": "item",
      "href": "./59c30fa0-15fa-497e-9abe-5069c056fa8b/59c30fa0-15fa-497e-9abe-5069c056fa8b.json",
      "type": "application/json"
    },
    {
      "rel": "item",
      "href": "./08f151e7-dd02-4500-a9bc-824768b8161c/08f151e7-dd02-4500-a9bc-824768b8161c.json",
      "type": "application/json"
    },
    {
      "rel": "parent",
      "href": "../catalog.json",
      "type": "application/json"
    }
  ],
  "extent": {
    "spatial": {
      "bbox": [
        [
          8.539681182326369,
          47.3867927968564,
          8.540368707732238,
          47.38725971887258
        ]
      ]
    },
    "temporal": {
      "interval": [
        [
          "2025-05-06T07:13:46.855635Z",
          "2025-05-07T19:01:11.645534Z"
        ]
      ]
    }
  },
  "license": "proprietary"
}