{
  "type": "Feature",
  "stac_version": "1.0.0",
  "id": "3d546795-6a6f-4e82-91f9-e353dff9504f",
  "properties": {
    "title": "Groundwork campaign labels",
    "description": "Labels created from a Groundwork campaign!",
    "label:description": "Labels for project 15754_tile_3",
    "label:type": "vector",
    "label:properties": [
      "default"
    ],
    "label:classes": [
      {
        "classes": [
          "Pavement_distress",
          "non_pavement_distress"
        ],
        "name": "default"
      }
    ],
    "label:tasks": [
      "detection"
    ],
    "datetime": "2025-05-07T19:01:13.475179Z"
  },
  "geometry": {
    "type": "Polygon",
    "coordinates": [
      [
        [
          8.513852017575388,
          47.41743849731503
        ],
        [
          8.513861313585089,
          47.41789895379366
        ],
        [
          8.513182908522468,
          47.41790526137327
        ],
        [
          8.513173618381428,
          47.4174448048406
        ],
        [
          8.513852017575388,
          47.41743849731503
        ]
      ]
    ]
  },
  "links": [
    {
      "rel": "source",
      "href": "../c634bdce-4846-41d2-a854-6fd2738949dc/c634bdce-4846-41d2-a854-6fd2738949dc.json",
      "type": "application/json"
    },
    {
      "rel": "root",
      "href": "../../catalog.json",
      "type": "application/json"
    },
    {
      "rel": "collection",
      "href": "../collection.json",
      "type": "application/json"
    },
    {
      "rel": "parent",
      "href": "../collection.json",
      "type": "application/json"
    }
  ],
  "assets": {
    "labels": {
      "href": "./labels.geojson",
      "type": "application/geo+json"
    }
  },
  "bbox": [
    8.513173618381428,
    47.41743849731503,
    8.513861313585089,
    47.41790526137327
  ],
  "stac_extensions": [
    "https://stac-extensions.github.io/label/v1.0.1/schema.json"
  ],
  "collection": "5a7ae40c-8afd-4922-8aae-b289fb0a8c40"
}