{
  "type": "Feature",
  "stac_version": "1.0.0",
  "id": "1656413e-f265-4024-9fd0-727038ee7543",
  "properties": {
    "title": "Groundwork campaign labels",
    "description": "Labels created from a Groundwork campaign!",
    "label:description": "Labels for project 1763_tile_1",
    "label:type": "vector",
    "label:properties": [
      "default"
    ],
    "label:classes": [
      {
        "classes": [
          "Pavement_distress",
          "non_pavement_distress"
        ],
        "name": "default"
      }
    ],
    "label:tasks": [
      "detection"
    ],
    "datetime": "2025-05-07T19:02:39.107555Z"
  },
  "geometry": {
    "type": "Polygon",
    "coordinates": [
      [
        [
          8.563981047008582,
          47.40972485119577
        ],
        [
          8.563990775330607,
          47.41018530464474
        ],
        [
          8.56331247470359,
          47.41019190662548
        ],
        [
          8.56330275224826,
          47.40973145311998
        ],
        [
          8.563981047008582,
          47.40972485119577
        ]
      ]
    ]
  },
  "links": [
    {
      "rel": "source",
      "href": "../8a755b4e-0cce-42ca-8d09-3d3f78bca538/8a755b4e-0cce-42ca-8d09-3d3f78bca538.json",
      "type": "application/json"
    },
    {
      "rel": "root",
      "href": "../../catalog.json",
      "type": "application/json"
    },
    {
      "rel": "collection",
      "href": "../collection.json",
      "type": "application/json"
    },
    {
      "rel": "parent",
      "href": "../collection.json",
      "type": "application/json"
    }
  ],
  "assets": {
    "labels": {
      "href": "./labels.geojson",
      "type": "application/geo+json"
    }
  },
  "bbox": [
    8.56330275224826,
    47.40972485119577,
    8.563990775330607,
    47.41019190662548
  ],
  "stac_extensions": [
    "https://stac-extensions.github.io/label/v1.0.1/schema.json"
  ],
  "collection": "e82c893a-035e-4643-98ab-4bdff4805a3a"
}