{
  "type": "Collection",
  "id": "50b37936-b1b0-484b-8403-9d8ef61e38ed",
  "stac_version": "1.0.0",
  "description": "10111_tile_0",
  "links": [
    {
      "rel": "root",
      "href": "../catalog.json",
      "type": "application/json"
    },
    {
      "rel": "item",
      "href": "./902884c8-ad94-4be9-a1b0-93f079d555a6/902884c8-ad94-4be9-a1b0-93f079d555a6.json",
      "type": "application/json"
    },
    {
      "rel": "item",
      "href": "./0dcc2606-980c-40c2-8eea-28db84a72f38/0dcc2606-980c-40c2-8eea-28db84a72f38.json",
      "type": "application/json"
    },
    {
      "rel": "parent",
      "href": "../catalog.json",
      "type": "application/json"
    }
  ],
  "extent": {
    "spatial": {
      "bbox": [
        [
          8.549410429072692,
          47.36090869361443,
          8.550097703309463,
          47.36137567562307
        ]
      ]
    },
    "temporal": {
      "interval": [
        [
          "2025-04-02T11:46:52.554135Z",
          "2025-04-28T08:56:39.654548Z"
        ]
      ]
    }
  },
  "license": "proprietary"
}