{
  "type": "Feature",
  "stac_version": "1.0.0",
  "id": "e9855263-edb1-4015-a53e-bd9323f31ee9",
  "properties": {
    "title": "Groundwork campaign labels",
    "description": "Labels created from a Groundwork campaign!",
    "label:description": "Labels for project 2076_tile_1",
    "label:type": "vector",
    "label:properties": [
      "default"
    ],
    "label:classes": [
      {
        "classes": [
          "Pavement Distress",
          "Non-Pavement Distress"
        ],
        "name": "default"
      }
    ],
    "label:tasks": [
      "detection"
    ],
    "datetime": "2025-04-28T08:57:22.653307Z"
  },
  "geometry": {
    "type": "Polygon",
    "coordinates": [
      [
        [
          8.48134293912965,
          47.41231772523005
        ],
        [
          8.481351952983811,
          47.412778185050556
        ],
        [
          8.480673609375073,
          47.41278430171875
        ],
        [
          8.4806646013886,
          47.412323841845904
        ],
        [
          8.48134293912965,
          47.41231772523005
        ]
      ]
    ]
  },
  "links": [
    {
      "rel": "source",
      "href": "../294600f7-f772-4ba2-b340-b8bb9db2f456/294600f7-f772-4ba2-b340-b8bb9db2f456.json",
      "type": "application/json"
    },
    {
      "rel": "root",
      "href": "../../catalog.json",
      "type": "application/json"
    },
    {
      "rel": "collection",
      "href": "../collection.json",
      "type": "application/json"
    },
    {
      "rel": "parent",
      "href": "../collection.json",
      "type": "application/json"
    }
  ],
  "assets": {
    "labels": {
      "href": "./labels.geojson",
      "type": "application/geo+json"
    }
  },
  "bbox": [
    8.4806646013886,
    47.41231772523005,
    8.481351952983811,
    47.41278430171875
  ],
  "stac_extensions": [
    "https://stac-extensions.github.io/label/v1.0.1/schema.json"
  ],
  "collection": "8ad6f79d-7165-4a17-99ea-c9c8269edf7b"
}