{
  "type": "Collection",
  "id": "dc3848c9-cd71-4c6f-93a3-793b95bb4853",
  "stac_version": "1.0.0",
  "description": "12709_tile_1",
  "links": [
    {
      "rel": "root",
      "href": "../catalog.json",
      "type": "application/json"
    },
    {
      "rel": "item",
      "href": "./0cfdc9e9-d13a-432c-8fef-8bce197872f7/0cfdc9e9-d13a-432c-8fef-8bce197872f7.json",
      "type": "application/json"
    },
    {
      "rel": "item",
      "href": "./ff7cfffe-ffb5-4cbd-b37c-5db65db3414a/ff7cfffe-ffb5-4cbd-b37c-5db65db3414a.json",
      "type": "application/json"
    },
    {
      "rel": "parent",
      "href": "../catalog.json",
      "type": "application/json"
    }
  ],
  "extent": {
    "spatial": {
      "bbox": [
        [
          8.532102557832115,
          47.41403708251914,
          8.532790370572004,
          47.41450395669593
        ]
      ]
    },
    "temporal": {
      "interval": [
        [
          "2025-05-06T07:12:20.857672Z",
          "2025-05-07T19:01:33.264511Z"
        ]
      ]
    }
  },
  "license": "proprietary"
}