{
  "type": "Feature",
  "stac_version": "1.0.0",
  "id": "d6217bdd-7a82-4703-8682-c44c7e2da1a7",
  "properties": {
    "title": "Groundwork campaign labels",
    "description": "Labels created from a Groundwork campaign!",
    "label:description": "Labels for project 11675_tile_1",
    "label:type": "vector",
    "label:properties": [
      "default"
    ],
    "label:classes": [
      {
        "classes": [
          "Pavement_distress",
          "non_pavement_distress"
        ],
        "name": "default"
      }
    ],
    "label:tasks": [
      "detection"
    ],
    "datetime": "2025-05-07T19:01:41.162118Z"
  },
  "geometry": {
    "type": "Polygon",
    "coordinates": [
      [
        [
          8.492240666782653,
          47.38960729922722
        ],
        [
          8.492249771009941,
          47.390067761460884
        ],
        [
          8.491571717997449,
          47.390073942156775
        ],
        [
          8.491562619632774,
          47.38961347987023
        ],
        [
          8.492240666782653,
          47.38960729922722
        ]
      ]
    ]
  },
  "links": [
    {
      "rel": "source",
      "href": "../25f35074-9fde-41cf-9e6c-3b3b84846e95/25f35074-9fde-41cf-9e6c-3b3b84846e95.json",
      "type": "application/json"
    },
    {
      "rel": "root",
      "href": "../../catalog.json",
      "type": "application/json"
    },
    {
      "rel": "collection",
      "href": "../collection.json",
      "type": "application/json"
    },
    {
      "rel": "parent",
      "href": "../collection.json",
      "type": "application/json"
    }
  ],
  "assets": {
    "labels": {
      "href": "./labels.geojson",
      "type": "application/geo+json"
    }
  },
  "bbox": [
    8.491562619632774,
    47.38960729922722,
    8.492249771009941,
    47.390073942156775
  ],
  "stac_extensions": [
    "https://stac-extensions.github.io/label/v1.0.1/schema.json"
  ],
  "collection": "ed33a17e-e403-4cd2-a55b-e5c09693f8c8"
}