{
  "type": "Collection",
  "id": "00aac8eb-41ea-4d8d-b5f6-3ba2c146db35",
  "stac_version": "1.0.0",
  "description": "{279979D8-FB2E-4F81-B312-0F213D7C8CB4}_tile_0",
  "links": [
    {
      "rel": "root",
      "href": "../catalog.json",
      "type": "application/json"
    },
    {
      "rel": "item",
      "href": "./c795da61-6e6d-4124-a334-f8033309ea6a/c795da61-6e6d-4124-a334-f8033309ea6a.json",
      "type": "application/json"
    },
    {
      "rel": "item",
      "href": "./0571354a-a4ac-4d78-bd37-4e053b4a5f45/0571354a-a4ac-4d78-bd37-4e053b4a5f45.json",
      "type": "application/json"
    },
    {
      "rel": "parent",
      "href": "../catalog.json",
      "type": "application/json"
    }
  ],
  "extent": {
    "spatial": {
      "bbox": [
        [
          8.553571383855804,
          47.387569506723324,
          8.553724022769758,
          47.38765100409136
        ]
      ]
    },
    "temporal": {
      "interval": [
        [
          "2025-01-31T23:46:11.843434Z",
          "2025-03-20T09:21:01.760973Z"
        ]
      ]
    }
  },
  "license": "proprietary"
}