{
  "type": "Feature",
  "stac_version": "1.0.0",
  "id": "e862992d-e962-4de4-b25d-135247b13e91",
  "properties": {
    "title": "Groundwork campaign labels",
    "description": "Labels created from a Groundwork campaign!",
    "label:description": "Labels for project 16262_tile_3",
    "label:type": "vector",
    "label:properties": [
      "default"
    ],
    "label:classes": [
      {
        "classes": [
          "Pavement Distress",
          "Non-Pavement Distress"
        ],
        "name": "default"
      }
    ],
    "label:tasks": [
      "detection"
    ],
    "datetime": "2025-04-28T08:56:05.968980Z"
  },
  "geometry": {
    "type": "Polygon",
    "coordinates": [
      [
        [
          8.496480435785525,
          47.39687431829738
        ],
        [
          8.496489577933446,
          47.39733477915423
        ],
        [
          8.495811432863002,
          47.39734098474043
        ],
        [
          8.495802296579281,
          47.3968805238305
        ],
        [
          8.496480435785525,
          47.39687431829738
        ]
      ]
    ]
  },
  "links": [
    {
      "rel": "source",
      "href": "../604e2c77-26b8-4fbc-bd0f-fb46c21ed5ac/604e2c77-26b8-4fbc-bd0f-fb46c21ed5ac.json",
      "type": "application/json"
    },
    {
      "rel": "root",
      "href": "../../catalog.json",
      "type": "application/json"
    },
    {
      "rel": "collection",
      "href": "../collection.json",
      "type": "application/json"
    },
    {
      "rel": "parent",
      "href": "../collection.json",
      "type": "application/json"
    }
  ],
  "assets": {
    "labels": {
      "href": "./labels.geojson",
      "type": "application/geo+json"
    }
  },
  "bbox": [
    8.495802296579281,
    47.39687431829738,
    8.496489577933446,
    47.39734098474043
  ],
  "stac_extensions": [
    "https://stac-extensions.github.io/label/v1.0.1/schema.json"
  ],
  "collection": "a6ed525d-f94b-4d82-a801-0b91983af6eb"
}