{
  "type": "Feature",
  "stac_version": "1.0.0",
  "id": "baa1b3d4-97cc-4a78-9270-3da1823135de",
  "properties": {
    "title": "Groundwork campaign labels",
    "description": "Labels created from a Groundwork campaign!",
    "label:description": "Labels for project 11459_tile_0",
    "label:type": "vector",
    "label:properties": [
      "default"
    ],
    "label:classes": [
      {
        "classes": [
          "Pavement Distress",
          "Non-Pavement Distress"
        ],
        "name": "default"
      }
    ],
    "label:tasks": [
      "detection"
    ],
    "datetime": "2025-04-28T08:56:29.708546Z"
  },
  "geometry": {
    "type": "Polygon",
    "coordinates": [
      [
        [
          8.556603963789192,
          47.40320124721478
        ],
        [
          8.556613627100013,
          47.403661702233094
        ],
        [
          8.555935408681053,
          47.403668260899394
        ],
        [
          8.555925751235522,
          47.4032078058249
        ],
        [
          8.556603963789192,
          47.40320124721478
        ]
      ]
    ]
  },
  "links": [
    {
      "rel": "source",
      "href": "../f2b620de-8130-4806-a849-c48038fa5f7f/f2b620de-8130-4806-a849-c48038fa5f7f.json",
      "type": "application/json"
    },
    {
      "rel": "root",
      "href": "../../catalog.json",
      "type": "application/json"
    },
    {
      "rel": "collection",
      "href": "../collection.json",
      "type": "application/json"
    },
    {
      "rel": "parent",
      "href": "../collection.json",
      "type": "application/json"
    }
  ],
  "assets": {
    "labels": {
      "href": "./labels.geojson",
      "type": "application/geo+json"
    }
  },
  "bbox": [
    8.555925751235522,
    47.40320124721478,
    8.556613627100013,
    47.403668260899394
  ],
  "stac_extensions": [
    "https://stac-extensions.github.io/label/v1.0.1/schema.json"
  ],
  "collection": "798b7043-711c-4fa1-8795-4b4b29792af7"
}