{
  "type": "Feature",
  "stac_version": "1.0.0",
  "id": "9a70a4da-8341-4696-9579-58769593a472",
  "properties": {
    "title": "Groundwork campaign labels",
    "description": "Labels created from a Groundwork campaign!",
    "label:description": "Labels for project 8124_tile_1",
    "label:type": "vector",
    "label:properties": [
      "default"
    ],
    "label:classes": [
      {
        "classes": [
          "Pavement Distress",
          "Non-Pavement Distress"
        ],
        "name": "default"
      }
    ],
    "label:tasks": [
      "detection"
    ],
    "datetime": "2025-04-28T08:56:51.070015Z"
  },
  "geometry": {
    "type": "Polygon",
    "coordinates": [
      [
        [
          8.494481617875788,
          47.377163786149346
        ],
        [
          8.494490739337747,
          47.377624249968235
        ],
        [
          8.493812845010742,
          47.37763044384001
        ],
        [
          8.493803729408631,
          47.37716997996813
        ],
        [
          8.494481617875788,
          47.377163786149346
        ]
      ]
    ]
  },
  "links": [
    {
      "rel": "source",
      "href": "../54ed8fec-2420-40eb-9e63-7294222f6760/54ed8fec-2420-40eb-9e63-7294222f6760.json",
      "type": "application/json"
    },
    {
      "rel": "root",
      "href": "../../catalog.json",
      "type": "application/json"
    },
    {
      "rel": "collection",
      "href": "../collection.json",
      "type": "application/json"
    },
    {
      "rel": "parent",
      "href": "../collection.json",
      "type": "application/json"
    }
  ],
  "assets": {
    "labels": {
      "href": "./labels.geojson",
      "type": "application/geo+json"
    }
  },
  "bbox": [
    8.493803729408631,
    47.377163786149346,
    8.494490739337747,
    47.37763044384001
  ],
  "stac_extensions": [
    "https://stac-extensions.github.io/label/v1.0.1/schema.json"
  ],
  "collection": "e282d492-316c-4ec3-af3e-22d7145448d8"
}