{
  "type": "Catalog",
  "id": "1ce386a6-2a8b-49a3-b233-3a9ada292361",
  "stac_version": "1.0.0",
  "description": "Exported from Groundwork 2025-03-20T09:20:14.412494Z for campaign Distress",
  "links": [
    {
      "rel": "root",
      "href": "./catalog.json",
      "type": "application/json"
    },
    {
      "rel": "child",
      "href": "./20078f08-3479-4666-9e78-9c68d75cef3d/collection.json",
      "type": "application/json"
    },
    {
      "rel": "child",
      "href": "./6967a67b-7e9f-4168-8c32-7dae84d3f7d8/collection.json",
      "type": "application/json"
    },
    {
      "rel": "child",
      "href": "./f9ac0b4c-0932-454c-81a0-87759fdfd5b1/collection.json",
      "type": "application/json"
    },
    {
      "rel": "child",
      "href": "./71d30f80-b88a-46cd-9adb-339b86d7526a/collection.json",
      "type": "application/json"
    },
    {
      "rel": "child",
      "href": "./2b4014f9-0f59-414d-91a0-3c757fa4ca76/collection.json",
      "type": "application/json"
    },
    {
      "rel": "child",
      "href": "./79bc210e-0a3c-418f-af1f-fb6b4b887a73/collection.json",
      "type": "application/json"
    },
    {
      "rel": "child",
      "href": "./1270dac8-7d5c-4c6a-81ae-3264a1d91962/collection.json",
      "type": "application/json"
    },
    {
      "rel": "child",
      "href": "./fe4bbb9b-683c-4584-af9b-8729373190ce/collection.json",
      "type": "application/json"
    },
    {
      "rel": "child",
      "href": "./e630eb6b-8c58-43da-a9a0-139f2fdeaf10/collection.json",
      "type": "application/json"
    },
    {
      "rel": "child",
      "href": "./ed3e2dac-230d-4666-9222-817185f23024/collection.json",
      "type": "application/json"
    },
    {
      "rel": "child",
      "href": "./3396f704-fecb-4b01-9a9f-d4bdaa0779a1/collection.json",
      "type": "application/json"
    },
    {
      "rel": "child",
      "href": "./dbb54fe2-424e-4d19-ba53-63c22936305c/collection.json",
      "type": "application/json"
    },
    {
      "rel": "child",
      "href": "./4f61bb12-4f2b-4b27-9213-e4ac9d7e5f84/collection.json",
      "type": "application/json"
    },
    {
      "rel": "child",
      "href": "./2e99a224-a02b-4756-b4e5-7e8a6bd3bf45/collection.json",
      "type": "application/json"
    },
    {
      "rel": "child",
      "href": "./2e588d0f-9a01-4266-8f19-453cbb7fcd1e/collection.json",
      "type": "application/json"
    },
    {
      "rel": "child",
      "href": "./32189492-d3e8-4f3a-aef5-58cb020f56e5/collection.json",
      "type": "application/json"
    },
    {
      "rel": "child",
      "href": "./89d4f04c-ed27-4353-a5e7-9cc5fac90ad5/collection.json",
      "type": "application/json"
    },
    {
      "rel": "child",
      "href": "./37e5490a-3007-4f55-8ca6-8479de812042/collection.json",
      "type": "application/json"
    },
    {
      "rel": "child",
      "href": "./66dd2c72-1544-475e-803c-103e41731838/collection.json",
      "type": "application/json"
    },
    {
      "rel": "child",
      "href": "./670d06d5-e195-42ce-8fd2-850ccef821f7/collection.json",
      "type": "application/json"
    },
    {
      "rel": "child",
      "href": "./756799f7-12d7-45fd-a293-67d0b023f853/collection.json",
      "type": "application/json"
    },
    {
      "rel": "child",
      "href": "./ab075f4e-f7aa-4d5a-af23-7ed9aeb54679/collection.json",
      "type": "application/json"
    },
    {
      "rel": "child",
      "href": "./1e7c8579-ea3c-486b-a460-a2b89e950027/collection.json",
      "type": "application/json"
    },
    {
      "rel": "child",
      "href": "./bc5f92b3-927b-4b81-9d36-0ebf34c66dfb/collection.json",
      "type": "application/json"
    },
    {
      "rel": "child",
      "href": "./267f4b94-3446-4da0-8666-76acf6a2dfa3/collection.json",
      "type": "application/json"
    },
    {
      "rel": "child",
      "href": "./71c06d77-8532-49cf-aaa4-4a13c054ee15/collection.json",
      "type": "application/json"
    },
    {
      "rel": "child",
      "href": "./d0c88b6b-52a5-440d-b274-4bd6321a95a8/collection.json",
      "type": "application/json"
    },
    {
      "rel": "child",
      "href": "./becbffd9-91da-4d7f-99ec-6d88ba9c9492/collection.json",
      "type": "application/json"
    },
    {
      "rel": "child",
      "href": "./930c3723-6255-4b4e-9e16-6e207eb5fa51/collection.json",
      "type": "application/json"
    },
    {
      "rel": "child",
      "href": "./61c880e7-62a3-4205-9856-80a7e2af07cb/collection.json",
      "type": "application/json"
    },
    {
      "rel": "child",
      "href": "./7946a882-d339-4730-91ce-5afd3ac6989b/collection.json",
      "type": "application/json"
    },
    {
      "rel": "child",
      "href": "./70436ad9-536d-4d48-adb0-a2bb745fafc0/collection.json",
      "type": "application/json"
    },
    {
      "rel": "child",
      "href": "./308e6d05-0c60-4dde-8ef6-ae702efebc98/collection.json",
      "type": "application/json"
    },
    {
      "rel": "child",
      "href": "./50975083-c82e-411c-9453-94e602bccb63/collection.json",
      "type": "application/json"
    },
    {
      "rel": "child",
      "href": "./89088e27-3b3d-4e98-9317-3e8e8afeaf97/collection.json",
      "type": "application/json"
    },
    {
      "rel": "child",
      "href": "./f8265de9-46a8-4e62-9d8e-34806ea3d372/collection.json",
      "type": "application/json"
    },
    {
      "rel": "child",
      "href": "./55998eed-0113-4d96-9b9b-d71801b20eb3/collection.json",
      "type": "application/json"
    },
    {
      "rel": "child",
      "href": "./33d3ac9b-126e-446d-993e-f6fcff8e50e6/collection.json",
      "type": "application/json"
    },
    {
      "rel": "child",
      "href": "./76d06e75-edab-40f0-bab8-c39e5438afd4/collection.json",
      "type": "application/json"
    },
    {
      "rel": "child",
      "href": "./1c248bf5-bd93-4dd0-96f4-48197dd53c93/collection.json",
      "type": "application/json"
    },
    {
      "rel": "child",
      "href": "./d6fd60b2-7151-427d-84d3-cbdb278b514d/collection.json",
      "type": "application/json"
    },
    {
      "rel": "child",
      "href": "./fa057956-aea5-429d-ab3d-65b32dbb8ca7/collection.json",
      "type": "application/json"
    },
    {
      "rel": "child",
      "href": "./15040b1b-98c5-4f47-af9f-404e622a6a04/collection.json",
      "type": "application/json"
    },
    {
      "rel": "child",
      "href": "./bc5bfc17-cf56-471a-84b3-98e09f474fc3/collection.json",
      "type": "application/json"
    },
    {
      "rel": "child",
      "href": "./dd165682-7d30-40e4-bd1b-c59948343e0b/collection.json",
      "type": "application/json"
    },
    {
      "rel": "child",
      "href": "./85dd096f-2819-4559-a0cc-d143290b1753/collection.json",
      "type": "application/json"
    },
    {
      "rel": "child",
      "href": "./324fd9d7-568a-4c52-8283-e34125871aa1/collection.json",
      "type": "application/json"
    },
    {
      "rel": "child",
      "href": "./c9918279-f4ff-4081-85d6-4bdc928d543d/collection.json",
      "type": "application/json"
    },
    {
      "rel": "child",
      "href": "./20693b93-c157-4449-950a-c0a0af31e572/collection.json",
      "type": "application/json"
    },
    {
      "rel": "child",
      "href": "./22c3a7d1-e87c-428d-bf43-a60accf4c27d/collection.json",
      "type": "application/json"
    },
    {
      "rel": "child",
      "href": "./514d85aa-380a-4c40-a28f-2922bdb5ba23/collection.json",
      "type": "application/json"
    },
    {
      "rel": "child",
      "href": "./39ea1845-bbe3-4391-aeae-cfa6a8ca6c15/collection.json",
      "type": "application/json"
    },
    {
      "rel": "child",
      "href": "./d0f3167a-908e-449f-9fe1-1586ba856035/collection.json",
      "type": "application/json"
    },
    {
      "rel": "child",
      "href": "./b804b12c-8382-4a85-97d4-25ca752e0c77/collection.json",
      "type": "application/json"
    },
    {
      "rel": "child",
      "href": "./8f95d2b6-132f-4393-9c61-eaf556d264f3/collection.json",
      "type": "application/json"
    },
    {
      "rel": "child",
      "href": "./d77a9cd4-693f-417c-9a14-8a95955e4a4a/collection.json",
      "type": "application/json"
    },
    {
      "rel": "child",
      "href": "./6291abd4-dd12-49fc-8e1d-5556fc11aa33/collection.json",
      "type": "application/json"
    },
    {
      "rel": "child",
      "href": "./3b379a8f-9314-47eb-a52a-06db3958984f/collection.json",
      "type": "application/json"
    },
    {
      "rel": "child",
      "href": "./129841a7-b5db-4699-bda5-dd692af58b4a/collection.json",
      "type": "application/json"
    },
    {
      "rel": "child",
      "href": "./bee0ef77-9948-4e96-9a8c-01b58e276e0e/collection.json",
      "type": "application/json"
    },
    {
      "rel": "child",
      "href": "./f89d2912-057b-400c-b9e8-41d43e158d70/collection.json",
      "type": "application/json"
    },
    {
      "rel": "child",
      "href": "./a3a14c6d-89c1-4544-9d49-da4513ea6087/collection.json",
      "type": "application/json"
    },
    {
      "rel": "child",
      "href": "./940907ae-40ab-4262-9e47-1f7db8a545bd/collection.json",
      "type": "application/json"
    },
    {
      "rel": "child",
      "href": "./e67c9d55-00d1-4f73-abac-a663998da845/collection.json",
      "type": "application/json"
    },
    {
      "rel": "child",
      "href": "./58874cac-6f79-4316-80fa-1e27d1fdd36b/collection.json",
      "type": "application/json"
    },
    {
      "rel": "child",
      "href": "./6e3dff42-5400-479b-b4fc-0db0e091f1be/collection.json",
      "type": "application/json"
    },
    {
      "rel": "child",
      "href": "./f053d591-8b0b-4bc8-92e3-0e6ea76fef3d/collection.json",
      "type": "application/json"
    },
    {
      "rel": "child",
      "href": "./1f14211a-5475-4b8e-9317-cf5bedfe38b9/collection.json",
      "type": "application/json"
    },
    {
      "rel": "child",
      "href": "./c669e39a-47a2-435d-848b-e51226137d81/collection.json",
      "type": "application/json"
    },
    {
      "rel": "child",
      "href": "./eb276b90-4c77-410d-a646-6abcdc3a7db5/collection.json",
      "type": "application/json"
    },
    {
      "rel": "child",
      "href": "./0ea2424d-36a6-4570-b2e9-24968957d384/collection.json",
      "type": "application/json"
    },
    {
      "rel": "child",
      "href": "./039cc583-561f-4b74-8896-c73b92e52715/collection.json",
      "type": "application/json"
    },
    {
      "rel": "child",
      "href": "./f24b5144-7f59-4f6e-bae5-dac2f4854a28/collection.json",
      "type": "application/json"
    },
    {
      "rel": "child",
      "href": "./6f94b986-efe8-47f1-952b-1bf1199841b7/collection.json",
      "type": "application/json"
    },
    {
      "rel": "child",
      "href": "./71ad82ff-147e-46fa-9036-b087dcb311df/collection.json",
      "type": "application/json"
    },
    {
      "rel": "child",
      "href": "./484674a0-d671-4197-a0b4-c02c90f9de61/collection.json",
      "type": "application/json"
    },
    {
      "rel": "child",
      "href": "./d420872c-5114-44e0-890e-b076f41bb8ae/collection.json",
      "type": "application/json"
    },
    {
      "rel": "child",
      "href": "./a82d80a6-0607-4eda-b8e3-54e12b310565/collection.json",
      "type": "application/json"
    },
    {
      "rel": "child",
      "href": "./27ce2d37-c956-48f1-8759-c3fccfdbad1d/collection.json",
      "type": "application/json"
    },
    {
      "rel": "child",
      "href": "./8bb46d0d-17e4-490a-870b-136a34de4387/collection.json",
      "type": "application/json"
    },
    {
      "rel": "child",
      "href": "./d707557f-7203-4f8f-800d-267698a39ef9/collection.json",
      "type": "application/json"
    },
    {
      "rel": "child",
      "href": "./ca2f59cd-44b3-4ae7-977a-f40ddd0bf307/collection.json",
      "type": "application/json"
    },
    {
      "rel": "child",
      "href": "./5a67a3bb-29b1-406b-b026-24e5e1ddaa37/collection.json",
      "type": "application/json"
    },
    {
      "rel": "child",
      "href": "./a2a8f882-2b3a-451e-9ed9-484f7e1c4f00/collection.json",
      "type": "application/json"
    },
    {
      "rel": "child",
      "href": "./a1b16cdc-f62f-42ed-88d8-5e2d943ae1c4/collection.json",
      "type": "application/json"
    },
    {
      "rel": "child",
      "href": "./379237c6-db0e-4980-89ed-7afa3848c373/collection.json",
      "type": "application/json"
    },
    {
      "rel": "child",
      "href": "./ba0d57c0-3097-4693-beeb-371b4608b76b/collection.json",
      "type": "application/json"
    },
    {
      "rel": "child",
      "href": "./85faec78-e7de-4d8b-a432-2575e1b78a4e/collection.json",
      "type": "application/json"
    },
    {
      "rel": "child",
      "href": "./1af5d2cb-7d7e-4c97-84ee-33f4082c4215/collection.json",
      "type": "application/json"
    },
    {
      "rel": "child",
      "href": "./2d7256b1-b27a-41cb-a30d-10cd180abe36/collection.json",
      "type": "application/json"
    },
    {
      "rel": "child",
      "href": "./5846c4b9-34c3-46d9-83a5-8b31e4b90310/collection.json",
      "type": "application/json"
    },
    {
      "rel": "child",
      "href": "./f98dd190-89f9-4447-8d76-2f0423ff12ae/collection.json",
      "type": "application/json"
    },
    {
      "rel": "child",
      "href": "./84ce1851-c60a-498f-acc7-3959581a351c/collection.json",
      "type": "application/json"
    },
    {
      "rel": "child",
      "href": "./df20fd31-cf2b-4e57-b198-3cfed3d0d852/collection.json",
      "type": "application/json"
    },
    {
      "rel": "child",
      "href": "./afcf7bdc-0421-486b-aaea-5ca025ece52f/collection.json",
      "type": "application/json"
    },
    {
      "rel": "child",
      "href": "./c2696809-24af-412b-a4cd-9e612f2b7d06/collection.json",
      "type": "application/json"
    },
    {
      "rel": "child",
      "href": "./e264bb6b-20b3-4bb7-bd14-b1aa7612f831/collection.json",
      "type": "application/json"
    },
    {
      "rel": "child",
      "href": "./9101e65a-40d9-40c4-a7dd-21aad63c4f2c/collection.json",
      "type": "application/json"
    },
    {
      "rel": "child",
      "href": "./d01b1ae5-5db4-4dbf-b206-bbb1606ed2d5/collection.json",
      "type": "application/json"
    },
    {
      "rel": "child",
      "href": "./e96b5578-3564-48bf-850b-371b34cb63de/collection.json",
      "type": "application/json"
    },
    {
      "rel": "child",
      "href": "./4b1a8cf9-3df4-4209-abdd-9ebec5b47583/collection.json",
      "type": "application/json"
    },
    {
      "rel": "child",
      "href": "./ad7dbb6e-3c4e-4bc9-b7ac-545ebd7e0a81/collection.json",
      "type": "application/json"
    },
    {
      "rel": "child",
      "href": "./c8afc842-9c27-42a4-99ad-f2b63c028ba8/collection.json",
      "type": "application/json"
    },
    {
      "rel": "child",
      "href": "./57109759-377c-4073-a334-8f2399e9638e/collection.json",
      "type": "application/json"
    },
    {
      "rel": "child",
      "href": "./21194c4c-16b7-4e2a-8e72-da1b19f3ed78/collection.json",
      "type": "application/json"
    },
    {
      "rel": "child",
      "href": "./03dfb208-b15b-439f-a56a-b29bb39b9615/collection.json",
      "type": "application/json"
    },
    {
      "rel": "child",
      "href": "./fb40adc7-4309-46d0-a63f-dfb0d2daa4b2/collection.json",
      "type": "application/json"
    },
    {
      "rel": "child",
      "href": "./5155d07a-72a9-4419-93b4-3d6b67246cef/collection.json",
      "type": "application/json"
    },
    {
      "rel": "child",
      "href": "./340f9573-4dd3-4295-b36b-3971de1932e0/collection.json",
      "type": "application/json"
    },
    {
      "rel": "child",
      "href": "./2135cbb0-b816-4b98-a5c7-68f3620af8b6/collection.json",
      "type": "application/json"
    },
    {
      "rel": "child",
      "href": "./10843a0d-0715-4866-9636-016aff3f93c8/collection.json",
      "type": "application/json"
    },
    {
      "rel": "child",
      "href": "./2ca1e4de-4e20-4817-b926-8727cec9394b/collection.json",
      "type": "application/json"
    },
    {
      "rel": "child",
      "href": "./025feee1-c837-4e4a-8699-7747aee49090/collection.json",
      "type": "application/json"
    },
    {
      "rel": "child",
      "href": "./3626c4c3-d829-474e-bd31-448f5e0f592e/collection.json",
      "type": "application/json"
    },
    {
      "rel": "child",
      "href": "./78609cb3-1f7a-4765-b964-17b4e2730036/collection.json",
      "type": "application/json"
    },
    {
      "rel": "child",
      "href": "./daf14928-e0f3-45d5-99ed-f52bf9b5bf94/collection.json",
      "type": "application/json"
    },
    {
      "rel": "child",
      "href": "./3186ae5f-6f0d-4d6f-98f3-cda72eae3384/collection.json",
      "type": "application/json"
    },
    {
      "rel": "child",
      "href": "./903dbaa4-e552-4d91-b7f7-c82053895ce3/collection.json",
      "type": "application/json"
    },
    {
      "rel": "child",
      "href": "./570c69e3-6ccd-494f-8456-23d208266002/collection.json",
      "type": "application/json"
    },
    {
      "rel": "child",
      "href": "./4d46655d-f888-41c4-acf5-b036dee1a8d0/collection.json",
      "type": "application/json"
    },
    {
      "rel": "child",
      "href": "./5799d4a2-21ad-445b-8666-17c482d21436/collection.json",
      "type": "application/json"
    },
    {
      "rel": "child",
      "href": "./ee4fec3f-7e34-4b3a-8fb9-a9137b3d7e7b/collection.json",
      "type": "application/json"
    },
    {
      "rel": "child",
      "href": "./81e3037a-4198-4095-b8d6-f9b88e88716e/collection.json",
      "type": "application/json"
    },
    {
      "rel": "child",
      "href": "./3e36ac44-0c89-49c0-b6db-e7b4454bbdf8/collection.json",
      "type": "application/json"
    },
    {
      "rel": "child",
      "href": "./73e7b5fd-cc87-4301-84d6-381523b02a80/collection.json",
      "type": "application/json"
    },
    {
      "rel": "child",
      "href": "./1ba5de19-5ca7-4e25-98d6-5e2b99bdd850/collection.json",
      "type": "application/json"
    },
    {
      "rel": "child",
      "href": "./8e0d8963-64c5-4621-a443-13abe9d7e673/collection.json",
      "type": "application/json"
    },
    {
      "rel": "child",
      "href": "./c50e6247-3edd-47e8-ab96-50ed48e875ce/collection.json",
      "type": "application/json"
    },
    {
      "rel": "child",
      "href": "./7cd98953-7ea7-44a5-9b3a-9b17fb66711f/collection.json",
      "type": "application/json"
    },
    {
      "rel": "child",
      "href": "./f5e83a6c-24a5-4f43-8d4e-9a6d9bf77dcc/collection.json",
      "type": "application/json"
    },
    {
      "rel": "child",
      "href": "./2ae1f960-e31e-40da-8a42-5d670a9403df/collection.json",
      "type": "application/json"
    },
    {
      "rel": "child",
      "href": "./93563e81-86a4-44ca-811a-1c8c2854debe/collection.json",
      "type": "application/json"
    },
    {
      "rel": "child",
      "href": "./1779cbc0-5318-43b3-accf-c4dcc783488b/collection.json",
      "type": "application/json"
    },
    {
      "rel": "child",
      "href": "./4e6e0319-009c-4e40-875c-ecc1526d1451/collection.json",
      "type": "application/json"
    },
    {
      "rel": "child",
      "href": "./68a20eb7-f424-410d-881a-b888384b5632/collection.json",
      "type": "application/json"
    },
    {
      "rel": "child",
      "href": "./03830cd4-e0f2-4155-83f8-5408cca0c28e/collection.json",
      "type": "application/json"
    },
    {
      "rel": "child",
      "href": "./a2abb7fa-3995-4a63-87c4-aba519daf49f/collection.json",
      "type": "application/json"
    },
    {
      "rel": "child",
      "href": "./34aeef63-ab67-4059-b744-2c4917b0b120/collection.json",
      "type": "application/json"
    },
    {
      "rel": "child",
      "href": "./7f35dc2b-0ec0-447e-a2d3-2e46d43ac342/collection.json",
      "type": "application/json"
    },
    {
      "rel": "child",
      "href": "./9cc95b3a-6a15-466c-ad32-cf052fe46a07/collection.json",
      "type": "application/json"
    },
    {
      "rel": "child",
      "href": "./d20e985e-bbe7-48fb-8718-41d5166eb68b/collection.json",
      "type": "application/json"
    },
    {
      "rel": "child",
      "href": "./46d7af48-fcd2-49d9-b954-73b010ec5d90/collection.json",
      "type": "application/json"
    },
    {
      "rel": "child",
      "href": "./957ba558-a6f0-4ea4-9ef2-3c4d2b921a7d/collection.json",
      "type": "application/json"
    },
    {
      "rel": "child",
      "href": "./331ebcc6-4cf3-4988-9a51-2f8e86621152/collection.json",
      "type": "application/json"
    },
    {
      "rel": "child",
      "href": "./5933c3f5-1a5b-4b11-89d5-b9bfa22885f1/collection.json",
      "type": "application/json"
    },
    {
      "rel": "child",
      "href": "./30a9494d-fab2-4d60-81e5-189f463a080f/collection.json",
      "type": "application/json"
    },
    {
      "rel": "child",
      "href": "./0c132609-87f1-4861-bd8e-2fbc848c2eab/collection.json",
      "type": "application/json"
    },
    {
      "rel": "child",
      "href": "./b3448eb6-f2b6-46d5-bd7d-0c63ba90d833/collection.json",
      "type": "application/json"
    },
    {
      "rel": "child",
      "href": "./795f8b5b-08e9-41e6-9354-c5c9467c152e/collection.json",
      "type": "application/json"
    },
    {
      "rel": "child",
      "href": "./28aff54e-06d6-4569-b67c-93a10cf30b90/collection.json",
      "type": "application/json"
    },
    {
      "rel": "child",
      "href": "./cbf5ca7d-ce45-48ab-b14d-b06bbd86a9bb/collection.json",
      "type": "application/json"
    },
    {
      "rel": "child",
      "href": "./86388440-2c08-4edd-9ab9-da974f196aac/collection.json",
      "type": "application/json"
    },
    {
      "rel": "child",
      "href": "./dad22ddd-ff23-4c6f-a208-1c583d8c4612/collection.json",
      "type": "application/json"
    },
    {
      "rel": "child",
      "href": "./9d62b492-b2d8-4a1d-9365-17b03f9d79d8/collection.json",
      "type": "application/json"
    },
    {
      "rel": "child",
      "href": "./5bc8e7d7-fe22-4e01-9574-65a7ce8b662e/collection.json",
      "type": "application/json"
    },
    {
      "rel": "child",
      "href": "./c588f1c7-e0de-4069-a6d4-1ce76a168ae7/collection.json",
      "type": "application/json"
    },
    {
      "rel": "child",
      "href": "./72b05ecb-fa4e-49da-b26d-43d29e39d3de/collection.json",
      "type": "application/json"
    },
    {
      "rel": "child",
      "href": "./554cbba9-294b-479b-9e74-97949ed612db/collection.json",
      "type": "application/json"
    },
    {
      "rel": "child",
      "href": "./24b4c63f-7214-4239-80b4-e200ddb7a645/collection.json",
      "type": "application/json"
    },
    {
      "rel": "child",
      "href": "./fbdcdec0-c13d-4a5b-aebc-0dd30c8cf9ee/collection.json",
      "type": "application/json"
    },
    {
      "rel": "child",
      "href": "./af09b1fa-03fb-46c2-83cd-0c2d35650818/collection.json",
      "type": "application/json"
    },
    {
      "rel": "child",
      "href": "./5bcca1a0-fcea-4fa2-8892-7e6f36ef43b5/collection.json",
      "type": "application/json"
    },
    {
      "rel": "child",
      "href": "./f62186e4-6519-4b72-9b2e-d359334a5868/collection.json",
      "type": "application/json"
    },
    {
      "rel": "child",
      "href": "./26526290-cba8-4f2a-91d9-7a56209bb37f/collection.json",
      "type": "application/json"
    },
    {
      "rel": "child",
      "href": "./b765cc4a-27a1-4f82-af0c-602aeb5cbe66/collection.json",
      "type": "application/json"
    },
    {
      "rel": "child",
      "href": "./0a230bef-34fb-4656-9adb-397d15e821e5/collection.json",
      "type": "application/json"
    },
    {
      "rel": "child",
      "href": "./b472f78c-9532-4825-98ae-4bd1467ad425/collection.json",
      "type": "application/json"
    },
    {
      "rel": "child",
      "href": "./22af77bd-382e-4053-9e0c-a94813fb5c9e/collection.json",
      "type": "application/json"
    },
    {
      "rel": "child",
      "href": "./0752dbdb-62ec-47eb-95e4-e65c00348394/collection.json",
      "type": "application/json"
    },
    {
      "rel": "child",
      "href": "./b3f3a20e-4cbb-4646-9a51-601057795e0f/collection.json",
      "type": "application/json"
    },
    {
      "rel": "child",
      "href": "./8116c816-042b-4162-b525-8dde2f8b09d8/collection.json",
      "type": "application/json"
    },
    {
      "rel": "child",
      "href": "./99ddc1b2-b77c-473a-80cc-9d89a913c520/collection.json",
      "type": "application/json"
    },
    {
      "rel": "child",
      "href": "./fd64f70b-6807-4b0d-b428-cf7e0d5d4563/collection.json",
      "type": "application/json"
    },
    {
      "rel": "child",
      "href": "./6836c586-de70-4628-81a6-04924fb239d2/collection.json",
      "type": "application/json"
    },
    {
      "rel": "child",
      "href": "./e5dfe518-bb63-42d5-852b-d34372c75a29/collection.json",
      "type": "application/json"
    },
    {
      "rel": "child",
      "href": "./2d2c0f8b-f197-49c7-85f0-6628d6a0aa9d/collection.json",
      "type": "application/json"
    },
    {
      "rel": "child",
      "href": "./5b146353-29bd-4c21-8155-e320b237540f/collection.json",
      "type": "application/json"
    },
    {
      "rel": "child",
      "href": "./860ac9dc-66e3-47e5-8693-66e8cf961122/collection.json",
      "type": "application/json"
    },
    {
      "rel": "child",
      "href": "./c1ff72e2-a8c1-4eed-b099-685d96a8ff3d/collection.json",
      "type": "application/json"
    },
    {
      "rel": "child",
      "href": "./6b83e07b-7615-4b80-acd7-55d1f1f1ae5e/collection.json",
      "type": "application/json"
    },
    {
      "rel": "child",
      "href": "./66c453dd-c779-4462-be36-119c9b789c1c/collection.json",
      "type": "application/json"
    },
    {
      "rel": "child",
      "href": "./67aee7ac-15f2-49d3-835a-39da33953ee4/collection.json",
      "type": "application/json"
    },
    {
      "rel": "child",
      "href": "./9b3b8cfc-af2b-46a6-81fa-33b4b0b75ba8/collection.json",
      "type": "application/json"
    },
    {
      "rel": "child",
      "href": "./edf42554-d91a-4817-9fd4-62045a7cb7b9/collection.json",
      "type": "application/json"
    },
    {
      "rel": "child",
      "href": "./e16cff41-5166-464a-8b12-0fd1895254b9/collection.json",
      "type": "application/json"
    },
    {
      "rel": "child",
      "href": "./05939122-01e4-4175-8275-ff845fb735a0/collection.json",
      "type": "application/json"
    },
    {
      "rel": "child",
      "href": "./5dbad126-f7de-49fa-9804-ac755aab254e/collection.json",
      "type": "application/json"
    },
    {
      "rel": "child",
      "href": "./df7f297d-e97e-4bbc-8df2-a4e8ecb64a83/collection.json",
      "type": "application/json"
    },
    {
      "rel": "child",
      "href": "./32e7320e-a939-4c41-b8b1-9da4f5f5ef9f/collection.json",
      "type": "application/json"
    },
    {
      "rel": "child",
      "href": "./6ebec4bf-4cbc-47e3-97f0-b14f0d087824/collection.json",
      "type": "application/json"
    },
    {
      "rel": "child",
      "href": "./770d62b7-9788-4695-8fce-984ff8423ddc/collection.json",
      "type": "application/json"
    },
    {
      "rel": "child",
      "href": "./5bcf47de-6917-4834-9b6b-273477049885/collection.json",
      "type": "application/json"
    },
    {
      "rel": "child",
      "href": "./8e2abe83-155b-4331-b850-61f2cc5b1efd/collection.json",
      "type": "application/json"
    },
    {
      "rel": "child",
      "href": "./7bf9999e-b6e3-469f-90db-542e59e1d948/collection.json",
      "type": "application/json"
    },
    {
      "rel": "child",
      "href": "./f114a932-a95d-4320-b80f-c0571ab52160/collection.json",
      "type": "application/json"
    },
    {
      "rel": "child",
      "href": "./766b04be-6d83-447c-bc3c-50b17ab77201/collection.json",
      "type": "application/json"
    },
    {
      "rel": "child",
      "href": "./e706c38b-04f3-430f-a9e9-5486ac99cf14/collection.json",
      "type": "application/json"
    },
    {
      "rel": "child",
      "href": "./4cbb6f1d-4e32-4e0e-a8a4-457e284d29bd/collection.json",
      "type": "application/json"
    },
    {
      "rel": "child",
      "href": "./6498a074-5241-4dc8-85b6-015d1b031fa2/collection.json",
      "type": "application/json"
    },
    {
      "rel": "child",
      "href": "./2633c1d1-7494-41c3-89c0-0c27b97f95a5/collection.json",
      "type": "application/json"
    },
    {
      "rel": "child",
      "href": "./0d502ba2-66fd-466f-aeef-1d738a5e390d/collection.json",
      "type": "application/json"
    },
    {
      "rel": "child",
      "href": "./205a2e20-8cd3-4444-ad85-e902b72770a7/collection.json",
      "type": "application/json"
    },
    {
      "rel": "child",
      "href": "./cc993ac0-e6b5-45d3-ab2c-8a8a63d09398/collection.json",
      "type": "application/json"
    },
    {
      "rel": "child",
      "href": "./00aac8eb-41ea-4d8d-b5f6-3ba2c146db35/collection.json",
      "type": "application/json"
    },
    {
      "rel": "child",
      "href": "./26900c5e-5c30-4367-9b3c-e133da9dd9a8/collection.json",
      "type": "application/json"
    },
    {
      "rel": "child",
      "href": "./226d9538-1a60-49e8-9a78-d2a48b69b749/collection.json",
      "type": "application/json"
    },
    {
      "rel": "child",
      "href": "./7ea5eb5f-30a8-426d-b897-60c1b83f3e07/collection.json",
      "type": "application/json"
    },
    {
      "rel": "child",
      "href": "./180daacb-ac7b-4c64-a804-f5cadbb2bd92/collection.json",
      "type": "application/json"
    },
    {
      "rel": "child",
      "href": "./7d9a1848-b607-49c4-8427-9fa5508d03a9/collection.json",
      "type": "application/json"
    },
    {
      "rel": "child",
      "href": "./cbb93fae-702c-4054-a22b-05fdb4aae37b/collection.json",
      "type": "application/json"
    },
    {
      "rel": "child",
      "href": "./ab41369c-cbcd-4c18-9862-9420f56a7e8c/collection.json",
      "type": "application/json"
    },
    {
      "rel": "child",
      "href": "./4019f00a-c235-46fe-a67c-85e174f322b2/collection.json",
      "type": "application/json"
    },
    {
      "rel": "child",
      "href": "./c600e4c3-1f2b-4c6a-a8f2-e8d357edd6b8/collection.json",
      "type": "application/json"
    },
    {
      "rel": "child",
      "href": "./a9da1b37-2788-4269-b084-e098203e9f90/collection.json",
      "type": "application/json"
    },
    {
      "rel": "child",
      "href": "./cfd03712-8eae-4e72-8e1a-b21118286937/collection.json",
      "type": "application/json"
    },
    {
      "rel": "child",
      "href": "./c5a9fbfb-51be-4815-a5b7-fb972b005f53/collection.json",
      "type": "application/json"
    },
    {
      "rel": "child",
      "href": "./44633237-2eac-4e24-96c4-101139c06ffb/collection.json",
      "type": "application/json"
    },
    {
      "rel": "child",
      "href": "./7124b19c-4e05-4b6b-8f5e-6e9c33562b80/collection.json",
      "type": "application/json"
    },
    {
      "rel": "child",
      "href": "./f9abdbb6-7d59-4776-b475-eb69153dde1e/collection.json",
      "type": "application/json"
    },
    {
      "rel": "child",
      "href": "./dcb9a4b2-e30d-4c02-ae1b-be38be685fdd/collection.json",
      "type": "application/json"
    },
    {
      "rel": "child",
      "href": "./2ff85b75-c12c-4abc-b91c-dd293ea9c187/collection.json",
      "type": "application/json"
    },
    {
      "rel": "child",
      "href": "./aca22efe-d3f6-4a2d-b4e8-daa5668183c1/collection.json",
      "type": "application/json"
    },
    {
      "rel": "child",
      "href": "./0c809862-e162-44c0-961b-4edaacf3dd46/collection.json",
      "type": "application/json"
    },
    {
      "rel": "child",
      "href": "./fd5c1de4-b0fc-41a7-a5be-09a92ca0f53f/collection.json",
      "type": "application/json"
    },
    {
      "rel": "child",
      "href": "./d5c42eb9-8ef8-4c3d-b590-66e4fea18024/collection.json",
      "type": "application/json"
    },
    {
      "rel": "child",
      "href": "./6f9161bb-c31f-46a8-b82a-79a378d431ae/collection.json",
      "type": "application/json"
    },
    {
      "rel": "child",
      "href": "./d66c5026-ec2b-4a42-8b2f-66e2c853445b/collection.json",
      "type": "application/json"
    },
    {
      "rel": "child",
      "href": "./20fb6858-bea9-4cad-9a1e-4ce337550356/collection.json",
      "type": "application/json"
    },
    {
      "rel": "child",
      "href": "./08109e07-515f-482c-9ea4-d8779f3cce29/collection.json",
      "type": "application/json"
    },
    {
      "rel": "child",
      "href": "./c5ba3263-54b1-43d1-a256-4e1d8ad3a5e9/collection.json",
      "type": "application/json"
    },
    {
      "rel": "child",
      "href": "./42ce6fd6-4598-45a2-8ef2-307986847508/collection.json",
      "type": "application/json"
    },
    {
      "rel": "child",
      "href": "./28fa8032-717b-44d7-8fc2-383203450ee3/collection.json",
      "type": "application/json"
    },
    {
      "rel": "child",
      "href": "./12105e96-594f-496e-8f86-fbd1e33c7206/collection.json",
      "type": "application/json"
    },
    {
      "rel": "child",
      "href": "./b5630734-435d-4832-8505-738f580fdaee/collection.json",
      "type": "application/json"
    },
    {
      "rel": "child",
      "href": "./113d704a-8c53-49f7-bc61-82e96a4730a1/collection.json",
      "type": "application/json"
    },
    {
      "rel": "child",
      "href": "./102a9f9f-094a-4682-923f-23f9a9272512/collection.json",
      "type": "application/json"
    },
    {
      "rel": "child",
      "href": "./c8ff006f-243c-4ab8-8377-e663aab71155/collection.json",
      "type": "application/json"
    },
    {
      "rel": "child",
      "href": "./1f2207a0-beab-4d8b-8c6f-95eec96faab4/collection.json",
      "type": "application/json"
    },
    {
      "rel": "child",
      "href": "./d29c2717-229b-4327-862f-feda3e61fee3/collection.json",
      "type": "application/json"
    },
    {
      "rel": "child",
      "href": "./90179c7e-e49a-4a7f-971e-40a47f75ec51/collection.json",
      "type": "application/json"
    },
    {
      "rel": "child",
      "href": "./bdc9b953-90c5-44ef-88cf-f50c4d397a2a/collection.json",
      "type": "application/json"
    },
    {
      "rel": "child",
      "href": "./edc591c7-5461-4ca1-ac75-d354da5dc205/collection.json",
      "type": "application/json"
    },
    {
      "rel": "child",
      "href": "./a5bc5a83-894c-4124-aba6-0e82f7293541/collection.json",
      "type": "application/json"
    },
    {
      "rel": "child",
      "href": "./c90407ce-b136-49f1-bf5b-8bfb93040d58/collection.json",
      "type": "application/json"
    },
    {
      "rel": "child",
      "href": "./5819b52c-b057-4835-a3ab-8c44437c856c/collection.json",
      "type": "application/json"
    },
    {
      "rel": "child",
      "href": "./2e8f102d-f1c5-452a-85b1-f6b27ea86feb/collection.json",
      "type": "application/json"
    },
    {
      "rel": "child",
      "href": "./2bb181f0-0c4f-4db6-9457-9ab330832bce/collection.json",
      "type": "application/json"
    },
    {
      "rel": "child",
      "href": "./9aa68c3c-5012-404b-a6f8-63b39ef2a3f0/collection.json",
      "type": "application/json"
    },
    {
      "rel": "child",
      "href": "./0989aba5-8e7a-4ee3-b3be-5781ffe26099/collection.json",
      "type": "application/json"
    },
    {
      "rel": "child",
      "href": "./f65bf0b2-ffb4-42b1-b811-1ed7f0375635/collection.json",
      "type": "application/json"
    },
    {
      "rel": "child",
      "href": "./374c109b-2e4a-4f1e-843a-01d37e37b28a/collection.json",
      "type": "application/json"
    },
    {
      "rel": "child",
      "href": "./bec050df-a126-4867-807b-e97a16e39e24/collection.json",
      "type": "application/json"
    },
    {
      "rel": "child",
      "href": "./af653cef-ac2c-4c9c-93b6-4d813269b8d4/collection.json",
      "type": "application/json"
    },
    {
      "rel": "child",
      "href": "./5b2bc076-d962-4119-8872-a23a5e3cc3c7/collection.json",
      "type": "application/json"
    },
    {
      "rel": "child",
      "href": "./4652ead0-2404-477f-9bc3-70ceb3aecba2/collection.json",
      "type": "application/json"
    },
    {
      "rel": "child",
      "href": "./f1ee0ff8-b2e6-4d4f-835b-72816c9a5e85/collection.json",
      "type": "application/json"
    },
    {
      "rel": "child",
      "href": "./2356c0d0-925e-4aea-bc68-d4485e3747e6/collection.json",
      "type": "application/json"
    },
    {
      "rel": "child",
      "href": "./1f835444-8538-4e53-a0c9-6840d4e024e0/collection.json",
      "type": "application/json"
    },
    {
      "rel": "child",
      "href": "./e4cff90e-63bf-4771-b8af-873e794de53e/collection.json",
      "type": "application/json"
    },
    {
      "rel": "child",
      "href": "./fdb8e433-ad30-4c59-9482-2c67b083be89/collection.json",
      "type": "application/json"
    },
    {
      "rel": "child",
      "href": "./1677a0fb-3506-43ca-935c-cdc092019ad1/collection.json",
      "type": "application/json"
    },
    {
      "rel": "child",
      "href": "./338330f3-7650-4275-b0a9-ceeff2e8c3dc/collection.json",
      "type": "application/json"
    },
    {
      "rel": "child",
      "href": "./b92eef8e-1ab7-46ea-b498-6b2c356656f4/collection.json",
      "type": "application/json"
    },
    {
      "rel": "child",
      "href": "./d671935f-ffb8-4864-bf9f-ed6db7d80854/collection.json",
      "type": "application/json"
    },
    {
      "rel": "child",
      "href": "./ff2d9875-62aa-43e8-a29e-1ab26ccce42b/collection.json",
      "type": "application/json"
    },
    {
      "rel": "child",
      "href": "./4f32c2cc-bd0f-4d72-b14f-2c5a57273c16/collection.json",
      "type": "application/json"
    },
    {
      "rel": "child",
      "href": "./953477ac-13c3-46f9-b777-46914420f892/collection.json",
      "type": "application/json"
    },
    {
      "rel": "child",
      "href": "./0095753e-395f-48b0-8f9c-22fc2b176eff/collection.json",
      "type": "application/json"
    },
    {
      "rel": "child",
      "href": "./6c6e99e8-db02-4f32-846c-3e817136bbe2/collection.json",
      "type": "application/json"
    },
    {
      "rel": "child",
      "href": "./3b5bb8fb-0083-47c5-9986-dba241ca50ae/collection.json",
      "type": "application/json"
    },
    {
      "rel": "child",
      "href": "./e46c9916-55b1-47f1-8628-d20d25b627f8/collection.json",
      "type": "application/json"
    },
    {
      "rel": "child",
      "href": "./fadbcaef-60bf-416e-a3f7-34147c4c500d/collection.json",
      "type": "application/json"
    },
    {
      "rel": "child",
      "href": "./66ca6613-cd05-4372-a176-6d0f70f557d8/collection.json",
      "type": "application/json"
    },
    {
      "rel": "child",
      "href": "./330a8b09-7c90-4da4-9d55-6345d553a132/collection.json",
      "type": "application/json"
    },
    {
      "rel": "child",
      "href": "./3f2500b9-4a4b-4c10-a91a-cfbf984ceb36/collection.json",
      "type": "application/json"
    },
    {
      "rel": "child",
      "href": "./82e0dc30-016b-48e2-84b0-b2bcb448c4fd/collection.json",
      "type": "application/json"
    },
    {
      "rel": "child",
      "href": "./9cfdacff-d425-4aba-9898-971f49547add/collection.json",
      "type": "application/json"
    },
    {
      "rel": "child",
      "href": "./9e40d128-c9ec-45c3-a2b5-08a59baa5479/collection.json",
      "type": "application/json"
    },
    {
      "rel": "child",
      "href": "./b64bba51-64f1-4d67-92a1-bb384818621d/collection.json",
      "type": "application/json"
    },
    {
      "rel": "child",
      "href": "./6cf0b3c3-2f7d-48ad-9b21-5765c1955b8b/collection.json",
      "type": "application/json"
    },
    {
      "rel": "child",
      "href": "./a628c3c0-754b-4e7f-8129-8841b12598f5/collection.json",
      "type": "application/json"
    },
    {
      "rel": "child",
      "href": "./48e15410-fd34-41d8-ba5f-459a3b1aa4ee/collection.json",
      "type": "application/json"
    },
    {
      "rel": "child",
      "href": "./7db7e128-5e8e-4acc-b6c0-e3b575cfc015/collection.json",
      "type": "application/json"
    },
    {
      "rel": "child",
      "href": "./14d36959-cefc-4666-98a3-29b0e1bf6874/collection.json",
      "type": "application/json"
    },
    {
      "rel": "child",
      "href": "./78f8a946-1fb5-4344-acd4-0dd3516f34f1/collection.json",
      "type": "application/json"
    },
    {
      "rel": "child",
      "href": "./cbdf64ac-07bc-4260-8620-7271a0c2c168/collection.json",
      "type": "application/json"
    },
    {
      "rel": "child",
      "href": "./8b792218-118d-4da0-a91b-90b78f6b99a4/collection.json",
      "type": "application/json"
    },
    {
      "rel": "child",
      "href": "./dc93d15f-8791-455e-a6cf-5862aa5acfab/collection.json",
      "type": "application/json"
    },
    {
      "rel": "child",
      "href": "./3d5475c5-92a1-4aa7-8863-9140ba4d8f53/collection.json",
      "type": "application/json"
    },
    {
      "rel": "child",
      "href": "./460fc5a5-59ae-449d-84fe-0936b42c1c08/collection.json",
      "type": "application/json"
    },
    {
      "rel": "child",
      "href": "./3484186c-f79d-47ad-89f9-13ce0f51eeae/collection.json",
      "type": "application/json"
    },
    {
      "rel": "child",
      "href": "./4fb928f6-d6fb-441a-af68-7096c8dc8e60/collection.json",
      "type": "application/json"
    },
    {
      "rel": "child",
      "href": "./942e1f76-659c-42b6-a70a-be9013550284/collection.json",
      "type": "application/json"
    },
    {
      "rel": "child",
      "href": "./1caaa1f5-5822-457a-ad9e-fae37ad58924/collection.json",
      "type": "application/json"
    },
    {
      "rel": "child",
      "href": "./137aba51-3c36-477c-a21b-63262653c00c/collection.json",
      "type": "application/json"
    },
    {
      "rel": "child",
      "href": "./c69c579a-cd8d-49eb-85e9-308557b004e8/collection.json",
      "type": "application/json"
    },
    {
      "rel": "child",
      "href": "./4886e02b-c579-4dfe-807f-7a3c238ba055/collection.json",
      "type": "application/json"
    },
    {
      "rel": "child",
      "href": "./ee55389f-130c-425c-9153-fe11985587fc/collection.json",
      "type": "application/json"
    },
    {
      "rel": "child",
      "href": "./95d066c4-fe74-4ec0-98a1-a541902a1318/collection.json",
      "type": "application/json"
    },
    {
      "rel": "child",
      "href": "./a6118441-8b0f-4cbd-84bb-6f4a80ac0a14/collection.json",
      "type": "application/json"
    },
    {
      "rel": "child",
      "href": "./b6c69366-1321-4ed7-b611-6ce1c8338a12/collection.json",
      "type": "application/json"
    },
    {
      "rel": "child",
      "href": "./9684cc41-e8a8-4703-87f6-1dea627352af/collection.json",
      "type": "application/json"
    },
    {
      "rel": "child",
      "href": "./f09a33da-0da2-416a-a219-ccadae34c856/collection.json",
      "type": "application/json"
    },
    {
      "rel": "child",
      "href": "./35520332-1b44-44a8-ba1d-a480ef545e1a/collection.json",
      "type": "application/json"
    },
    {
      "rel": "child",
      "href": "./de4f3087-a9b5-4f33-adcd-1adb5c16e86c/collection.json",
      "type": "application/json"
    },
    {
      "rel": "child",
      "href": "./69ef5eaf-e764-44fa-956e-b863a0c50fba/collection.json",
      "type": "application/json"
    },
    {
      "rel": "child",
      "href": "./86685e13-558b-410f-b123-d96d41ece8a0/collection.json",
      "type": "application/json"
    },
    {
      "rel": "child",
      "href": "./45146f44-0562-4893-81a4-aa4af7c54166/collection.json",
      "type": "application/json"
    },
    {
      "rel": "child",
      "href": "./10318cb1-1d87-4b8e-b83d-f47e211424f4/collection.json",
      "type": "application/json"
    },
    {
      "rel": "child",
      "href": "./29fcbaf5-99c3-4d54-aece-78ff97e76de5/collection.json",
      "type": "application/json"
    },
    {
      "rel": "child",
      "href": "./3409de95-8b18-423d-8add-d4526f34516c/collection.json",
      "type": "application/json"
    },
    {
      "rel": "child",
      "href": "./707098ca-2572-40fb-b121-6881c01b1c91/collection.json",
      "type": "application/json"
    },
    {
      "rel": "child",
      "href": "./95994b80-0799-4806-8a71-d83cb849449a/collection.json",
      "type": "application/json"
    },
    {
      "rel": "child",
      "href": "./ddaec695-5a66-4a5d-89a9-a128acc0c347/collection.json",
      "type": "application/json"
    },
    {
      "rel": "child",
      "href": "./3ae6758f-efea-4d4e-9024-9049e3bcbc16/collection.json",
      "type": "application/json"
    },
    {
      "rel": "child",
      "href": "./6145fc18-7755-4c9c-9773-12f594359ef6/collection.json",
      "type": "application/json"
    },
    {
      "rel": "child",
      "href": "./37f24fa6-93f5-4e17-8cab-eb5aa0c378c8/collection.json",
      "type": "application/json"
    },
    {
      "rel": "child",
      "href": "./a6c0d5d7-813b-4687-8a1d-6cf248c10e7d/collection.json",
      "type": "application/json"
    },
    {
      "rel": "child",
      "href": "./715a325b-e287-4308-9687-47e9f9b715c1/collection.json",
      "type": "application/json"
    },
    {
      "rel": "child",
      "href": "./f07a8d62-74bf-4bfa-93fc-96188d420219/collection.json",
      "type": "application/json"
    },
    {
      "rel": "child",
      "href": "./d9edfd26-36bd-466b-85e2-c951c2d7f163/collection.json",
      "type": "application/json"
    },
    {
      "rel": "child",
      "href": "./72f165a7-9b60-49e4-a1f4-08736223f495/collection.json",
      "type": "application/json"
    },
    {
      "rel": "child",
      "href": "./d06fdc52-4519-4e2e-b3c3-3a1e2e01a39d/collection.json",
      "type": "application/json"
    },
    {
      "rel": "child",
      "href": "./ebd1f587-1b86-425f-9fab-09282e72978b/collection.json",
      "type": "application/json"
    },
    {
      "rel": "child",
      "href": "./87ea8a10-00c6-4be2-97d4-aa5519c88264/collection.json",
      "type": "application/json"
    },
    {
      "rel": "child",
      "href": "./0c8b6560-645d-45ac-8e20-e1fdc8fb29b8/collection.json",
      "type": "application/json"
    },
    {
      "rel": "child",
      "href": "./2aa5099c-d335-4642-bec8-471ba0f457bf/collection.json",
      "type": "application/json"
    },
    {
      "rel": "child",
      "href": "./b58e896e-63de-46d0-ac72-db6d93bd45fa/collection.json",
      "type": "application/json"
    },
    {
      "rel": "child",
      "href": "./5ad3c0b8-1615-4630-ba92-43e9a937796e/collection.json",
      "type": "application/json"
    },
    {
      "rel": "child",
      "href": "./2f4f8127-633e-4fcd-ada7-e9f87a185c4e/collection.json",
      "type": "application/json"
    },
    {
      "rel": "child",
      "href": "./295bf02d-7cbc-4910-adf7-e322f5a548a1/collection.json",
      "type": "application/json"
    },
    {
      "rel": "child",
      "href": "./60014ae8-f525-4bbe-a62b-6a85ac465006/collection.json",
      "type": "application/json"
    },
    {
      "rel": "child",
      "href": "./d455f600-6243-4be3-ba56-060251050024/collection.json",
      "type": "application/json"
    },
    {
      "rel": "child",
      "href": "./c2cbbefc-4961-4b9f-9c01-b3d69703c501/collection.json",
      "type": "application/json"
    },
    {
      "rel": "child",
      "href": "./7f629011-2e6d-419e-a94e-3e977532ab52/collection.json",
      "type": "application/json"
    },
    {
      "rel": "child",
      "href": "./6f0c84c6-f297-41ae-920e-ffd805553f48/collection.json",
      "type": "application/json"
    },
    {
      "rel": "child",
      "href": "./edb7d625-ee85-4257-ac3d-85eb4158777c/collection.json",
      "type": "application/json"
    },
    {
      "rel": "child",
      "href": "./2c66d04e-d86f-428b-b9d1-0a85e5891b2d/collection.json",
      "type": "application/json"
    },
    {
      "rel": "child",
      "href": "./4ec8cc8a-6e4d-4f31-b7f5-8bca846a55da/collection.json",
      "type": "application/json"
    },
    {
      "rel": "child",
      "href": "./7e7bf70b-93b1-41b1-a02f-ef9f5d27d8f2/collection.json",
      "type": "application/json"
    },
    {
      "rel": "child",
      "href": "./b2b1aab0-b571-4f7c-8c8d-1c90f0f6538a/collection.json",
      "type": "application/json"
    },
    {
      "rel": "child",
      "href": "./908d79f7-644f-401c-89bd-8586ec3c397c/collection.json",
      "type": "application/json"
    },
    {
      "rel": "child",
      "href": "./a8514d12-bc0e-4ced-9ab6-4cc036b7e7f7/collection.json",
      "type": "application/json"
    },
    {
      "rel": "child",
      "href": "./2f59e1e5-f032-482a-8b60-e5da9eb90080/collection.json",
      "type": "application/json"
    },
    {
      "rel": "child",
      "href": "./51c71b82-ee6d-445c-bbce-67395367a544/collection.json",
      "type": "application/json"
    },
    {
      "rel": "child",
      "href": "./d5f87f93-a872-4c39-8366-d1a931bce899/collection.json",
      "type": "application/json"
    },
    {
      "rel": "child",
      "href": "./eb041032-0de4-4151-a91d-3c66ab1b09a1/collection.json",
      "type": "application/json"
    },
    {
      "rel": "child",
      "href": "./dca282ea-7f5d-4b3f-beec-dc8bbd87a274/collection.json",
      "type": "application/json"
    },
    {
      "rel": "child",
      "href": "./932ecda2-6792-4f06-a1d8-a1e5c74a54f2/collection.json",
      "type": "application/json"
    },
    {
      "rel": "child",
      "href": "./65c6c229-4b47-41e9-8777-b31edeb302f0/collection.json",
      "type": "application/json"
    },
    {
      "rel": "child",
      "href": "./ad5e5fb1-67bf-4797-8b02-0e030bbe9ea1/collection.json",
      "type": "application/json"
    },
    {
      "rel": "child",
      "href": "./ef7b739e-85b2-4a35-8857-614b699fb1b1/collection.json",
      "type": "application/json"
    },
    {
      "rel": "child",
      "href": "./d34b6474-a899-4311-b953-4f6531ef2f29/collection.json",
      "type": "application/json"
    },
    {
      "rel": "child",
      "href": "./6434d7e8-66c6-4200-a4ec-b483c7216385/collection.json",
      "type": "application/json"
    },
    {
      "rel": "child",
      "href": "./522197c5-2aa1-4a0e-8b9b-a9dc08be5e32/collection.json",
      "type": "application/json"
    },
    {
      "rel": "child",
      "href": "./44a2940b-31bd-475b-b758-475ad451901b/collection.json",
      "type": "application/json"
    },
    {
      "rel": "child",
      "href": "./1303942b-b299-447b-9b05-9b6a7ebad648/collection.json",
      "type": "application/json"
    },
    {
      "rel": "child",
      "href": "./827d0dfa-b134-4f75-afbd-24366e3687d3/collection.json",
      "type": "application/json"
    },
    {
      "rel": "child",
      "href": "./9669040e-3c4b-441d-9aac-997a0afc99f9/collection.json",
      "type": "application/json"
    },
    {
      "rel": "child",
      "href": "./8504ff23-07ef-4c22-8091-c62ac1ec8bd6/collection.json",
      "type": "application/json"
    },
    {
      "rel": "child",
      "href": "./41cdac6f-1f12-4cf7-af35-4c43f1318788/collection.json",
      "type": "application/json"
    },
    {
      "rel": "child",
      "href": "./95cd266b-9a73-44b9-9469-6ad813ba3147/collection.json",
      "type": "application/json"
    },
    {
      "rel": "child",
      "href": "./b1aeac8d-77a9-4823-be44-1509f256d41e/collection.json",
      "type": "application/json"
    },
    {
      "rel": "child",
      "href": "./9fa43ebf-6886-443c-a201-503d0e8ed851/collection.json",
      "type": "application/json"
    },
    {
      "rel": "child",
      "href": "./e715a065-ab42-4b4e-b1df-e5471ba5e1e2/collection.json",
      "type": "application/json"
    },
    {
      "rel": "child",
      "href": "./c56acb17-2421-494c-8ca2-fbac773d6ca3/collection.json",
      "type": "application/json"
    },
    {
      "rel": "child",
      "href": "./9856f52f-9161-470f-9f6c-765ba4f6e235/collection.json",
      "type": "application/json"
    },
    {
      "rel": "child",
      "href": "./c19848ba-57d1-4ac3-9407-2bc7bd11908a/collection.json",
      "type": "application/json"
    },
    {
      "rel": "child",
      "href": "./3f6e1c06-0b80-431b-8e6b-fd04a2400e32/collection.json",
      "type": "application/json"
    },
    {
      "rel": "child",
      "href": "./970accdc-6336-4c4e-bc40-848f95a25f80/collection.json",
      "type": "application/json"
    },
    {
      "rel": "child",
      "href": "./7317eb58-c536-4c58-8006-209bab8b0387/collection.json",
      "type": "application/json"
    },
    {
      "rel": "child",
      "href": "./49519599-5353-47ea-ac60-18cd7d506241/collection.json",
      "type": "application/json"
    },
    {
      "rel": "child",
      "href": "./0c88e6e8-0630-4bc8-ab28-09c10cce1ab3/collection.json",
      "type": "application/json"
    },
    {
      "rel": "child",
      "href": "./bc630df1-000e-42a2-9a91-14ba158d6e64/collection.json",
      "type": "application/json"
    },
    {
      "rel": "child",
      "href": "./d2585dd7-b4bf-4dfe-a540-3c4ab5d5dd79/collection.json",
      "type": "application/json"
    },
    {
      "rel": "child",
      "href": "./e36718f8-0987-4b74-8bde-d857e0a6ca01/collection.json",
      "type": "application/json"
    },
    {
      "rel": "child",
      "href": "./3d501892-d914-4511-80d4-7651742866c3/collection.json",
      "type": "application/json"
    },
    {
      "rel": "child",
      "href": "./6475513a-1dab-4f70-a1f7-2777cdb184dc/collection.json",
      "type": "application/json"
    },
    {
      "rel": "child",
      "href": "./bbf6da7a-801b-436f-becf-c5dc6942d50b/collection.json",
      "type": "application/json"
    },
    {
      "rel": "child",
      "href": "./d624316f-1ae5-41d9-8638-339df7a9d6a3/collection.json",
      "type": "application/json"
    },
    {
      "rel": "child",
      "href": "./5d845d00-e9f8-47ff-bf2b-1ca364195fd2/collection.json",
      "type": "application/json"
    },
    {
      "rel": "child",
      "href": "./f1680f26-f017-4e5d-a811-f0afbaa56685/collection.json",
      "type": "application/json"
    },
    {
      "rel": "child",
      "href": "./4ae58e34-be62-4eb7-91ac-1aaf5275f44d/collection.json",
      "type": "application/json"
    },
    {
      "rel": "child",
      "href": "./c0b545d3-d5f7-4224-831e-78caf902948f/collection.json",
      "type": "application/json"
    },
    {
      "rel": "child",
      "href": "./20c9fd76-5e63-4f07-95e9-861bc9e0913c/collection.json",
      "type": "application/json"
    },
    {
      "rel": "child",
      "href": "./2b7b6596-4fdc-42a0-ab36-6c1da104123b/collection.json",
      "type": "application/json"
    },
    {
      "rel": "child",
      "href": "./a61304bb-94ba-4532-b807-e4b8d45688a6/collection.json",
      "type": "application/json"
    },
    {
      "rel": "child",
      "href": "./7096b36f-12d8-4644-870e-8763bde0a80d/collection.json",
      "type": "application/json"
    },
    {
      "rel": "child",
      "href": "./7f1a0e94-06b4-41a0-96bc-b3014644eb63/collection.json",
      "type": "application/json"
    },
    {
      "rel": "child",
      "href": "./7e882bd8-0bb5-424a-8f39-377f08400660/collection.json",
      "type": "application/json"
    },
    {
      "rel": "child",
      "href": "./b3ddecc2-8fac-4b5e-9fe3-ac8b0151ed6b/collection.json",
      "type": "application/json"
    },
    {
      "rel": "child",
      "href": "./7ca7697c-69a5-4796-baab-85313e7530ff/collection.json",
      "type": "application/json"
    },
    {
      "rel": "child",
      "href": "./4e4e99f9-e79a-474f-841e-ca57a1aca2d7/collection.json",
      "type": "application/json"
    },
    {
      "rel": "child",
      "href": "./eccbbc0f-af78-4b61-a551-6df54cce89aa/collection.json",
      "type": "application/json"
    },
    {
      "rel": "child",
      "href": "./2561e1c0-c85d-4e28-92f8-e4dba2539588/collection.json",
      "type": "application/json"
    },
    {
      "rel": "child",
      "href": "./16a66d95-fa93-4d3a-bc09-78cf9b217ff2/collection.json",
      "type": "application/json"
    },
    {
      "rel": "child",
      "href": "./81600996-ac40-4254-8d45-7dc1a14d1c7a/collection.json",
      "type": "application/json"
    },
    {
      "rel": "child",
      "href": "./9dfe7c40-9ce8-4af2-bc2d-b3423d6bbb96/collection.json",
      "type": "application/json"
    },
    {
      "rel": "child",
      "href": "./774f8ae3-5b36-410f-a550-10881f4926ca/collection.json",
      "type": "application/json"
    },
    {
      "rel": "child",
      "href": "./9c1f2f7d-902d-4731-8d5d-c8b4703e9189/collection.json",
      "type": "application/json"
    },
    {
      "rel": "child",
      "href": "./315037b4-acbe-49e6-bd95-61681e6ffb5f/collection.json",
      "type": "application/json"
    },
    {
      "rel": "child",
      "href": "./9ca84b58-6ac2-4b22-9afa-5f6f8094fef2/collection.json",
      "type": "application/json"
    },
    {
      "rel": "child",
      "href": "./80bdb116-2409-4e37-a088-a3585f134673/collection.json",
      "type": "application/json"
    },
    {
      "rel": "child",
      "href": "./95bb5d39-31a5-40d9-a13c-2c55c274965d/collection.json",
      "type": "application/json"
    },
    {
      "rel": "child",
      "href": "./a353a215-23e8-40e1-8ca5-2ddf6c16677d/collection.json",
      "type": "application/json"
    },
    {
      "rel": "child",
      "href": "./71d1a548-eb1b-4039-9731-0b94abcd41b6/collection.json",
      "type": "application/json"
    },
    {
      "rel": "child",
      "href": "./afa9028d-57a5-481f-9a82-86da87060ca2/collection.json",
      "type": "application/json"
    },
    {
      "rel": "child",
      "href": "./5d169d0a-7712-4ede-8574-301306bc5efa/collection.json",
      "type": "application/json"
    },
    {
      "rel": "child",
      "href": "./c2f599c7-95b2-4219-ab02-01c5b8184ec7/collection.json",
      "type": "application/json"
    },
    {
      "rel": "child",
      "href": "./35440ddb-fe49-4885-8366-b32361ab2069/collection.json",
      "type": "application/json"
    },
    {
      "rel": "child",
      "href": "./30bbad87-2d94-47c4-9217-37ac619edd2a/collection.json",
      "type": "application/json"
    },
    {
      "rel": "child",
      "href": "./b8c8ab21-81e0-4360-8e83-88c1f65377aa/collection.json",
      "type": "application/json"
    },
    {
      "rel": "child",
      "href": "./5c93d47a-8d3e-4d51-a2f9-b7062b7bbb9a/collection.json",
      "type": "application/json"
    },
    {
      "rel": "child",
      "href": "./875a245f-5920-4890-8904-5275e5cc8bc5/collection.json",
      "type": "application/json"
    },
    {
      "rel": "child",
      "href": "./42fa0265-0cf6-46ad-9f67-0a079e23f3de/collection.json",
      "type": "application/json"
    },
    {
      "rel": "child",
      "href": "./1800852d-5ab3-480b-9b6b-ec3bd9ac442e/collection.json",
      "type": "application/json"
    },
    {
      "rel": "child",
      "href": "./49be00e7-615e-4490-ac96-f7f205fe9936/collection.json",
      "type": "application/json"
    },
    {
      "rel": "child",
      "href": "./dc954268-7f3c-4e32-9d1b-eae456a3315a/collection.json",
      "type": "application/json"
    },
    {
      "rel": "child",
      "href": "./00002d8c-3f2d-41cd-915c-c97c7760aef7/collection.json",
      "type": "application/json"
    },
    {
      "rel": "child",
      "href": "./77314c91-4062-4710-9a14-e0f4efeb1945/collection.json",
      "type": "application/json"
    },
    {
      "rel": "child",
      "href": "./9589c1a0-5dc8-4e6a-b8df-719d4da9c754/collection.json",
      "type": "application/json"
    },
    {
      "rel": "child",
      "href": "./9e54d97a-09f7-46ae-947f-8a4719598198/collection.json",
      "type": "application/json"
    },
    {
      "rel": "child",
      "href": "./8378ddae-9ddf-4b9f-9c60-2db7b413f8f5/collection.json",
      "type": "application/json"
    },
    {
      "rel": "child",
      "href": "./834c88ba-f02f-4f3d-b526-b332f947e88e/collection.json",
      "type": "application/json"
    },
    {
      "rel": "child",
      "href": "./d4149ae6-1ca8-4496-874c-8bd7729bd183/collection.json",
      "type": "application/json"
    },
    {
      "rel": "child",
      "href": "./14369d5f-4bed-4290-a5f5-d1492abb71a3/collection.json",
      "type": "application/json"
    },
    {
      "rel": "child",
      "href": "./b61eb132-8463-4e57-aeb1-99dac92aeb09/collection.json",
      "type": "application/json"
    },
    {
      "rel": "child",
      "href": "./06ee9088-8256-4c06-904d-03fb32242464/collection.json",
      "type": "application/json"
    },
    {
      "rel": "child",
      "href": "./1c275b5d-8c8d-4ab4-a927-03cd26e53928/collection.json",
      "type": "application/json"
    },
    {
      "rel": "child",
      "href": "./3900e287-b6fb-4b00-822d-2da52747e41c/collection.json",
      "type": "application/json"
    },
    {
      "rel": "child",
      "href": "./3e68ece7-01f1-4386-beb0-cd3cf9b18ff6/collection.json",
      "type": "application/json"
    },
    {
      "rel": "child",
      "href": "./06b87ec8-0d49-4a5e-b139-55701341e14f/collection.json",
      "type": "application/json"
    },
    {
      "rel": "child",
      "href": "./94a8109b-bfb4-4a41-aa05-051e387b32ca/collection.json",
      "type": "application/json"
    },
    {
      "rel": "child",
      "href": "./b5e6c641-eb16-49f1-997d-a2dc53f6b2ff/collection.json",
      "type": "application/json"
    },
    {
      "rel": "child",
      "href": "./ff6de03e-c996-428d-a7a2-23bb7c2f83fd/collection.json",
      "type": "application/json"
    },
    {
      "rel": "child",
      "href": "./ec8edb50-a64f-47cc-a446-fc628fec7c86/collection.json",
      "type": "application/json"
    },
    {
      "rel": "child",
      "href": "./6707cbc8-c084-49a2-ac26-c00934af38bb/collection.json",
      "type": "application/json"
    },
    {
      "rel": "child",
      "href": "./2069054b-531c-475f-b3f2-01ef0a0a52eb/collection.json",
      "type": "application/json"
    },
    {
      "rel": "child",
      "href": "./fb8dfcf3-219d-4004-88bf-8a298bfeaa4f/collection.json",
      "type": "application/json"
    },
    {
      "rel": "child",
      "href": "./28e630c9-d051-4c86-b820-043672c9bd24/collection.json",
      "type": "application/json"
    },
    {
      "rel": "child",
      "href": "./270756d7-c740-4971-9ef6-89e779aa656b/collection.json",
      "type": "application/json"
    },
    {
      "rel": "child",
      "href": "./a42162a7-c046-4a8c-b7d5-da40d92a25d6/collection.json",
      "type": "application/json"
    },
    {
      "rel": "child",
      "href": "./8dcb929a-552a-4c78-9859-2d830782b877/collection.json",
      "type": "application/json"
    },
    {
      "rel": "child",
      "href": "./4536df5e-aaa3-4a02-9baf-795c98e0e315/collection.json",
      "type": "application/json"
    },
    {
      "rel": "child",
      "href": "./e26fb8b0-1e7f-4333-a818-4cb72462511a/collection.json",
      "type": "application/json"
    },
    {
      "rel": "child",
      "href": "./2aaca182-bb98-4f48-8bb9-c5be5dc90d68/collection.json",
      "type": "application/json"
    },
    {
      "rel": "child",
      "href": "./689e6a35-ca91-4b08-9d73-1397f4672ce0/collection.json",
      "type": "application/json"
    },
    {
      "rel": "child",
      "href": "./95c23f94-9507-41a3-9ed6-9d0fdcd897d0/collection.json",
      "type": "application/json"
    },
    {
      "rel": "child",
      "href": "./a0f01fa2-70eb-49fd-b367-806b1d62e70d/collection.json",
      "type": "application/json"
    },
    {
      "rel": "child",
      "href": "./cb306009-f672-4f10-983c-66e7e670e9fe/collection.json",
      "type": "application/json"
    },
    {
      "rel": "child",
      "href": "./8ac3f903-2ba7-4ea7-9868-f1b5c56f66f9/collection.json",
      "type": "application/json"
    },
    {
      "rel": "child",
      "href": "./89f082a2-18d2-488d-901f-f47331edc7fa/collection.json",
      "type": "application/json"
    },
    {
      "rel": "child",
      "href": "./e1c8fff2-2361-4081-a015-aac5a7b408d9/collection.json",
      "type": "application/json"
    },
    {
      "rel": "child",
      "href": "./098e0e1f-f99d-44ba-ae9d-34ab75f2db8e/collection.json",
      "type": "application/json"
    },
    {
      "rel": "child",
      "href": "./d04581a2-4247-40fc-a45a-94f88a419b74/collection.json",
      "type": "application/json"
    },
    {
      "rel": "child",
      "href": "./fba4d9bd-c260-4f37-b23e-0f9423aa9ee5/collection.json",
      "type": "application/json"
    },
    {
      "rel": "child",
      "href": "./2b3b4872-9e3e-426c-a1de-3731e0ba80c8/collection.json",
      "type": "application/json"
    },
    {
      "rel": "child",
      "href": "./688f5f24-16f8-4d61-aa7d-583037b1a966/collection.json",
      "type": "application/json"
    },
    {
      "rel": "child",
      "href": "./3fa620bc-3bf2-4d7d-a028-794271961024/collection.json",
      "type": "application/json"
    },
    {
      "rel": "child",
      "href": "./c800d552-56a5-44c6-ae21-1dd2cb014bff/collection.json",
      "type": "application/json"
    },
    {
      "rel": "child",
      "href": "./8b7d095a-1161-4554-92b9-fb1f5a441d60/collection.json",
      "type": "application/json"
    },
    {
      "rel": "child",
      "href": "./0942d7f2-5f50-46dc-a848-f88d48ae6fe7/collection.json",
      "type": "application/json"
    },
    {
      "rel": "child",
      "href": "./d05d2d2d-4ddf-4661-96e7-2bf9f3f77b5f/collection.json",
      "type": "application/json"
    },
    {
      "rel": "child",
      "href": "./56f9cfda-20ee-4932-b148-dd51ec5dac1f/collection.json",
      "type": "application/json"
    },
    {
      "rel": "child",
      "href": "./0448b38c-ba1a-458f-8f12-7dfd37c4940b/collection.json",
      "type": "application/json"
    },
    {
      "rel": "child",
      "href": "./3f0f7306-9abb-48d6-8a2c-db4e7217e9ab/collection.json",
      "type": "application/json"
    },
    {
      "rel": "child",
      "href": "./cbe1dc8c-6ea1-439b-be92-f3465a40f2d2/collection.json",
      "type": "application/json"
    },
    {
      "rel": "child",
      "href": "./8afc951e-94d3-4940-a232-7e28cf4212fb/collection.json",
      "type": "application/json"
    },
    {
      "rel": "child",
      "href": "./0a2abe73-027b-4179-9fbf-e25cf9f21e0e/collection.json",
      "type": "application/json"
    },
    {
      "rel": "child",
      "href": "./3bb49b2a-7546-4862-abda-ec90ba6604de/collection.json",
      "type": "application/json"
    },
    {
      "rel": "child",
      "href": "./7605cf99-c1b4-4fb7-b07c-1ef6e370c0dd/collection.json",
      "type": "application/json"
    },
    {
      "rel": "child",
      "href": "./19ea10cf-3bcb-44d9-b08e-5cfdd922e4f7/collection.json",
      "type": "application/json"
    },
    {
      "rel": "child",
      "href": "./776e8cb8-c687-417e-b1c8-9ef86277079d/collection.json",
      "type": "application/json"
    },
    {
      "rel": "child",
      "href": "./d7d22cfb-6352-4f1b-b166-76b8bd780760/collection.json",
      "type": "application/json"
    },
    {
      "rel": "child",
      "href": "./443fe984-612e-4371-bbe4-d87757391834/collection.json",
      "type": "application/json"
    },
    {
      "rel": "child",
      "href": "./d849b288-bac3-4de6-9b24-eab433bb8f01/collection.json",
      "type": "application/json"
    },
    {
      "rel": "child",
      "href": "./35d82389-1a2c-4ad1-8f25-bcbda6979125/collection.json",
      "type": "application/json"
    },
    {
      "rel": "child",
      "href": "./1aa0a678-5d90-4929-b9b7-894ad2614bad/collection.json",
      "type": "application/json"
    },
    {
      "rel": "child",
      "href": "./44043b19-fc72-4377-b212-53c8fef5af99/collection.json",
      "type": "application/json"
    },
    {
      "rel": "child",
      "href": "./8e9836e1-738e-442f-b662-d427222bf178/collection.json",
      "type": "application/json"
    },
    {
      "rel": "child",
      "href": "./d34c1279-f882-4355-a380-22f507e2305c/collection.json",
      "type": "application/json"
    },
    {
      "rel": "child",
      "href": "./9afbe14c-798c-4e5d-9d5e-2d629f2fe33b/collection.json",
      "type": "application/json"
    },
    {
      "rel": "child",
      "href": "./4cf2a3e8-15d7-4336-bb90-3e818747df1f/collection.json",
      "type": "application/json"
    },
    {
      "rel": "child",
      "href": "./6ddd31d0-cafa-4cd6-a4e1-a1b26dca341b/collection.json",
      "type": "application/json"
    },
    {
      "rel": "child",
      "href": "./04c2c2eb-acf5-417d-8895-1ab53af29229/collection.json",
      "type": "application/json"
    },
    {
      "rel": "child",
      "href": "./6f2d9c4e-9cc5-4a55-8c6c-4d8fb1461594/collection.json",
      "type": "application/json"
    },
    {
      "rel": "child",
      "href": "./026a8885-2bfe-4eb7-b055-af189d2606ab/collection.json",
      "type": "application/json"
    },
    {
      "rel": "child",
      "href": "./907d2740-e8a2-4da4-86fc-4da42c276f25/collection.json",
      "type": "application/json"
    },
    {
      "rel": "child",
      "href": "./1f11f550-b572-469c-a5d6-9a1dd1bc251a/collection.json",
      "type": "application/json"
    },
    {
      "rel": "child",
      "href": "./f51fb33e-3572-4878-ade2-1950c75b51bd/collection.json",
      "type": "application/json"
    },
    {
      "rel": "child",
      "href": "./ae5415bf-7866-40c6-ba9e-19634554823f/collection.json",
      "type": "application/json"
    },
    {
      "rel": "child",
      "href": "./c27947c5-befe-430e-8f0f-5c694a0001e8/collection.json",
      "type": "application/json"
    },
    {
      "rel": "child",
      "href": "./89433bb0-36c2-40e6-a348-baaf5e30d609/collection.json",
      "type": "application/json"
    },
    {
      "rel": "child",
      "href": "./66eabf86-a44a-430b-8a2c-0f110718b730/collection.json",
      "type": "application/json"
    },
    {
      "rel": "child",
      "href": "./1cb2863b-39bc-4937-a385-8edf82c444f0/collection.json",
      "type": "application/json"
    },
    {
      "rel": "child",
      "href": "./8d3c2090-fefd-442d-aa10-63c03999ce43/collection.json",
      "type": "application/json"
    },
    {
      "rel": "child",
      "href": "./7638b221-ace6-4864-a1df-f1b9677a3eeb/collection.json",
      "type": "application/json"
    },
    {
      "rel": "child",
      "href": "./6ac8a67f-7164-40d6-afee-d5763b90f0c3/collection.json",
      "type": "application/json"
    },
    {
      "rel": "child",
      "href": "./dd702d65-df67-4deb-affc-c7d3054d071d/collection.json",
      "type": "application/json"
    },
    {
      "rel": "child",
      "href": "./ed92e742-8a18-4127-8ec6-4a80ee55891b/collection.json",
      "type": "application/json"
    },
    {
      "rel": "child",
      "href": "./c7b973f9-0de5-4061-8ebb-5e0da07ba54d/collection.json",
      "type": "application/json"
    },
    {
      "rel": "child",
      "href": "./ae58d4e7-5b85-4a93-acb6-85a66f9744af/collection.json",
      "type": "application/json"
    },
    {
      "rel": "child",
      "href": "./0ecb2e7b-b302-46ac-91dd-52d786bb5997/collection.json",
      "type": "application/json"
    },
    {
      "rel": "child",
      "href": "./c8a2dd7c-65b8-4002-a832-ad7cca9244f8/collection.json",
      "type": "application/json"
    },
    {
      "rel": "child",
      "href": "./48627808-2c84-41a5-b4c2-e072075d306a/collection.json",
      "type": "application/json"
    },
    {
      "rel": "child",
      "href": "./4741f23f-feb6-451c-b517-c7ca0aa15f2f/collection.json",
      "type": "application/json"
    },
    {
      "rel": "child",
      "href": "./0815fb3d-11ca-46ab-a221-e78551d17c4a/collection.json",
      "type": "application/json"
    },
    {
      "rel": "child",
      "href": "./064642df-a3fb-43c8-96fb-d295f4fbbb2c/collection.json",
      "type": "application/json"
    },
    {
      "rel": "child",
      "href": "./1d7b7be3-25d5-4eaa-97fa-c746b3b71613/collection.json",
      "type": "application/json"
    },
    {
      "rel": "child",
      "href": "./ec021f27-29c7-4bb0-b857-be5e80165c57/collection.json",
      "type": "application/json"
    },
    {
      "rel": "child",
      "href": "./611c3da4-89a2-4b93-a877-e1e8269377a1/collection.json",
      "type": "application/json"
    },
    {
      "rel": "child",
      "href": "./9c86e164-ee3d-4526-a50d-7a9c4492cc82/collection.json",
      "type": "application/json"
    },
    {
      "rel": "child",
      "href": "./27e699a1-1636-416e-8cf6-3fcffe01bf17/collection.json",
      "type": "application/json"
    },
    {
      "rel": "child",
      "href": "./12a1fa45-6f0e-494f-a4ef-a923fef3c489/collection.json",
      "type": "application/json"
    },
    {
      "rel": "child",
      "href": "./f8593e6f-b0e3-4864-8688-cf97d7790468/collection.json",
      "type": "application/json"
    },
    {
      "rel": "child",
      "href": "./be57d28e-3d58-4a77-8841-491130f2195b/collection.json",
      "type": "application/json"
    },
    {
      "rel": "child",
      "href": "./00f3badd-44ff-4175-8b29-b41f0d9989cc/collection.json",
      "type": "application/json"
    },
    {
      "rel": "child",
      "href": "./4ababb33-86dd-4597-bf14-5a96dad0bcd1/collection.json",
      "type": "application/json"
    },
    {
      "rel": "child",
      "href": "./533fa18d-dd30-4548-9108-9543df9e353d/collection.json",
      "type": "application/json"
    },
    {
      "rel": "child",
      "href": "./bd82035c-430e-4bcd-b421-51f270b1e762/collection.json",
      "type": "application/json"
    },
    {
      "rel": "child",
      "href": "./cf1b32ba-dff8-473e-9f66-f8bdbee7f274/collection.json",
      "type": "application/json"
    },
    {
      "rel": "child",
      "href": "./4bacf932-e5f9-45a1-ab16-10fae5ed58b0/collection.json",
      "type": "application/json"
    },
    {
      "rel": "child",
      "href": "./b423463a-c766-48a4-b084-b1ecbd0f05a8/collection.json",
      "type": "application/json"
    },
    {
      "rel": "child",
      "href": "./3b8e5a99-fcff-4e1d-ab41-a41d73f29e25/collection.json",
      "type": "application/json"
    },
    {
      "rel": "child",
      "href": "./4220b48a-e673-4b97-be0c-f0f35205a8e6/collection.json",
      "type": "application/json"
    },
    {
      "rel": "child",
      "href": "./a581ba38-63fe-4239-82a8-64851adc2f11/collection.json",
      "type": "application/json"
    },
    {
      "rel": "child",
      "href": "./b2548b26-7a99-4276-a833-5be14e33c02e/collection.json",
      "type": "application/json"
    },
    {
      "rel": "child",
      "href": "./f044e0ea-b21e-45a1-ac10-cabc74f93a93/collection.json",
      "type": "application/json"
    },
    {
      "rel": "child",
      "href": "./70a2e81c-4226-4368-93fe-0c110a9efd79/collection.json",
      "type": "application/json"
    },
    {
      "rel": "child",
      "href": "./4310cb8f-3f65-4f47-adfb-d548d2b9d663/collection.json",
      "type": "application/json"
    },
    {
      "rel": "child",
      "href": "./035e4012-1242-40e8-9196-ce88320ae439/collection.json",
      "type": "application/json"
    },
    {
      "rel": "child",
      "href": "./41ca5336-7182-4770-9dfa-02ad519ecba2/collection.json",
      "type": "application/json"
    },
    {
      "rel": "child",
      "href": "./c9ec829d-ae1f-40ef-b7a9-8215053b8fa5/collection.json",
      "type": "application/json"
    },
    {
      "rel": "child",
      "href": "./f963d020-bb8e-4ab3-b145-2cf9a57fa1c3/collection.json",
      "type": "application/json"
    },
    {
      "rel": "child",
      "href": "./30c6ee78-6bef-41b9-9947-367a84144b30/collection.json",
      "type": "application/json"
    },
    {
      "rel": "child",
      "href": "./ad2f75aa-aeca-4657-9bea-d82802b3cc2b/collection.json",
      "type": "application/json"
    },
    {
      "rel": "child",
      "href": "./7624f817-49b2-4c14-b8e5-77a52ed9e03b/collection.json",
      "type": "application/json"
    },
    {
      "rel": "child",
      "href": "./865f7068-5e4a-4120-a2f6-bce4d3ea776b/collection.json",
      "type": "application/json"
    },
    {
      "rel": "child",
      "href": "./e7ba651d-3332-4810-ac7d-cc062fa509df/collection.json",
      "type": "application/json"
    },
    {
      "rel": "child",
      "href": "./261d2bff-2752-4afe-8b86-685a9332ecbb/collection.json",
      "type": "application/json"
    },
    {
      "rel": "child",
      "href": "./523f804b-81ba-4f87-a98e-815995546aa5/collection.json",
      "type": "application/json"
    },
    {
      "rel": "child",
      "href": "./254993ef-895d-4967-9298-398bd2d0bb98/collection.json",
      "type": "application/json"
    },
    {
      "rel": "child",
      "href": "./dba38009-c7ce-4eb4-96a9-15768481b532/collection.json",
      "type": "application/json"
    },
    {
      "rel": "child",
      "href": "./8ce03656-a19f-4b6d-81ec-c8e05d17bee5/collection.json",
      "type": "application/json"
    },
    {
      "rel": "child",
      "href": "./d67d68f9-7b96-4669-9c64-de2f8a5fef83/collection.json",
      "type": "application/json"
    },
    {
      "rel": "child",
      "href": "./2a5eb325-feee-4a84-a64d-9f2a67351a00/collection.json",
      "type": "application/json"
    },
    {
      "rel": "child",
      "href": "./2a75f554-7a60-464a-856a-a77a9d41e51a/collection.json",
      "type": "application/json"
    },
    {
      "rel": "child",
      "href": "./32b2179b-d1f6-4e46-83ca-048cd52cae84/collection.json",
      "type": "application/json"
    },
    {
      "rel": "child",
      "href": "./73e88461-19df-480d-81b3-21189aea2ddd/collection.json",
      "type": "application/json"
    },
    {
      "rel": "child",
      "href": "./7ee7ad9e-8e72-4bca-a594-53d1be330557/collection.json",
      "type": "application/json"
    },
    {
      "rel": "child",
      "href": "./49f804cb-7c63-47b0-8652-39864c5379a4/collection.json",
      "type": "application/json"
    },
    {
      "rel": "child",
      "href": "./df8cab4e-8f05-45cc-a1ed-fc60ef07d3e4/collection.json",
      "type": "application/json"
    },
    {
      "rel": "child",
      "href": "./cb925763-9870-44fe-aa62-72ca2c0e48aa/collection.json",
      "type": "application/json"
    },
    {
      "rel": "child",
      "href": "./429a72d3-fd16-4f3b-9332-8d8f18fbdfef/collection.json",
      "type": "application/json"
    },
    {
      "rel": "child",
      "href": "./e7fbf980-48b3-49c5-b037-daeee4b95195/collection.json",
      "type": "application/json"
    },
    {
      "rel": "child",
      "href": "./2f67457e-92b8-44ac-8ea6-b1e6ccf5c2f7/collection.json",
      "type": "application/json"
    },
    {
      "rel": "child",
      "href": "./880f9ed4-a1ec-4c5d-ba2a-95c167661f50/collection.json",
      "type": "application/json"
    },
    {
      "rel": "child",
      "href": "./7143624f-332f-45d2-a035-c6e861a6e751/collection.json",
      "type": "application/json"
    },
    {
      "rel": "child",
      "href": "./325259b7-0aa2-4d29-8a31-e3c5f5719709/collection.json",
      "type": "application/json"
    },
    {
      "rel": "child",
      "href": "./7d79f554-87b8-497b-b024-f92aa8f4e0b7/collection.json",
      "type": "application/json"
    },
    {
      "rel": "child",
      "href": "./fdee42b4-07a3-471f-8e90-a0aca94acf43/collection.json",
      "type": "application/json"
    },
    {
      "rel": "child",
      "href": "./eced51e0-29e6-4a5c-8660-d647a198fdc5/collection.json",
      "type": "application/json"
    },
    {
      "rel": "child",
      "href": "./3f714486-9eef-4545-9f53-0624bdec4210/collection.json",
      "type": "application/json"
    },
    {
      "rel": "child",
      "href": "./d64ccf0f-c0a8-4b2c-9ab1-b5590bf321ec/collection.json",
      "type": "application/json"
    },
    {
      "rel": "child",
      "href": "./e50161bf-9280-42cf-8eee-e24ad8dce0c4/collection.json",
      "type": "application/json"
    },
    {
      "rel": "child",
      "href": "./c2d71c8e-7fa2-433f-8a96-e118dd84ce2d/collection.json",
      "type": "application/json"
    },
    {
      "rel": "child",
      "href": "./838167cc-7416-418a-ba1f-e4aaf4e8a772/collection.json",
      "type": "application/json"
    },
    {
      "rel": "child",
      "href": "./fdb43506-fecb-44fa-9d94-8d74b01819f7/collection.json",
      "type": "application/json"
    },
    {
      "rel": "child",
      "href": "./94a5c118-8fdd-4295-a2cd-82f28a8205b7/collection.json",
      "type": "application/json"
    },
    {
      "rel": "child",
      "href": "./109b614c-2a0b-42de-a89d-5e806d9ce84f/collection.json",
      "type": "application/json"
    },
    {
      "rel": "child",
      "href": "./670dd48a-88fb-42b8-a72b-4f785d9f0577/collection.json",
      "type": "application/json"
    },
    {
      "rel": "child",
      "href": "./fb7d4eab-0fb4-4bfc-8f39-5eb8f33e8782/collection.json",
      "type": "application/json"
    },
    {
      "rel": "child",
      "href": "./09acce7f-5205-46ad-8d5c-473faa3e84d4/collection.json",
      "type": "application/json"
    },
    {
      "rel": "child",
      "href": "./773a29d5-9b59-47fd-a526-0fd4ac0cb9f5/collection.json",
      "type": "application/json"
    },
    {
      "rel": "child",
      "href": "./ab0f2d10-7b9c-41d9-be58-1d187bc41613/collection.json",
      "type": "application/json"
    },
    {
      "rel": "child",
      "href": "./f2aebd51-7541-4af7-8da6-d0bdfaa947cd/collection.json",
      "type": "application/json"
    },
    {
      "rel": "child",
      "href": "./62def6b5-dd62-48c5-9a08-7c895c4cc771/collection.json",
      "type": "application/json"
    },
    {
      "rel": "child",
      "href": "./4572f7ff-810f-4f07-9b66-3a678c0c3589/collection.json",
      "type": "application/json"
    },
    {
      "rel": "child",
      "href": "./dc8cf4cf-9b14-47e4-87db-bc88ed38328b/collection.json",
      "type": "application/json"
    },
    {
      "rel": "child",
      "href": "./ccd7a90a-537d-4160-aba2-98a325079c48/collection.json",
      "type": "application/json"
    },
    {
      "rel": "child",
      "href": "./e5b265ec-23e6-491e-876c-3acc9eb0efa9/collection.json",
      "type": "application/json"
    },
    {
      "rel": "child",
      "href": "./a468a721-b3d3-4d9c-aaf7-64f7688c6ced/collection.json",
      "type": "application/json"
    },
    {
      "rel": "child",
      "href": "./a4921ba0-489f-48d4-9382-5c3bad8f381c/collection.json",
      "type": "application/json"
    },
    {
      "rel": "child",
      "href": "./ff9065ed-2e58-4b19-af53-9770f88eb66f/collection.json",
      "type": "application/json"
    },
    {
      "rel": "child",
      "href": "./1d8e77b3-bb21-462f-a040-3f501d3a360c/collection.json",
      "type": "application/json"
    },
    {
      "rel": "child",
      "href": "./7648dbf6-3959-46da-a53f-2fb082df1950/collection.json",
      "type": "application/json"
    },
    {
      "rel": "child",
      "href": "./73d3fde1-0c5e-490b-a2ec-0a1528559304/collection.json",
      "type": "application/json"
    },
    {
      "rel": "child",
      "href": "./b50c39d6-4f20-4dcf-850b-db75cc332b4d/collection.json",
      "type": "application/json"
    },
    {
      "rel": "child",
      "href": "./708c26f9-3daf-4511-b9fa-2628f689c31d/collection.json",
      "type": "application/json"
    },
    {
      "rel": "child",
      "href": "./21a08484-df19-4afa-9d7e-0e6621e428cf/collection.json",
      "type": "application/json"
    },
    {
      "rel": "child",
      "href": "./262514a6-f5a3-4891-a12c-8a9a90484e9a/collection.json",
      "type": "application/json"
    },
    {
      "rel": "child",
      "href": "./cf3dbd66-5ad6-4e09-bed2-64b061618ef7/collection.json",
      "type": "application/json"
    },
    {
      "rel": "child",
      "href": "./4047d2d5-a63d-441d-bcc1-11fbd65592e3/collection.json",
      "type": "application/json"
    },
    {
      "rel": "child",
      "href": "./e749e0c2-1c49-4d15-9c65-0ee1564e2cef/collection.json",
      "type": "application/json"
    },
    {
      "rel": "child",
      "href": "./32d67246-7fe8-4016-b5b1-5e4586024968/collection.json",
      "type": "application/json"
    },
    {
      "rel": "child",
      "href": "./c9f2561a-9f4f-4a44-bc61-545a6851cc85/collection.json",
      "type": "application/json"
    },
    {
      "rel": "child",
      "href": "./a08e8e65-ad64-4b01-b3a1-c9499cc3370f/collection.json",
      "type": "application/json"
    },
    {
      "rel": "child",
      "href": "./1a961caf-f6ef-4015-a0bb-70f4a17b8c3e/collection.json",
      "type": "application/json"
    },
    {
      "rel": "child",
      "href": "./88c44fe6-361c-4090-8c96-685f9ab07f69/collection.json",
      "type": "application/json"
    },
    {
      "rel": "child",
      "href": "./04c26139-92bf-499f-b8e5-d675f02c3c54/collection.json",
      "type": "application/json"
    },
    {
      "rel": "child",
      "href": "./1876cb63-90ee-4740-b2b2-29cd5b9095c6/collection.json",
      "type": "application/json"
    },
    {
      "rel": "child",
      "href": "./f63e4975-7a6a-45ab-93f0-632fa289f19e/collection.json",
      "type": "application/json"
    },
    {
      "rel": "child",
      "href": "./61512014-73bf-4688-8bb7-f2add88f2e1d/collection.json",
      "type": "application/json"
    },
    {
      "rel": "child",
      "href": "./d415595f-9bc9-4f10-9f8a-2a588f6ef81d/collection.json",
      "type": "application/json"
    },
    {
      "rel": "child",
      "href": "./c0e771ef-0442-45a7-94d0-dc90a06f25d9/collection.json",
      "type": "application/json"
    },
    {
      "rel": "child",
      "href": "./9c8bf5cb-0f52-4ae1-b374-5a20a748a667/collection.json",
      "type": "application/json"
    },
    {
      "rel": "child",
      "href": "./1aff5be1-64e5-4bcd-8622-06513a21d23e/collection.json",
      "type": "application/json"
    },
    {
      "rel": "child",
      "href": "./2a160508-4c96-4e0e-86ac-10444a4669ed/collection.json",
      "type": "application/json"
    },
    {
      "rel": "child",
      "href": "./31e5210c-03de-451f-9d96-957ecbf63728/collection.json",
      "type": "application/json"
    },
    {
      "rel": "child",
      "href": "./3f41111b-75c4-48e0-acc9-9625955960a2/collection.json",
      "type": "application/json"
    },
    {
      "rel": "child",
      "href": "./ab55d6b5-1caa-4402-b4c0-85917fc6f301/collection.json",
      "type": "application/json"
    },
    {
      "rel": "child",
      "href": "./873448da-b2e5-4793-8fe6-fe418cea9266/collection.json",
      "type": "application/json"
    },
    {
      "rel": "child",
      "href": "./7715afac-212a-4049-9d60-0838ab184986/collection.json",
      "type": "application/json"
    },
    {
      "rel": "child",
      "href": "./b9f45bda-5ae6-46a5-a5ca-f10396bb758c/collection.json",
      "type": "application/json"
    },
    {
      "rel": "child",
      "href": "./ad86b6d0-f4cc-494a-8bcf-d94530e797a4/collection.json",
      "type": "application/json"
    },
    {
      "rel": "child",
      "href": "./3c3d0d38-3e41-4f84-a310-190966c71295/collection.json",
      "type": "application/json"
    },
    {
      "rel": "child",
      "href": "./1ecc403b-dcf1-4e4c-b212-3b76832cae17/collection.json",
      "type": "application/json"
    },
    {
      "rel": "child",
      "href": "./3e279512-a85d-405f-bb32-85f3dcf79751/collection.json",
      "type": "application/json"
    },
    {
      "rel": "child",
      "href": "./94915f2a-f298-48e0-a8fc-755ed89eb872/collection.json",
      "type": "application/json"
    },
    {
      "rel": "child",
      "href": "./3675b86f-823a-406d-8f33-b147dbc827f0/collection.json",
      "type": "application/json"
    },
    {
      "rel": "child",
      "href": "./bfc0bfb0-1d74-4606-bf1e-4425ab79e932/collection.json",
      "type": "application/json"
    },
    {
      "rel": "child",
      "href": "./f0167bec-f46e-4273-89d6-ee5dfaadca49/collection.json",
      "type": "application/json"
    },
    {
      "rel": "child",
      "href": "./3260cbcd-cf96-4d0a-be45-bfe2dafed4a0/collection.json",
      "type": "application/json"
    },
    {
      "rel": "child",
      "href": "./e00658a1-cbe3-4faf-81eb-c8d98da780f6/collection.json",
      "type": "application/json"
    },
    {
      "rel": "child",
      "href": "./2b03b6cc-c2b7-4265-9fba-63f9634a81ec/collection.json",
      "type": "application/json"
    },
    {
      "rel": "child",
      "href": "./97e32238-0ce0-4ba1-95c6-2907a3888831/collection.json",
      "type": "application/json"
    },
    {
      "rel": "child",
      "href": "./51a44f40-ed9a-402e-b406-ece6cde14d3d/collection.json",
      "type": "application/json"
    },
    {
      "rel": "child",
      "href": "./85e8cae6-a2c7-4dae-a40f-8c3ae57bb60f/collection.json",
      "type": "application/json"
    },
    {
      "rel": "child",
      "href": "./ed6a7544-e115-48d7-bb6d-b492b1a03922/collection.json",
      "type": "application/json"
    },
    {
      "rel": "child",
      "href": "./0be7df44-7801-4a4c-89c9-163116d5b346/collection.json",
      "type": "application/json"
    },
    {
      "rel": "child",
      "href": "./d68b8e7f-e10a-4406-b8e6-5d1ce38e261a/collection.json",
      "type": "application/json"
    },
    {
      "rel": "child",
      "href": "./269f8eb9-122a-416c-9499-d2e742053bab/collection.json",
      "type": "application/json"
    },
    {
      "rel": "child",
      "href": "./08811b71-99e9-4cc3-8377-477b9deea4d2/collection.json",
      "type": "application/json"
    },
    {
      "rel": "child",
      "href": "./29fe1d2b-d8fa-4710-bbe7-bf3835d7c611/collection.json",
      "type": "application/json"
    },
    {
      "rel": "child",
      "href": "./b4f5d357-7400-47d3-9ac5-a54781e8a2d4/collection.json",
      "type": "application/json"
    },
    {
      "rel": "child",
      "href": "./b82a9254-0ba5-407e-8cd8-1da89ca5dacb/collection.json",
      "type": "application/json"
    },
    {
      "rel": "child",
      "href": "./c3425cc2-89df-4033-b796-96ff7a3cfba6/collection.json",
      "type": "application/json"
    },
    {
      "rel": "child",
      "href": "./8ad7d94b-0895-4aed-87af-f3995717d836/collection.json",
      "type": "application/json"
    },
    {
      "rel": "child",
      "href": "./f2c2516e-bb8b-469c-8305-64593f02f50d/collection.json",
      "type": "application/json"
    },
    {
      "rel": "child",
      "href": "./b8fb8b60-2357-40cc-ab64-5854773d42a7/collection.json",
      "type": "application/json"
    },
    {
      "rel": "child",
      "href": "./81d49d6f-81e3-49d9-b05f-3d55e7d3a798/collection.json",
      "type": "application/json"
    },
    {
      "rel": "child",
      "href": "./3c8382c0-1e80-48b0-85f1-3b8bd1a15141/collection.json",
      "type": "application/json"
    },
    {
      "rel": "child",
      "href": "./983b5814-767c-4656-8465-52b446cac4d0/collection.json",
      "type": "application/json"
    },
    {
      "rel": "child",
      "href": "./d12dd608-438c-4cf6-b7a1-264903756a2e/collection.json",
      "type": "application/json"
    },
    {
      "rel": "child",
      "href": "./4a04f245-b431-421b-993a-4c818d303eb5/collection.json",
      "type": "application/json"
    },
    {
      "rel": "child",
      "href": "./6e7a05e6-e5ac-4400-b118-aa51d32eb395/collection.json",
      "type": "application/json"
    },
    {
      "rel": "child",
      "href": "./82a1836b-5612-4b38-8408-fb76846cdb51/collection.json",
      "type": "application/json"
    },
    {
      "rel": "child",
      "href": "./6f27919c-e1cd-4361-ada0-f7819c5823d7/collection.json",
      "type": "application/json"
    },
    {
      "rel": "child",
      "href": "./50cc6e89-f3b2-46ab-a1fa-3cfec14cc408/collection.json",
      "type": "application/json"
    },
    {
      "rel": "child",
      "href": "./c5613bd7-50d6-419c-8d3b-aec8f7aafb6a/collection.json",
      "type": "application/json"
    },
    {
      "rel": "child",
      "href": "./e8382b90-d7ae-4f28-9f27-513bba189f78/collection.json",
      "type": "application/json"
    },
    {
      "rel": "child",
      "href": "./29e833dc-3ad2-4638-b557-b45156c857ea/collection.json",
      "type": "application/json"
    },
    {
      "rel": "child",
      "href": "./2565f010-a6c4-4b28-9ddc-be8bed7628f9/collection.json",
      "type": "application/json"
    },
    {
      "rel": "child",
      "href": "./759495e9-9f19-4691-a473-6574dc070db5/collection.json",
      "type": "application/json"
    }
  ]
}