{
  "type": "Feature",
  "stac_version": "1.0.0",
  "id": "fe8dea6d-ddf1-4451-a33f-b8561101c2e6",
  "properties": {
    "title": "Groundwork campaign labels",
    "description": "Labels created from a Groundwork campaign!",
    "label:description": "Labels for project 9264_tile_3",
    "label:type": "vector",
    "label:properties": [
      "default"
    ],
    "label:classes": [
      {
        "classes": [
          "Pavement_distress",
          "non_pavement_distress"
        ],
        "name": "default"
      }
    ],
    "label:tasks": [
      "detection"
    ],
    "datetime": "2025-05-07T19:02:04.167662Z"
  },
  "geometry": {
    "type": "Polygon",
    "coordinates": [
      [
        [
          8.574729240261313,
          47.362971678658184
        ],
        [
          8.574739052892115,
          47.363432137840675
        ],
        [
          8.57406134889844,
          47.363438803002595
        ],
        [
          8.574051542123948,
          47.36297834376312
        ],
        [
          8.574729240261313,
          47.362971678658184
        ]
      ]
    ]
  },
  "links": [
    {
      "rel": "source",
      "href": "../10da0d27-ab81-4cf3-83da-272c983395db/10da0d27-ab81-4cf3-83da-272c983395db.json",
      "type": "application/json"
    },
    {
      "rel": "root",
      "href": "../../catalog.json",
      "type": "application/json"
    },
    {
      "rel": "collection",
      "href": "../collection.json",
      "type": "application/json"
    },
    {
      "rel": "parent",
      "href": "../collection.json",
      "type": "application/json"
    }
  ],
  "assets": {
    "labels": {
      "href": "./labels.geojson",
      "type": "application/geo+json"
    }
  },
  "bbox": [
    8.574051542123948,
    47.362971678658184,
    8.574739052892115,
    47.363438803002595
  ],
  "stac_extensions": [
    "https://stac-extensions.github.io/label/v1.0.1/schema.json"
  ],
  "collection": "34fba1f9-0894-4f31-8c54-c527c4f43598"
}