{
  "type": "Collection",
  "id": "bc5f92b3-927b-4b81-9d36-0ebf34c66dfb",
  "stac_version": "1.0.0",
  "description": "{B7161105-75AE-4DAC-BF81-6CFD7A84002E}_tile_0",
  "links": [
    {
      "rel": "root",
      "href": "../catalog.json",
      "type": "application/json"
    },
    {
      "rel": "item",
      "href": "./f505aac2-ce30-47da-a545-2bd445487ac6/f505aac2-ce30-47da-a545-2bd445487ac6.json",
      "type": "application/json"
    },
    {
      "rel": "item",
      "href": "./efd381eb-fca5-4d8a-83c4-6f93398a92d6/efd381eb-fca5-4d8a-83c4-6f93398a92d6.json",
      "type": "application/json"
    },
    {
      "rel": "parent",
      "href": "../catalog.json",
      "type": "application/json"
    }
  ],
  "extent": {
    "spatial": {
      "bbox": [
        [
          8.557024974067637,
          47.36014335207072,
          8.557348320315054,
          47.36060685158441
        ]
      ]
    },
    "temporal": {
      "interval": [
        [
          "2025-01-31T23:47:06.840513Z",
          "2025-03-20T09:20:48.366268Z"
        ]
      ]
    }
  },
  "license": "proprietary"
}