{
  "type": "Collection",
  "id": "732f639f-8b4f-442e-a598-7a0cdbc8032d",
  "stac_version": "1.0.0",
  "description": "970_tile_0",
  "links": [
    {
      "rel": "root",
      "href": "../catalog.json",
      "type": "application/json"
    },
    {
      "rel": "item",
      "href": "./d9eddca4-e574-46af-824b-4e9d1a1ee15b/d9eddca4-e574-46af-824b-4e9d1a1ee15b.json",
      "type": "application/json"
    },
    {
      "rel": "item",
      "href": "./75f7ec12-6464-4715-96af-226e3b99f890/75f7ec12-6464-4715-96af-226e3b99f890.json",
      "type": "application/json"
    },
    {
      "rel": "parent",
      "href": "../catalog.json",
      "type": "application/json"
    }
  ],
  "extent": {
    "spatial": {
      "bbox": [
        [
          8.525763050485988,
          47.39131787231512,
          8.526450515651868,
          47.39178471309137
        ]
      ]
    },
    "temporal": {
      "interval": [
        [
          "2025-04-02T11:44:10.477680Z",
          "2025-04-28T08:57:27.533593Z"
        ]
      ]
    }
  },
  "license": "proprietary"
}