{
  "type": "Feature",
  "stac_version": "1.0.0",
  "id": "cae44b04-1293-4328-b67c-9125e6f5a673",
  "properties": {
    "title": "Groundwork campaign labels",
    "description": "Labels created from a Groundwork campaign!",
    "label:description": "Labels for project 4652_tile_2",
    "label:type": "vector",
    "label:properties": [
      "default"
    ],
    "label:classes": [
      {
        "classes": [
          "Pavement Distress",
          "Non-Pavement Distress"
        ],
        "name": "default"
      }
    ],
    "label:tasks": [
      "detection"
    ],
    "datetime": "2025-04-28T08:57:09.611097Z"
  },
  "geometry": {
    "type": "Polygon",
    "coordinates": [
      [
        [
          8.521421156898475,
          47.35587030115743
        ],
        [
          8.521430507513925,
          47.35633076577509
        ],
        [
          8.520752887298467,
          47.3563371178833
        ],
        [
          8.52074354253804,
          47.35587665321127
        ],
        [
          8.521421156898475,
          47.35587030115743
        ]
      ]
    ]
  },
  "links": [
    {
      "rel": "source",
      "href": "../615ed6a0-6400-4ea9-b9f1-4423fbb1938e/615ed6a0-6400-4ea9-b9f1-4423fbb1938e.json",
      "type": "application/json"
    },
    {
      "rel": "root",
      "href": "../../catalog.json",
      "type": "application/json"
    },
    {
      "rel": "collection",
      "href": "../collection.json",
      "type": "application/json"
    },
    {
      "rel": "parent",
      "href": "../collection.json",
      "type": "application/json"
    }
  ],
  "assets": {
    "labels": {
      "href": "./labels.geojson",
      "type": "application/geo+json"
    }
  },
  "bbox": [
    8.52074354253804,
    47.35587030115743,
    8.521430507513925,
    47.3563371178833
  ],
  "stac_extensions": [
    "https://stac-extensions.github.io/label/v1.0.1/schema.json"
  ],
  "collection": "4c3aea61-a9fa-4814-a6a4-34151e466123"
}