{
  "type": "Collection",
  "id": "c588f1c7-e0de-4069-a6d4-1ce76a168ae7",
  "stac_version": "1.0.0",
  "description": "{3A856F54-2514-4392-80D0-528F27F596E0}_tile_2",
  "links": [
    {
      "rel": "root",
      "href": "../catalog.json",
      "type": "application/json"
    },
    {
      "rel": "item",
      "href": "./35e643aa-6cf5-41ac-b8d7-3270e5ac40d5/35e643aa-6cf5-41ac-b8d7-3270e5ac40d5.json",
      "type": "application/json"
    },
    {
      "rel": "item",
      "href": "./9e1f9803-75ba-475a-a742-feb7495e9ac5/9e1f9803-75ba-475a-a742-feb7495e9ac5.json",
      "type": "application/json"
    },
    {
      "rel": "parent",
      "href": "../catalog.json",
      "type": "application/json"
    }
  ],
  "extent": {
    "spatial": {
      "bbox": [
        [
          8.576668188927787,
          47.37838680574,
          8.576737672393174,
          47.378479202642026
        ]
      ]
    },
    "temporal": {
      "interval": [
        [
          "2025-01-31T23:46:27.257844Z",
          "2025-03-20T09:20:58.175821Z"
        ]
      ]
    }
  },
  "license": "proprietary"
}