{
  "type": "Collection",
  "id": "4cf2a3e8-15d7-4336-bb90-3e818747df1f",
  "stac_version": "1.0.0",
  "description": "{494D798C-7913-4CFB-BA1F-2C53F5327E55}_tile_1",
  "links": [
    {
      "rel": "root",
      "href": "../catalog.json",
      "type": "application/json"
    },
    {
      "rel": "item",
      "href": "./fac03ff4-8332-48c1-b63f-81b3b99dcbf1/fac03ff4-8332-48c1-b63f-81b3b99dcbf1.json",
      "type": "application/json"
    },
    {
      "rel": "item",
      "href": "./8a612d96-6f2d-480e-9abd-ebaae90a8ee6/8a612d96-6f2d-480e-9abd-ebaae90a8ee6.json",
      "type": "application/json"
    },
    {
      "rel": "parent",
      "href": "../catalog.json",
      "type": "application/json"
    }
  ],
  "extent": {
    "spatial": {
      "bbox": [
        [
          8.535637666485261,
          47.42662859993954,
          8.536079178748077,
          47.42709315293255
        ]
      ]
    },
    "temporal": {
      "interval": [
        [
          "2025-01-31T23:44:38.927927Z",
          "2025-03-20T09:21:22.885538Z"
        ]
      ]
    }
  },
  "license": "proprietary"
}