{
  "type": "Feature",
  "stac_version": "1.0.0",
  "id": "3c4afcbd-0668-4410-ab2d-584986215951",
  "properties": {
    "title": "Groundwork campaign labels",
    "description": "Labels created from a Groundwork campaign!",
    "label:description": "Labels for project 13525_tile_0",
    "label:type": "vector",
    "label:properties": [
      "default"
    ],
    "label:classes": [
      {
        "classes": [
          "Pavement Distress",
          "Non-Pavement Distress"
        ],
        "name": "default"
      }
    ],
    "label:tasks": [
      "detection"
    ],
    "datetime": "2025-04-28T08:56:20.278895Z"
  },
  "geometry": {
    "type": "Polygon",
    "coordinates": [
      [
        [
          8.47072912620504,
          47.392501738561336
        ],
        [
          8.470738044890192,
          47.392962202071274
        ],
        [
          8.470059952530155,
          47.39296825643059
        ],
        [
          8.470051039708359,
          47.39250779286881
        ],
        [
          8.47072912620504,
          47.392501738561336
        ]
      ]
    ]
  },
  "links": [
    {
      "rel": "source",
      "href": "../b2775447-8c70-40a8-afac-43a2bd7e8281/b2775447-8c70-40a8-afac-43a2bd7e8281.json",
      "type": "application/json"
    },
    {
      "rel": "root",
      "href": "../../catalog.json",
      "type": "application/json"
    },
    {
      "rel": "collection",
      "href": "../collection.json",
      "type": "application/json"
    },
    {
      "rel": "parent",
      "href": "../collection.json",
      "type": "application/json"
    }
  ],
  "assets": {
    "labels": {
      "href": "./labels.geojson",
      "type": "application/geo+json"
    }
  },
  "bbox": [
    8.470051039708359,
    47.392501738561336,
    8.470738044890192,
    47.39296825643059
  ],
  "stac_extensions": [
    "https://stac-extensions.github.io/label/v1.0.1/schema.json"
  ],
  "collection": "be4679ea-5f5e-4a40-811c-70397b23904d"
}