{
  "type": "Feature",
  "stac_version": "1.0.0",
  "id": "07e39200-fd1f-4f0b-b037-bc72fb2fab73",
  "properties": {
    "title": "Groundwork campaign labels",
    "description": "Labels created from a Groundwork campaign!",
    "label:description": "Labels for project 12918_tile_0",
    "label:type": "vector",
    "label:properties": [
      "default"
    ],
    "label:classes": [
      {
        "classes": [
          "Pavement Distress",
          "Non-Pavement Distress"
        ],
        "name": "default"
      }
    ],
    "label:tasks": [
      "detection"
    ],
    "datetime": "2025-04-28T08:56:22.439875Z"
  },
  "geometry": {
    "type": "Polygon",
    "coordinates": [
      [
        [
          8.549625497351574,
          47.36920310559372
        ],
        [
          8.549635094131581,
          47.36966356603124
        ],
        [
          8.548957307733097,
          47.369670083758976
        ],
        [
          8.548947716810908,
          47.36920962326572
        ],
        [
          8.549625497351574,
          47.36920310559372
        ]
      ]
    ]
  },
  "links": [
    {
      "rel": "source",
      "href": "../4ac1c39e-57e5-46cf-bd3f-6e97550a6517/4ac1c39e-57e5-46cf-bd3f-6e97550a6517.json",
      "type": "application/json"
    },
    {
      "rel": "root",
      "href": "../../catalog.json",
      "type": "application/json"
    },
    {
      "rel": "collection",
      "href": "../collection.json",
      "type": "application/json"
    },
    {
      "rel": "parent",
      "href": "../collection.json",
      "type": "application/json"
    }
  ],
  "assets": {
    "labels": {
      "href": "./labels.geojson",
      "type": "application/geo+json"
    }
  },
  "bbox": [
    8.548947716810908,
    47.36920310559372,
    8.549635094131581,
    47.369670083758976
  ],
  "stac_extensions": [
    "https://stac-extensions.github.io/label/v1.0.1/schema.json"
  ],
  "collection": "f70b4259-1a34-4594-98ff-d56f26be7c02"
}