{
  "type": "Feature",
  "stac_version": "1.0.0",
  "id": "23f2527d-2c94-4fe2-a5e3-456c7908529d",
  "properties": {
    "title": "Groundwork campaign labels",
    "description": "Labels created from a Groundwork campaign!",
    "label:description": "Labels for project 1782_tile_0",
    "label:type": "vector",
    "label:properties": [
      "default"
    ],
    "label:classes": [
      {
        "classes": [
          "Pavement_distress",
          "non_pavement_distress"
        ],
        "name": "default"
      }
    ],
    "label:tasks": [
      "detection"
    ],
    "datetime": "2025-05-07T19:02:39.034397Z"
  },
  "geometry": {
    "type": "Polygon",
    "coordinates": [
      [
        [
          8.540523028377898,
          47.39913609763781
        ],
        [
          8.540532551857444,
          47.39959655458709
        ],
        [
          8.539854383248475,
          47.3996030188206
        ],
        [
          8.539844865633405,
          47.399142561816014
        ],
        [
          8.540523028377898,
          47.39913609763781
        ]
      ]
    ]
  },
  "links": [
    {
      "rel": "source",
      "href": "../bacc7676-8ab5-4271-919f-a84d690ea10f/bacc7676-8ab5-4271-919f-a84d690ea10f.json",
      "type": "application/json"
    },
    {
      "rel": "root",
      "href": "../../catalog.json",
      "type": "application/json"
    },
    {
      "rel": "collection",
      "href": "../collection.json",
      "type": "application/json"
    },
    {
      "rel": "parent",
      "href": "../collection.json",
      "type": "application/json"
    }
  ],
  "assets": {
    "labels": {
      "href": "./labels.geojson",
      "type": "application/geo+json"
    }
  },
  "bbox": [
    8.539844865633405,
    47.39913609763781,
    8.540532551857444,
    47.3996030188206
  ],
  "stac_extensions": [
    "https://stac-extensions.github.io/label/v1.0.1/schema.json"
  ],
  "collection": "a518c548-1e21-4d87-981c-93d1694a455d"
}