{
  "type": "Collection",
  "id": "7d341fe9-9339-428c-b77b-dc294e9f5751",
  "stac_version": "1.0.0",
  "description": "9590_tile_4",
  "links": [
    {
      "rel": "root",
      "href": "../catalog.json",
      "type": "application/json"
    },
    {
      "rel": "item",
      "href": "./18e51d79-9b56-42a1-b84e-a93efb58414d/18e51d79-9b56-42a1-b84e-a93efb58414d.json",
      "type": "application/json"
    },
    {
      "rel": "item",
      "href": "./51fda04d-a0da-4a7f-857b-ee33aa470d83/51fda04d-a0da-4a7f-857b-ee33aa470d83.json",
      "type": "application/json"
    },
    {
      "rel": "parent",
      "href": "../catalog.json",
      "type": "application/json"
    }
  ],
  "extent": {
    "spatial": {
      "bbox": [
        [
          8.555034102779741,
          47.3751315859311,
          8.555721608486577,
          47.37559859849086
        ]
      ]
    },
    "temporal": {
      "interval": [
        [
          "2025-05-06T07:10:39.497694Z",
          "2025-05-07T19:01:58.064372Z"
        ]
      ]
    }
  },
  "license": "proprietary"
}