{
  "type": "Collection",
  "id": "080288ed-97a7-4c37-b033-1f06f672eab5",
  "stac_version": "1.0.0",
  "description": "7541_tile_2",
  "links": [
    {
      "rel": "root",
      "href": "../catalog.json",
      "type": "application/json"
    },
    {
      "rel": "item",
      "href": "./8515207a-3e57-4900-8b80-7e7a1c1f949b/8515207a-3e57-4900-8b80-7e7a1c1f949b.json",
      "type": "application/json"
    },
    {
      "rel": "item",
      "href": "./93641b6d-f5d4-4634-8340-759bf03ac14d/93641b6d-f5d4-4634-8340-759bf03ac14d.json",
      "type": "application/json"
    },
    {
      "rel": "parent",
      "href": "../catalog.json",
      "type": "application/json"
    }
  ],
  "extent": {
    "spatial": {
      "bbox": [
        [
          8.515741369606022,
          47.3766508628371,
          8.516428559992518,
          47.377117647673195
        ]
      ]
    },
    "temporal": {
      "interval": [
        [
          "2025-04-02T11:46:00.507667Z",
          "2025-04-28T08:56:54.656305Z"
        ]
      ]
    }
  },
  "license": "proprietary"
}