{
  "type": "Collection",
  "id": "ee350b34-de81-4bed-8dd1-9890cd03553a",
  "stac_version": "1.0.0",
  "description": "16262_tile_1",
  "links": [
    {
      "rel": "root",
      "href": "../catalog.json",
      "type": "application/json"
    },
    {
      "rel": "item",
      "href": "./0579264c-bb5e-4d72-8854-a79d5dcbeb63/0579264c-bb5e-4d72-8854-a79d5dcbeb63.json",
      "type": "application/json"
    },
    {
      "rel": "item",
      "href": "./f390716c-3693-4417-a77f-dcaf62e7ea3e/f390716c-3693-4417-a77f-dcaf62e7ea3e.json",
      "type": "application/json"
    },
    {
      "rel": "parent",
      "href": "../catalog.json",
      "type": "application/json"
    }
  ],
  "extent": {
    "spatial": {
      "bbox": [
        [
          8.495124157214493,
          47.3968805238305,
          8.495811432863002,
          47.39734718634407
        ]
      ]
    },
    "temporal": {
      "interval": [
        [
          "2025-04-02T11:49:27.085875Z",
          "2025-04-28T08:56:06.103409Z"
        ]
      ]
    }
  },
  "license": "proprietary"
}